UniProtID,well,value
P10001,A1,170.7500
P10001,A2,156.2308
P10001,A3,122.0404
P10001,A4,189.3402
P10001,A5,165.7493
P10001,A6,176.6484
P10001,B1,235.5281
P10001,B2,236.1171
P10001,B3,352.6634
P10001,B4,132.4991
P10001,B5,148.6823
P10001,B6,122.4553
P10001,C1,196.5479
P10001,C2,194.1721
P10001,C3,164.3708
P10001,C4,325.9218
P10001,C5,280.5906
P10001,C6,279.5932
P10001,D1,624.3264
P10001,D2,830.9521
P10001,D3,612.7136
P10001,D4,117.6132
P10001,D5,122.2912
P10001,D6,108.1061
P10001,E1,113.2662
P10001,E2,124.4355
P10001,E3,136.4947
P10001,E4,120.9658
P10001,E5,150.8248
P10001,E6,161.0457
P10001,F1,167.9532
P10001,F3,150.4791
P10001,F4,100.7544
P10001,F5,120.7483
P10001,F6,119.9376
P10001,G1,119.5465
P10001,G2,141.9089
P10001,G3,145.2903
P10001,G4,188.6048
P10001,G6,154.3687
P10001,H1,225.0930
P10001,H2,182.1054
P10001,H3,214.1905
P10001,H4,114.9938
P10001,H5,117.0937
P10001,H6,95.0378
P10002,A1,1588.1409
P10002,A2,1617.5376
P10002,A3,1375.8866
P10002,A4,2060.5518
P10002,A5,1949.2839
P10002,A6,2064.1552
P10002,B1,2724.3359
P10002,B2,2813.5210
P10002,B3,3111.9869
P10002,B4,995.8935
P10002,B5,1159.2949
P10002,B6,1117.4064
P10002,C1,1628.4070
P10002,C2,1736.8496
P10002,C3,1545.8623
P10002,C4,2205.5860
P10002,C5,3031.6828
P10002,C6,2538.7129
P10002,D1,6504.3347
P10002,D2,5672.6917
P10002,D3,6921.1686
P10002,D4,1007.5372
P10002,D5,1047.2314
P10002,D6,1111.0212
P10002,E1,1156.4815
P10002,E2,1296.2755
P10002,E3,1227.2105
P10002,E4,1150.7173
P10002,E5,1468.8332
P10002,E6,1230.6207
P10002,F1,1832.2437
P10002,F2,1186.1443
P10002,F3,1626.6104
P10002,F4,1137.4192
P10002,F5,1190.6774
P10002,F6,1124.7040
P10002,G1,1197.9082
P10002,G2,1675.8538
P10002,G3,1303.7664
P10002,G4,1592.2278
P10002,G5,1695.3396
P10002,G6,1603.8397
P10002,H1,1982.5314
P10002,H2,2054.8383
P10002,H3,1906.7145
P10002,H4,1181.5759
P10002,H5,1064.6154
P10002,H6,998.9506
P10003,A1,492.0476
P10003,A2,530.7413
P10003,A3,502.9120
P10003,A4,509.7054
P10003,A6,584.3567
P10003,B1,1026.8267
P10003,B2,834.1859
P10003,B3,826.1569
P10003,B4,346.7548
P10003,B5,471.3559
P10003,B6,445.8577
P10003,C1,579.6161
P10003,C2,594.2839
P10003,C3,664.3904
P10003,C4,788.0138
P10003,C5,843.0492
P10003,C6,845.6302
P10003,D1,2009.3973
P10003,D2,1535.0585
P10003,D3,2045.1672
P10003,D4,455.3715
P10003,D5,435.2647
P10003,D6,449.4274
P10003,E1,433.1451
P10003,E2,429.4461
P10003,E3,490.3051
P10003,E4,557.3097
P10003,E5,453.8185
P10003,E6,446.5158
P10003,F1,552.5833
P10003,F2,632.3665
P10003,F3,520.2709
P10003,F4,476.6471
P10003,F5,358.9521
P10003,F6,351.6572
P10003,G1,440.3852
P10003,G2,500.7671
P10003,G3,432.7939
P10003,G4,459.0252
P10003,G5,573.9766
P10003,G6,514.7003
P10003,H1,829.0446
P10003,H2,600.8908
P10003,H3,751.6830
P10003,H4,378.7253
P10003,H5,492.0470
P10003,H6,414.0435
P10004,A1,830.0463
P10004,A2,634.6981
P10004,A3,726.2107
P10004,A4,855.3953
P10004,A5,879.8705
P10004,A6,901.5582
P10004,B1,780.9547
P10004,B2,885.2879
P10004,B3,769.7007
P10004,B4,758.0376
P10004,B5,860.6815
P10004,B6,932.4493
P10004,C1,909.0664
P10004,C2,797.6790
P10004,C3,771.1858
P10004,C4,810.3420
P10004,C5,714.9105
P10004,C6,769.2761
P10004,D1,794.1272
P10004,D2,884.7770
P10004,D3,552.2648
P10004,D4,985.5513
P10004,D5,861.6284
P10004,D6,815.5371
P10004,E1,833.8451
P10004,E2,806.4714
P10004,E3,716.4960
P10004,E4,767.0629
P10004,E5,805.4341
P10004,E6,802.1199
P10004,F1,829.7298
P10004,F2,828.9442
P10004,F3,956.8391
P10004,F4,1021.6891
P10004,F5,820.2554
P10004,F6,900.2128
P10004,G1,908.6434
P10004,G2,705.7359
P10004,G3,806.8777
P10004,G4,781.5804
P10004,G5,737.7087
P10004,H1,894.3455
P10004,H2,841.6210
P10004,H3,926.0503
P10004,H4,814.7801
P10004,H5,811.7471
P10004,H6,660.1956
P10005,A1,747.8418
P10005,A2,626.9704
P10005,A3,677.5443
P10005,A5,526.4917
P10005,A6,581.3115
P10005,B1,622.9465
P10005,B2,605.9302
P10005,B3,667.4091
P10005,B4,666.8057
P10005,B5,630.7071
P10005,B6,603.6380
P10005,C1,645.0361
P10005,C2,653.5349
P10005,C3,773.6819
P10005,C4,536.2634
P10005,C5,569.5110
P10005,C6,609.5420
P10005,D1,603.7079
P10005,D2,638.8549
P10005,D3,687.8298
P10005,D4,616.3664
P10005,D5,609.8984
P10005,D6,591.4431
P10005,E1,682.1727
P10005,E2,785.1404
P10005,E3,658.6405
P10005,E4,571.5239
P10005,E5,531.4983
P10005,E6,499.0355
P10005,F1,535.8768
P10005,F2,656.9891
P10005,F3,491.8322
P10005,F4,660.7514
P10005,F5,584.0055
P10005,F6,770.8227
P10005,G1,630.2327
P10005,G2,618.2775
P10005,G3,664.2988
P10005,G4,810.5651
P10005,G5,602.5340
P10005,G6,583.6504
P10005,H1,636.0168
P10005,H2,647.0505
P10005,H3,624.6877
P10005,H4,739.6423
P10005,H5,611.5319
P10005,H6,617.6945
P10006,A1,65.8613
P10006,A2,65.4792
P10006,A3,63.2687
P10006,A4,54.9048
P10006,A5,64.7832
P10006,A6,69.3368
P10006,B1,63.9702
P10006,B2,60.1952
P10006,B3,56.1974
P10006,B4,68.2589
P10006,B5,56.2722
P10006,B6,67.3141
P10006,C1,60.8115
P10006,C2,51.9128
P10006,C3,51.6530
P10006,C4,75.4990
P10006,C5,48.8120
P10006,C6,54.9882
P10006,D1,58.9511
P10006,D2,62.9621
P10006,D3,55.6511
P10006,D4,61.8834
P10006,D5,63.0255
P10006,D6,58.9236
P10006,E1,61.1394
P10006,E2,65.1988
P10006,E3,60.8774
P10006,E4,54.4005
P10006,E5,62.9578
P10006,E6,68.4905
P10006,F1,57.8368
P10006,F2,66.0971
P10006,F3,52.9721
P10006,F4,63.1373
P10006,F5,61.0228
P10006,F6,76.1000
P10006,G1,56.8757
P10006,G2,56.6945
P10006,G3,55.6332
P10006,G4,46.4442
P10006,G5,64.8546
P10006,G6,70.9321
P10006,H1,55.2242
P10006,H2,60.0218
P10006,H3,57.9244
P10006,H4,48.9767
P10006,H5,70.3411
P10006,H6,59.9006
P10007,A1,110.8465
P10007,A2,121.6458
P10007,A3,104.5108
P10007,A4,128.2874
P10007,A5,105.8264
P10007,A6,105.4080
P10007,B1,98.5836
P10007,B2,109.4065
P10007,B3,126.0650
P10007,B4,98.1735
P10007,B5,100.0044
P10007,B6,109.0598
P10007,C1,107.4536
P10007,C2,90.2394
P10007,C3,99.3365
P10007,C4,103.6535
P10007,C5,105.2679
P10007,C6,123.7262
P10007,D1,109.2921
P10007,D2,103.7254
P10007,D3,106.1824
P10007,D4,100.2144
P10007,D5,113.2460
P10007,D6,123.2072
P10007,E1,119.6269
P10007,E2,105.1406
P10007,E3,117.7566
P10007,E4,98.8731
P10007,E5,110.7213
P10007,E6,100.8727
P10007,F1,116.8304
P10007,F2,92.7202
P10007,F3,117.3277
P10007,F4,106.6047
P10007,F5,109.9522
P10007,F6,97.0006
P10007,G1,111.7843
P10007,G3,113.5974
P10007,G4,129.7710
P10007,G5,110.3421
P10007,G6,118.4890
P10007,H1,110.9535
P10007,H2,94.9489
P10007,H3,111.1624
P10007,H4,105.2424
P10007,H5,109.2639
P10007,H6,131.3437
P10008,A1,965.4499
P10008,A2,905.0226
P10008,A3,1108.4484
P10008,A4,966.1644
P10008,A5,849.9197
P10008,A6,906.0505
P10008,B1,572.1951
P10008,B2,693.0905
P10008,B3,651.4845
P10008,B4,1247.7117
P10008,B5,1002.1219
P10008,B6,937.6901
P10008,C1,961.2169
P10008,C2,846.2854
P10008,C3,819.8994
P10008,C4,773.3164
P10008,C5,602.0982
P10008,C6,784.2865
P10008,D1,376.5883
P10008,D2,559.7328
P10008,D3,491.5089
P10008,D4,958.3468
P10008,D5,1245.7992
P10008,D6,877.5521
P10008,E1,892.9302
P10008,E2,1040.0532
P10008,E3,860.2422
P10008,E4,812.1035
P10008,E5,898.9955
P10008,E6,983.1649
P10008,F1,836.0648
P10008,F2,788.1533
P10008,F3,651.2799
P10008,F4,1007.2376
P10008,F5,952.5743
P10008,F6,1140.5659
P10008,G1,707.3356
P10008,G2,1001.7146
P10008,G3,826.5594
P10008,G4,876.4632
P10008,G5,729.9863
P10008,G6,664.7850
P10008,H1,439.9231
P10008,H2,531.2916
P10008,H3,524.6217
P10008,H4,1296.2053
P10008,H5,1015.0594
P10008,H6,979.8825
P10009,A1,1026.5858
P10009,A2,1072.3270
P10009,A3,1124.1650
P10009,A4,1386.6052
P10009,A5,1328.0348
P10009,A6,1133.3893
P10009,B1,1197.2398
P10009,B2,1314.7951
P10009,B3,1228.4552
P10009,B4,1031.0276
P10009,B5,962.9266
P10009,B6,1346.5880
P10009,C1,996.8570
P10009,C2,1173.2935
P10009,C3,1028.3472
P10009,C4,1361.5848
P10009,C6,1250.1504
P10009,D1,1121.3545
P10009,D2,1253.5849
P10009,D3,1170.1284
P10009,D4,1214.7320
P10009,D5,1029.2524
P10009,D6,1088.8767
P10009,E1,1096.9932
P10009,E2,996.7932
P10009,E3,1117.1069
P10009,E4,1034.7647
P10009,E5,1246.1896
P10009,E6,1088.7642
P10009,F1,1272.7831
P10009,F2,1272.0150
P10009,F3,1317.8259
P10009,F4,963.0024
P10009,F5,1306.0110
P10009,F6,1212.4250
P10009,G1,1300.8112
P10009,G2,1208.4211
P10009,G3,978.4666
P10009,G4,991.2343
P10009,G5,1116.5768
P10009,G6,1345.3856
P10009,H1,1281.3474
P10009,H2,1154.2025
P10009,H3,1341.5410
P10009,H4,1230.7800
P10009,H5,1041.2301
P10009,H6,1343.3978
P10010,A1,104.8369
P10010,A2,102.2688
P10010,A3,109.8174
P10010,A4,118.5674
P10010,A5,123.8315
P10010,A6,136.0007
P10010,B1,155.8322
P10010,B2,134.1316
P10010,B3,128.0073
P10010,B4,90.5652
P10010,B5,96.6336
P10010,B6,102.2520
P10010,C1,99.0388
P10010,C2,127.9763
P10010,C3,110.1032
P10010,C4,146.1684
P10010,C5,148.8387
P10010,C6,129.5989
P10010,D1,243.2363
P10010,D2,194.6559
P10010,D3,235.3966
P10010,D4,83.6390
P10010,D5,117.0903
P10010,D6,94.1606
P10010,E2,112.3860
P10010,E3,96.8781
P10010,E4,137.1808
P10010,E5,114.0790
P10010,E6,117.3450
P10010,F1,124.9898
P10010,F2,125.7165
P10010,F3,155.2155
P10010,F4,91.2337
P10010,F5,121.1261
P10010,F6,100.1784
P10010,G1,104.9554
P10010,G2,122.8709
P10010,G3,128.1302
P10010,G4,153.8465
P10010,G5,163.4033
P10010,G6,156.3325
P10010,H1,264.8397
P10010,H2,222.3482
P10010,H3,200.0290
P10010,H4,91.1105
P10010,H5,108.9078
P10010,H6,99.9673
P10011,A1,658.9836
P10011,A2,630.5696
P10011,A3,673.1904
P10011,A4,692.2440
P10011,A5,552.7892
P10011,A6,752.8931
P10011,B1,784.2899
P10011,B2,677.2660
P10011,B3,545.0034
P10011,B4,553.9287
P10011,B5,512.3451
P10011,B6,691.9669
P10011,C1,727.1860
P10011,C2,582.8253
P10011,C3,579.8201
P10011,C4,577.3562
P10011,C5,574.9630
P10011,C6,660.5620
P10011,D1,727.5122
P10011,D2,680.0602
P10011,D3,709.3021
P10011,D4,618.6029
P10011,D5,643.7022
P10011,D6,603.9801
P10011,E1,676.0661
P10011,E2,556.3316
P10011,E4,590.8377
P10011,E5,748.0147
P10011,E6,688.4323
P10011,F1,606.8580
P10011,F2,698.3401
P10011,F3,601.2968
P10011,F4,720.7435
P10011,F5,741.8176
P10011,F6,628.8987
P10011,G1,555.7860
P10011,G2,631.5891
P10011,G3,619.4451
P10011,G4,683.0967
P10011,G5,536.8133
P10011,G6,597.8911
P10011,H1,578.0968
P10011,H2,597.8907
P10011,H3,652.2115
P10011,H4,703.5737
P10011,H5,643.0582
P10011,H6,645.8442
P10012,A1,519.1641
P10012,A2,641.6171
P10012,A3,395.6951
P10012,A4,511.3484
P10012,A5,472.2889
P10012,A6,412.8726
P10012,B1,535.2247
P10012,B2,518.8758
P10012,B3,490.7751
P10012,B4,500.8386
P10012,B5,512.6988
P10012,B6,527.3668
P10012,C1,507.9200
P10012,C2,523.8673
P10012,C3,526.5378
P10012,C4,612.5695
P10012,C5,414.7933
P10012,C6,441.0552
P10012,D1,426.5642
P10012,D2,462.6121
P10012,D3,515.8785
P10012,D4,491.6115
P10012,D5,423.0762
P10012,D6,505.3514
P10012,E1,483.0900
P10012,E2,480.7854
P10012,E3,563.6145
P10012,E4,494.5724
P10012,E5,430.2005
P10012,E6,477.3899
P10012,F1,585.9686
P10012,F2,451.5806
P10012,F3,437.5374
P10012,F4,481.6950
P10012,F5,443.6440
P10012,F6,453.7583
P10012,G1,489.7990
P10012,G2,477.9272
P10012,G3,464.8392
P10012,G4,520.6321
P10012,G5,466.2085
P10012,G6,460.8199
P10012,H1,511.2284
P10012,H2,532.3975
P10012,H3,510.0201
P10012,H4,529.4945
P10012,H5,451.0680
P10013,A1,171.3850
P10013,A2,138.6346
P10013,A3,160.0165
P10013,A4,155.2723
P10013,A5,150.1015
P10013,A6,155.4666
P10013,B1,144.6050
P10013,B2,190.8757
P10013,B3,183.8415
P10013,B4,178.8457
P10013,B6,143.5807
P10013,C1,177.8082
P10013,C2,143.4549
P10013,C3,127.2526
P10013,C4,157.7071
P10013,C5,149.1029
P10013,C6,175.0618
P10013,D1,171.6900
P10013,D2,127.6188
P10013,D3,179.1119
P10013,D4,111.2792
P10013,D5,154.3644
P10013,D6,150.2311
P10013,E1,149.4420
P10013,E2,131.6060
P10013,E3,173.8544
P10013,E4,130.9665
P10013,E5,154.7299
P10013,E6,177.9898
P10013,F1,124.9338
P10013,F2,159.6466
P10013,F3,136.4491
P10013,F4,170.3393
P10013,F5,178.5551
P10013,G1,137.0020
P10013,G2,165.8739
P10013,G3,156.9547
P10013,G4,147.9090
P10013,G5,169.0579
P10013,G6,156.6727
P10013,H1,182.8624
P10013,H2,150.6106
P10013,H3,128.6021
P10013,H4,159.0784
P10013,H5,143.6919
P10013,H6,155.8542
P10014,A1,2981.0570
P10014,A2,2673.2627
P10014,A3,2832.4402
P10014,A4,2353.8509
P10014,A5,2119.1523
P10014,A6,2261.4033
P10014,B1,2351.0698
P10014,B2,2547.1680
P10014,B3,2966.7999
P10014,B4,2926.1312
P10014,B5,2107.0291
P10014,B6,2469.7388
P10014,C1,2021.8887
P10014,C2,2687.1575
P10014,C3,2617.9968
P10014,C4,2737.1082
P10014,C5,2869.0806
P10014,C6,2709.3721
P10014,D1,2522.4285
P10014,D2,2831.0567
P10014,D3,2317.0667
P10014,D4,3408.5842
P10014,D5,2627.4183
P10014,D6,2702.5441
P10014,E1,2772.6508
P10014,E2,2783.8178
P10014,E3,2405.1974
P10014,E4,2431.4730
P10014,E5,2570.0221
P10014,E6,2821.4408
P10014,F1,2433.1489
P10014,F3,2361.5435
P10014,F4,2930.6921
P10014,F5,2202.0899
P10014,F6,2292.8334
P10014,G1,2316.2833
P10014,G2,2145.2768
P10014,G3,2750.0081
P10014,G4,2863.3281
P10014,G5,3016.3729
P10014,G6,2783.6972
P10014,H1,2225.6549
P10014,H2,2648.6514
P10014,H3,2498.3080
P10014,H4,2741.9997
P10014,H5,3235.3935
P10014,H6,2352.7328
P10015,A1,437.4189
P10015,A2,351.1572
P10015,A3,383.9210
P10015,A4,323.3346
P10015,A5,389.3851
P10015,A6,344.9013
P10015,B1,435.5934
P10015,B2,399.5893
P10015,B3,374.5068
P10015,B4,365.0289
P10015,B5,362.9381
P10015,B6,434.4305
P10015,C1,345.2057
P10015,C2,364.9081
P10015,C3,399.2388
P10015,C4,388.2360
P10015,C5,440.1670
P10015,C6,381.1166
P10015,D1,412.1195
P10015,D2,356.8033
P10015,D3,364.8009
P10015,D4,386.6978
P10015,D5,364.5491
P10015,D6,388.1080
P10015,E1,373.1904
P10015,E2,378.6008
P10015,E3,389.6550
P10015,E4,407.1562
P10015,E5,352.2130
P10015,E6,381.5500
P10015,F1,351.3234
P10015,F2,405.3071
P10015,F3,368.2881
P10015,F4,298.7438
P10015,F5,416.0186
P10015,F6,403.7660
P10015,G1,399.7953
P10015,G2,360.2056
P10015,G3,338.3308
P10015,G4,415.1156
P10015,G5,462.5997
P10015,G6,384.1726
P10015,H1,342.1584
P10015,H2,394.2258
P10015,H3,432.8145
P10015,H4,401.0726
P10015,H5,400.6604
P10015,H6,381.4856
P10016,A1,672.2504
P10016,A2,603.3023
P10016,A3,776.8482
P10016,A4,581.7265
P10016,A5,731.9639
P10016,B1,607.9011
P10016,B2,631.7759
P10016,B3,753.1774
P10016,B4,591.0651
P10016,B5,591.4945
P10016,B6,722.2980
P10016,C1,642.6692
P10016,C2,523.9387
P10016,C3,627.2426
P10016,C4,526.9774
P10016,C5,615.9075
P10016,C6,606.8977
P10016,D1,601.5333
P10016,D2,667.5355
P10016,D3,590.1268
P10016,D4,666.7176
P10016,D5,610.6890
P10016,D6,692.9035
P10016,E1,635.6720
P10016,E2,601.6197
P10016,E3,802.6213
P10016,E4,740.0574
P10016,E5,686.3915
P10016,E6,716.1334
P10016,F1,589.0821
P10016,F2,603.2626
P10016,F3,730.9931
P10016,F4,694.1175
P10016,F5,599.8668
P10016,F6,665.7703
P10016,G1,563.1657
P10016,G2,624.2543
P10016,G3,632.7695
P10016,G4,677.1136
P10016,G5,654.7573
P10016,G6,633.6356
P10016,H2,568.2188
P10016,H3,714.2982
P10016,H4,574.7651
P10016,H5,560.1588
P10016,H6,588.1750
P10017,A1,876.2867
P10017,A2,780.1429
P10017,A3,876.0986
P10017,A4,902.0248
P10017,A5,813.9999
P10017,A6,1011.2119
P10017,B1,1098.3614
P10017,B2,1193.5740
P10017,B3,1275.8263
P10017,B4,790.1957
P10017,B5,707.3901
P10017,B6,769.5266
P10017,C1,852.2229
P10017,C2,969.3859
P10017,C3,939.3767
P10017,C4,997.7395
P10017,C5,1120.5444
P10017,C6,1002.9692
P10017,D1,1732.8942
P10017,D2,1610.5701
P10017,D3,1768.7091
P10017,D4,703.2309
P10017,D5,727.1309
P10017,D6,765.8575
P10017,E1,857.5845
P10017,E2,786.4904
P10017,E3,751.2820
P10017,E4,679.9159
P10017,E5,903.2539
P10017,E6,969.1515
P10017,F1,673.1818
P10017,F2,847.1009
P10017,F3,868.8180
P10017,F4,786.1571
P10017,F5,911.0394
P10017,F6,598.1009
P10017,G1,820.8941
P10017,G2,728.1588
P10017,G3,878.2443
P10017,G4,851.2891
P10017,G5,735.3441
P10017,G6,735.9260
P10017,H1,993.2949
P10017,H2,999.3774
P10017,H3,781.0446
P10017,H4,674.7311
P10017,H5,648.9592
P10017,H6,634.6288
P10018,A1,42.4641
P10018,A2,41.9831
P10018,A3,39.5126
P10018,A4,38.9488
P10018,A5,47.2529
P10018,A6,36.0475
P10018,B1,43.0419
P10018,B2,39.4882
P10018,B3,45.1251
P10018,B4,35.0003
P10018,B5,31.7960
P10018,C1,50.9521
P10018,C2,42.5597
P10018,C3,37.5335
P10018,C4,33.4110
P10018,C5,40.3312
P10018,C6,38.4910
P10018,D1,39.4610
P10018,D2,49.1398
P10018,D3,46.7216
P10018,D4,41.9987
P10018,D5,43.6000
P10018,D6,37.3993
P10018,E1,37.7191
P10018,E3,38.2846
P10018,E4,42.8793
P10018,E5,37.6126
P10018,E6,43.2359
P10018,F1,43.9109
P10018,F2,44.1461
P10018,F3,40.2975
P10018,F4,36.4114
P10018,F5,44.7828
P10018,F6,42.4100
P10018,G1,38.3328
P10018,G2,38.3363
P10018,G3,35.5699
P10018,G4,43.2321
P10018,G5,42.1748
P10018,G6,38.0304
P10018,H1,34.9147
P10018,H2,38.7683
P10018,H3,47.6743
P10018,H4,35.4871
P10018,H5,35.2569
P10018,H6,41.8510
P10019,A1,255.7516
P10019,A2,301.6606
P10019,A3,284.4189
P10019,A4,272.5928
P10019,A5,303.5791
P10019,A6,311.9596
P10019,B1,326.1484
P10019,B2,240.2391
P10019,B3,317.7756
P10019,B4,366.9415
P10019,B5,231.1646
P10019,B6,293.3177
P10019,C1,283.2044
P10019,C2,277.3490
P10019,C3,341.1005
P10019,C4,292.9721
P10019,C5,290.7394
P10019,C6,270.1781
P10019,D1,243.9332
P10019,D2,245.9403
P10019,D3,251.0019
P10019,D4,269.4371
P10019,D5,297.7668
P10019,D6,297.5757
P10019,E1,328.5782
P10019,E2,311.3279
P10019,E3,325.1115
P10019,E4,253.8475
P10019,E5,307.8596
P10019,E6,282.5848
P10019,F1,294.9657
P10019,F2,288.4664
P10019,F3,293.7329
P10019,F4,311.3683
P10019,F5,272.3940
P10019,F6,241.3939
P10019,G1,259.2367
P10019,G2,329.3900
P10019,G3,257.2091
P10019,G4,299.6032
P10019,G5,252.8032
P10019,G6,305.4596
P10019,H1,313.9476
P10019,H2,266.3818
P10019,H3,306.1194
P10019,H4,293.1696
P10019,H5,238.2280
P10019,H6,321.9746
P10020,A1,488.3938
P10020,A2,471.6069
P10020,A3,364.4311
P10020,A4,437.4482
P10020,A5,447.4499
P10020,A6,666.5338
P10020,B1,443.7863
P10020,B2,537.4400
P10020,B3,448.0376
P10020,B4,439.6131
P10020,B5,490.7663
P10020,B6,606.5441
P10020,C1,435.8146
P10020,C2,478.5283
P10020,C3,424.6580
P10020,C4,459.1026
P10020,C5,467.3391
P10020,C6,409.8538
P10020,D1,482.9027
P10020,D2,527.0869
P10020,D3,468.8418
P10020,D4,461.7082
P10020,D5,503.7017
P10020,E1,502.6154
P10020,E2,477.4729
P10020,E3,475.6852
P10020,E4,556.4909
P10020,E5,492.5066
P10020,E6,469.0002
P10020,F1,446.6671
P10020,F2,510.2429
P10020,F4,490.0281
P10020,F5,578.6420
P10020,F6,441.6079
P10020,G1,427.9425
P10020,G2,466.3650
P10020,G3,545.7772
P10020,G4,507.0735
P10020,G5,544.4314
P10020,G6,433.5197
P10020,H1,444.9422
P10020,H2,456.5233
P10020,H3,518.0058
P10020,H4,547.8045
P10020,H6,413.3375
P10021,A1,384.8481
P10021,A2,315.7690
P10021,A3,254.2336
P10021,A4,334.9241
P10021,A5,320.5996
P10021,A6,294.3290
P10021,B1,292.0202
P10021,B2,262.5439
P10021,B3,289.5704
P10021,B4,305.4186
P10021,B5,285.3378
P10021,C1,284.3655
P10021,C2,316.7582
P10021,C3,276.9206
P10021,C4,308.5497
P10021,C5,309.0110
P10021,C6,305.2482
P10021,D1,261.9219
P10021,D2,265.0478
P10021,D3,339.0094
P10021,D4,323.7160
P10021,D5,303.0454
P10021,D6,267.4119
P10021,E1,321.6136
P10021,E2,336.4260
P10021,E3,319.4775
P10021,E4,317.5523
P10021,E5,330.2358
P10021,E6,366.8101
P10021,F1,296.5573
P10021,F2,276.1206
P10021,F3,269.8770
P10021,F4,242.8036
P10021,F5,273.1573
P10021,F6,334.0188
P10021,G1,370.2092
P10021,G2,323.9063
P10021,G3,253.8892
P10021,G4,271.6000
P10021,G5,299.2960
P10021,H1,305.4612
P10021,H2,288.7600
P10021,H3,351.6147
P10021,H4,234.5398
P10021,H5,318.4477
P10021,H6,349.9407
P10022,A1,797.0621
P10022,A2,911.3311
P10022,A3,1101.3636
P10022,A4,1051.7955
P10022,A5,1052.6628
P10022,A6,823.8335
P10022,B1,921.9821
P10022,B2,914.1039
P10022,B3,1043.8373
P10022,B4,1010.4939
P10022,B5,956.6471
P10022,B6,1008.5994
P10022,C1,993.7286
P10022,C2,1214.4230
P10022,C3,997.6691
P10022,C4,1276.4720
P10022,C5,1000.8826
P10022,C6,996.8879
P10022,D1,942.7248
P10022,D2,869.4880
P10022,D3,1024.0951
P10022,D4,969.4452
P10022,D5,854.3203
P10022,D6,906.8259
P10022,E1,1211.1471
P10022,E2,1022.5231
P10022,E3,900.7569
P10022,E4,1069.8554
P10022,E5,955.7585
P10022,E6,1011.1837
P10022,F1,824.4082
P10022,F2,990.3245
P10022,F3,1063.3536
P10022,F4,1037.2435
P10022,F5,996.4010
P10022,F6,872.8801
P10022,G1,955.7481
P10022,G2,702.1148
P10022,G3,841.3137
P10022,G4,1008.2196
P10022,G5,1142.7906
P10022,G6,1034.1575
P10022,H1,948.9108
P10022,H2,820.3240
P10022,H3,899.8526
P10022,H4,827.8948
P10022,H5,807.7555
P10022,H6,1096.9975
P10023,A1,3045.0280
P10023,A2,3529.6094
P10023,A3,3652.8032
P10023,A4,3399.7616
P10023,A5,3331.4024
P10023,A6,3841.5251
P10023,B1,3319.7637
P10023,B2,2933.4360
P10023,B3,3984.7874
P10023,B4,3878.1283
P10023,B5,3352.1122
P10023,B6,3331.6605
P10023,C1,3435.7146
P10023,C2,4287.3768
P10023,C3,3378.4114
P10023,C5,4821.7959
P10023,C6,3325.5964
P10023,D1,3718.9372
P10023,D2,3105.1885
P10023,D3,2817.7151
P10023,D4,3086.2442
P10023,D5,3229.3667
P10023,D6,3356.7414
P10023,E1,3253.3921
P10023,E2,4117.9448
P10023,E3,3868.7415
P10023,E4,2919.5077
P10023,E5,4060.5290
P10023,E6,3619.3092
P10023,F1,3291.2577
P10023,F2,3521.0954
P10023,F3,3583.5451
P10023,F4,3370.3736
P10023,F5,3830.0298
P10023,F6,3856.9721
P10023,G1,3596.5881
P10023,G2,2986.0327
P10023,G3,3736.4225
P10023,G4,2777.6853
P10023,G5,4499.1265
P10023,G6,3377.6674
P10023,H1,3144.1601
P10023,H2,2972.2034
P10023,H3,3608.4158
P10023,H4,3518.3218
P10023,H5,3746.7894
P10023,H6,3907.9139
P10024,A1,541.5817
P10024,A2,631.3864
P10024,A3,493.9786
P10024,A4,654.2475
P10024,A5,585.5561
P10024,A6,570.7710
P10024,B1,514.1585
P10024,B2,531.7048
P10024,B3,572.0286
P10024,B4,534.1654
P10024,B5,553.1512
P10024,B6,613.7126
P10024,C1,664.5391
P10024,C2,484.8366
P10024,C3,601.9619
P10024,C4,605.1949
P10024,C5,591.9225
P10024,C6,653.2116
P10024,D1,625.0946
P10024,D3,611.3560
P10024,D4,496.2316
P10024,D5,581.8622
P10024,D6,531.6710
P10024,E1,533.1223
P10024,E2,578.0194
P10024,E3,585.7105
P10024,E4,525.2475
P10024,E5,465.6851
P10024,E6,571.1280
P10024,F1,519.5187
P10024,F2,544.0877
P10024,F3,683.3968
P10024,F4,474.6779
P10024,F5,548.4461
P10024,F6,523.6516
P10024,G1,541.6050
P10024,G2,641.1671
P10024,G3,555.5879
P10024,G4,698.1570
P10024,G5,581.5374
P10024,G6,569.4224
P10024,H1,590.1504
P10024,H2,512.3488
P10024,H3,543.9761
P10024,H4,546.9695
P10024,H5,510.8370
P10024,H6,507.1286
P10025,A1,323.7112
P10025,A2,310.3011
P10025,A3,351.9728
P10025,A4,322.8578
P10025,A5,338.5257
P10025,A6,296.6218
P10025,B1,237.4549
P10025,B2,272.0542
P10025,B3,255.9381
P10025,B4,398.1398
P10025,B5,411.6617
P10025,B6,427.4360
P10025,C1,312.2695
P10025,C2,296.3227
P10025,C3,299.4788
P10025,C4,254.7161
P10025,C5,219.3898
P10025,C6,240.0153
P10025,D1,118.0548
P10025,D2,130.0640
P10025,D3,153.5196
P10025,D4,392.9901
P10025,D5,471.8334
P10025,D6,395.4079
P10025,E1,289.3886
P10025,E2,374.3086
P10025,E3,349.7036
P10025,E5,252.2586
P10025,E6,223.6485
P10025,F1,170.0385
P10025,F2,149.4810
P10025,F3,127.8428
P10025,F4,419.6462
P10025,F5,463.3179
P10025,F6,380.6485
P10025,G1,243.2254
P10025,G2,246.4582
P10025,G3,216.4878
P10025,G4,126.9699
P10025,G5,127.0708
P10025,G6,144.8084
P10025,H1,61.8506
P10025,H2,54.6176
P10025,H3,55.7776
P10025,H4,412.5873
P10025,H5,435.2831
P10025,H6,465.8346
P10026,A1,884.2817
P10026,A2,804.2351
P10026,A3,865.4784
P10026,A4,887.4290
P10026,A5,938.3729
P10026,A6,1001.8598
P10026,B1,1219.8376
P10026,B2,1241.9709
P10026,B3,1182.1979
P10026,B4,747.3918
P10026,B5,694.8624
P10026,B6,895.0411
P10026,C1,988.1127
P10026,C2,938.2758
P10026,C3,941.5669
P10026,C4,1117.9800
P10026,C5,1101.7801
P10026,C6,1477.4391
P10026,D1,2046.7135
P10026,D2,1885.3422
P10026,D3,1646.1649
P10026,D4,703.9629
P10026,D5,758.1676
P10026,D6,736.3453
P10026,E1,825.3271
P10026,E2,669.5060
P10026,E3,833.7298
P10026,E4,1023.8264
P10026,E5,799.1232
P10026,E6,823.6515
P10026,F1,1007.3912
P10026,F2,1148.3984
P10026,F3,1287.2010
P10026,F4,705.6150
P10026,F5,682.0818
P10026,F6,831.4035
P10026,G1,1013.9611
P10026,G2,910.8910
P10026,G3,1083.2520
P10026,G4,1269.4927
P10026,G5,957.2771
P10026,G6,1273.5025
P10026,H1,1717.9680
P10026,H2,1843.8639
P10026,H3,2274.7557
P10026,H4,703.5232
P10026,H5,653.4976
P10026,H6,726.7630
P10027,A1,45.0484
P10027,A2,40.5736
P10027,A3,43.8963
P10027,A4,34.4503
P10027,A5,40.1100
P10027,A6,40.6431
P10027,B1,39.8205
P10027,B2,47.1010
P10027,B3,40.2944
P10027,B4,38.1340
P10027,B5,43.9524
P10027,B6,38.0815
P10027,C2,42.2004
P10027,C3,37.0278
P10027,C4,38.6584
P10027,C5,39.4672
P10027,C6,38.5277
P10027,D1,41.1752
P10027,D2,35.9548
P10027,D3,47.4339
P10027,D4,39.0925
P10027,D5,39.9910
P10027,D6,39.3019
P10027,E1,36.1754
P10027,E2,45.9880
P10027,E3,41.2437
P10027,E4,46.2594
P10027,E5,36.5827
P10027,E6,44.5973
P10027,F2,33.9518
P10027,F3,47.9099
P10027,F4,36.0475
P10027,F5,34.6591
P10027,F6,47.4257
P10027,G1,36.2663
P10027,G2,39.8040
P10027,G3,39.2200
P10027,G4,40.5913
P10027,G5,37.9387
P10027,G6,38.3952
P10027,H1,39.7230
P10027,H2,44.2662
P10027,H3,40.5891
P10027,H4,36.9538
P10027,H5,35.7308
P10027,H6,36.3112
P10028,A1,1004.5901
P10028,A2,1171.1140
P10028,A3,1209.5311
P10028,A4,944.5951
P10028,A5,983.6642
P10028,A6,975.4328
P10028,B1,573.2605
P10028,B2,724.1213
P10028,B3,629.5948
P10028,B4,1605.5236
P10028,B5,1408.4666
P10028,B6,1422.6583
P10028,C1,930.2148
P10028,C2,916.2622
P10028,C3,1015.9469
P10028,C4,722.4389
P10028,C5,731.4082
P10028,C6,781.8072
P10028,D1,390.4517
P10028,D2,384.3881
P10028,D3,372.8243
P10028,D5,1099.0949
P10028,D6,1471.4609
P10028,E1,1316.3268
P10028,E2,1126.4549
P10028,E3,1205.3564
P10028,E4,940.7715
P10028,E5,971.1795
P10028,E6,1144.2599
P10028,F1,707.0634
P10028,F2,739.1344
P10028,F3,609.3876
P10028,F4,1289.9824
P10028,F5,1355.4166
P10028,F6,1315.9456
P10028,G1,910.9623
P10028,G2,1199.5821
P10028,G3,967.0862
P10028,G4,703.6339
P10028,G5,743.7013
P10028,G6,756.8105
P10028,H1,335.1557
P10028,H2,395.0011
P10028,H3,387.5771
P10028,H4,1278.9239
P10028,H5,1366.3267
P10028,H6,1406.7702
P10029,A1,1172.1023
P10029,A2,1158.0517
P10029,A3,1251.5312
P10029,A4,1221.8430
P10029,A5,1085.1961
P10029,A6,1324.9856
P10029,B1,1241.7682
P10029,B2,979.6910
P10029,B3,1361.1535
P10029,B4,1058.3742
P10029,B5,1093.2820
P10029,B6,1244.8927
P10029,C1,1303.9384
P10029,C2,1096.7402
P10029,C3,1136.3255
P10029,C4,1045.6939
P10029,C5,938.2911
P10029,C6,1101.4125
P10029,D1,1065.0089
P10029,D2,990.7132
P10029,D3,1062.6353
P10029,D4,1168.9675
P10029,D5,1191.4011
P10029,D6,1069.4276
P10029,E1,1132.4907
P10029,E2,1296.0769
P10029,E3,996.8549
P10029,E4,1119.7663
P10029,E5,1215.0870
P10029,E6,1160.2872
P10029,F1,1004.4830
P10029,F2,1185.0118
P10029,F3,1076.5248
P10029,F4,1141.3114
P10029,F5,1252.1030
P10029,F6,1131.2340
P10029,G1,1260.1443
P10029,G2,981.0166
P10029,G3,1203.4305
P10029,G4,1091.6405
P10029,G5,1100.8274
P10029,G6,1426.8695
P10029,H1,1247.6133
P10029,H3,1137.4097
P10029,H4,1072.4716
P10029,H6,1162.2071
P10030,A1,760.7312
P10030,A2,734.7009
P10030,A3,638.4526
P10030,A4,697.0571
P10030,A5,627.0020
P10030,B1,667.6232
P10030,B2,628.8708
P10030,B3,538.4101
P10030,B4,557.3107
P10030,B5,717.0283
P10030,B6,663.0475
P10030,C1,677.3950
P10030,C2,642.7350
P10030,C3,549.3341
P10030,C4,547.3272
P10030,C5,601.9478
P10030,C6,640.5915
P10030,D1,626.7862
P10030,D2,629.5494
P10030,D3,561.2142
P10030,D4,582.8368
P10030,D5,825.7515
P10030,D6,723.8754
P10030,E1,541.2940
P10030,E2,565.5014
P10030,E3,711.5678
P10030,E4,677.7193
P10030,E5,721.6547
P10030,E6,671.9840
P10030,F1,737.2475
P10030,F2,665.2712
P10030,F3,537.8015
P10030,F5,689.8439
P10030,F6,833.8554
P10030,G1,674.1362
P10030,G2,826.8309
P10030,G3,550.7314
P10030,G4,665.1725
P10030,G5,639.8281
P10030,G6,641.8553
P10030,H1,623.4250
P10030,H2,753.3989
P10030,H3,690.9435
P10030,H4,662.8873
P10030,H5,667.7309
P10030,H6,666.9380
P10031,A1,767.4460
P10031,A2,988.6118
P10031,A3,858.1436
P10031,A4,758.1555
P10031,A5,765.3904
P10031,A6,728.7994
P10031,B1,806.7460
P10031,B2,1018.2273
P10031,B3,800.3167
P10031,B4,941.7008
P10031,B5,724.2292
P10031,B6,832.9145
P10031,C1,799.7538
P10031,C2,667.6931
P10031,C4,730.7240
P10031,C5,792.6280
P10031,C6,857.1315
P10031,D1,720.0718
P10031,D2,816.6585
P10031,D3,723.0145
P10031,D5,723.4028
P10031,D6,825.1110
P10031,E1,747.4813
P10031,E2,938.0791
P10031,E3,770.4024
P10031,E4,846.3532
P10031,E5,982.1268
P10031,E6,937.8771
P10031,F1,948.4788
P10031,F2,766.7957
P10031,F3,910.7355
P10031,F4,885.2751
P10031,F5,982.7733
P10031,F6,862.4380
P10031,G1,783.2281
P10031,G2,771.1747
P10031,G3,755.3486
P10031,G4,744.7400
P10031,G5,854.1658
P10031,G6,861.9368
P10031,H1,795.8264
P10031,H2,866.7501
P10031,H3,813.6782
P10031,H4,752.8566
P10031,H5,853.0357
P10031,H6,664.0470
P10032,A1,625.1980
P10032,A2,622.8980
P10032,A3,560.6505
P10032,A4,529.9311
P10032,A5,482.2619
P10032,A6,474.5479
P10032,B1,323.2271
P10032,B2,511.3803
P10032,B3,402.7800
P10032,B4,548.9379
P10032,B5,722.2090
P10032,B6,693.3608
P10032,C1,466.3063
P10032,C2,492.8970
P10032,C3,527.1337
P10032,C4,420.7572
P10032,C5,416.4954
P10032,C6,421.7268
P10032,D1,236.7843
P10032,D2,233.4228
P10032,D3,338.8737
P10032,D4,552.7451
P10032,D5,770.8387
P10032,D6,731.6382
P10032,E1,625.2724
P10032,E2,644.5644
P10032,E3,662.1976
P10032,E4,667.2495
P10032,E5,770.5355
P10032,E6,642.3039
P10032,F1,525.9124
P10032,F2,733.8292
P10032,F3,611.0488
P10032,F4,782.3107
P10032,F5,625.8664
P10032,F6,715.7424
P10032,G1,747.4873
P10032,G2,633.9673
P10032,G3,603.2822
P10032,G4,719.4682
P10032,G5,527.7976
P10032,G6,596.2706
P10032,H1,616.6901
P10032,H2,484.2546
P10032,H3,481.7957
P10032,H4,736.3104
P10032,H5,584.1951
P10032,H6,728.3515
P10033,A1,381.4960
P10033,A2,455.1522
P10033,A3,480.2252
P10033,A4,347.8891
P10033,A5,426.6621
P10033,A6,335.9312
P10033,B1,431.2812
P10033,B2,305.4719
P10033,B3,393.0588
P10033,B4,439.2858
P10033,B5,456.4318
P10033,B6,439.0041
P10033,C1,440.9493
P10033,C2,483.4315
P10033,C3,466.0108
P10033,C4,476.9150
P10033,C5,397.4507
P10033,C6,382.6619
P10033,D1,396.5716
P10033,D2,362.1378
P10033,D3,416.3972
P10033,D4,545.5619
P10033,D5,378.8651
P10033,D6,447.0501
P10033,E1,380.9099
P10033,E2,404.0049
P10033,E3,359.4001
P10033,E4,425.8219
P10033,E5,424.4753
P10033,E6,405.5098
P10033,F1,386.2375
P10033,F2,434.4111
P10033,F3,395.9953
P10033,F4,388.6373
P10033,F5,440.1476
P10033,F6,404.7093
P10033,G1,384.9072
P10033,G2,491.0408
P10033,G3,417.3518
P10033,G4,423.2937
P10033,G5,461.9352
P10033,G6,517.7499
P10033,H1,425.9909
P10033,H2,426.5631
P10033,H3,364.4117
P10033,H4,437.8264
P10033,H5,437.0817
P10033,H6,385.4871
P10034,A1,3709.1814
P10034,A2,4020.0640
P10034,A3,4212.5212
P10034,A4,3829.6896
P10034,A5,4427.8745
P10034,A6,4258.8233
P10034,B1,5360.9883
P10034,B2,5297.6723
P10034,B3,5879.1179
P10034,B4,3249.0646
P10034,B5,3442.8547
P10034,B6,3605.6447
P10034,C1,4405.3911
P10034,C2,4573.1877
P10034,C3,4523.8495
P10034,C4,4907.9793
P10034,C5,6950.3533
P10034,C6,6131.5629
P10034,D1,8441.9490
P10034,D2,9569.4473
P10034,D3,7038.1500
P10034,D4,3061.8507
P10034,D5,3519.6164
P10034,D6,3476.6211
P10034,E1,4103.9014
P10034,E2,3455.7415
P10034,E3,3793.4477
P10034,E4,4559.3715
P10034,E5,4153.1894
P10034,E6,4778.8627
P10034,F1,5664.0548
P10034,F2,5199.9609
P10034,F3,6406.1652
P10034,F4,3892.0823
P10034,F5,3457.1932
P10034,F6,3628.3254
P10034,G1,4094.1302
P10034,G2,5853.2968
P10034,G3,4221.8414
P10034,G4,5043.0254
P10034,G5,6167.7293
P10034,G6,5317.0939
P10034,H1,6710.3934
P10034,H2,9288.3279
P10034,H3,8585.1280
P10034,H4,2895.8859
P10034,H5,3422.1669
P10034,H6,3409.9926
P10035,A1,606.0674
P10035,A3,728.1024
P10035,A4,608.9271
P10035,A6,569.7097
P10035,B1,629.0869
P10035,B2,655.9542
P10035,B3,619.3945
P10035,B4,600.9610
P10035,B5,624.0678
P10035,B6,689.5260
P10035,C1,664.4652
P10035,C2,742.5149
P10035,C3,685.9979
P10035,C4,611.5558
P10035,C5,618.1413
P10035,C6,518.8251
P10035,D1,633.1399
P10035,D2,681.7065
P10035,D3,513.0707
P10035,D4,645.8367
P10035,D5,596.8881
P10035,D6,615.6427
P10035,E1,680.3722
P10035,E2,610.9092
P10035,E3,602.2806
P10035,E4,649.6833
P10035,E5,721.0696
P10035,E6,610.0118
P10035,F1,655.2738
P10035,F2,636.6662
P10035,F3,555.7806
P10035,F4,730.1796
P10035,F5,682.3675
P10035,F6,760.1111
P10035,G1,589.9369
P10035,G2,675.8494
P10035,G3,581.3404
P10035,G4,671.0570
P10035,G5,614.6571
P10035,G6,725.3723
P10035,H1,645.6160
P10035,H2,668.8110
P10035,H3,630.0024
P10035,H4,588.0977
P10035,H5,578.8477
P10035,H6,637.9830
P10036,A1,611.6980
P10036,A2,529.5680
P10036,A3,550.9107
P10036,A4,701.4449
P10036,A5,564.6668
P10036,A6,594.6442
P10036,B1,621.5739
P10036,B2,530.3702
P10036,B3,632.4691
P10036,B4,670.3890
P10036,B5,582.3311
P10036,B6,597.5145
P10036,C1,636.7978
P10036,C2,577.7805
P10036,C3,627.6969
P10036,C4,649.9298
P10036,C5,637.7468
P10036,C6,646.3704
P10036,D1,651.3140
P10036,D2,561.4883
P10036,D3,585.8461
P10036,D4,539.3883
P10036,D5,501.8960
P10036,D6,856.6780
P10036,E1,728.8913
P10036,E2,705.0424
P10036,E3,693.4219
P10036,E4,583.3265
P10036,E5,611.4492
P10036,E6,604.4595
P10036,F1,748.0804
P10036,F2,596.8169
P10036,F3,602.7419
P10036,F4,525.5468
P10036,F5,585.9828
P10036,F6,754.3043
P10036,G1,655.6807
P10036,G2,433.2444
P10036,G3,561.7380
P10036,G4,603.1326
P10036,G5,560.0120
P10036,G6,680.8787
P10036,H1,640.2561
P10036,H2,615.8955
P10036,H3,609.4568
P10036,H4,649.4225
P10036,H5,594.7630
P10036,H6,518.6370
P10037,A1,311.1822
P10037,A2,223.9210
P10037,A3,221.5267
P10037,A4,244.3054
P10037,A5,292.5435
P10037,A6,234.9179
P10037,B1,331.6063
P10037,B2,342.4204
P10037,B3,378.7547
P10037,B4,225.4398
P10037,B5,234.4368
P10037,B6,167.9727
P10037,C1,221.6061
P10037,C2,239.6343
P10037,C3,228.1415
P10037,C4,332.1623
P10037,C5,311.3833
P10037,C6,367.9428
P10037,D1,580.6319
P10037,D2,540.7634
P10037,D3,628.7288
P10037,D4,208.1702
P10037,D5,176.3699
P10037,D6,209.7831
P10037,E1,222.0742
P10037,E2,212.4189
P10037,E3,222.2882
P10037,E4,271.0430
P10037,E5,273.4001
P10037,E6,238.3305
P10037,F1,350.6743
P10037,F2,344.6441
P10037,F3,341.6970
P10037,F4,207.8526
P10037,F5,189.7534
P10037,F6,169.8049
P10037,G1,258.9916
P10037,G2,255.6173
P10037,G3,232.8080
P10037,G4,399.5636
P10037,G5,422.7824
P10037,G6,408.0800
P10037,H1,624.6036
P10037,H2,575.2266
P10037,H3,670.7585
P10037,H4,193.5909
P10037,H5,226.8036
P10037,H6,200.9238
P10038,A1,114.6672
P10038,A2,98.3541
P10038,A3,107.5125
P10038,A4,119.2763
P10038,A5,114.8386
P10038,A6,129.4228
P10038,B1,169.9837
P10038,B3,144.7100
P10038,B4,82.9473
P10038,B5,64.6090
P10038,B6,62.8585
P10038,C1,112.9301
P10038,C2,98.5300
P10038,C3,109.0957
P10038,C5,166.4255
P10038,C6,212.7451
P10038,D1,406.3487
P10038,D2,374.8526
P10038,D3,297.1100
P10038,D4,66.7477
P10038,D5,85.5663
P10038,D6,63.9201
P10038,E1,121.9815
P10038,E2,115.4492
P10038,E3,108.8830
P10038,E4,146.8362
P10038,E6,164.0400
P10038,F1,309.0686
P10038,F2,353.3251
P10038,F3,342.4782
P10038,F4,72.8585
P10038,F5,63.5587
P10038,F6,81.5919
P10038,G1,147.9859
P10038,G2,179.4813
P10038,G3,149.8026
P10038,G4,316.5024
P10038,G5,367.5524
P10038,H1,1499.9727
P10038,H2,1293.7737
P10038,H3,1424.4344
P10038,H4,56.9430
P10038,H5,65.3284
P10038,H6,79.4628
P10039,A1,509.9515
P10039,A2,438.7581
P10039,A3,459.1133
P10039,A4,482.9897
P10039,A5,435.1219
P10039,A6,423.5161
P10039,B1,375.0633
P10039,B2,399.9923
P10039,B3,477.5929
P10039,B4,403.0145
P10039,B5,478.5257
P10039,B6,423.8212
P10039,C1,438.7358
P10039,C2,478.4068
P10039,C3,403.4886
P10039,C4,393.1475
P10039,C5,462.8987
P10039,C6,425.5853
P10039,D1,408.7259
P10039,D2,484.1319
P10039,D3,432.7840
P10039,D4,401.3740
P10039,D5,400.4128
P10039,D6,397.8663
P10039,E1,401.9951
P10039,E2,325.0200
P10039,E3,380.3250
P10039,E4,418.8368
P10039,E5,361.5512
P10039,E6,340.3091
P10039,F1,433.1617
P10039,F2,333.3502
P10039,F3,416.5165
P10039,F4,378.8212
P10039,F5,407.7471
P10039,F6,373.5247
P10039,G1,410.5194
P10039,G2,413.4704
P10039,G3,463.6330
P10039,G4,476.2436
P10039,G5,381.4050
P10039,G6,368.4672
P10039,H1,383.0954
P10039,H2,460.7900
P10039,H3,468.9331
P10039,H4,466.5037
P10039,H5,447.4023
P10040,A1,246.5014
P10040,A2,265.3373
P10040,A3,278.7886
P10040,A4,259.7599
P10040,A5,251.2822
P10040,A6,200.4543
P10040,B1,220.5350
P10040,B2,279.1022
P10040,B3,224.8631
P10040,B4,203.2772
P10040,B5,253.9967
P10040,B6,220.2434
P10040,C1,223.9832
P10040,C2,252.4018
P10040,C3,268.2920
P10040,C4,279.0755
P10040,C5,265.2596
P10040,C6,271.2935
P10040,D1,235.1128
P10040,D2,259.7392
P10040,D3,238.3518
P10040,D4,267.6762
P10040,D5,255.3858
P10040,D6,252.0050
P10040,E1,247.2202
P10040,E2,253.3572
P10040,E3,229.7537
P10040,E4,261.5980
P10040,E5,261.2743
P10040,E6,226.2460
P10040,F1,269.1279
P10040,F2,260.6969
P10040,F3,203.9403
P10040,F4,252.5309
P10040,F5,231.1758
P10040,F6,227.6072
P10040,G1,234.6413
P10040,G2,237.9854
P10040,G3,299.1448
P10040,G4,208.1566
P10040,G5,262.7493
P10040,H1,241.8131
P10040,H2,263.0731
P10040,H3,204.3674
P10040,H4,252.9006
P10040,H5,230.7480
P10040,H6,251.6194
P10041,A2,91.6611
P10041,A3,108.9414
P10041,A4,110.2480
P10041,A5,103.0701
P10041,A6,112.6911
P10041,B1,107.1714
P10041,B2,134.9599
P10041,B3,133.3405
P10041,B4,124.9730
P10041,B5,102.9097
P10041,B6,107.6077
P10041,C1,129.0526
P10041,C2,106.0398
P10041,C3,93.1247
P10041,C4,124.5510
P10041,C5,109.5631
P10041,C6,114.6438
P10041,D1,125.2477
P10041,D2,121.7056
P10041,D3,103.2301
P10041,D4,125.6503
P10041,D5,113.1240
P10041,D6,108.9275
P10041,E1,117.6318
P10041,E2,128.5389
P10041,E3,101.9276
P10041,E4,122.1758
P10041,E5,95.1024
P10041,E6,121.0618
P10041,F1,93.9040
P10041,F2,119.0868
P10041,F3,122.0533
P10041,F4,98.7745
P10041,F5,98.8736
P10041,F6,109.1665
P10041,G1,98.6317
P10041,G2,128.0263
P10041,G3,102.2156
P10041,G4,106.6413
P10041,G5,118.1856
P10041,G6,112.7778
P10041,H1,103.3912
P10041,H2,122.8897
P10041,H3,108.9336
P10041,H4,120.9960
P10041,H5,109.5100
P10041,H6,110.7473
P10042,A1,292.9879
P10042,A2,301.6366
P10042,A3,284.5824
P10042,A4,301.3634
P10042,A5,304.6942
P10042,A6,284.2954
P10042,B1,291.4865
P10042,B2,327.5054
P10042,B3,291.9132
P10042,B4,312.0093
P10042,B5,297.8994
P10042,B6,330.3007
P10042,C1,284.9208
P10042,C2,314.6444
P10042,C3,296.9089
P10042,C4,275.2013
P10042,C5,264.8367
P10042,C6,267.9556
P10042,D1,343.0236
P10042,D2,247.6967
P10042,D3,330.9499
P10042,D4,319.9149
P10042,D5,290.7459
P10042,D6,238.1858
P10042,E1,265.7038
P10042,E2,265.8806
P10042,E3,303.6624
P10042,E4,316.9785
P10042,E5,247.8590
P10042,E6,393.3153
P10042,F1,299.8550
P10042,F2,309.1228
P10042,F3,302.1125
P10042,F4,283.4112
P10042,F5,324.0282
P10042,F6,276.2312
P10042,G1,328.9763
P10042,G2,283.5587
P10042,G3,331.1453
P10042,G4,267.3092
P10042,G5,248.6887
P10042,G6,258.7907
P10042,H1,302.4705
P10042,H2,305.6716
P10042,H3,298.4967
P10042,H4,313.3148
P10042,H6,300.8364
P10043,A1,522.0000
P10043,A2,703.9910
P10043,A3,604.1949
P10043,A4,510.8076
P10043,A5,529.5593
P10043,A6,543.0991
P10043,B1,319.6962
P10043,B2,369.3118
P10043,B3,385.8315
P10043,B4,722.3180
P10043,B5,794.4198
P10043,B6,668.8004
P10043,C1,559.7780
P10043,C2,533.8680
P10043,C3,454.3608
P10043,C4,361.2819
P10043,C5,336.7494
P10043,C6,388.3623
P10043,D1,157.5363
P10043,D2,216.3330
P10043,D3,200.6672
P10043,D5,766.5751
P10043,D6,793.1258
P10043,E1,618.7998
P10043,E2,504.5823
P10043,E3,584.2815
P10043,E4,388.9643
P10043,E5,335.4536
P10043,E6,389.1043
P10043,F1,210.6993
P10043,F2,173.2229
P10043,F3,154.1971
P10043,F4,802.3005
P10043,F5,755.3204
P10043,F6,710.7218
P10043,G1,311.0457
P10043,G2,385.2994
P10043,G3,394.2714
P10043,G4,218.0350
P10043,G5,206.4066
P10043,G6,227.0051
P10043,H2,55.2017
P10043,H3,56.4460
P10043,H4,623.2787
P10043,H5,529.4262
P10043,H6,810.2880
P10044,A1,274.4097
P10044,A2,227.8949
P10044,A3,247.5427
P10044,A4,220.7168
P10044,A5,207.9458
P10044,A6,209.5708
P10044,B1,138.5203
P10044,B2,120.3865
P10044,B3,119.0772
P10044,B4,325.6249
P10044,B5,363.4713
P10044,B6,301.3875
P10044,C1,191.6028
P10044,C2,215.5742
P10044,C3,203.3715
P10044,C4,136.0449
P10044,C5,135.4288
P10044,C6,150.6342
P10044,D1,58.5571
P10044,D2,64.9176
P10044,D3,66.6710
P10044,D4,296.4254
P10044,D5,323.8528
P10044,D6,298.9875
P10044,E1,217.4548
P10044,E2,235.2437
P10044,E3,219.8711
P10044,E4,194.5144
P10044,E5,268.7532
P10044,E6,189.3618
P10044,F1,160.3829
P10044,F2,137.3896
P10044,F3,142.6633
P10044,F4,307.9358
P10044,F5,294.9214
P10044,F6,315.8142
P10044,G1,197.5116
P10044,G2,218.9768
P10044,G3,227.0538
P10044,G4,148.5092
P10044,G5,153.6288
P10044,G6,116.6390
P10044,H1,57.4481
P10044,H2,72.9266
P10044,H3,59.2601
P10044,H4,340.2625
P10044,H5,328.5813
P10044,H6,368.3732
P10045,A1,594.1058
P10045,A2,539.7245
P10045,A3,552.0931
P10045,A4,572.3489
P10045,A5,632.6301
P10045,A6,665.7259
P10045,B1,679.9467
P10045,B2,546.8309
P10045,B3,596.6963
P10045,B4,630.6552
P10045,B5,599.7363
P10045,B6,641.1686
P10045,C1,509.3529
P10045,C2,506.8421
P10045,C3,551.0696
P10045,C4,518.3394
P10045,C5,526.5565
P10045,C6,471.6339
P10045,D1,503.5634
P10045,D2,584.4661
P10045,D3,597.8761
P10045,D4,491.0371
P10045,D5,491.9083
P10045,D6,652.1727
P10045,E1,460.8076
P10045,E2,619.7771
P10045,E3,504.3802
P10045,E4,522.2296
P10045,E5,518.8112
P10045,E6,620.5469
P10045,F1,474.7504
P10045,F2,521.3824
P10045,F3,557.1832
P10045,F4,517.7676
P10045,F5,617.4168
P10045,F6,438.9411
P10045,G1,543.6029
P10045,G2,563.6429
P10045,G3,540.7093
P10045,G4,489.4170
P10045,G5,612.4938
P10045,G6,554.1578
P10045,H1,652.4306
P10045,H2,516.8740
P10045,H3,494.4427
P10045,H4,680.8121
P10045,H5,532.0827
P10045,H6,732.4266
P10046,A1,187.7428
P10046,A2,177.6945
P10046,A3,201.2270
P10046,A4,184.1666
P10046,A5,165.6959
P10046,A6,169.3150
P10046,B1,189.8826
P10046,B2,200.1252
P10046,B3,231.1808
P10046,B4,197.8624
P10046,B5,146.0514
P10046,B6,139.5531
P10046,C2,212.9159
P10046,C3,186.3300
P10046,C4,198.2990
P10046,C5,215.2361
P10046,C6,217.9546
P10046,D1,218.7939
P10046,D3,297.9113
P10046,D4,162.5625
P10046,D5,146.5976
P10046,D6,160.4153
P10046,E1,157.3814
P10046,E2,161.7902
P10046,E3,157.1997
P10046,E4,164.4771
P10046,E5,187.4686
P10046,F1,265.5180
P10046,F2,196.8363
P10046,F3,202.8720
P10046,F4,190.8770
P10046,F5,176.0983
P10046,G1,188.6986
P10046,G2,192.9883
P10046,G3,194.5398
P10046,G4,231.9764
P10046,G5,194.4730
P10046,G6,208.4714
P10046,H1,253.4859
P10046,H2,255.4250
P10046,H3,316.6369
P10046,H4,199.6859
P10046,H5,161.4202
P10046,H6,161.1671
P10047,A1,274.8207
P10047,A2,273.1304
P10047,A3,266.3297
P10047,A4,236.1456
P10047,A5,253.6019
P10047,A6,353.7977
P10047,B1,234.4092
P10047,B2,224.0082
P10047,B3,271.3335
P10047,B4,290.0366
P10047,B5,225.1200
P10047,B6,258.4937
P10047,C2,270.4197
P10047,C3,246.7909
P10047,C4,243.2881
P10047,C5,285.4711
P10047,C6,269.8590
P10047,D1,244.4332
P10047,D2,246.4319
P10047,D3,278.1247
P10047,D4,342.6940
P10047,D5,277.9181
P10047,D6,243.0141
P10047,E1,273.6033
P10047,E2,240.2825
P10047,E3,244.4337
P10047,E4,248.8170
P10047,E5,258.6323
P10047,E6,236.5220
P10047,F1,253.9145
P10047,F2,257.6199
P10047,F3,228.5070
P10047,F4,200.0124
P10047,F5,258.9411
P10047,F6,338.6777
P10047,G1,259.2062
P10047,G2,273.4186
P10047,G3,277.0394
P10047,G4,279.1671
P10047,G5,232.7407
P10047,G6,324.8787
P10047,H1,280.7782
P10047,H2,245.5422
P10047,H3,251.3641
P10047,H4,233.1654
P10047,H5,247.6534
P10047,H6,262.0029
P10048,A2,775.3848
P10048,A3,683.9728
P10048,A4,786.5334
P10048,A5,743.3920
P10048,A6,973.4160
P10048,B1,697.3005
P10048,B2,848.6594
P10048,B3,1078.3713
P10048,B4,796.3593
P10048,B5,950.2027
P10048,B6,865.6127
P10048,C1,824.8263
P10048,C2,840.6126
P10048,C3,818.0383
P10048,C4,871.2540
P10048,C5,813.6231
P10048,C6,805.7413
P10048,D1,789.1675
P10048,D2,839.7626
P10048,D3,745.5139
P10048,D4,810.2380
P10048,D5,923.1966
P10048,D6,806.8425
P10048,E1,809.2667
P10048,E2,808.6630
P10048,E3,673.9962
P10048,E4,864.3794
P10048,E5,762.8738
P10048,E6,803.4657
P10048,F1,959.4959
P10048,F2,880.1883
P10048,F3,827.0107
P10048,F4,836.7626
P10048,F5,763.0816
P10048,F6,883.7107
P10048,G1,854.1455
P10048,G2,724.2299
P10048,G3,967.7489
P10048,G4,705.0696
P10048,G5,763.7110
P10048,G6,950.4421
P10048,H1,729.9265
P10048,H2,732.9475
P10048,H3,730.5242
P10048,H4,826.7177
P10048,H5,674.3286
P10048,H6,911.1976
P10049,A1,201.3216
P10049,A2,197.5723
P10049,A3,220.1622
P10049,A4,160.2904
P10049,A5,173.1192
P10049,A6,189.6370
P10049,B1,120.5019
P10049,B2,130.2787
P10049,B3,127.1764
P10049,B4,226.7995
P10049,B5,246.4843
P10049,B6,281.0926
P10049,C1,163.7968
P10049,C2,169.6935
P10049,C3,216.2854
P10049,C4,115.2874
P10049,C5,104.8026
P10049,C6,131.9101
P10049,D1,64.4813
P10049,D2,68.5895
P10049,D3,53.7680
P10049,D4,294.2992
P10049,D5,209.1096
P10049,E1,214.4204
P10049,E2,178.1580
P10049,E3,199.0454
P10049,E4,155.8830
P10049,E5,190.1882
P10049,E6,142.1228
P10049,F1,121.3845
P10049,F2,129.9427
P10049,F3,136.6073
P10049,F4,302.7602
P10049,F5,310.4740
P10049,F6,261.2585
P10049,G1,211.0346
P10049,G2,172.4154
P10049,G3,194.6413
P10049,G4,130.2309
P10049,G5,130.9933
P10049,G6,112.3389
P10049,H2,51.4868
P10049,H3,55.6451
P10049,H4,251.2397
P10049,H5,295.4344
P10049,H6,269.1074
P10050,A1,547.4160
P10050,A2,597.8004
P10050,A3,530.0357
P10050,A4,502.3491
P10050,A5,513.1580
P10050,A6,603.4773
P10050,B1,507.8017
P10050,B2,401.2101
P10050,B3,490.8147
P10050,B4,690.7713
P10050,B5,569.8169
P10050,B6,492.5165
P10050,C1,521.5582
P10050,C2,597.0287
P10050,C3,570.3478
P10050,C4,529.2550
P10050,C5,549.4994
P10050,C6,544.7147
P10050,D1,582.0051
P10050,D2,486.6759
P10050,D3,604.0138
P10050,D4,580.4490
P10050,D5,533.4346
P10050,D6,688.3144
P10050,E1,652.4338
P10050,E2,565.2068
P10050,E3,579.8578
P10050,E5,576.4439
P10050,E6,567.3966
P10050,F1,560.5617
P10050,F2,592.8523
P10050,F3,554.7108
P10050,F4,560.8107
P10050,F5,530.2303
P10050,F6,548.8546
P10050,G1,574.7529
P10050,G2,577.8358
P10050,G3,558.5105
P10050,G4,623.6775
P10050,G5,565.6044
P10050,G6,575.0969
P10050,H1,512.6654
P10050,H2,558.7336
P10050,H3,586.7502
P10050,H4,459.2011
P10050,H5,574.0438
P10050,H6,647.1471
P10051,A1,326.7475
P10051,A2,339.9837
P10051,A3,387.5077
P10051,A4,342.6573
P10051,A5,367.3439
P10051,A6,351.5704
P10051,B1,386.9053
P10051,B2,354.1708
P10051,B3,337.2919
P10051,B4,353.3105
P10051,B5,368.9402
P10051,B6,357.2216
P10051,C1,432.5877
P10051,C2,382.0799
P10051,C3,383.8459
P10051,C4,334.6952
P10051,C6,378.0451
P10051,D1,420.8212
P10051,D2,335.2091
P10051,D3,337.4087
P10051,D4,315.0882
P10051,D5,330.2666
P10051,D6,330.8812
P10051,E1,341.1611
P10051,E3,324.8490
P10051,E4,402.2802
P10051,E5,420.4371
P10051,E6,368.7225
P10051,F1,285.0245
P10051,F2,339.4207
P10051,F3,366.8435
P10051,F4,380.8865
P10051,F5,398.6424
P10051,F6,291.1881
P10051,G1,357.8182
P10051,G2,303.5308
P10051,G3,391.8392
P10051,G4,403.1755
P10051,G5,314.6246
P10051,G6,356.1671
P10051,H1,470.4799
P10051,H2,362.0292
P10051,H3,321.0980
P10051,H4,317.5995
P10051,H5,382.0661
P10051,H6,380.6407
P10052,A1,511.9684
P10052,A2,411.8239
P10052,A3,492.9796
P10052,A4,514.8281
P10052,A5,565.1300
P10052,A6,539.9411
P10052,B1,591.3292
P10052,B2,514.2836
P10052,B3,457.2141
P10052,B4,460.8124
P10052,B5,475.0994
P10052,B6,572.4917
P10052,C1,483.3832
P10052,C2,569.9461
P10052,C3,524.3315
P10052,C4,588.2736
P10052,C5,625.0047
P10052,C6,470.0697
P10052,D1,482.4790
P10052,D2,377.4165
P10052,D3,480.4013
P10052,D4,531.4237
P10052,D5,455.1002
P10052,D6,508.0390
P10052,E1,593.7073
P10052,E2,574.4107
P10052,E3,450.8007
P10052,E4,448.6759
P10052,E5,511.0557
P10052,E6,478.5869
P10052,F1,542.2067
P10052,F2,513.8086
P10052,F3,490.1157
P10052,F4,560.3357
P10052,F5,539.1278
P10052,F6,522.0090
P10052,G1,468.4157
P10052,G2,472.3708
P10052,G3,458.5032
P10052,G4,459.1497
P10052,G5,546.2873
P10052,G6,466.5859
P10052,H1,459.4457
P10052,H2,527.2191
P10052,H3,477.9749
P10052,H4,633.1690
P10052,H5,567.9950
P10052,H6,519.4055
P10053,A1,1253.4866
P10053,A2,1300.5275
P10053,A3,1358.0408
P10053,A4,1222.2781
P10053,A5,1558.0079
P10053,A6,1173.8281
P10053,B1,1364.3070
P10053,B2,1327.8773
P10053,B3,1516.3110
P10053,B4,1372.5252
P10053,B5,1320.5910
P10053,B6,1495.8554
P10053,C2,1568.0543
P10053,C3,1310.6107
P10053,C4,1161.4085
P10053,C5,1147.0737
P10053,C6,1294.9785
P10053,D2,1335.9532
P10053,D3,1370.2432
P10053,D4,1231.5397
P10053,D5,1582.0933
P10053,D6,1276.2728
P10053,E1,1039.7729
P10053,E2,1413.1103
P10053,E3,1482.4358
P10053,E4,1438.6862
P10053,E5,1185.8740
P10053,E6,1235.0313
P10053,F1,1290.4879
P10053,F2,1469.9427
P10053,F3,1303.1087
P10053,F4,1176.3001
P10053,F5,1419.2217
P10053,F6,1462.4659
P10053,G1,1248.4847
P10053,G2,1464.5198
P10053,G3,1287.9771
P10053,G4,1387.5106
P10053,G5,1427.9912
P10053,G6,1291.0198
P10053,H1,1456.8721
P10053,H2,1213.5589
P10053,H3,1262.0656
P10053,H4,1294.5110
P10053,H5,1571.2141
P10053,H6,1412.4319
P10054,A1,445.3366
P10054,A2,387.3863
P10054,A3,415.0201
P10054,A4,355.9228
P10054,A5,411.6585
P10054,A6,388.2154
P10054,B1,372.0532
P10054,B2,439.4337
P10054,B3,423.0819
P10054,B4,352.0326
P10054,B5,431.4344
P10054,B6,389.7252
P10054,C1,456.3215
P10054,C2,416.9317
P10054,C3,413.1580
P10054,C4,518.8209
P10054,C5,393.0434
P10054,C6,425.3564
P10054,D1,450.8177
P10054,D2,431.0534
P10054,D3,372.5070
P10054,D4,435.1650
P10054,D5,375.8750
P10054,D6,490.3440
P10054,E1,435.1804
P10054,E2,340.9595
P10054,E3,439.2030
P10054,E4,465.4618
P10054,E5,353.0569
P10054,E6,447.4838
P10054,F1,470.3908
P10054,F2,474.0926
P10054,F3,423.5822
P10054,F5,545.1715
P10054,F6,418.8083
P10054,G1,349.9907
P10054,G2,433.5932
P10054,G3,443.2496
P10054,G4,434.8523
P10054,G5,419.0065
P10054,G6,441.5397
P10054,H1,467.9881
P10054,H2,419.9955
P10054,H3,482.7121
P10054,H4,448.6685
P10054,H5,399.3947
P10054,H6,392.4946
P10055,A1,182.2728
P10055,A2,162.0913
P10055,A3,196.7446
P10055,A4,146.3914
P10055,A5,206.0645
P10055,A6,186.5808
P10055,B1,128.3910
P10055,B2,152.7528
P10055,B3,181.8065
P10055,B4,188.5490
P10055,B5,220.9461
P10055,B6,259.0697
P10055,C2,157.6200
P10055,C3,183.3221
P10055,C4,134.6288
P10055,C5,151.2972
P10055,C6,187.5088
P10055,D1,101.8443
P10055,D2,101.0402
P10055,D3,115.3686
P10055,D4,183.0253
P10055,D5,211.3444
P10055,D6,218.4285
P10055,E1,175.0943
P10055,E2,204.5291
P10055,E3,186.1815
P10055,E4,192.3503
P10055,E5,199.6463
P10055,E6,216.0535
P10055,F1,170.1919
P10055,F2,195.8792
P10055,F3,200.9624
P10055,F4,215.3676
P10055,F5,221.9752
P10055,F6,241.5708
P10055,G1,187.7011
P10055,G2,188.5306
P10055,G3,220.3258
P10055,G4,178.7775
P10055,G5,171.4965
P10055,G6,196.3517
P10055,H1,205.2445
P10055,H2,177.4667
P10055,H3,141.8759
P10055,H4,199.8304
P10055,H5,229.0633
P10055,H6,188.0597
P10056,A1,127.8709
P10056,A2,142.5397
P10056,A3,121.9184
P10056,A4,145.1011
P10056,A5,137.7216
P10056,A6,131.3193
P10056,B1,162.2138
P10056,B2,146.5863
P10056,B3,132.0500
P10056,B4,126.1648
P10056,B5,148.4886
P10056,B6,162.1098
P10056,C1,154.3992
P10056,C2,132.5776
P10056,C3,145.2130
P10056,C4,161.9690
P10056,C5,118.7690
P10056,C6,127.4808
P10056,D1,157.5323
P10056,D2,143.5550
P10056,D3,159.1770
P10056,D4,139.5151
P10056,D5,146.2563
P10056,D6,164.5006
P10056,E1,153.8494
P10056,E2,134.9094
P10056,E3,165.3343
P10056,E4,169.9122
P10056,E5,146.5377
P10056,E6,136.1037
P10056,F1,156.0099
P10056,F2,130.5539
P10056,F3,148.3261
P10056,F4,164.9947
P10056,F5,152.7956
P10056,F6,122.6994
P10056,G1,130.7695
P10056,G2,131.0470
P10056,G3,142.9546
P10056,G4,126.9450
P10056,G5,137.2110
P10056,G6,143.1849
P10056,H1,144.4326
P10056,H2,135.2283
P10056,H3,152.7971
P10056,H4,135.2122
P10056,H5,150.4888
P10056,H6,172.1410
P10057,A1,583.1494
P10057,A2,532.2308
P10057,A3,387.9401
P10057,A4,409.7403
P10057,A5,459.4471
P10057,A6,551.2603
P10057,B1,548.9010
P10057,B2,509.7546
P10057,B3,457.6294
P10057,B4,556.0284
P10057,B5,464.3513
P10057,B6,438.6559
P10057,C1,558.2751
P10057,C2,497.9173
P10057,C3,482.0821
P10057,C4,487.7677
P10057,C5,423.6522
P10057,D1,547.0258
P10057,D2,455.0403
P10057,D3,504.4964
P10057,D4,505.7940
P10057,D5,567.4180
P10057,D6,541.8333
P10057,E1,566.0106
P10057,E2,487.9911
P10057,E3,456.4675
P10057,E4,684.1260
P10057,E5,448.8307
P10057,E6,498.7001
P10057,F1,494.5219
P10057,F2,478.8674
P10057,F3,509.2748
P10057,F4,499.1792
P10057,F5,469.4698
P10057,F6,583.8850
P10057,G1,428.4840
P10057,G2,553.9965
P10057,G3,508.3804
P10057,G4,546.2800
P10057,G5,572.6911
P10057,G6,471.0827
P10057,H1,457.0020
P10057,H2,518.6296
P10057,H3,611.4966
P10057,H4,495.9048
P10057,H5,479.8864
P10057,H6,503.0998
P10058,A1,870.5387
P10058,A2,838.7365
P10058,A3,613.1443
P10058,A4,600.7155
P10058,A5,846.0981
P10058,A6,825.8312
P10058,B1,670.7314
P10058,B2,625.4446
P10058,B4,622.0582
P10058,B5,559.9164
P10058,B6,789.6475
P10058,C1,764.1984
P10058,C2,697.0434
P10058,C3,820.6626
P10058,C4,643.9382
P10058,C5,799.1684
P10058,C6,696.9605
P10058,D1,712.8450
P10058,D2,758.6368
P10058,D3,784.2175
P10058,D4,692.8357
P10058,D5,635.5265
P10058,D6,661.1903
P10058,E1,682.6245
P10058,E2,703.8402
P10058,E3,681.7186
P10058,E4,814.1376
P10058,E6,736.7217
P10058,F1,580.3782
P10058,F2,690.0785
P10058,F3,710.4566
P10058,F4,767.5560
P10058,F5,641.1055
P10058,F6,667.9273
P10058,G1,706.6917
P10058,G2,883.2243
P10058,G3,635.2709
P10058,G4,726.1164
P10058,G5,625.7838
P10058,G6,694.6086
P10058,H1,637.6240
P10058,H2,720.8223
P10058,H3,706.4089
P10058,H4,732.2650
P10058,H5,819.5514
P10058,H6,657.4263
P10059,A1,215.3628
P10059,A2,243.4016
P10059,A3,241.4308
P10059,A4,215.9484
P10059,A5,210.6915
P10059,A6,239.5405
P10059,B1,208.2860
P10059,B2,192.6851
P10059,B3,206.0278
P10059,B4,263.5346
P10059,B5,184.9002
P10059,B6,277.8761
P10059,C1,266.8324
P10059,C2,215.0505
P10059,C3,175.1441
P10059,C4,234.4960
P10059,C5,239.3655
P10059,C6,195.5238
P10059,D1,207.6327
P10059,D2,209.3077
P10059,D3,203.6161
P10059,D4,231.3306
P10059,D5,245.2174
P10059,D6,211.1080
P10059,E1,204.9423
P10059,E2,174.5691
P10059,E3,202.4880
P10059,E4,205.6342
P10059,E5,223.5379
P10059,E6,221.3023
P10059,F1,227.1364
P10059,F2,226.2818
P10059,F3,215.2345
P10059,F4,208.8973
P10059,F6,227.1533
P10059,G1,198.4232
P10059,G2,220.1033
P10059,G3,210.3330
P10059,G4,195.4035
P10059,G5,205.1839
P10059,G6,208.6052
P10059,H1,249.8960
P10059,H2,227.9965
P10059,H3,218.7137
P10059,H4,218.1203
P10059,H5,198.4526
P10059,H6,244.7881
P10060,A1,1207.8818
P10060,A2,1252.4368
P10060,A3,1259.1874
P10060,A4,1266.4543
P10060,A5,1110.8926
P10060,A6,728.1264
P10060,B1,639.3437
P10060,B2,601.2426
P10060,B3,641.9170
P10060,B4,1448.8071
P10060,B5,1244.3381
P10060,B6,1696.8839
P10060,C1,749.9725
P10060,C2,1010.2128
P10060,C3,1158.9766
P10060,C4,576.4381
P10060,C5,704.4871
P10060,C6,615.0047
P10060,D1,373.4621
P10060,D2,280.6775
P10060,D3,312.9586
P10060,D4,1478.1030
P10060,D5,1368.6227
P10060,D6,1421.0317
P10060,E1,1072.5609
P10060,E2,1103.7586
P10060,E3,922.4144
P10060,E4,680.8511
P10060,E5,766.0369
P10060,E6,776.4911
P10060,F1,303.9900
P10060,F2,338.4320
P10060,F3,386.2352
P10060,F4,1441.2525
P10060,F5,1487.4407
P10060,F6,1752.5934
P10060,G1,691.5724
P10060,G2,662.7714
P10060,G3,675.4844
P10060,G4,324.1593
P10060,G5,326.7013
P10060,G6,339.0083
P10060,H1,65.7757
P10060,H2,83.8295
P10060,H3,84.9196
P10060,H4,1479.2772
P10060,H5,1595.6528
P10060,H6,1487.8407
P10061,A1,1033.7964
P10061,A2,763.2720
P10061,A3,1065.7704
P10061,A4,872.1718
P10061,A5,1079.0232
P10061,A6,837.0664
P10061,B1,1136.5089
P10061,B2,888.5855
P10061,B3,886.0544
P10061,B4,937.9515
P10061,B5,824.6304
P10061,B6,873.2907
P10061,C1,1014.1837
P10061,C2,951.2014
P10061,C3,1328.2016
P10061,C4,909.9703
P10061,C5,970.2857
P10061,C6,967.4095
P10061,D1,1050.7071
P10061,D2,984.7968
P10061,D3,847.9860
P10061,D4,1070.6150
P10061,D5,901.8014
P10061,D6,1006.8832
P10061,E1,738.3859
P10061,E2,823.4290
P10061,E3,938.4360
P10061,E4,992.3754
P10061,E5,865.3455
P10061,E6,897.2479
P10061,F1,841.9759
P10061,F2,926.9277
P10061,F3,908.7764
P10061,F4,868.4255
P10061,F5,901.2049
P10061,F6,909.9414
P10061,G1,736.3201
P10061,G2,966.1074
P10061,G3,830.0417
P10061,G4,988.5902
P10061,G5,912.1608
P10061,G6,918.9233
P10061,H1,921.3173
P10061,H2,879.7897
P10061,H3,901.6263
P10061,H4,775.1277
P10061,H5,928.7968
P10061,H6,810.4539
P10062,A1,159.8960
P10062,A2,176.7737
P10062,A3,165.5463
P10062,A4,167.6760
P10062,A5,179.1472
P10062,A6,178.6479
P10062,B1,194.8257
P10062,B2,183.6926
P10062,B3,189.5229
P10062,B4,148.7931
P10062,B5,137.3478
P10062,B6,125.0855
P10062,C1,174.8813
P10062,C2,162.9413
P10062,C3,189.8256
P10062,C4,237.4266
P10062,C5,234.2677
P10062,C6,258.2688
P10062,D1,421.8195
P10062,D2,443.2600
P10062,D3,355.5341
P10062,D4,153.7886
P10062,D5,148.0623
P10062,D6,154.4229
P10062,E1,210.2160
P10062,E2,187.0003
P10062,E3,183.1943
P10062,E4,209.3051
P10062,E5,224.0511
P10062,E6,192.3276
P10062,F1,327.4214
P10062,F2,367.9297
P10062,F3,359.9984
P10062,F4,148.9595
P10062,F5,143.8224
P10062,F6,164.6591
P10062,G1,217.9887
P10062,G2,212.5853
P10062,G3,195.6300
P10062,G4,331.1450
P10062,G5,383.3871
P10062,G6,464.7701
P10062,H1,924.4852
P10062,H2,716.0550
P10062,H3,908.4768
P10062,H4,157.6792
P10062,H5,120.8458
P10062,H6,130.0571
P10063,A1,2507.4081
P10063,A2,3022.9259
P10063,A3,2580.2590
P10063,A4,2981.8661
P10063,A5,2817.6430
P10063,A6,3136.9006
P10063,B1,3295.2967
P10063,B2,3342.1053
P10063,B3,3343.8710
P10063,B4,2740.4404
P10063,B5,2782.7529
P10063,B6,3222.8252
P10063,C1,3061.2021
P10063,C2,3180.1913
P10063,C3,3079.7498
P10063,C4,2852.0641
P10063,C5,3693.9628
P10063,C6,3773.0231
P10063,D1,4969.9495
P10063,D2,3832.5100
P10063,D3,4134.2129
P10063,D5,2894.6210
P10063,D6,2701.5121
P10063,E1,2499.2447
P10063,E2,3315.6750
P10063,E3,2991.5877
P10063,E4,2771.6401
P10063,E5,3005.4613
P10063,E6,3331.1139
P10063,F1,3216.3342
P10063,F2,3643.6611
P10063,F3,3313.7508
P10063,F4,2322.2707
P10063,F5,2649.0768
P10063,F6,2345.9665
P10063,G1,3620.5591
P10063,G2,2646.6396
P10063,G4,4020.5296
P10063,G5,3657.0138
P10063,G6,3720.2705
P10063,H1,4149.9125
P10063,H2,4434.4562
P10063,H3,4523.3239
P10063,H4,2586.7420
P10063,H5,3088.8173
P10063,H6,2882.1802
P10064,A1,1456.5486
P10064,A2,1420.1650
P10064,A3,1644.9956
P10064,A4,1716.5389
P10064,A5,1794.0373
P10064,A6,2078.8704
P10064,B1,3259.4622
P10064,B2,2320.2338
P10064,B3,2295.9727
P10064,B4,1129.9110
P10064,B5,1091.6646
P10064,B6,1190.7619
P10064,C2,1562.6749
P10064,C3,1805.7693
P10064,C4,2501.5225
P10064,C5,2330.2140
P10064,C6,2558.8880
P10064,D1,5494.9694
P10064,D2,6045.7502
P10064,D3,6648.8535
P10064,D4,1187.3902
P10064,D5,1197.9920
P10064,D6,1079.7424
P10064,E1,1347.5025
P10064,E2,1278.5819
P10064,E3,1171.6136
P10064,E4,1700.3022
P10064,E5,1681.1134
P10064,E6,1774.7300
P10064,F1,2186.9874
P10064,F2,2769.8595
P10064,F3,2644.0937
P10064,F4,1090.5924
P10064,F5,1130.7268
P10064,F6,1071.3078
P10064,G1,1801.7498
P10064,G2,1504.1299
P10064,G3,1649.5013
P10064,G4,2661.5209
P10064,G5,2563.6012
P10064,G6,2440.4469
P10064,H1,6920.5567
P10064,H2,5745.1121
P10064,H3,5125.4583
P10064,H5,961.9539
P10064,H6,1167.4060
P10065,A1,21.2195
P10065,A2,28.2879
P10065,A3,28.3736
P10065,A4,26.1086
P10065,A5,22.1967
P10065,A6,28.1336
P10065,B2,22.3209
P10065,B3,24.6188
P10065,B4,25.4200
P10065,B5,21.2619
P10065,B6,22.0003
P10065,C1,21.0563
P10065,C2,28.3129
P10065,C3,22.7121
P10065,C4,24.7094
P10065,C5,24.8801
P10065,C6,24.9200
P10065,D1,22.2313
P10065,D2,22.9795
P10065,D3,23.6945
P10065,D4,27.1342
P10065,D5,25.1011
P10065,D6,25.7743
P10065,E1,24.3399
P10065,E2,21.4813
P10065,E3,25.4590
P10065,E4,24.2269
P10065,E5,24.3323
P10065,E6,23.5319
P10065,F1,21.8975
P10065,F2,26.4020
P10065,F3,23.0903
P10065,F4,26.1732
P10065,F5,30.1329
P10065,F6,23.5409
P10065,G1,24.9827
P10065,G2,27.3455
P10065,G3,25.2179
P10065,G4,23.0303
P10065,G5,25.6211
P10065,G6,23.8631
P10065,H1,24.9963
P10065,H2,21.8634
P10065,H3,26.4182
P10065,H4,22.2837
P10065,H5,27.4443
P10065,H6,23.8677
P10066,A1,84.5131
P10066,A2,102.1363
P10066,A3,110.1576
P10066,A4,91.0890
P10066,A5,101.2844
P10066,A6,102.1098
P10066,B1,98.5505
P10066,B2,108.2412
P10066,B3,86.6149
P10066,B4,97.3586
P10066,B5,121.1960
P10066,B6,95.7139
P10066,C1,109.9176
P10066,C2,104.0903
P10066,C3,108.3676
P10066,C4,88.6374
P10066,C5,105.8850
P10066,C6,110.4709
P10066,D1,102.5162
P10066,D2,116.1555
P10066,D3,104.8857
P10066,D4,104.5578
P10066,D5,98.1838
P10066,D6,104.8008
P10066,E1,90.4483
P10066,E2,93.7270
P10066,E3,91.0179
P10066,E4,105.0498
P10066,E5,111.1689
P10066,E6,108.5099
P10066,F2,90.5859
P10066,F3,102.5090
P10066,F4,91.7035
P10066,F5,106.2942
P10066,F6,90.0762
P10066,G1,101.1537
P10066,G2,121.7970
P10066,G3,102.6685
P10066,G4,96.5945
P10066,G5,97.5489
P10066,G6,92.8290
P10066,H1,116.8003
P10066,H2,92.0877
P10066,H3,97.9003
P10066,H4,109.0591
P10066,H5,107.7085
P10066,H6,95.6731
P10067,A1,222.9479
P10067,A2,216.5009
P10067,A3,195.7598
P10067,A4,320.0886
P10067,A5,274.2430
P10067,A6,250.1221
P10067,B1,425.8159
P10067,B2,378.0921
P10067,B3,480.8813
P10067,B4,192.5699
P10067,B5,164.7357
P10067,B6,200.1373
P10067,C1,281.5143
P10067,C2,238.5887
P10067,C3,232.6348
P10067,C4,371.8141
P10067,C5,363.6688
P10067,C6,345.6959
P10067,D1,880.7515
P10067,D2,819.6925
P10067,D3,650.6239
P10067,D4,189.7210
P10067,D6,158.2277
P10067,E1,259.0297
P10067,E2,208.7938
P10067,E3,200.6534
P10067,E4,298.8170
P10067,E5,226.1491
P10067,E6,330.1820
P10067,F1,416.7444
P10067,F2,359.8756
P10067,F3,364.9859
P10067,F4,207.2636
P10067,F5,174.4056
P10067,F6,147.5102
P10067,G1,233.5144
P10067,G2,255.7229
P10067,G3,246.8082
P10067,G4,374.2835
P10067,G5,340.2848
P10067,G6,414.1529
P10067,H1,690.2357
P10067,H3,629.5394
P10067,H4,176.5000
P10067,H5,172.7884
P10067,H6,194.3682
P10068,A1,1459.9290
P10068,A2,1789.9361
P10068,A3,2030.9099
P10068,A4,1476.7242
P10068,A5,1725.3659
P10068,B1,1707.3863
P10068,B2,1639.9172
P10068,B3,1719.0879
P10068,B4,1794.6684
P10068,B5,1896.2716
P10068,B6,1721.5797
P10068,C1,1566.6952
P10068,C2,1657.0915
P10068,C3,1515.4964
P10068,C4,1883.8072
P10068,C5,1605.8560
P10068,C6,1778.9044
P10068,D1,1669.0208
P10068,D2,1651.3645
P10068,D3,1584.8902
P10068,D4,1793.7725
P10068,D5,1863.3758
P10068,D6,1736.5515
P10068,E1,1637.0676
P10068,E2,1920.3798
P10068,E3,1937.7374
P10068,E4,1573.5706
P10068,E5,1656.2001
P10068,E6,1649.2356
P10068,F1,1477.5954
P10068,F2,2046.1551
P10068,F3,1687.8655
P10068,F4,1857.7015
P10068,F5,1681.9519
P10068,F6,1739.5998
P10068,G1,1569.6140
P10068,G2,1732.2995
P10068,G3,1833.5814
P10068,G4,1493.1748
P10068,G5,1642.3089
P10068,G6,1983.7374
P10068,H1,1471.4158
P10068,H2,1650.7762
P10068,H3,1555.3523
P10068,H4,1877.6827
P10068,H5,1687.1791
P10068,H6,1479.3632
P10069,A1,323.9223
P10069,A2,326.3036
P10069,A4,309.6498
P10069,A5,278.4170
P10069,A6,291.1564
P10069,B1,278.2833
P10069,B2,342.4884
P10069,B3,309.0871
P10069,B4,369.7751
P10069,B5,332.4119
P10069,B6,416.4326
P10069,C1,410.6784
P10069,C2,256.8872
P10069,C3,356.7613
P10069,C4,321.1343
P10069,C5,377.7892
P10069,C6,321.7073
P10069,D1,394.7646
P10069,D2,291.6605
P10069,D3,391.5581
P10069,D4,335.1372
P10069,D5,378.2478
P10069,D6,307.5886
P10069,E1,426.2543
P10069,E2,293.6007
P10069,E3,346.9298
P10069,E4,257.8782
P10069,E5,347.8257
P10069,E6,353.8478
P10069,F1,379.4339
P10069,F2,294.6152
P10069,F3,327.2426
P10069,F4,308.4921
P10069,F5,357.8074
P10069,F6,284.3497
P10069,G1,314.6383
P10069,G2,286.4786
P10069,G3,319.8553
P10069,G4,319.5144
P10069,G5,322.1069
P10069,G6,352.5145
P10069,H1,314.6427
P10069,H2,346.7464
P10069,H3,312.0423
P10069,H4,352.8231
P10069,H5,382.2605
P10069,H6,270.5188
P10070,A1,645.4818
P10070,A2,604.2849
P10070,A3,590.9131
P10070,A4,624.7601
P10070,A5,650.8550
P10070,A6,586.4698
P10070,B1,572.3949
P10070,B2,550.2749
P10070,B3,643.6857
P10070,B4,676.1916
P10070,B5,555.0226
P10070,B6,679.9640
P10070,C1,695.5107
P10070,C2,456.6813
P10070,C3,628.3391
P10070,C4,583.2961
P10070,C5,516.1852
P10070,C6,576.4034
P10070,D1,573.0711
P10070,D2,667.5649
P10070,D3,682.9945
P10070,D4,542.1685
P10070,D5,621.1110
P10070,D6,619.1539
P10070,E1,503.4707
P10070,E2,532.0711
P10070,E3,638.9843
P10070,E4,597.7491
P10070,E5,645.5525
P10070,E6,614.0845
P10070,F1,630.2720
P10070,F2,493.1880
P10070,F3,520.7937
P10070,F4,513.8801
P10070,F5,598.5403
P10070,G1,563.4299
P10070,G2,606.4025
P10070,G3,563.7284
P10070,G4,557.0342
P10070,G5,587.3624
P10070,G6,521.9063
P10070,H1,588.1948
P10070,H2,712.0358
P10070,H3,629.3729
P10070,H4,508.7392
P10070,H5,670.0331
P10070,H6,536.9468
P10071,A1,242.7242
P10071,A2,178.7721
P10071,A3,232.4669
P10071,A4,237.1489
P10071,A5,205.4238
P10071,A6,175.7160
P10071,B1,231.4721
P10071,B2,230.3117
P10071,B3,201.4998
P10071,B4,205.1464
P10071,B5,196.3242
P10071,B6,202.0202
P10071,C1,217.1475
P10071,C2,208.8969
P10071,C3,212.8488
P10071,C4,185.3526
P10071,C5,204.4704
P10071,C6,181.7187
P10071,D1,186.1279
P10071,D2,199.9773
P10071,D3,199.5643
P10071,D4,214.6887
P10071,D5,257.3032
P10071,D6,189.8655
P10071,E1,239.8464
P10071,E2,215.4325
P10071,E3,201.2760
P10071,E4,217.3510
P10071,E5,215.5353
P10071,E6,180.9374
P10071,F1,189.6686
P10071,F2,213.3168
P10071,F3,228.2827
P10071,F4,182.0943
P10071,F5,214.4644
P10071,F6,222.1210
P10071,G1,195.8970
P10071,G2,204.8643
P10071,G3,202.8789
P10071,G4,197.2908
P10071,G5,214.1481
P10071,G6,179.0926
P10071,H1,248.8964
P10071,H2,200.7625
P10071,H3,194.2761
P10071,H4,222.7068
P10071,H5,204.5397
P10071,H6,190.3643
P10072,A1,166.2587
P10072,A2,221.3312
P10072,A3,228.2668
P10072,A4,200.1639
P10072,A5,197.2897
P10072,A6,259.0583
P10072,B1,196.2314
P10072,B2,186.8311
P10072,B3,194.9607
P10072,B4,204.3226
P10072,B5,163.8964
P10072,B6,184.2327
P10072,C1,244.6806
P10072,C2,235.5376
P10072,C3,173.5923
P10072,C4,163.6483
P10072,C5,193.8404
P10072,C6,218.6379
P10072,D1,191.1449
P10072,D2,229.8605
P10072,D3,188.7337
P10072,D4,228.1673
P10072,D5,155.2102
P10072,D6,187.9682
P10072,E1,204.3300
P10072,E2,207.1901
P10072,E3,233.6979
P10072,E4,220.4200
P10072,E5,178.3546
P10072,E6,156.4580
P10072,F1,208.2181
P10072,F2,213.3201
P10072,F3,232.4567
P10072,F4,201.5278
P10072,F5,209.0392
P10072,F6,214.5015
P10072,G1,176.6756
P10072,G2,213.8052
P10072,G3,214.6794
P10072,G4,203.1806
P10072,G5,208.6813
P10072,G6,209.8648
P10072,H1,262.0412
P10072,H2,199.1242
P10072,H3,228.0968
P10072,H4,207.5707
P10072,H5,194.0770
P10072,H6,192.9906
P10073,A1,302.9998
P10073,A2,307.8057
P10073,A3,288.2026
P10073,A4,274.6072
P10073,A5,267.5504
P10073,A6,271.8561
P10073,B1,230.9914
P10073,B2,173.6107
P10073,B3,208.6509
P10073,B4,350.0346
P10073,B5,399.3929
P10073,B6,366.9025
P10073,C1,216.2247
P10073,C2,253.8891
P10073,C3,259.7742
P10073,C4,215.4079
P10073,C5,182.1190
P10073,C6,248.3681
P10073,D1,98.3071
P10073,D2,119.9334
P10073,D3,114.7159
P10073,D4,316.0868
P10073,D5,353.6311
P10073,D6,519.2757
P10073,E1,272.8830
P10073,E2,313.9945
P10073,E3,281.6208
P10073,E4,174.6659
P10073,E5,214.3610
P10073,E6,204.7430
P10073,F1,117.2428
P10073,F2,117.4228
P10073,F3,103.8785
P10073,F4,365.7076
P10073,F5,352.7196
P10073,F6,389.0893
P10073,G1,178.0477
P10073,G2,195.9575
P10073,G3,221.4711
P10073,G4,106.8078
P10073,G5,107.2873
P10073,G6,118.2658
P10073,H1,39.5275
P10073,H2,34.2307
P10073,H3,37.1246
P10073,H4,348.0934
P10073,H5,403.3989
P10073,H6,411.8493
P10074,A1,274.4534
P10074,A2,249.0788
P10074,A3,219.3507
P10074,A4,235.2478
P10074,A5,240.4531
P10074,A6,210.6253
P10074,B1,239.2710
P10074,B2,221.1626
P10074,B3,219.6275
P10074,B4,230.7007
P10074,B5,276.4216
P10074,C1,229.6235
P10074,C2,210.9100
P10074,C3,267.4972
P10074,C4,270.5977
P10074,C5,223.5207
P10074,C6,251.8405
P10074,D1,235.5222
P10074,D2,225.0023
P10074,D3,277.9876
P10074,D4,234.6094
P10074,D5,259.8873
P10074,D6,227.9418
P10074,E1,241.1159
P10074,E2,229.2492
P10074,E3,228.0650
P10074,E4,246.7309
P10074,E5,207.0378
P10074,E6,260.3900
P10074,F1,258.2724
P10074,F2,224.2723
P10074,F3,232.9368
P10074,F4,269.5190
P10074,F5,264.3575
P10074,F6,239.5100
P10074,G1,236.9777
P10074,G2,228.2614
P10074,G3,251.0378
P10074,G4,228.4764
P10074,G5,207.5960
P10074,G6,227.4608
P10074,H1,276.6496
P10074,H2,216.1599
P10074,H3,176.0041
P10074,H4,256.3511
P10074,H5,287.5214
P10074,H6,209.4660
P10075,A1,216.4544
P10075,A2,278.5796
P10075,A3,257.4374
P10075,A4,255.0949
P10075,A5,238.3308
P10075,A6,237.2537
P10075,B1,307.4205
P10075,B3,288.3359
P10075,B4,256.3883
P10075,B5,224.9671
P10075,B6,214.9699
P10075,C1,278.9205
P10075,C2,268.7950
P10075,C3,232.2894
P10075,C4,322.4231
P10075,C6,285.9216
P10075,D1,349.5956
P10075,D2,358.1690
P10075,D3,386.1507
P10075,D4,282.8569
P10075,D5,235.6111
P10075,D6,252.0864
P10075,E1,233.3602
P10075,E2,242.6244
P10075,E3,243.8362
P10075,E4,249.2924
P10075,E5,269.5271
P10075,E6,228.5495
P10075,F1,271.7131
P10075,F2,251.7030
P10075,F3,285.4323
P10075,F4,259.6129
P10075,F5,210.3323
P10075,F6,226.6029
P10075,G1,204.9177
P10075,G2,250.4226
P10075,G4,259.9318
P10075,G5,228.8518
P10075,G6,240.8249
P10075,H1,213.5386
P10075,H2,293.4541
P10075,H3,215.2099
P10075,H5,213.2430
P10075,H6,235.9854
P10076,A1,1013.1056
P10076,A2,943.6250
P10076,A3,1208.7629
P10076,A4,941.5619
P10076,A5,971.3473
P10076,A6,1132.7144
P10076,B1,835.2746
P10076,B2,985.2599
P10076,B3,998.3862
P10076,B4,947.1698
P10076,B5,1031.4867
P10076,B6,985.8516
P10076,C1,977.3174
P10076,C2,1169.8564
P10076,C3,1105.0540
P10076,C4,844.7919
P10076,C5,955.6001
P10076,C6,974.8626
P10076,D1,945.3101
P10076,D2,1040.3376
P10076,D3,1067.7706
P10076,D4,1186.9603
P10076,D5,1019.8847
P10076,D6,946.4005
P10076,E1,1038.9849
P10076,E2,1092.4473
P10076,E3,1003.3598
P10076,E4,1062.8390
P10076,E5,1069.4080
P10076,E6,1001.3884
P10076,F1,848.3051
P10076,F3,944.1290
P10076,F4,1159.4051
P10076,F5,1307.2431
P10076,G1,1022.9369
P10076,G2,1129.2053
P10076,G3,795.9255
P10076,G4,988.7727
P10076,G5,897.1745
P10076,G6,959.5022
P10076,H1,1077.5043
P10076,H2,1033.5415
P10076,H3,1070.7028
P10076,H4,1130.0209
P10076,H5,831.7635
P10076,H6,1160.2847
P10077,A1,802.1751
P10077,A2,861.9412
P10077,A3,797.0808
P10077,A4,755.5405
P10077,A5,809.6100
P10077,A6,803.1770
P10077,B1,870.1435
P10077,B2,831.7416
P10077,B3,659.2717
P10077,B4,712.7175
P10077,B5,789.1413
P10077,B6,793.5765
P10077,C1,784.4619
P10077,C2,970.8327
P10077,C3,821.6220
P10077,C4,692.0850
P10077,C5,833.4023
P10077,C6,770.8255
P10077,D1,742.7560
P10077,D2,1071.9628
P10077,D3,809.5416
P10077,D4,806.7636
P10077,D5,720.6529
P10077,D6,926.6529
P10077,E1,871.3849
P10077,E2,872.7945
P10077,E3,794.3345
P10077,E4,791.3514
P10077,E5,800.9060
P10077,E6,1011.3171
P10077,F1,772.1239
P10077,F2,848.7298
P10077,F3,765.2535
P10077,F4,786.7936
P10077,F5,892.9786
P10077,F6,797.5585
P10077,G1,742.4955
P10077,G2,787.2770
P10077,G3,905.1849
P10077,G4,895.9469
P10077,G5,900.9121
P10077,G6,928.0384
P10077,H1,932.2721
P10077,H2,698.9303
P10077,H3,848.5845
P10077,H4,845.4816
P10077,H5,922.1369
P10077,H6,823.9992
P10078,A1,956.5996
P10078,A2,832.9037
P10078,A3,741.8439
P10078,A4,730.0675
P10078,A5,759.2314
P10078,A6,825.5750
P10078,B1,762.3359
P10078,B2,804.9728
P10078,B3,785.4323
P10078,B4,885.4227
P10078,B5,785.8062
P10078,B6,872.4641
P10078,C1,888.6339
P10078,C2,778.2712
P10078,C3,774.0293
P10078,C4,918.9210
P10078,C5,821.2376
P10078,C6,733.4685
P10078,D1,619.2882
P10078,D2,798.1194
P10078,D3,697.7513
P10078,D4,605.9568
P10078,D5,739.0914
P10078,D6,823.2828
P10078,E1,685.7344
P10078,E2,847.4069
P10078,E3,882.7553
P10078,E4,778.3245
P10078,E5,693.5731
P10078,E6,752.3545
P10078,F1,732.6955
P10078,F2,849.2813
P10078,F3,901.5018
P10078,F4,655.2348
P10078,F5,787.8030
P10078,F6,722.7113
P10078,G1,906.5555
P10078,G2,817.5102
P10078,G3,839.5767
P10078,G4,751.4083
P10078,G5,636.3459
P10078,G6,783.7599
P10078,H1,933.8464
P10078,H2,755.2485
P10078,H3,631.4794
P10078,H4,779.9052
P10078,H5,730.3548
P10078,H6,928.0291
P10079,A1,263.2796
P10079,A2,249.8460
P10079,A3,220.2070
P10079,A4,287.3335
P10079,A5,236.9475
P10079,A6,224.1555
P10079,B1,230.2052
P10079,B2,255.6977
P10079,B3,262.5057
P10079,B4,235.2897
P10079,B5,260.9735
P10079,B6,263.2785
P10079,C1,231.4055
P10079,C2,229.2942
P10079,C3,282.7642
P10079,C4,238.4065
P10079,C5,250.8235
P10079,C6,283.4945
P10079,D1,212.1236
P10079,D2,272.1118
P10079,D3,211.5337
P10079,D4,224.3742
P10079,D5,270.3349
P10079,D6,235.4396
P10079,E1,221.5616
P10079,E2,220.1781
P10079,E3,241.1913
P10079,E4,213.4411
P10079,E5,194.8865
P10079,E6,212.5600
P10079,F1,192.5505
P10079,F2,213.9176
P10079,F3,210.3735
P10079,F4,240.2324
P10079,F5,236.5038
P10079,F6,205.7179
P10079,G1,199.5530
P10079,G2,260.6786
P10079,G3,260.5105
P10079,G4,189.2627
P10079,G5,197.2528
P10079,G6,274.6501
P10079,H1,226.7132
P10079,H2,183.5672
P10079,H3,242.8824
P10079,H4,226.7876
P10079,H5,232.6066
P10079,H6,215.0406
P10080,A1,611.7345
P10080,A2,599.2745
P10080,A3,593.4048
P10080,A4,398.6074
P10080,A5,565.4787
P10080,A6,476.8259
P10080,B1,495.4872
P10080,B2,511.1066
P10080,B3,527.9897
P10080,B4,523.0754
P10080,B5,522.6482
P10080,B6,652.6471
P10080,C1,481.5924
P10080,C2,562.9672
P10080,C3,519.9504
P10080,C4,534.9357
P10080,C5,584.9978
P10080,D1,566.7590
P10080,D2,477.9038
P10080,D3,535.0408
P10080,D4,447.4136
P10080,D5,557.4216
P10080,D6,609.6552
P10080,E1,560.8523
P10080,E2,498.0688
P10080,E3,592.2801
P10080,E4,495.9231
P10080,E5,555.2196
P10080,E6,543.3832
P10080,F1,533.5860
P10080,F2,502.1738
P10080,F3,607.4207
P10080,F4,508.8267
P10080,F5,503.0365
P10080,F6,477.7595
P10080,G1,538.2036
P10080,G2,570.6247
P10080,G3,526.5863
P10080,G4,531.9903
P10080,G5,520.0293
P10080,G6,535.1542
P10080,H1,509.6333
P10080,H2,562.4533
P10080,H3,418.8992
P10080,H4,556.2794
P10080,H5,525.4192
P10080,H6,450.5050
P10081,A1,936.7814
P10081,A2,985.7809
P10081,A3,1031.4756
P10081,A4,1021.3457
P10081,A5,959.2486
P10081,A6,1024.8921
P10081,B1,1098.6887
P10081,B2,1160.6468
P10081,B3,847.1506
P10081,B4,1260.0969
P10081,B5,982.7243
P10081,B6,1209.7998
P10081,C1,1180.6610
P10081,C2,917.0183
P10081,C3,1143.9572
P10081,C4,1063.5020
P10081,C5,911.4995
P10081,C6,979.9458
P10081,D1,1221.0386
P10081,D2,981.5650
P10081,D3,1238.9414
P10081,D4,997.5972
P10081,D5,1183.2075
P10081,D6,917.7517
P10081,E1,1124.0666
P10081,E2,1177.6081
P10081,E3,934.6200
P10081,E4,1043.3086
P10081,E5,1039.4297
P10081,E6,1199.8755
P10081,F1,1084.7031
P10081,F2,1181.7291
P10081,F3,1077.0305
P10081,F4,863.6330
P10081,F5,1163.3723
P10081,F6,985.8826
P10081,G1,978.5703
P10081,G2,854.0454
P10081,G3,967.1018
P10081,G4,1016.7881
P10081,G5,833.5130
P10081,G6,1028.9751
P10081,H1,1088.3208
P10081,H2,1112.0491
P10081,H3,1104.2122
P10081,H4,938.1099
P10081,H5,920.0185
P10081,H6,1025.6529
P10082,A1,234.5577
P10082,A2,281.6787
P10082,A3,280.3242
P10082,A4,247.8849
P10082,A5,226.6962
P10082,A6,254.4411
P10082,B1,236.9346
P10082,B2,204.6975
P10082,B3,230.3868
P10082,B4,250.2737
P10082,B5,235.3273
P10082,B6,247.5072
P10082,C1,244.7954
P10082,C2,243.3276
P10082,C3,278.5619
P10082,C4,248.2968
P10082,C5,245.4618
P10082,C6,220.3997
P10082,D1,222.1907
P10082,D2,244.5936
P10082,D3,252.9294
P10082,D5,244.4625
P10082,D6,271.3867
P10082,E1,243.0606
P10082,E2,259.7773
P10082,E3,228.2568
P10082,E4,213.9627
P10082,E5,208.1944
P10082,E6,263.2760
P10082,F1,236.3387
P10082,F2,271.1572
P10082,F3,253.0867
P10082,F4,220.8302
P10082,F5,242.1227
P10082,F6,198.3950
P10082,G1,204.7738
P10082,G2,224.1086
P10082,G3,207.1631
P10082,G4,267.3774
P10082,G5,200.1292
P10082,G6,222.8422
P10082,H1,204.5466
P10082,H2,247.2443
P10082,H3,228.1295
P10082,H4,258.0841
P10082,H5,231.6141
P10082,H6,229.8277
P10083,A1,683.6318
P10083,A2,681.2433
P10083,A3,678.9295
P10083,A4,637.7905
P10083,A5,748.9492
P10083,A6,594.9065
P10083,B1,581.6192
P10083,B2,581.8778
P10083,B3,683.2387
P10083,B4,743.9199
P10083,B5,601.3682
P10083,B6,629.8016
P10083,C1,531.0764
P10083,C2,649.8203
P10083,C3,610.1977
P10083,C4,566.3777
P10083,C5,565.2167
P10083,C6,682.9111
P10083,D1,580.7704
P10083,D3,665.4454
P10083,D4,670.5276
P10083,D5,561.5307
P10083,D6,730.6280
P10083,E1,715.7699
P10083,E2,675.3380
P10083,E3,633.2657
P10083,E4,617.6729
P10083,E5,583.5198
P10083,E6,535.3856
P10083,F1,695.4962
P10083,F2,619.6189
P10083,F3,642.5755
P10083,F4,587.8493
P10083,F5,568.5580
P10083,F6,661.7037
P10083,G1,645.7002
P10083,G3,674.5925
P10083,G4,587.0910
P10083,G5,579.7939
P10083,G6,684.0286
P10083,H1,674.9600
P10083,H2,591.9724
P10083,H3,719.8242
P10083,H4,611.1551
P10083,H5,588.0875
P10083,H6,473.4458
P10084,A1,368.7310
P10084,A2,400.2377
P10084,A3,361.8719
P10084,A4,422.8893
P10084,A5,380.3031
P10084,A6,324.7471
P10084,B1,370.8734
P10084,B2,462.6724
P10084,B3,327.3156
P10084,B4,433.6192
P10084,B5,341.1149
P10084,B6,343.3446
P10084,C1,328.8964
P10084,C2,330.7638
P10084,C3,363.1389
P10084,C4,414.9237
P10084,C5,354.9488
P10084,C6,379.8160
P10084,D1,468.9189
P10084,D2,346.5774
P10084,D3,395.0924
P10084,D4,347.5997
P10084,D5,380.9432
P10084,D6,381.8689
P10084,E2,343.2532
P10084,E3,354.5576
P10084,E4,394.8841
P10084,E5,401.3434
P10084,E6,383.0132
P10084,F1,352.1700
P10084,F2,319.9626
P10084,F3,356.1804
P10084,F4,381.9554
P10084,F5,378.4683
P10084,F6,400.0756
P10084,G1,377.5419
P10084,G2,324.8423
P10084,G3,355.8815
P10084,G4,377.9886
P10084,G5,409.9701
P10084,G6,380.5606
P10084,H1,432.2826
P10084,H2,314.2694
P10084,H3,304.5928
P10084,H4,336.5208
P10084,H5,327.4047
P10084,H6,358.0575
P10085,A1,245.8438
P10085,A2,286.7467
P10085,A3,280.1518
P10085,A4,278.5652
P10085,A5,231.5299
P10085,A6,248.1235
P10085,B1,255.0868
P10085,B2,307.8950
P10085,B3,305.1312
P10085,B4,282.4711
P10085,B5,322.1201
P10085,B6,210.2421
P10085,C1,271.1920
P10085,C2,295.9321
P10085,C3,284.0998
P10085,C4,301.7057
P10085,C5,272.3090
P10085,C6,288.7984
P10085,D1,258.6345
P10085,D2,344.1757
P10085,D3,249.4562
P10085,D4,256.3277
P10085,D5,292.3612
P10085,D6,283.4639
P10085,E1,272.5377
P10085,E2,282.2000
P10085,E3,272.3773
P10085,E4,280.8040
P10085,E5,283.2358
P10085,E6,271.8160
P10085,F1,290.9072
P10085,F2,236.9863
P10085,F3,254.1032
P10085,F4,264.8927
P10085,F5,233.8295
P10085,F6,311.4881
P10085,G1,341.4901
P10085,G2,273.5445
P10085,G3,298.7171
P10085,G4,274.4743
P10085,G5,290.7266
P10085,G6,268.3785
P10085,H1,269.3641
P10085,H3,239.8023
P10085,H4,247.3560
P10085,H5,311.0130
P10085,H6,298.9146
P10086,A1,1577.8081
P10086,A2,1500.3843
P10086,A3,1972.9715
P10086,A4,1615.6853
P10086,A5,1820.3485
P10086,A6,1882.5973
P10086,B1,1678.0747
P10086,B2,1748.4462
P10086,B3,1864.5521
P10086,B4,1628.5516
P10086,B5,1722.0699
P10086,B6,1539.9995
P10086,C1,1895.6201
P10086,C2,2011.2270
P10086,C3,1674.6206
P10086,C4,1791.3360
P10086,C5,1601.0753
P10086,C6,1513.8771
P10086,D1,1802.1714
P10086,D2,1675.8001
P10086,D3,1668.5595
P10086,D4,1746.2533
P10086,D5,1788.9662
P10086,D6,1956.3630
P10086,E1,1856.4479
P10086,E2,2031.0128
P10086,E3,1823.3029
P10086,E4,2277.8997
P10086,E5,2080.9659
P10086,E6,1461.4277
P10086,F1,1681.9712
P10086,F2,1532.6121
P10086,F3,1854.4852
P10086,F4,2027.4597
P10086,F5,2106.3728
P10086,F6,1683.8795
P10086,G1,2068.3702
P10086,G2,1602.8686
P10086,G3,1832.4574
P10086,G4,1666.5360
P10086,G5,1623.5242
P10086,G6,1833.6943
P10086,H1,1645.3753
P10086,H2,1736.2044
P10086,H3,1590.1888
P10086,H4,1826.1050
P10086,H5,1634.5616
P10086,H6,1516.0505
P10087,A1,228.1889
P10087,A2,271.1581
P10087,A3,258.3168
P10087,A4,283.7471
P10087,A5,272.8657
P10087,A6,287.0444
P10087,B2,280.7292
P10087,B3,278.1818
P10087,B4,290.0571
P10087,B5,244.7576
P10087,B6,259.0892
P10087,C1,356.5155
P10087,C2,267.1395
P10087,C3,265.4319
P10087,C4,246.9446
P10087,C5,232.3419
P10087,C6,326.2118
P10087,D1,268.3703
P10087,D2,263.3179
P10087,D3,302.2148
P10087,D4,243.8775
P10087,D5,252.9007
P10087,D6,266.9314
P10087,E1,276.9515
P10087,E2,250.6702
P10087,E3,294.2679
P10087,E4,278.5114
P10087,E5,307.0371
P10087,E6,278.4406
P10087,F1,274.4321
P10087,F2,269.5438
P10087,F3,280.5992
P10087,F4,288.6238
P10087,F5,250.7241
P10087,F6,284.4414
P10087,G1,305.8243
P10087,G2,268.0046
P10087,G3,251.3419
P10087,G4,302.4582
P10087,G5,271.9629
P10087,G6,263.2626
P10087,H1,269.9222
P10087,H2,259.4706
P10087,H3,258.2934
P10087,H4,268.2704
P10087,H5,290.6407
P10087,H6,289.2906
P10088,A1,452.3442
P10088,A2,418.9667
P10088,A3,411.6289
P10088,A4,433.5587
P10088,A5,415.6335
P10088,A6,507.4783
P10088,B1,483.0830
P10088,B2,451.2903
P10088,B3,453.2485
P10088,B4,525.8671
P10088,B5,507.8358
P10088,B6,535.6646
P10088,C1,456.7585
P10088,C2,484.4767
P10088,C3,471.5452
P10088,C4,493.0265
P10088,C5,431.8336
P10088,C6,456.5894
P10088,D1,486.1991
P10088,D2,478.1544
P10088,D3,454.4222
P10088,D4,539.6558
P10088,D5,537.4539
P10088,D6,616.7386
P10088,E1,486.0820
P10088,E3,531.2343
P10088,E4,463.0055
P10088,E5,482.4791
P10088,E6,443.3995
P10088,F1,513.6150
P10088,F2,527.1092
P10088,F3,609.7356
P10088,F4,423.7910
P10088,F5,489.6038
P10088,F6,469.5904
P10088,G1,443.7774
P10088,G2,474.1071
P10088,G3,513.8485
P10088,G4,473.8421
P10088,G5,454.9045
P10088,G6,504.0176
P10088,H1,506.0212
P10088,H2,403.3253
P10088,H3,551.9109
P10088,H4,505.3160
P10088,H5,493.0264
P10088,H6,484.6779
P10089,A1,1331.3537
P10089,A2,1658.4285
P10089,A3,1599.2866
P10089,A4,2019.2463
P10089,A5,1734.2141
P10089,A6,1623.2482
P10089,B1,1761.0481
P10089,B2,2275.1070
P10089,B3,1879.0744
P10089,B4,1519.2918
P10089,B5,1354.4582
P10089,B6,1486.4390
P10089,C1,1801.2817
P10089,C2,1847.9038
P10089,C3,1501.9703
P10089,C4,2010.2360
P10089,C5,2038.6264
P10089,C6,1950.9574
P10089,D1,3104.9904
P10089,D2,3391.3573
P10089,D4,1392.2560
P10089,D5,1066.9953
P10089,D6,1339.6560
P10089,E1,1428.2767
P10089,E2,1470.8134
P10089,E3,1247.9035
P10089,E4,1486.7115
P10089,E5,1776.7074
P10089,E6,1612.1679
P10089,F1,2194.8330
P10089,F3,2124.9812
P10089,F4,1387.2262
P10089,F5,1360.8549
P10089,F6,1270.0598
P10089,G1,1635.7791
P10089,G2,1449.8567
P10089,G3,1573.6945
P10089,G4,2464.4926
P10089,G5,1832.9515
P10089,G6,2194.5126
P10089,H1,3490.5191
P10089,H2,3792.1266
P10089,H3,3154.7883
P10089,H4,1401.9171
P10089,H5,1725.3102
P10089,H6,1295.6263
P10090,A1,562.4024
P10090,A2,380.7744
P10090,A3,413.2313
P10090,A4,342.9556
P10090,A5,437.5395
P10090,A6,373.0847
P10090,B1,445.3166
P10090,B2,420.0215
P10090,B3,455.5468
P10090,B4,393.6568
P10090,B5,455.6803
P10090,B6,364.2612
P10090,C1,486.3386
P10090,C2,376.1823
P10090,C3,459.4705
P10090,C4,450.5618
P10090,C5,441.9907
P10090,C6,486.9506
P10090,D1,408.5636
P10090,D2,409.6379
P10090,D3,516.6399
P10090,D4,451.4856
P10090,D5,481.7769
P10090,D6,421.1723
P10090,E1,469.8513
P10090,E2,464.5294
P10090,E3,425.2105
P10090,E4,394.0337
P10090,E5,461.4612
P10090,E6,386.5710
P10090,F1,316.5028
P10090,F2,437.5058
P10090,F3,350.8956
P10090,F4,463.2060
P10090,F5,377.7475
P10090,F6,410.9527
P10090,G1,439.2395
P10090,G2,375.9782
P10090,G3,399.6360
P10090,G4,410.7983
P10090,G5,413.6876
P10090,G6,353.3577
P10090,H1,508.0302
P10090,H2,356.4554
P10090,H3,482.4120
P10090,H4,420.6546
P10090,H5,436.9067
P10090,H6,509.5559
P10091,A1,1101.3118
P10091,A2,1228.3120
P10091,A3,1079.5162
P10091,A4,1210.2326
P10091,A5,1182.9793
P10091,A6,1232.4170
P10091,B2,1185.1250
P10091,B3,1260.9329
P10091,B4,1373.1862
P10091,B5,1083.8387
P10091,B6,1316.8172
P10091,C1,1166.8067
P10091,C2,1249.1438
P10091,C3,1357.3461
P10091,C4,1506.2451
P10091,C5,1242.6712
P10091,C6,1379.4093
P10091,D1,1183.2529
P10091,D2,1373.7348
P10091,D3,1323.5142
P10091,D4,995.6708
P10091,D5,1261.1412
P10091,D6,1224.4014
P10091,E1,1323.8210
P10091,E2,1114.7168
P10091,E3,1215.5320
P10091,E4,1298.1667
P10091,E5,1222.4070
P10091,E6,1136.5269
P10091,F1,1057.6550
P10091,F2,1323.1642
P10091,F3,1282.2730
P10091,F4,1158.4257
P10091,F5,1159.8313
P10091,F6,1111.0542
P10091,G1,1134.9360
P10091,G2,1212.8958
P10091,G3,1207.6540
P10091,G4,1602.4535
P10091,G5,1312.1119
P10091,G6,1391.0983
P10091,H1,1140.1473
P10091,H2,1187.9938
P10091,H3,1144.1332
P10091,H4,1172.5384
P10091,H5,1197.5115
P10091,H6,1451.0678
P10092,A1,1662.8398
P10092,A2,1583.1154
P10092,A3,2312.2845
P10092,A4,1647.9380
P10092,A5,2140.4152
P10092,A6,1629.3375
P10092,B1,2151.8192
P10092,B2,1874.2309
P10092,B3,2169.3886
P10092,B4,2003.2728
P10092,B5,1822.4332
P10092,B6,1701.2036
P10092,C1,1668.0872
P10092,C2,1670.5699
P10092,C3,1949.1750
P10092,C4,1782.6238
P10092,C5,2319.3433
P10092,C6,2024.9317
P10092,D1,1783.5197
P10092,D2,1956.6498
P10092,D3,2141.3543
P10092,D4,1972.0917
P10092,D5,1681.5830
P10092,D6,1568.2403
P10092,E1,1814.3457
P10092,E2,1904.1124
P10092,E3,2060.0419
P10092,E4,1914.1736
P10092,E5,1843.2145
P10092,E6,1899.4522
P10092,F1,1692.4603
P10092,F2,1674.2368
P10092,F3,1778.3434
P10092,F4,1872.3689
P10092,F5,2153.4719
P10092,F6,1750.2611
P10092,G1,1832.7447
P10092,G2,1937.1323
P10092,G3,1788.0775
P10092,G4,1631.8492
P10092,G5,1877.1535
P10092,G6,2008.5968
P10092,H1,2335.2913
P10092,H2,1897.2895
P10092,H3,1393.1892
P10092,H4,1717.5450
P10092,H5,1943.9035
P10092,H6,1846.4712
P10093,A1,284.9149
P10093,A2,283.5752
P10093,A3,317.7030
P10093,A4,312.0088
P10093,A5,334.3853
P10093,A6,240.2942
P10093,B1,285.7342
P10093,B2,319.3728
P10093,B3,227.1691
P10093,B4,319.0181
P10093,B5,314.7323
P10093,B6,278.1523
P10093,C1,284.2110
P10093,C2,284.3544
P10093,C3,308.6689
P10093,C4,259.9944
P10093,C5,297.5065
P10093,C6,295.4712
P10093,D1,317.4525
P10093,D2,295.3656
P10093,D3,303.4635
P10093,D4,271.9221
P10093,D5,288.7121
P10093,D6,359.1168
P10093,E1,265.3165
P10093,E2,261.9110
P10093,E3,303.1392
P10093,E4,258.7747
P10093,E5,311.2525
P10093,E6,279.0926
P10093,F1,302.3767
P10093,F3,266.8487
P10093,F4,276.6936
P10093,F5,324.1635
P10093,F6,319.4674
P10093,G1,345.8024
P10093,G2,345.1834
P10093,G3,310.7758
P10093,G4,290.5731
P10093,G5,301.0471
P10093,G6,293.9935
P10093,H1,266.7863
P10093,H2,294.3205
P10093,H3,263.1493
P10093,H4,286.1382
P10093,H5,328.9275
P10093,H6,292.7336
P10094,A1,354.3416
P10094,A2,390.6815
P10094,A3,374.1727
P10094,A4,359.7794
P10094,A5,425.6606
P10094,A6,418.8336
P10094,B2,376.8836
P10094,B3,391.0044
P10094,B4,351.6064
P10094,B5,372.3165
P10094,B6,404.2313
P10094,C1,376.7208
P10094,C2,376.4283
P10094,C3,428.2910
P10094,C4,347.2496
P10094,C5,351.8823
P10094,C6,325.5065
P10094,D1,400.4541
P10094,D2,330.7495
P10094,D3,316.5862
P10094,D4,372.5567
P10094,D5,365.0909
P10094,D6,380.9264
P10094,E1,386.6544
P10094,E2,335.7578
P10094,E3,315.8620
P10094,E4,365.6601
P10094,E6,335.5176
P10094,F1,334.1688
P10094,F2,401.9740
P10094,F3,463.6693
P10094,F4,343.9269
P10094,F5,348.0238
P10094,F6,377.2801
P10094,G1,395.1974
P10094,G2,359.1174
P10094,G3,366.0446
P10094,G4,361.2790
P10094,G5,331.0104
P10094,G6,344.8434
P10094,H1,370.0828
P10094,H2,461.9285
P10094,H3,327.8531
P10094,H4,351.3271
P10094,H5,397.1566
P10094,H6,516.9280
P10095,A1,677.8451
P10095,A2,645.1979
P10095,A3,533.8682
P10095,A4,584.9502
P10095,A5,564.0209
P10095,A6,512.9672
P10095,B1,623.8742
P10095,B2,609.3567
P10095,B3,581.5104
P10095,B4,530.0203
P10095,B5,616.9911
P10095,B6,695.3457
P10095,C1,628.3459
P10095,C2,618.3994
P10095,C3,551.8544
P10095,C4,707.8263
P10095,C5,567.6173
P10095,C6,749.4850
P10095,D1,663.1337
P10095,D2,626.4441
P10095,D3,530.4137
P10095,D4,589.2254
P10095,D5,693.8254
P10095,D6,664.8343
P10095,E1,618.1716
P10095,E2,503.4741
P10095,E5,620.7521
P10095,E6,651.4417
P10095,F1,604.3530
P10095,F2,486.2413
P10095,F3,600.6819
P10095,F4,577.0225
P10095,F5,595.9303
P10095,F6,669.4750
P10095,G1,643.9469
P10095,G2,521.1700
P10095,G3,649.6333
P10095,G4,599.9014
P10095,G5,639.8946
P10095,G6,593.5630
P10095,H1,656.5126
P10095,H2,482.6134
P10095,H3,701.7000
P10095,H4,560.9917
P10095,H6,574.0457
P10096,A1,475.0438
P10096,A2,533.7806
P10096,A3,646.9149
P10096,A4,488.5553
P10096,A6,516.3616
P10096,B1,506.2689
P10096,B2,510.9276
P10096,B3,547.2683
P10096,B4,592.4592
P10096,B5,546.6745
P10096,B6,499.3485
P10096,C1,572.8666
P10096,C2,564.1746
P10096,C3,488.8723
P10096,C4,526.6918
P10096,C5,612.8677
P10096,C6,416.2324
P10096,D1,497.8028
P10096,D2,434.7685
P10096,D3,615.8425
P10096,D4,548.4917
P10096,D5,530.0211
P10096,D6,512.3043
P10096,E1,573.9778
P10096,E2,534.0197
P10096,E3,622.2580
P10096,E4,491.9364
P10096,E5,537.3705
P10096,E6,570.2083
P10096,F1,489.4812
P10096,F2,529.8110
P10096,F3,654.4417
P10096,F4,458.2810
P10096,F5,584.1642
P10096,F6,484.1396
P10096,G1,439.8992
P10096,G2,508.9007
P10096,G3,544.0560
P10096,G4,503.5492
P10096,G5,616.6871
P10096,G6,513.8941
P10096,H2,576.8603
P10096,H3,548.5439
P10096,H4,530.4913
P10096,H5,501.5112
P10096,H6,514.1910
P10097,A1,60.7918
P10097,A2,48.1415
P10097,A3,52.5752
P10097,A4,60.1658
P10097,A5,55.0960
P10097,A6,59.9754
P10097,B1,40.6295
P10097,B2,61.6251
P10097,B3,52.5414
P10097,B4,56.8910
P10097,B5,57.1102
P10097,B6,55.4335
P10097,C2,50.6974
P10097,C3,52.0073
P10097,C4,51.3220
P10097,C5,57.0833
P10097,C6,61.5612
P10097,D1,50.7070
P10097,D2,55.9726
P10097,D3,52.0943
P10097,D4,48.2937
P10097,D5,54.5672
P10097,D6,55.0716
P10097,E1,72.4402
P10097,E2,70.1816
P10097,E3,53.3291
P10097,E4,69.5740
P10097,E5,65.1422
P10097,E6,60.2238
P10097,F1,48.4901
P10097,F2,55.9950
P10097,F3,55.4236
P10097,F4,57.1065
P10097,F5,60.8415
P10097,F6,43.6138
P10097,G1,52.5987
P10097,G2,54.5739
P10097,G3,50.4313
P10097,G4,60.8602
P10097,G5,49.2361
P10097,G6,51.8779
P10097,H1,58.0544
P10097,H2,63.2614
P10097,H3,55.6885
P10097,H4,62.8142
P10097,H5,58.3349
P10097,H6,59.9664
P10098,A1,300.4854
P10098,A2,304.0700
P10098,A3,285.7097
P10098,A4,328.8010
P10098,A5,314.8268
P10098,A6,285.0612
P10098,B1,305.7883
P10098,B2,231.4561
P10098,B3,272.6090
P10098,B4,320.0421
P10098,B5,314.6534
P10098,B6,284.7498
P10098,C1,261.3273
P10098,C2,239.9773
P10098,C3,245.8693
P10098,C4,314.9324
P10098,C5,280.0593
P10098,C6,287.1884
P10098,D1,246.5191
P10098,D2,317.0841
P10098,D3,219.0653
P10098,D4,234.9627
P10098,D5,260.7529
P10098,D6,304.6606
P10098,E1,274.0815
P10098,E2,222.8209
P10098,E3,304.7742
P10098,E4,288.8842
P10098,E6,259.1225
P10098,F1,281.6017
P10098,F2,303.1333
P10098,F3,285.0016
P10098,F4,253.4959
P10098,F5,299.7985
P10098,F6,265.0563
P10098,G1,254.4334
P10098,G2,310.7096
P10098,G3,326.2000
P10098,G4,282.9167
P10098,G5,272.0257
P10098,G6,295.1362
P10098,H1,253.0854
P10098,H2,295.3812
P10098,H3,250.1740
P10098,H4,230.0296
P10098,H5,304.3855
P10098,H6,252.7246
P10099,A1,528.9173
P10099,A2,503.8871
P10099,A3,461.4861
P10099,A5,530.8363
P10099,A6,601.1673
P10099,B1,636.5713
P10099,B2,630.5032
P10099,B3,572.6872
P10099,B4,457.6978
P10099,B5,422.7278
P10099,B6,383.9757
P10099,C1,582.2012
P10099,C3,578.5796
P10099,C4,645.1632
P10099,C5,647.3203
P10099,C6,506.7909
P10099,D1,772.3599
P10099,D2,759.9747
P10099,D3,724.5044
P10099,D4,372.0700
P10099,D5,465.6160
P10099,D6,468.8851
P10099,E1,577.6890
P10099,E2,570.3707
P10099,E3,477.5096
P10099,E4,510.4356
P10099,E5,478.5902
P10099,E6,493.9320
P10099,F1,563.3185
P10099,F2,506.0835
P10099,F3,580.3141
P10099,F4,506.5104
P10099,F5,464.2743
P10099,F6,483.8187
P10099,G1,489.1954
P10099,G2,541.1074
P10099,G3,568.3763
P10099,G4,698.9377
P10099,G5,563.6379
P10099,G6,522.6020
P10099,H1,771.0466
P10099,H2,864.2383
P10099,H3,777.9624
P10099,H4,480.0881
P10099,H5,472.4085
P10099,H6,408.3435
P10100,A1,463.0645
P10100,A2,488.4563
P10100,A3,490.0049
P10100,A4,536.9585
P10100,A5,506.0541
P10100,A6,351.0511
P10100,B1,471.1407
P10100,B2,515.6430
P10100,B3,471.2649
P10100,B4,479.2631
P10100,B5,568.4337
P10100,B6,459.1589
P10100,C1,522.0848
P10100,C2,420.0315
P10100,C3,555.2303
P10100,C4,466.6061
P10100,C5,515.6564
P10100,C6,429.0977
P10100,D1,427.6155
P10100,D2,483.7203
P10100,D3,431.6394
P10100,D4,555.4724
P10100,D5,514.0398
P10100,D6,450.5434
P10100,E1,473.5125
P10100,E2,502.8075
P10100,E3,498.6257
P10100,E4,453.9528
P10100,E5,474.3650
P10100,E6,529.0457
P10100,F1,465.1531
P10100,F2,416.5127
P10100,F4,516.1445
P10100,F5,421.0177
P10100,F6,582.1565
P10100,G1,438.6595
P10100,G2,416.9255
P10100,G3,518.2061
P10100,G4,490.1814
P10100,G5,461.6535
P10100,G6,520.0331
P10100,H1,445.3889
P10100,H3,419.1185
P10100,H4,517.0260
P10100,H5,466.5768
P10100,H6,491.7207
P10101,A1,291.6210
P10101,A2,297.4552
P10101,A3,233.5770
P10101,A4,225.6987
P10101,A5,252.5168
P10101,A6,258.4766
P10101,B1,317.1298
P10101,B2,242.3037
P10101,B3,285.2430
P10101,B4,254.9985
P10101,B5,249.4266
P10101,B6,274.1227
P10101,C1,220.0710
P10101,C2,269.7757
P10101,C3,281.2106
P10101,C4,227.4555
P10101,C5,234.4012
P10101,C6,281.3566
P10101,D1,259.2076
P10101,D2,289.4959
P10101,D3,248.2092
P10101,D4,297.5770
P10101,D5,271.2075
P10101,D6,336.0918
P10101,E1,258.4110
P10101,E2,312.4376
P10101,E3,304.3689
P10101,E4,265.9454
P10101,E5,306.1235
P10101,E6,302.9100
P10101,F1,290.1074
P10101,F2,280.8020
P10101,F3,215.9522
P10101,F4,248.8206
P10101,F5,297.5264
P10101,F6,272.2442
P10101,G1,298.6056
P10101,G2,231.6691
P10101,G3,269.2602
P10101,G4,249.0531
P10101,G5,242.2381
P10101,G6,309.3894
P10101,H1,270.3848
P10101,H2,310.7785
P10101,H3,282.8912
P10101,H4,290.0228
P10101,H5,336.0593
P10101,H6,252.9394
P10102,A1,527.0513
P10102,A2,586.2551
P10102,A3,483.9405
P10102,A4,477.4023
P10102,A5,547.0524
P10102,A6,404.2499
P10102,B1,472.0274
P10102,B2,533.4651
P10102,B3,546.6661
P10102,B4,678.6080
P10102,B5,480.2450
P10102,B6,493.5397
P10102,C2,554.0830
P10102,C3,503.6292
P10102,C4,531.5729
P10102,C5,493.5994
P10102,C6,522.0646
P10102,D1,506.7212
P10102,D2,496.8428
P10102,D3,511.9146
P10102,D4,454.1751
P10102,D5,537.5098
P10102,D6,593.2715
P10102,E1,542.6431
P10102,E2,493.6941
P10102,E3,561.9224
P10102,E4,593.6177
P10102,E5,469.6001
P10102,E6,594.1775
P10102,F1,477.2415
P10102,F2,593.2077
P10102,F3,446.6160
P10102,F4,630.6762
P10102,F5,581.0824
P10102,F6,623.6193
P10102,G1,490.3302
P10102,G2,591.6455
P10102,G3,556.7732
P10102,G4,505.1345
P10102,G5,575.9993
P10102,G6,583.3361
P10102,H1,539.7837
P10102,H2,520.9351
P10102,H3,448.2223
P10102,H5,494.2000
P10102,H6,484.5392
P10103,A1,450.8186
P10103,A2,383.6461
P10103,A3,344.4355
P10103,A4,408.3134
P10103,A5,315.9016
P10103,A6,391.2135
P10103,B1,422.6914
P10103,B2,373.4558
P10103,B3,318.1626
P10103,B4,354.8258
P10103,B5,358.2438
P10103,B6,310.8697
P10103,C1,367.8478
P10103,C2,360.5290
P10103,C3,335.1002
P10103,C4,377.7799
P10103,C5,426.4281
P10103,C6,354.5376
P10103,D1,408.2778
P10103,D2,391.2173
P10103,D3,341.7455
P10103,D4,364.5382
P10103,D5,340.3478
P10103,D6,334.9514
P10103,E1,354.4232
P10103,E2,399.3820
P10103,E3,406.8736
P10103,E4,374.0195
P10103,E5,384.7325
P10103,E6,329.1530
P10103,F1,382.9666
P10103,F2,379.3008
P10103,F3,415.9331
P10103,F4,332.1161
P10103,F5,491.3757
P10103,F6,412.2300
P10103,G1,382.8790
P10103,G2,404.0245
P10103,G3,385.7124
P10103,G4,392.6202
P10103,G5,321.4246
P10103,G6,431.8797
P10103,H1,426.7397
P10103,H2,420.7169
P10103,H3,433.1622
P10103,H4,465.8106
P10103,H5,385.6156
P10103,H6,394.8374
P10104,A1,2596.5088
P10104,A2,2325.4174
P10104,A3,2637.6911
P10104,A4,2046.0992
P10104,A5,2234.9790
P10104,A6,2501.0255
P10104,B1,2227.5856
P10104,B2,2034.8311
P10104,B3,2467.7439
P10104,B4,1843.1803
P10104,B5,1978.7873
P10104,B6,2215.2794
P10104,C1,2304.8815
P10104,C2,2250.9550
P10104,C3,1917.2769
P10104,C4,2301.0513
P10104,C5,1967.2603
P10104,C6,2179.0187
P10104,D1,1775.3545
P10104,D2,2349.7219
P10104,D3,1917.0730
P10104,D4,1989.5036
P10104,D5,2462.3577
P10104,D6,2255.4344
P10104,E1,2445.5974
P10104,E2,2594.1023
P10104,E3,1885.6278
P10104,E4,2207.4983
P10104,E5,2128.0198
P10104,E6,2053.5150
P10104,F1,2198.3211
P10104,F2,2437.7689
P10104,F3,2278.6026
P10104,F4,2132.8195
P10104,F5,2212.9711
P10104,F6,2044.4422
P10104,G1,2283.5563
P10104,G3,2560.2094
P10104,G4,1964.7844
P10104,G5,2198.5946
P10104,G6,1773.1987
P10104,H1,2286.7656
P10104,H2,2364.1707
P10104,H3,1949.3567
P10104,H4,2385.9156
P10104,H5,2171.2313
P10104,H6,2117.8280
P10105,A1,454.7413
P10105,A2,466.1818
P10105,A3,427.0599
P10105,A4,559.4130
P10105,A5,513.9315
P10105,A6,404.8619
P10105,B1,579.0347
P10105,B2,484.0147
P10105,B3,440.2901
P10105,B4,471.1652
P10105,B5,436.0608
P10105,B6,512.9588
P10105,C1,662.4461
P10105,C2,529.7187
P10105,C3,466.7257
P10105,C4,526.1488
P10105,C5,468.7267
P10105,C6,635.4998
P10105,D1,548.9519
P10105,D2,510.5341
P10105,D3,458.4556
P10105,D4,458.2354
P10105,D5,568.6784
P10105,D6,457.8069
P10105,E1,487.3706
P10105,E2,464.2423
P10105,E3,582.2719
P10105,E4,498.1304
P10105,E5,511.7030
P10105,E6,548.7709
P10105,F1,474.5469
P10105,F2,457.0031
P10105,F3,505.1180
P10105,F4,459.0478
P10105,F5,470.3898
P10105,F6,437.4199
P10105,G1,493.0710
P10105,G2,686.2403
P10105,G3,550.0645
P10105,G4,409.4776
P10105,G5,498.4108
P10105,G6,533.7989
P10105,H1,470.9135
P10105,H2,638.8009
P10105,H3,523.8354
P10105,H4,515.9044
P10105,H5,474.8455
P10105,H6,504.2396
P10106,A1,145.5352
P10106,A2,139.4737
P10106,A3,152.5851
P10106,A4,161.6851
P10106,A5,170.7719
P10106,A6,134.0744
P10106,B1,182.3555
P10106,B2,231.6786
P10106,B3,197.1781
P10106,B4,119.4774
P10106,B5,142.9924
P10106,B6,139.3395
P10106,C1,147.6231
P10106,C2,147.8292
P10106,C3,172.6425
P10106,C4,152.0318
P10106,C5,183.0547
P10106,C6,227.5228
P10106,D1,254.1842
P10106,D2,223.9420
P10106,D3,238.8640
P10106,D4,148.1976
P10106,D5,144.7069
P10106,D6,123.2085
P10106,E1,141.1338
P10106,E2,123.0000
P10106,E3,169.7279
P10106,E4,181.6409
P10106,E5,157.7842
P10106,E6,147.4435
P10106,F1,206.3985
P10106,F2,167.9993
P10106,F3,178.3941
P10106,F4,127.0560
P10106,F5,140.6032
P10106,F6,162.5181
P10106,G1,143.2424
P10106,G2,162.6277
P10106,G3,168.3780
P10106,G4,147.6453
P10106,G5,194.2239
P10106,G6,191.1501
P10106,H1,237.9685
P10106,H2,306.9023
P10106,H3,265.0567
P10106,H4,135.3890
P10106,H5,147.0023
P10106,H6,127.8667
P10107,A1,1038.1854
P10107,A2,1104.2836
P10107,A3,1156.5796
P10107,A4,1004.3989
P10107,A5,978.2648
P10107,A6,1043.7229
P10107,B1,1263.7759
P10107,B2,949.6673
P10107,B3,885.8271
P10107,B4,926.4902
P10107,B5,1212.5563
P10107,B6,1104.9150
P10107,C1,1153.0662
P10107,C2,1119.2106
P10107,C3,1088.0321
P10107,C4,933.6138
P10107,C5,1201.2674
P10107,C6,1231.9058
P10107,D1,1289.6160
P10107,D2,1159.5295
P10107,D3,1177.6828
P10107,D4,1029.7923
P10107,D5,1004.6481
P10107,D6,1350.2225
P10107,E1,908.8015
P10107,E2,1114.3848
P10107,E3,1055.2944
P10107,E4,1099.1377
P10107,E5,1309.4231
P10107,E6,1000.7496
P10107,F1,983.4689
P10107,F2,1133.7203
P10107,F3,1206.4276
P10107,F4,1005.7472
P10107,F5,1022.4533
P10107,F6,1244.5430
P10107,G1,1051.4313
P10107,G2,1165.2390
P10107,G3,1012.6948
P10107,G4,1022.4713
P10107,G5,1208.5085
P10107,G6,1246.6134
P10107,H1,1167.5999
P10107,H2,1076.4720
P10107,H4,1209.7885
P10107,H5,1237.6601
P10107,H6,979.2641
P10108,A1,1283.9966
P10108,A2,1485.1550
P10108,A3,1615.7366
P10108,A4,1323.6935
P10108,A5,1228.9379
P10108,A6,1277.7578
P10108,B1,1659.2617
P10108,B2,1671.8615
P10108,B3,1570.4592
P10108,B4,1267.8275
P10108,B5,1490.9736
P10108,B6,1411.9154
P10108,C1,1505.7923
P10108,C2,1414.1961
P10108,C3,1440.1463
P10108,C4,1196.4807
P10108,C5,1380.0211
P10108,C6,1339.9575
P10108,D1,1427.4284
P10108,D2,1470.4051
P10108,D3,1306.3402
P10108,D4,1276.1247
P10108,D5,1358.6136
P10108,D6,1397.9879
P10108,E1,1524.3617
P10108,E2,1304.4860
P10108,E3,1398.8616
P10108,E4,1239.0500
P10108,E5,1299.3251
P10108,E6,1370.0246
P10108,F1,1485.3252
P10108,F2,1280.7159
P10108,F3,1470.6911
P10108,F4,1311.7949
P10108,F5,1276.9750
P10108,F6,1307.5917
P10108,G1,1570.3122
P10108,G2,1250.6969
P10108,G3,1631.4719
P10108,G4,1228.1538
P10108,G5,1410.7414
P10108,G6,1298.3374
P10108,H1,1675.0287
P10108,H2,1177.4765
P10108,H3,1354.1498
P10108,H4,1356.3086
P10108,H5,1557.8744
P10108,H6,1333.7521
P10109,A1,52.3951
P10109,A2,50.2393
P10109,A3,48.2798
P10109,A4,42.7182
P10109,A5,51.9085
P10109,A6,49.5368
P10109,B1,50.7836
P10109,B2,44.0594
P10109,B3,52.5562
P10109,B4,51.3415
P10109,B5,48.0754
P10109,B6,52.9064
P10109,C1,53.2295
P10109,C2,51.4577
P10109,C3,44.6848
P10109,C4,65.4158
P10109,C5,52.6147
P10109,C6,49.2649
P10109,D1,53.1292
P10109,D2,49.4240
P10109,D3,51.8865
P10109,D4,44.5912
P10109,D5,45.8940
P10109,D6,52.8024
P10109,E1,48.9029
P10109,E2,58.2428
P10109,E3,54.1351
P10109,E4,54.1348
P10109,E5,50.5849
P10109,E6,44.1978
P10109,F1,60.6779
P10109,F2,52.6425
P10109,F3,59.0142
P10109,F4,55.9288
P10109,F5,56.3124
P10109,F6,71.9303
P10109,G1,54.4114
P10109,G2,43.5631
P10109,G3,45.4908
P10109,G4,53.7568
P10109,G5,50.4951
P10109,G6,51.3811
P10109,H1,56.1704
P10109,H2,45.0553
P10109,H3,56.6355
P10109,H4,53.7121
P10109,H5,45.4276
P10109,H6,53.4409
P10110,A1,143.6408
P10110,A2,161.5329
P10110,A3,143.2489
P10110,A4,136.0886
P10110,A5,149.5196
P10110,A6,162.0073
P10110,B1,142.2001
P10110,B2,153.3018
P10110,B3,131.1166
P10110,B4,149.0861
P10110,B5,139.3969
P10110,B6,151.0891
P10110,C1,153.5809
P10110,C2,154.5605
P10110,C3,159.7083
P10110,C4,139.4265
P10110,C5,140.3511
P10110,C6,152.9268
P10110,D1,152.1257
P10110,D2,144.2210
P10110,D3,158.1764
P10110,D4,171.3222
P10110,D5,144.7002
P10110,D6,167.3688
P10110,E1,166.4655
P10110,E2,136.5624
P10110,E3,159.1210
P10110,E4,153.5818
P10110,E5,185.7782
P10110,E6,159.9110
P10110,F1,145.6269
P10110,F2,172.2650
P10110,F3,151.4926
P10110,F4,146.3132
P10110,F5,135.6040
P10110,F6,149.0869
P10110,G1,148.7060
P10110,G2,156.1895
P10110,G3,145.4316
P10110,G4,167.3469
P10110,G5,162.1591
P10110,G6,151.8765
P10110,H1,148.5961
P10110,H2,154.0489
P10110,H3,134.7963
P10110,H4,170.6244
P10110,H5,149.1185
P10110,H6,131.5565
P10111,A1,242.7671
P10111,A2,239.8996
P10111,A3,228.0123
P10111,A4,230.6291
P10111,A5,197.6693
P10111,A6,252.3612
P10111,B1,188.3418
P10111,B2,216.4249
P10111,B3,276.2647
P10111,B4,226.5249
P10111,B5,221.0675
P10111,C1,192.4917
P10111,C2,243.4810
P10111,C3,255.7671
P10111,C4,232.9944
P10111,C5,220.0144
P10111,C6,218.7369
P10111,D1,251.7433
P10111,D2,232.1510
P10111,D3,256.2831
P10111,D4,211.1537
P10111,D5,197.3391
P10111,D6,238.6897
P10111,E1,254.3881
P10111,E2,254.0142
P10111,E3,242.6484
P10111,E4,277.4231
P10111,E5,255.7638
P10111,E6,222.8099
P10111,F1,233.5651
P10111,F2,234.5808
P10111,F3,243.6338
P10111,F4,232.9395
P10111,F5,214.5252
P10111,F6,228.8872
P10111,G1,241.4689
P10111,G2,264.2233
P10111,G3,261.9132
P10111,G4,242.8227
P10111,G5,235.8571
P10111,G6,261.2357
P10111,H1,228.5858
P10111,H2,196.9315
P10111,H3,256.4264
P10111,H4,254.0059
P10111,H5,201.8010
P10111,H6,214.2335
P10112,A1,728.8261
P10112,A2,641.9785
P10112,A3,650.3893
P10112,A4,501.0597
P10112,A5,592.8023
P10112,A6,622.2061
P10112,B1,332.8167
P10112,B2,315.8769
P10112,B3,326.9129
P10112,B4,655.7048
P10112,B5,821.3992
P10112,B6,924.0860
P10112,C1,590.6740
P10112,C2,548.8945
P10112,C3,522.2356
P10112,C4,328.1836
P10112,C5,358.7613
P10112,C6,451.8426
P10112,D1,212.4394
P10112,D2,188.8366
P10112,D3,123.7667
P10112,D4,775.1708
P10112,D5,1025.9426
P10112,D6,941.3559
P10112,E1,699.2804
P10112,E2,660.8795
P10112,E3,643.3393
P10112,E4,542.6850
P10112,E5,559.0665
P10112,E6,525.2256
P10112,F1,445.1020
P10112,F2,419.1748
P10112,F3,394.2514
P10112,F4,848.0349
P10112,F5,791.7655
P10112,F6,811.7817
P10112,G1,447.2599
P10112,G2,650.8843
P10112,G3,520.7237
P10112,G4,393.5718
P10112,G5,315.7292
P10112,G6,365.2006
P10112,H1,147.7268
P10112,H2,133.2203
P10112,H3,162.5157
P10112,H4,964.9510
P10112,H5,810.0389
P10112,H6,860.6717
P10113,A1,1980.5004
P10113,A2,2081.9917
P10113,A3,1893.3208
P10113,A4,1541.8108
P10113,A5,1686.6185
P10113,A6,1512.2468
P10113,B1,1283.3725
P10113,B2,1357.6249
P10113,B3,1069.2862
P10113,B5,2000.3132
P10113,B6,2669.7266
P10113,C1,1865.3469
P10113,C2,1498.0425
P10113,C3,1674.0173
P10113,C4,1155.9026
P10113,C5,925.1315
P10113,C6,1223.3496
P10113,D1,583.1515
P10113,D2,571.5605
P10113,D3,638.8376
P10113,D4,2121.7427
P10113,D5,2203.6919
P10113,D6,2775.9829
P10113,E1,1757.8899
P10113,E2,1630.7711
P10113,E3,2014.0376
P10113,E4,1428.2882
P10113,E5,1569.3426
P10113,E6,1434.7364
P10113,F1,1184.0909
P10113,F2,1395.5992
P10113,F3,1290.6221
P10113,F4,2463.4886
P10113,F5,1999.1642
P10113,F6,2417.3502
P10113,G1,1816.6498
P10113,G2,1303.9514
P10113,G3,1932.0579
P10113,G4,1418.3509
P10113,G5,1167.9745
P10113,G6,1194.5696
P10113,H1,483.3513
P10113,H2,635.4842
P10113,H3,614.6719
P10113,H4,2325.7576
P10113,H5,1904.1244
P10113,H6,2227.7291
P10114,A1,405.2028
P10114,A2,433.6511
P10114,A3,461.2153
P10114,A4,463.4272
P10114,A5,479.9013
P10114,A6,536.6700
P10114,B1,547.9085
P10114,B2,442.8484
P10114,B3,437.5236
P10114,B4,437.9659
P10114,B5,404.0418
P10114,B6,363.9489
P10114,C1,418.3192
P10114,C2,436.1238
P10114,C3,393.3433
P10114,C4,550.1343
P10114,C5,415.3885
P10114,C6,600.8613
P10114,D1,478.9032
P10114,D2,445.7028
P10114,D3,483.0109
P10114,D4,432.1130
P10114,D5,515.0467
P10114,D6,467.5051
P10114,E1,415.7779
P10114,E3,392.9943
P10114,E4,435.6664
P10114,E5,458.4536
P10114,E6,448.3158
P10114,F1,436.9747
P10114,F2,468.2884
P10114,F3,511.1937
P10114,F4,427.8458
P10114,F5,531.4355
P10114,F6,451.0763
P10114,G1,543.6290
P10114,G2,527.4068
P10114,G3,497.6315
P10114,G4,415.5031
P10114,G5,456.8256
P10114,G6,460.3094
P10114,H1,462.1986
P10114,H2,553.3305
P10114,H3,445.5041
P10114,H4,438.0718
P10114,H5,445.8893
P10114,H6,387.7524
P10115,A1,1416.6986
P10115,A2,1241.6967
P10115,A3,1537.8503
P10115,A4,1309.6590
P10115,A5,1122.4168
P10115,A6,1256.5279
P10115,B1,1058.1581
P10115,B2,1093.4047
P10115,B3,929.6512
P10115,B4,1200.2803
P10115,B5,1314.4243
P10115,B6,1257.2209
P10115,C1,1033.3400
P10115,C2,1221.5825
P10115,C3,1058.9293
P10115,C4,988.1514
P10115,C5,874.3355
P10115,C6,1164.8042
P10115,D1,673.9419
P10115,D2,792.0555
P10115,D3,837.6589
P10115,D4,1555.6903
P10115,D5,1607.7131
P10115,D6,1158.3003
P10115,E1,1503.5937
P10115,E2,1250.8604
P10115,E3,1386.6496
P10115,E4,1062.6325
P10115,E5,1234.9491
P10115,E6,1191.0009
P10115,F1,1159.6516
P10115,F2,1122.0196
P10115,F3,1163.1484
P10115,F4,1176.3024
P10115,F5,1595.1038
P10115,F6,1446.7284
P10115,G1,1356.2476
P10115,G2,1265.9152
P10115,G3,1221.6720
P10115,G4,1000.6508
P10115,G5,833.7904
P10115,G6,970.8700
P10115,H1,778.5986
P10115,H2,750.3598
P10115,H3,822.8832
P10115,H4,1493.4946
P10115,H5,1210.6385
P10115,H6,1602.1289
P10116,A1,2266.1329
P10116,A2,2225.0722
P10116,A3,2025.5781
P10116,A4,1851.3030
P10116,A5,1835.2690
P10116,A6,1902.3283
P10116,B1,2351.9188
P10116,B2,1967.5545
P10116,B3,1985.1493
P10116,B4,2096.7929
P10116,B5,2077.0054
P10116,B6,1905.7952
P10116,C1,2576.3612
P10116,C2,1912.5775
P10116,C3,2031.3657
P10116,C4,1986.0355
P10116,C5,1964.0372
P10116,C6,2047.5509
P10116,D1,2100.5309
P10116,D2,1863.9420
P10116,D3,2243.9207
P10116,D4,1972.7269
P10116,D5,1722.9022
P10116,D6,1874.6854
P10116,E1,1916.9452
P10116,E2,1784.7249
P10116,E3,1927.7762
P10116,E4,1791.1803
P10116,E5,1960.8807
P10116,E6,1894.4168
P10116,F1,1670.0747
P10116,F2,1837.5707
P10116,F3,1999.7886
P10116,F4,2193.7661
P10116,F5,1794.1979
P10116,F6,2215.4693
P10116,G1,1721.9507
P10116,G2,2135.0694
P10116,G3,1757.9732
P10116,G4,2061.6272
P10116,G5,2323.4539
P10116,G6,1986.3938
P10116,H1,1926.3629
P10116,H2,1849.0867
P10116,H3,2409.1011
P10116,H4,2001.1871
P10116,H5,2219.7100
P10116,H6,2037.8271
P10117,A1,764.5448
P10117,A2,885.1893
P10117,A3,897.5088
P10117,A4,689.3564
P10117,A5,895.5793
P10117,A6,780.8582
P10117,B1,754.2928
P10117,B2,816.0837
P10117,B3,861.3160
P10117,B4,707.9511
P10117,B5,794.5419
P10117,B6,686.9265
P10117,C1,799.6579
P10117,C2,736.6296
P10117,C4,858.0841
P10117,C5,934.2564
P10117,C6,887.9866
P10117,D1,850.1639
P10117,D2,803.8371
P10117,D3,771.9490
P10117,D4,826.7724
P10117,D5,783.7448
P10117,D6,815.2514
P10117,E1,808.2647
P10117,E2,707.4165
P10117,E3,687.4824
P10117,E4,617.1714
P10117,E5,816.7209
P10117,E6,989.9952
P10117,F1,803.4797
P10117,F2,921.8594
P10117,F3,760.2119
P10117,F4,665.2497
P10117,F5,668.7285
P10117,F6,754.0064
P10117,G1,742.8404
P10117,G2,761.0571
P10117,G3,758.2808
P10117,G4,681.5732
P10117,G5,747.0741
P10117,G6,808.0398
P10117,H1,678.6992
P10117,H2,938.6059
P10117,H3,789.1082
P10117,H4,833.5785
P10117,H5,797.9657
P10117,H6,760.0748
P10118,A1,360.5015
P10118,A2,338.4665
P10118,A3,398.0388
P10118,A4,275.1458
P10118,A5,354.6874
P10118,A6,392.9018
P10118,B1,249.1994
P10118,B2,219.2007
P10118,B3,259.5782
P10118,B4,454.0630
P10118,B5,506.0063
P10118,B6,431.3367
P10118,C1,339.1709
P10118,C2,377.7330
P10118,C4,287.5563
P10118,C5,248.4984
P10118,C6,227.1344
P10118,D1,119.2654
P10118,D2,101.2055
P10118,D3,95.4207
P10118,D4,489.6689
P10118,D5,509.4194
P10118,D6,503.9231
P10118,E1,420.9238
P10118,E2,429.1159
P10118,E3,370.1333
P10118,E4,404.4084
P10118,E5,463.0599
P10118,E6,434.4719
P10118,F1,358.4274
P10118,F2,382.9833
P10118,F3,348.3398
P10118,F4,459.1641
P10118,F5,548.1086
P10118,F6,401.3816
P10118,G1,543.4996
P10118,G2,406.0131
P10118,G3,449.3903
P10118,G4,389.9017
P10118,G5,419.4133
P10118,G6,406.7665
P10118,H1,378.4471
P10118,H2,344.4079
P10118,H3,351.9280
P10118,H5,466.2352
P10119,A1,148.9279
P10119,A2,144.6216
P10119,A3,159.9554
P10119,A4,157.3331
P10119,A5,126.6442
P10119,A6,180.4182
P10119,B1,123.4013
P10119,B2,165.6121
P10119,B3,148.5931
P10119,B4,141.0090
P10119,B5,144.4106
P10119,B6,147.8973
P10119,C1,132.3819
P10119,C2,167.0195
P10119,C3,148.0208
P10119,C4,135.2413
P10119,C5,125.4225
P10119,C6,184.8678
P10119,D1,147.1593
P10119,D2,158.4182
P10119,D3,172.6344
P10119,D4,154.3654
P10119,D5,146.6135
P10119,D6,178.1522
P10119,E1,136.7559
P10119,E2,146.9542
P10119,E3,163.5793
P10119,E4,131.1702
P10119,E5,120.9701
P10119,E6,136.1310
P10119,F1,152.8366
P10119,F2,160.9136
P10119,F3,150.0875
P10119,F4,155.2746
P10119,F5,162.8799
P10119,F6,144.6409
P10119,G1,140.7131
P10119,G2,133.1413
P10119,G3,157.4042
P10119,G4,151.9226
P10119,G5,141.5354
P10119,G6,162.0890
P10119,H1,135.9594
P10119,H2,122.9106
P10119,H3,129.3257
P10119,H4,137.6611
P10119,H5,143.5249
P10119,H6,134.1228
P10120,A1,439.8381
P10120,A2,521.6955
P10120,A3,483.9947
P10120,A4,503.1406
P10120,A5,486.6150
P10120,A6,537.1828
P10120,B1,513.4804
P10120,B2,506.2308
P10120,B3,477.7707
P10120,B4,582.6943
P10120,B5,448.3084
P10120,B6,469.7797
P10120,C1,555.1096
P10120,C2,607.6322
P10120,C3,531.2822
P10120,C4,580.3168
P10120,C5,523.1418
P10120,C6,453.2134
P10120,D1,521.6812
P10120,D2,490.2599
P10120,D3,516.0756
P10120,D4,566.0110
P10120,D6,457.2766
P10120,E1,498.4109
P10120,E2,451.8840
P10120,E3,535.7301
P10120,E4,420.4851
P10120,E5,472.1554
P10120,E6,493.1835
P10120,F1,611.0427
P10120,F2,481.8043
P10120,F4,544.8312
P10120,F5,495.4533
P10120,F6,564.5786
P10120,G1,490.3298
P10120,G2,501.2443
P10120,G3,437.3379
P10120,G4,564.9788
P10120,G5,469.4014
P10120,G6,436.1289
P10120,H1,455.2744
P10120,H2,539.1484
P10120,H3,510.4700
P10120,H4,538.2337
P10120,H5,486.0879
P10120,H6,451.8814
P10121,A1,41.0219
P10121,A2,60.0855
P10121,A3,46.4865
P10121,A4,49.9940
P10121,A5,49.8456
P10121,A6,49.5697
P10121,B1,54.1459
P10121,B2,50.1347
P10121,B3,55.9915
P10121,B4,62.0008
P10121,B5,53.1628
P10121,B6,54.8189
P10121,C1,51.1647
P10121,C2,57.7944
P10121,C3,52.0399
P10121,C4,47.7438
P10121,C5,46.4536
P10121,C6,51.8728
P10121,D1,51.9149
P10121,D2,54.7193
P10121,D3,54.1266
P10121,D4,43.4615
P10121,D5,47.1098
P10121,D6,49.5649
P10121,E1,43.8250
P10121,E2,47.9215
P10121,E3,49.2506
P10121,E4,48.1297
P10121,E5,49.6711
P10121,E6,41.6421
P10121,F1,50.2112
P10121,F2,44.9828
P10121,F3,51.2343
P10121,F4,48.3932
P10121,F5,46.4526
P10121,F6,44.9651
P10121,G2,56.1294
P10121,G3,62.6725
P10121,G4,47.3368
P10121,G5,49.4972
P10121,G6,51.8977
P10121,H1,42.8086
P10121,H2,55.5878
P10121,H3,46.5621
P10121,H4,49.9310
P10121,H5,54.9117
P10121,H6,49.5485
P10122,A1,762.5055
P10122,A2,643.4416
P10122,A3,803.7481
P10122,A4,633.9492
P10122,A5,715.8741
P10122,A6,552.2125
P10122,B1,846.3899
P10122,B2,611.8424
P10122,B4,849.9998
P10122,B5,716.6354
P10122,B6,841.2617
P10122,C1,685.8076
P10122,C2,531.5280
P10122,C3,581.0646
P10122,C4,742.0450
P10122,C5,700.3812
P10122,C6,649.3769
P10122,D1,615.6844
P10122,D2,587.3583
P10122,D3,549.4403
P10122,D4,685.8899
P10122,D5,644.1060
P10122,D6,666.5668
P10122,E1,800.8613
P10122,E2,576.9254
P10122,E3,683.5033
P10122,E4,717.4842
P10122,E5,588.2187
P10122,E6,668.7699
P10122,F1,690.6904
P10122,F3,602.5233
P10122,F4,558.6602
P10122,F5,645.0802
P10122,F6,678.0258
P10122,G1,660.8512
P10122,G2,724.6027
P10122,G3,580.1107
P10122,G4,665.8939
P10122,G5,687.5830
P10122,G6,612.0037
P10122,H1,577.5244
P10122,H2,679.3292
P10122,H3,577.7132
P10122,H4,780.9175
P10122,H5,637.3262
P10122,H6,626.7419
P10123,A1,227.5637
P10123,A2,259.3434
P10123,A3,233.6940
P10123,A4,206.7871
P10123,A5,188.5877
P10123,A6,249.9764
P10123,B1,147.8669
P10123,B2,124.9715
P10123,B3,133.8789
P10123,B4,269.4084
P10123,B5,295.2180
P10123,B6,265.4768
P10123,C1,181.3856
P10123,C2,186.0350
P10123,C3,215.5742
P10123,C4,107.7841
P10123,C5,125.7894
P10123,C6,112.6969
P10123,D1,71.0111
P10123,D2,72.5490
P10123,D3,67.0002
P10123,D4,307.1546
P10123,D5,294.8513
P10123,D6,269.5867
P10123,E1,184.1620
P10123,E2,239.1079
P10123,E3,233.0977
P10123,E4,126.2779
P10123,E5,161.1728
P10123,E6,130.0513
P10123,F1,81.0497
P10123,F2,80.0811
P10123,F3,75.5684
P10123,F4,282.4854
P10123,F5,263.7765
P10123,F6,257.1614
P10123,G1,128.9103
P10123,G2,168.2589
P10123,G3,132.0768
P10123,G4,71.9448
P10123,G5,74.1426
P10123,G6,86.2851
P10123,H1,23.5568
P10123,H2,18.8919
P10123,H3,18.9504
P10123,H4,338.2794
P10123,H5,298.2377
P10123,H6,290.6244
P10124,A1,978.9003
P10124,A2,1012.0640
P10124,A3,1452.5121
P10124,A4,1112.6727
P10124,A5,1047.6627
P10124,A6,989.1581
P10124,B1,899.6327
P10124,B2,1023.4347
P10124,B3,874.0810
P10124,B4,919.9584
P10124,B5,1109.3918
P10124,B6,1038.9776
P10124,C1,1253.1457
P10124,C2,1036.2340
P10124,C3,845.5372
P10124,C4,982.0979
P10124,C5,932.9789
P10124,C6,943.4776
P10124,D1,1009.2085
P10124,D2,973.4351
P10124,D3,1108.5028
P10124,D4,998.8324
P10124,D5,1024.6378
P10124,D6,1007.2285
P10124,E1,1049.9780
P10124,E2,1028.9292
P10124,E3,1003.1711
P10124,E4,1072.2361
P10124,E5,958.7567
P10124,E6,1209.0970
P10124,F1,969.9631
P10124,F2,1077.9456
P10124,F3,1194.6737
P10124,F4,1030.2562
P10124,F5,1124.6106
P10124,F6,880.1903
P10124,G1,1081.8393
P10124,G2,1179.5477
P10124,G3,839.4385
P10124,G4,1015.1637
P10124,G5,981.8475
P10124,G6,1025.2694
P10124,H1,976.1183
P10124,H2,959.5562
P10124,H3,1243.9563
P10124,H4,1085.1361
P10124,H5,1021.5549
P10124,H6,1088.9076
P10125,A1,990.5558
P10125,A2,1072.0932
P10125,A3,1416.2289
P10125,A4,1167.8594
P10125,A5,1260.3520
P10125,A6,1208.7742
P10125,B1,1117.5527
P10125,B2,1126.8888
P10125,B3,1518.5129
P10125,B4,1237.4990
P10125,B5,1264.2417
P10125,B6,1268.9651
P10125,C1,1089.6963
P10125,C2,1147.7687
P10125,C3,1080.9551
P10125,C4,1112.9072
P10125,C5,1159.6511
P10125,C6,1345.2655
P10125,D1,1389.4307
P10125,D2,1170.6360
P10125,D3,1109.3165
P10125,D4,1214.5485
P10125,D5,1152.9993
P10125,D6,1419.4885
P10125,E1,1319.9520
P10125,E2,1167.2164
P10125,E3,1140.8145
P10125,E4,1132.5606
P10125,E5,1341.1405
P10125,E6,1294.5290
P10125,F1,1072.9645
P10125,F2,876.4359
P10125,F3,1324.2897
P10125,F4,1385.5089
P10125,F5,1098.5343
P10125,F6,1373.2706
P10125,G1,1256.5288
P10125,G2,1216.9607
P10125,G3,1210.8491
P10125,G4,1324.0027
P10125,G5,1297.4717
P10125,G6,1178.2058
P10125,H1,1208.1976
P10125,H2,1146.1513
P10125,H3,1221.8038
P10125,H4,1291.6988
P10125,H6,1123.4787
P10126,A1,746.7540
P10126,A2,745.2298
P10126,A3,1105.1420
P10126,A4,844.0809
P10126,A5,786.6136
P10126,A6,863.0062
P10126,B1,888.8004
P10126,B2,709.1877
P10126,B3,767.7594
P10126,B4,811.4181
P10126,B5,938.5830
P10126,B6,751.9124
P10126,C1,964.0705
P10126,C2,769.7894
P10126,C3,838.9656
P10126,C4,676.5614
P10126,C5,795.3205
P10126,C6,854.9199
P10126,D1,891.5389
P10126,D2,805.5483
P10126,D3,690.6110
P10126,D4,1063.4372
P10126,D5,650.4559
P10126,D6,822.3915
P10126,E1,812.3847
P10126,E2,944.0741
P10126,E3,786.8640
P10126,E4,800.9930
P10126,E5,623.0177
P10126,E6,682.0362
P10126,F1,802.5882
P10126,F2,800.0698
P10126,F3,842.9840
P10126,F4,871.8659
P10126,F5,828.7485
P10126,F6,856.6938
P10126,G1,978.3368
P10126,G2,755.3448
P10126,G3,774.9408
P10126,G4,826.9948
P10126,G5,837.2008
P10126,G6,863.6898
P10126,H1,684.7325
P10126,H2,767.8167
P10126,H3,792.1129
P10126,H4,761.3544
P10126,H5,732.2265
P10126,H6,821.6130
P10127,A1,98.9066
P10127,A2,102.9724
P10127,A3,104.4340
P10127,A4,99.2417
P10127,A5,93.8509
P10127,A6,84.9336
P10127,B2,125.8061
P10127,B3,93.8123
P10127,B4,110.9084
P10127,B5,107.2925
P10127,C1,101.1511
P10127,C2,100.2423
P10127,C3,113.6960
P10127,C4,129.7130
P10127,C5,104.3333
P10127,C6,130.1032
P10127,D1,125.1874
P10127,D2,122.1347
P10127,D3,116.1165
P10127,D4,104.6346
P10127,D5,107.8919
P10127,D6,116.8160
P10127,E1,137.4499
P10127,E2,121.3464
P10127,E3,87.4774
P10127,E4,113.8041
P10127,E5,119.5198
P10127,E6,91.5801
P10127,F1,93.0707
P10127,F2,103.0368
P10127,F3,112.3973
P10127,F4,84.1360
P10127,F5,95.9648
P10127,F6,125.4743
P10127,G1,123.3847
P10127,G2,127.6340
P10127,G3,105.6492
P10127,G4,116.3873
P10127,G5,97.4242
P10127,G6,96.9658
P10127,H1,107.2235
P10127,H2,90.2080
P10127,H3,101.6017
P10127,H5,103.6935
P10127,H6,109.9053
P10128,A1,624.0915
P10128,A2,506.4698
P10128,A4,504.2583
P10128,A5,505.3940
P10128,A6,555.9349
P10128,B1,565.8287
P10128,B2,523.5534
P10128,B3,627.9982
P10128,B4,556.1711
P10128,B5,620.2360
P10128,B6,585.2110
P10128,C1,575.4423
P10128,C2,615.7600
P10128,C3,529.5910
P10128,C4,578.5263
P10128,C5,511.3263
P10128,C6,540.4157
P10128,D1,604.6786
P10128,D2,583.8863
P10128,D3,564.2692
P10128,D4,614.8422
P10128,D5,567.2984
P10128,D6,618.9965
P10128,E1,491.1744
P10128,E2,628.3926
P10128,E3,571.9533
P10128,E4,533.3806
P10128,E5,620.8531
P10128,E6,642.2202
P10128,F1,633.8325
P10128,F2,612.9870
P10128,F4,621.3407
P10128,F5,556.8985
P10128,F6,576.2320
P10128,G1,543.1214
P10128,G2,655.8746
P10128,G3,597.4494
P10128,G4,524.8085
P10128,G5,617.2092
P10128,G6,516.6601
P10128,H1,548.2931
P10128,H2,620.8842
P10128,H3,691.2364
P10128,H4,639.0503
P10128,H5,514.9760
P10128,H6,498.2839
P10129,A1,380.0426
P10129,A2,304.9498
P10129,A3,328.2015
P10129,A4,354.7717
P10129,A5,361.4187
P10129,A6,303.7535
P10129,B1,362.8870
P10129,B2,335.7234
P10129,B3,347.7492
P10129,B4,371.5073
P10129,B5,334.8467
P10129,B6,462.6961
P10129,C1,308.3966
P10129,C2,397.4927
P10129,C3,346.3308
P10129,C4,387.2475
P10129,C5,417.0246
P10129,C6,387.1451
P10129,D1,287.8096
P10129,D2,338.2949
P10129,D3,289.8401
P10129,D4,277.9152
P10129,D5,364.2152
P10129,D6,333.5038
P10129,E1,327.6051
P10129,E2,342.2593
P10129,E3,304.7393
P10129,E4,316.9154
P10129,E5,348.4456
P10129,E6,341.8283
P10129,F1,342.5782
P10129,F2,318.8738
P10129,F3,295.6188
P10129,F4,394.3528
P10129,F5,375.9161
P10129,F6,402.3739
P10129,G1,309.4995
P10129,G2,334.6644
P10129,G3,294.8827
P10129,G4,375.7488
P10129,G5,329.1049
P10129,G6,335.5530
P10129,H1,375.7371
P10129,H2,298.0801
P10129,H3,380.8551
P10129,H4,328.2315
P10129,H5,344.0697
P10129,H6,336.3023
P10130,A1,452.7953
P10130,A2,472.1570
P10130,A3,455.1922
P10130,A4,512.4820
P10130,A5,533.8714
P10130,A6,552.1001
P10130,B1,482.9232
P10130,B2,450.5176
P10130,B3,642.7120
P10130,B4,499.5956
P10130,B5,466.0930
P10130,B6,476.7629
P10130,C1,541.8306
P10130,C2,536.8967
P10130,C3,460.4764
P10130,C4,552.1459
P10130,C5,448.6649
P10130,C6,569.9314
P10130,D1,425.6228
P10130,D2,521.5365
P10130,D3,455.6790
P10130,D4,567.0558
P10130,D5,437.5408
P10130,D6,500.1543
P10130,E1,510.0903
P10130,E2,462.3946
P10130,E3,496.9764
P10130,E4,456.0412
P10130,E5,508.5575
P10130,E6,526.2957
P10130,F1,564.8498
P10130,F2,567.4480
P10130,F3,519.7910
P10130,F4,530.6099
P10130,F5,541.8262
P10130,F6,514.3905
P10130,G1,475.6496
P10130,G2,500.6141
P10130,G3,499.1594
P10130,G4,510.6059
P10130,G5,520.5295
P10130,G6,421.5670
P10130,H1,413.7715
P10130,H2,531.4887
P10130,H3,457.7101
P10130,H4,487.9999
P10130,H5,471.1095
P10130,H6,512.2357
P10131,A1,366.1937
P10131,A2,438.7725
P10131,A3,379.3414
P10131,A4,393.7627
P10131,A5,443.2589
P10131,A6,421.9808
P10131,B2,473.2382
P10131,B3,414.7218
P10131,B4,400.3006
P10131,B5,430.7034
P10131,B6,392.7745
P10131,C1,374.4862
P10131,C2,428.2567
P10131,C3,351.0002
P10131,C4,439.9026
P10131,C5,509.1112
P10131,C6,438.0425
P10131,D2,448.1369
P10131,D3,468.6080
P10131,D4,343.4921
P10131,D5,452.3764
P10131,D6,472.1278
P10131,E1,434.6455
P10131,E2,429.2769
P10131,E3,442.1745
P10131,E4,422.3239
P10131,E5,499.5412
P10131,E6,409.6756
P10131,F1,472.8874
P10131,F2,411.8339
P10131,F3,472.2223
P10131,F4,478.7568
P10131,F5,418.0785
P10131,F6,388.3437
P10131,G1,401.7176
P10131,G2,438.0244
P10131,G3,358.1642
P10131,G4,461.5132
P10131,G5,436.8919
P10131,G6,431.8311
P10131,H1,483.9593
P10131,H2,375.5151
P10131,H3,449.1486
P10131,H4,485.5597
P10131,H5,407.1646
P10131,H6,376.5980
P10132,A1,1602.3187
P10132,A2,1673.0622
P10132,A3,1186.8478
P10132,A4,1779.8851
P10132,A5,1584.8684
P10132,A6,1372.3226
P10132,B1,1518.2238
P10132,B2,1633.0428
P10132,B3,1401.4087
P10132,B4,1351.8909
P10132,B5,1356.1100
P10132,B6,1592.7828
P10132,C1,1257.3183
P10132,C2,1565.9494
P10132,C3,1156.6939
P10132,C4,1758.7338
P10132,C5,1482.8691
P10132,C6,1245.7821
P10132,D1,1575.7505
P10132,D2,1588.8317
P10132,D3,1781.6840
P10132,D4,1342.9804
P10132,D5,1719.4902
P10132,D6,1282.0957
P10132,E1,1340.7553
P10132,E3,1694.5705
P10132,E4,1387.6737
P10132,E5,1637.4694
P10132,E6,1380.5926
P10132,F1,1444.4143
P10132,F2,1574.2955
P10132,F3,1516.0508
P10132,F4,1888.1047
P10132,F5,1663.6694
P10132,F6,1919.0728
P10132,G1,1397.8086
P10132,G2,1923.9355
P10132,G3,1568.7059
P10132,G4,1419.1011
P10132,G5,1708.3299
P10132,G6,1395.7061
P10132,H1,1781.4295
P10132,H2,1527.2630
P10132,H3,1465.7403
P10132,H4,1331.0331
P10132,H5,1611.0971
P10132,H6,1620.0992
P10133,A1,9538.7393
P10133,A2,8263.0380
P10133,A3,9066.8369
P10133,A4,10854.2923
P10133,A5,9408.9704
P10133,A6,8615.1016
P10133,B1,8445.9170
P10133,B2,9966.5134
P10133,B3,8693.2340
P10133,B4,9654.8779
P10133,B5,8375.6618
P10133,B6,9145.9273
P10133,C1,8715.7919
P10133,C2,10700.7063
P10133,C3,8977.0420
P10133,C4,8928.5956
P10133,C5,8276.7915
P10133,C6,8745.1029
P10133,D1,9903.5612
P10133,D2,8785.4058
P10133,D3,8876.7873
P10133,D4,9347.1183
P10133,D5,8756.3292
P10133,D6,9722.6033
P10133,E1,8590.4214
P10133,E2,8537.1715
P10133,E3,8971.8895
P10133,E4,8917.7444
P10133,E5,9221.6812
P10133,E6,7537.8006
P10133,F1,9543.4268
P10133,F2,8509.4529
P10133,F3,9914.3983
P10133,F4,7962.6635
P10133,F5,9211.2484
P10133,F6,10607.0851
P10133,G1,8583.8718
P10133,G2,9227.1488
P10133,G3,9601.2048
P10133,G4,8116.3809
P10133,G5,8015.4370
P10133,H1,9995.1912
P10133,H2,9199.9521
P10133,H3,10135.6393
P10133,H4,8858.3146
P10133,H5,8862.0041
P10133,H6,8592.7798
P10134,A1,525.5143
P10134,A2,475.2014
P10134,A3,511.6378
P10134,A4,623.6617
P10134,A5,626.2210
P10134,A6,566.6395
P10134,B1,1050.5578
P10134,B2,825.0378
P10134,B3,822.7683
P10134,B4,383.5822
P10134,B5,430.2265
P10134,B6,387.8500
P10134,C1,686.4592
P10134,C2,611.0799
P10134,C3,622.2802
P10134,C4,925.3752
P10134,C5,906.0098
P10134,C6,888.9914
P10134,D1,1953.6532
P10134,D2,1648.8615
P10134,D3,1908.9499
P10134,D4,415.2129
P10134,D5,514.5108
P10134,D6,429.9625
P10134,E1,567.2434
P10134,E2,560.5919
P10134,E3,530.0199
P10134,E4,616.1698
P10134,E5,496.6063
P10134,E6,587.5846
P10134,F1,1048.7095
P10134,F2,923.2620
P10134,F3,856.4793
P10134,F4,391.0707
P10134,F5,466.5957
P10134,F6,450.9979
P10134,G1,572.5185
P10134,G2,627.3380
P10134,G3,582.1311
P10134,G4,949.6871
P10134,G5,721.0422
P10134,G6,861.2196
P10134,H1,2028.8687
P10134,H2,1925.6068
P10134,H3,1404.5624
P10134,H4,473.4688
P10134,H5,448.0428
P10134,H6,369.1707
P10135,A1,256.8645
P10135,A2,308.5249
P10135,A3,357.1126
P10135,A4,318.7522
P10135,A5,338.2263
P10135,A6,359.2498
P10135,B2,279.7247
P10135,B3,303.4989
P10135,B4,395.2354
P10135,B5,346.9755
P10135,B6,347.4980
P10135,C1,358.0981
P10135,C2,276.2438
P10135,C3,315.2969
P10135,C4,343.5298
P10135,C5,297.2796
P10135,C6,321.6654
P10135,D1,301.7054
P10135,D2,291.7473
P10135,D3,253.2532
P10135,D4,313.8336
P10135,D5,291.9518
P10135,D6,363.5718
P10135,E1,314.1559
P10135,E2,341.9961
P10135,E3,313.8622
P10135,E4,285.4476
P10135,E5,324.6192
P10135,E6,308.2633
P10135,F1,375.7426
P10135,F2,284.0215
P10135,F3,380.9888
P10135,F4,292.0673
P10135,F5,360.6595
P10135,F6,309.5723
P10135,G1,338.0186
P10135,G2,242.2172
P10135,G3,311.3001
P10135,G4,310.4462
P10135,G5,288.7412
P10135,G6,289.6834
P10135,H1,279.6406
P10135,H2,268.1565
P10135,H3,291.4653
P10135,H4,316.2302
P10135,H6,303.4912
P10136,A1,925.2898
P10136,A2,914.4339
P10136,A3,775.0137
P10136,A4,791.0758
P10136,A5,876.6010
P10136,A6,970.0722
P10136,B1,1018.0022
P10136,B2,1093.1781
P10136,B3,1082.4327
P10136,B4,1097.7824
P10136,B5,1015.6321
P10136,B6,824.4779
P10136,C1,989.4805
P10136,C2,769.4401
P10136,C3,874.4053
P10136,C4,923.7085
P10136,C5,832.7581
P10136,C6,968.8637
P10136,D1,921.8710
P10136,D2,1057.2168
P10136,D3,891.0311
P10136,D4,995.4560
P10136,D5,996.7866
P10136,D6,955.7342
P10136,E1,767.7866
P10136,E2,1159.3606
P10136,E3,863.5806
P10136,E4,902.5265
P10136,E5,935.4854
P10136,E6,944.9979
P10136,F1,997.2670
P10136,F2,1104.2383
P10136,F3,891.9835
P10136,F4,835.1908
P10136,F5,1037.7073
P10136,F6,891.4037
P10136,G1,881.6000
P10136,G3,951.1737
P10136,G4,904.5861
P10136,G6,950.7644
P10136,H1,763.0181
P10136,H2,944.1923
P10136,H3,1044.5396
P10136,H4,954.8317
P10136,H5,1073.1336
P10136,H6,864.7205
P10137,A1,66.1612
P10137,A2,75.7887
P10137,A3,78.1265
P10137,A4,64.5795
P10137,A5,71.7488
P10137,A6,85.1027
P10137,B1,79.1695
P10137,B2,69.9698
P10137,B3,68.7945
P10137,B4,72.5173
P10137,B5,67.6967
P10137,B6,66.3345
P10137,C1,77.7404
P10137,C2,59.4765
P10137,C3,74.2592
P10137,C4,69.3528
P10137,C5,88.7833
P10137,C6,76.9340
P10137,D1,69.9010
P10137,D2,74.3767
P10137,D3,75.8739
P10137,D4,73.9016
P10137,D5,65.9253
P10137,D6,66.2538
P10137,E1,73.7840
P10137,E2,90.0289
P10137,E3,67.0826
P10137,E4,60.5174
P10137,E5,75.0775
P10137,E6,78.4811
P10137,F1,61.1146
P10137,F2,54.9327
P10137,F3,74.7739
P10137,F4,68.6315
P10137,F5,82.1528
P10137,F6,65.1819
P10137,G1,62.7475
P10137,G2,73.6243
P10137,G3,63.7248
P10137,G4,68.9256
P10137,G5,73.9562
P10137,G6,66.8472
P10137,H1,72.7280
P10137,H2,74.0396
P10137,H3,80.7936
P10137,H4,71.3295
P10137,H5,57.9213
P10137,H6,71.7525
P10138,A1,160.9495
P10138,A2,187.3136
P10138,A3,174.0196
P10138,A4,191.8853
P10138,A6,209.8316
P10138,B1,164.9677
P10138,B2,206.6868
P10138,B3,225.7445
P10138,B4,172.7053
P10138,B5,237.0002
P10138,B6,186.4109
P10138,C1,175.6389
P10138,C2,219.9067
P10138,C3,237.5873
P10138,C4,188.1474
P10138,C5,193.9391
P10138,C6,216.2228
P10138,D1,181.6092
P10138,D2,208.4164
P10138,D3,220.7611
P10138,D4,216.4522
P10138,D5,163.0019
P10138,D6,201.7528
P10138,E1,232.1536
P10138,E2,183.7509
P10138,E3,222.6548
P10138,E4,187.4028
P10138,E5,177.5207
P10138,E6,193.1329
P10138,F1,156.9021
P10138,F2,240.4103
P10138,F3,200.1640
P10138,F4,186.2817
P10138,F5,180.3225
P10138,F6,201.2655
P10138,G1,187.2026
P10138,G2,230.6232
P10138,G3,200.1800
P10138,G5,218.3815
P10138,G6,205.6203
P10138,H1,188.4549
P10138,H2,206.4560
P10138,H3,213.5429
P10138,H4,173.0263
P10138,H5,213.2253
P10138,H6,200.5158
P10139,A1,618.6020
P10139,A2,697.6746
P10139,A3,601.9971
P10139,A4,565.4852
P10139,A5,770.3136
P10139,A6,569.1750
P10139,B1,721.8715
P10139,B2,598.4647
P10139,B3,655.3210
P10139,B4,619.2336
P10139,B5,562.3722
P10139,B6,566.0409
P10139,C1,614.7052
P10139,C2,594.4271
P10139,C3,599.3008
P10139,C4,619.3497
P10139,C5,515.0804
P10139,C6,606.4404
P10139,D1,628.8719
P10139,D2,544.9522
P10139,D3,587.6806
P10139,D4,530.4841
P10139,D5,636.1656
P10139,D6,579.3392
P10139,E1,543.1478
P10139,E2,660.4349
P10139,E3,663.6446
P10139,E4,730.7488
P10139,E5,634.9064
P10139,E6,609.8927
P10139,F1,608.3759
P10139,F2,480.4602
P10139,F3,565.5407
P10139,F4,757.5531
P10139,F5,552.6040
P10139,F6,563.3414
P10139,G1,659.8926
P10139,G2,639.0419
P10139,G3,686.3817
P10139,G4,556.2733
P10139,G5,669.5815
P10139,G6,635.3663
P10139,H1,595.8512
P10139,H2,517.3091
P10139,H3,501.9584
P10139,H4,620.0578
P10139,H5,585.9220
P10139,H6,621.8691
P10140,A1,221.2888
P10140,A2,236.3352
P10140,A3,220.2725
P10140,A4,244.6759
P10140,A5,215.9186
P10140,A6,199.6187
P10140,B1,253.3346
P10140,B2,214.1752
P10140,B3,236.8210
P10140,B4,236.0249
P10140,B5,232.6795
P10140,B6,235.8872
P10140,C1,196.8118
P10140,C2,238.6430
P10140,C3,243.4567
P10140,C4,204.2316
P10140,C5,270.6565
P10140,C6,207.5336
P10140,D1,213.8769
P10140,D2,209.4765
P10140,D3,243.9142
P10140,D4,238.2134
P10140,D5,210.4755
P10140,D6,196.5421
P10140,E1,211.3629
P10140,E2,247.9669
P10140,E3,230.9360
P10140,E4,213.0295
P10140,E5,226.7796
P10140,E6,273.7377
P10140,F1,237.0993
P10140,F2,199.2837
P10140,F3,247.6451
P10140,F4,276.5628
P10140,F5,235.8846
P10140,F6,231.6589
P10140,G1,242.6270
P10140,G2,199.4146
P10140,G3,234.3528
P10140,G4,239.6579
P10140,G5,226.3803
P10140,G6,174.0339
P10140,H1,216.9900
P10140,H2,229.9319
P10140,H3,260.0293
P10140,H4,249.4720
P10140,H5,200.7474
P10140,H6,178.9042
P10141,A1,50.5791
P10141,A2,52.1466
P10141,A3,51.4733
P10141,A4,61.6484
P10141,A5,56.7246
P10141,A6,54.9228
P10141,B1,53.0943
P10141,B2,56.4609
P10141,B3,55.5757
P10141,B5,53.6687
P10141,B6,50.8232
P10141,C1,54.6488
P10141,C2,70.4900
P10141,C3,58.0070
P10141,C4,51.9868
P10141,C5,50.4472
P10141,C6,54.1974
P10141,D1,61.6719
P10141,D2,60.7387
P10141,D3,65.0799
P10141,D4,53.3381
P10141,D5,49.2731
P10141,D6,61.9171
P10141,E1,47.1338
P10141,E2,56.7784
P10141,E3,51.7432
P10141,E4,54.6797
P10141,E5,49.7871
P10141,E6,47.5927
P10141,F1,63.8953
P10141,F2,51.8152
P10141,F3,53.8603
P10141,F4,64.9399
P10141,F5,55.8113
P10141,F6,64.6152
P10141,G1,61.8694
P10141,G2,55.1295
P10141,G3,63.1383
P10141,G4,53.6409
P10141,G5,58.5795
P10141,G6,74.6630
P10141,H1,52.8259
P10141,H2,50.7352
P10141,H3,48.0267
P10141,H4,51.2571
P10141,H5,62.4030
P10141,H6,57.8929
P10142,A1,257.4868
P10142,A2,200.2653
P10142,A3,214.1794
P10142,A4,191.2278
P10142,A5,251.4260
P10142,A6,215.1985
P10142,B1,198.5920
P10142,B2,218.5523
P10142,B3,217.4595
P10142,B4,209.8389
P10142,B5,241.1867
P10142,B6,212.5116
P10142,C1,201.2369
P10142,C2,215.5025
P10142,C3,233.5824
P10142,C4,258.4862
P10142,C5,226.6049
P10142,C6,201.1034
P10142,D1,193.4688
P10142,D2,181.8272
P10142,D3,228.7945
P10142,D5,230.9319
P10142,D6,213.0662
P10142,E1,253.9069
P10142,E2,196.2201
P10142,E3,226.7821
P10142,E4,206.3049
P10142,E5,232.8686
P10142,E6,234.6525
P10142,F1,214.0572
P10142,F2,224.4799
P10142,F3,234.3098
P10142,F4,216.1104
P10142,F5,205.4876
P10142,F6,196.9184
P10142,G1,263.2106
P10142,G2,208.8536
P10142,G3,228.4244
P10142,G4,191.7939
P10142,G5,196.1575
P10142,G6,259.3295
P10142,H1,240.8615
P10142,H2,201.2025
P10142,H3,232.7640
P10142,H4,245.8793
P10142,H5,250.7402
P10142,H6,234.2905
P10143,A1,258.5737
P10143,A2,247.3672
P10143,A3,235.6816
P10143,A4,284.4782
P10143,A5,238.3494
P10143,A6,222.7497
P10143,B1,186.5522
P10143,B2,235.1238
P10143,B3,238.6145
P10143,B4,239.7205
P10143,B5,329.0307
P10143,B6,251.3208
P10143,C1,296.6192
P10143,C2,264.5147
P10143,C3,225.1607
P10143,C4,253.8371
P10143,C5,255.4642
P10143,C6,251.5524
P10143,D1,263.9461
P10143,D2,241.0505
P10143,D3,323.9506
P10143,D4,240.8468
P10143,D5,275.5547
P10143,D6,287.7139
P10143,E1,243.8137
P10143,E2,293.2453
P10143,E3,258.4762
P10143,E4,257.5077
P10143,E5,251.4368
P10143,E6,272.3309
P10143,F1,275.1392
P10143,F2,251.3825
P10143,F3,287.0546
P10143,F4,204.7136
P10143,F5,226.5044
P10143,F6,230.2481
P10143,G1,236.5935
P10143,G2,293.4748
P10143,G3,244.0172
P10143,G4,254.6089
P10143,G5,285.2900
P10143,G6,237.2357
P10143,H1,267.8084
P10143,H2,265.6344
P10143,H3,325.0094
P10143,H4,281.8659
P10143,H5,231.5576
P10143,H6,241.5566
P10144,A1,579.2757
P10144,A2,574.2804
P10144,A3,486.1354
P10144,A4,570.5479
P10144,A5,694.2061
P10144,A6,614.9148
P10144,B1,595.8953
P10144,B2,620.1418
P10144,B3,600.7201
P10144,B4,546.6926
P10144,B5,521.6842
P10144,B6,521.4383
P10144,C1,546.5523
P10144,C2,529.6329
P10144,C3,551.1557
P10144,C4,630.5728
P10144,C5,535.8943
P10144,C6,621.7814
P10144,D1,547.8356
P10144,D2,589.3595
P10144,D3,622.3457
P10144,D4,624.3806
P10144,D5,456.1777
P10144,D6,655.1053
P10144,E1,630.8957
P10144,E2,600.5966
P10144,E3,532.2401
P10144,E4,533.9957
P10144,E5,648.6429
P10144,E6,564.8707
P10144,F1,508.8094
P10144,F2,485.2486
P10144,F3,564.7997
P10144,F4,535.1626
P10144,F5,572.9779
P10144,F6,508.8116
P10144,G1,491.9090
P10144,G2,496.7881
P10144,G3,680.4092
P10144,G4,586.4723
P10144,G5,596.6148
P10144,G6,811.2348
P10144,H1,584.7973
P10144,H2,494.8898
P10144,H3,511.4690
P10144,H4,642.3145
P10144,H5,625.5989
P10144,H6,521.5216
P10145,A1,980.0861
P10145,A2,959.8516
P10145,A3,1083.6259
P10145,A4,990.6212
P10145,A5,1137.3020
P10145,A6,989.0007
P10145,B1,982.1965
P10145,B2,1081.0193
P10145,B3,944.4515
P10145,B4,1210.4660
P10145,B5,1063.9453
P10145,B6,953.9116
P10145,C1,1190.6895
P10145,C2,824.0370
P10145,C3,1256.2694
P10145,C4,879.2836
P10145,C5,1102.4372
P10145,C6,1139.9978
P10145,D1,1074.5646
P10145,D2,1068.5527
P10145,D3,881.5716
P10145,D4,906.5457
P10145,D5,945.5446
P10145,D6,966.4463
P10145,E1,881.7742
P10145,E2,1047.1837
P10145,E3,1273.2249
P10145,E4,1134.9213
P10145,E5,1100.7939
P10145,E6,993.0938
P10145,F1,1157.9801
P10145,F2,948.7899
P10145,F3,1000.3551
P10145,F4,950.4587
P10145,F5,1044.9644
P10145,F6,1010.7288
P10145,G1,1060.4196
P10145,G2,971.4930
P10145,G3,975.7783
P10145,G4,914.1867
P10145,G5,897.7542
P10145,G6,1040.0341
P10145,H2,943.4650
P10145,H3,854.3308
P10145,H4,1094.1393
P10145,H5,995.8469
P10145,H6,984.9571
P10146,A1,710.3769
P10146,A2,716.5533
P10146,A3,515.0317
P10146,A4,633.1963
P10146,A5,666.7609
P10146,A6,553.0856
P10146,B1,513.3027
P10146,B2,444.5629
P10146,B3,447.2447
P10146,B4,711.8852
P10146,B5,848.3204
P10146,B6,795.8723
P10146,C1,603.8196
P10146,C2,497.7410
P10146,C3,649.4124
P10146,C4,474.2510
P10146,C5,408.6227
P10146,C6,536.5299
P10146,D1,292.3284
P10146,D2,290.6743
P10146,D3,275.9424
P10146,D4,852.5349
P10146,D5,723.3897
P10146,D6,843.0981
P10146,E1,589.0053
P10146,E2,683.9228
P10146,E3,706.7674
P10146,E5,573.2143
P10146,E6,663.0615
P10146,F1,457.7551
P10146,F2,428.9372
P10146,F3,448.5502
P10146,F4,964.0297
P10146,F5,830.9540
P10146,F6,658.1787
P10146,G1,500.1575
P10146,G2,697.5419
P10146,G3,620.2771
P10146,G4,496.1330
P10146,G5,535.0901
P10146,G6,496.9452
P10146,H1,290.1296
P10146,H2,274.3655
P10146,H3,266.9842
P10146,H4,714.6165
P10146,H5,678.5209
P10146,H6,871.6495
P10147,A1,1096.2801
P10147,A2,1046.5824
P10147,A3,1303.7258
P10147,A4,1160.8034
P10147,A5,1172.0921
P10147,A6,1238.5263
P10147,B1,1595.3947
P10147,B2,1007.9174
P10147,B3,1322.1757
P10147,B4,1029.5821
P10147,B5,1199.6971
P10147,B6,1247.7137
P10147,C1,1129.8005
P10147,C2,967.2161
P10147,C3,1037.8651
P10147,C4,988.0266
P10147,C5,1258.8450
P10147,C6,1170.7670
P10147,D1,1184.6477
P10147,D2,1359.4776
P10147,D3,1099.4309
P10147,D4,1078.2107
P10147,D5,1301.4885
P10147,D6,1112.6177
P10147,E1,1129.6247
P10147,E2,1312.9992
P10147,E3,1090.9974
P10147,E4,1078.2571
P10147,E5,1134.1884
P10147,E6,1231.3029
P10147,F1,1049.8985
P10147,F2,1077.1844
P10147,F3,1194.6312
P10147,F4,1258.6423
P10147,F5,1229.7310
P10147,F6,1127.6825
P10147,G1,1247.9333
P10147,G2,1238.6858
P10147,G3,966.2316
P10147,G5,1263.0274
P10147,G6,1218.1076
P10147,H1,1235.7367
P10147,H2,1296.5316
P10147,H3,1175.3326
P10147,H4,1401.6771
P10147,H5,1408.6864
P10147,H6,1144.9306
P10148,A1,806.1766
P10148,A2,767.1563
P10148,A3,900.9656
P10148,A4,818.8658
P10148,A5,686.8650
P10148,A6,718.4522
P10148,B1,762.4785
P10148,B2,904.8663
P10148,B3,762.8842
P10148,B5,859.6382
P10148,B6,667.3998
P10148,C1,814.0776
P10148,C2,833.4649
P10148,C3,736.6481
P10148,C4,737.2738
P10148,C5,669.0508
P10148,C6,881.2005
P10148,D1,698.3646
P10148,D2,916.8405
P10148,D4,961.0674
P10148,D5,872.4780
P10148,D6,830.6645
P10148,E1,888.7586
P10148,E2,774.5817
P10148,E3,958.7714
P10148,E4,800.5524
P10148,E5,722.0043
P10148,E6,772.4101
P10148,F1,794.2308
P10148,F2,798.6966
P10148,F3,674.4097
P10148,F4,759.7541
P10148,F5,830.2232
P10148,F6,711.6132
P10148,G1,807.8330
P10148,G2,919.9548
P10148,G3,695.3650
P10148,G4,696.1277
P10148,G5,791.8030
P10148,G6,749.7043
P10148,H1,851.8045
P10148,H2,801.7093
P10148,H3,767.4400
P10148,H4,684.5789
P10148,H5,827.0958
P10148,H6,755.7716
P10149,A1,2899.4953
P10149,A2,2977.1605
P10149,A3,2845.7598
P10149,A4,2170.2919
P10149,A5,2603.2535
P10149,A6,2309.0423
P10149,B1,1518.9479
P10149,B2,1703.1198
P10149,B3,1762.5294
P10149,B4,3245.7089
P10149,B5,3397.3580
P10149,B6,3536.4211
P10149,C1,2846.6131
P10149,C2,2758.0587
P10149,C3,2513.8155
P10149,C5,1564.8092
P10149,C6,1809.1684
P10149,D1,726.5139
P10149,D2,724.1394
P10149,D3,798.8311
P10149,D4,3148.3125
P10149,D5,3245.3833
P10149,D6,4467.9614
P10149,E1,3743.7098
P10149,E2,2788.1795
P10149,E3,3438.9128
P10149,E5,2313.0608
P10149,E6,2505.2424
P10149,F1,1609.2991
P10149,F2,1511.9485
P10149,F3,1581.9286
P10149,F4,3834.8123
P10149,F5,4718.2582
P10149,F6,3478.0156
P10149,G1,2439.0412
P10149,G2,2559.7314
P10149,G3,2748.4853
P10149,G4,1369.8340
P10149,G5,1471.0337
P10149,G6,1625.6097
P10149,H1,662.8110
P10149,H2,634.5279
P10149,H3,614.4794
P10149,H4,3982.6708
P10149,H5,4547.6640
P10149,H6,4444.1510
P10150,A1,995.6222
P10150,A2,871.9426
P10150,A3,808.5391
P10150,A4,856.7405
P10150,A5,1018.8078
P10150,A6,766.5368
P10150,B1,1146.6581
P10150,B2,661.6426
P10150,B3,738.1976
P10150,B4,711.2434
P10150,B5,1015.8369
P10150,B6,1017.6681
P10150,C1,845.2402
P10150,C2,1017.6171
P10150,C3,913.9436
P10150,C4,778.6305
P10150,C5,934.9690
P10150,C6,744.5877
P10150,D1,882.6925
P10150,D2,917.2501
P10150,D3,610.0420
P10150,D4,882.1967
P10150,D5,956.4519
P10150,D6,906.3325
P10150,E1,842.8082
P10150,E2,742.5278
P10150,E3,793.9064
P10150,E4,901.0141
P10150,E5,867.5005
P10150,E6,760.7254
P10150,F1,976.2860
P10150,F2,921.2948
P10150,F3,982.3974
P10150,F4,806.0506
P10150,F5,795.6330
P10150,F6,832.6391
P10150,G1,704.3505
P10150,G2,800.2936
P10150,G3,862.0573
P10150,G4,767.7474
P10150,G5,782.8103
P10150,G6,984.9339
P10150,H1,837.2635
P10150,H2,837.5465
P10150,H3,837.0226
P10150,H4,858.6777
P10150,H5,929.7584
P10150,H6,807.8978
P10151,A1,308.7141
P10151,A2,282.0600
P10151,A4,252.9374
P10151,A5,279.9359
P10151,A6,257.9283
P10151,B1,144.6715
P10151,B2,139.3300
P10151,B3,208.6857
P10151,B4,336.5273
P10151,B5,396.0384
P10151,B6,351.0272
P10151,C1,262.3202
P10151,C2,207.0237
P10151,C3,218.1638
P10151,C4,173.4918
P10151,C5,189.3882
P10151,C6,161.5867
P10151,D1,61.7016
P10151,D2,60.8408
P10151,D3,67.2905
P10151,D4,389.8805
P10151,D5,446.0634
P10151,D6,328.8003
P10151,E1,248.3549
P10151,E2,258.3963
P10151,E3,271.3591
P10151,E4,162.1073
P10151,E5,164.1774
P10151,E6,146.1368
P10151,F1,80.6900
P10151,F2,75.2307
P10151,F3,79.9346
P10151,F4,351.8933
P10151,F5,409.2046
P10151,F6,383.7749
P10151,G1,200.1131
P10151,G2,235.5893
P10151,G3,201.5845
P10151,G4,75.8554
P10151,G5,74.4548
P10151,G6,89.2813
P10151,H1,14.5784
P10151,H2,16.3727
P10151,H3,16.5868
P10151,H4,390.4537
P10151,H5,385.6118
P10151,H6,389.3297
P10152,A1,3250.9934
P10152,A2,2868.2105
P10152,A3,3267.8305
P10152,A4,2718.0954
P10152,A5,3281.8203
P10152,A6,2974.4478
P10152,B1,2070.2941
P10152,B2,2416.2290
P10152,B3,2570.8577
P10152,B4,3850.6877
P10152,B5,3498.0060
P10152,B6,3582.8884
P10152,C1,2673.0933
P10152,C2,3130.7568
P10152,C3,2976.9240
P10152,C4,2385.1984
P10152,C5,2352.5515
P10152,C6,2391.3756
P10152,D1,1996.6148
P10152,D2,1806.3923
P10152,D3,1944.8830
P10152,D4,3623.0744
P10152,D5,3413.1935
P10152,D6,3217.5731
P10152,E1,3458.3190
P10152,E2,2968.7978
P10152,E3,3243.9690
P10152,E4,3733.1662
P10152,E5,3291.7851
P10152,E6,3032.5837
P10152,F1,2102.1033
P10152,F2,3189.1918
P10152,F3,2461.8172
P10152,F4,3956.5729
P10152,F5,3568.3527
P10152,F6,3093.4074
P10152,G1,2774.9369
P10152,G3,3137.2893
P10152,G4,2735.6330
P10152,G5,2596.3556
P10152,G6,2544.4730
P10152,H1,1648.7623
P10152,H2,1594.0333
P10152,H3,2332.9125
P10152,H4,3940.7869
P10152,H5,3477.1077
P10152,H6,3608.7717
P10153,A1,641.0181
P10153,A2,673.9369
P10153,A3,597.6145
P10153,A4,724.8954
P10153,A5,821.6460
P10153,A6,982.1770
P10153,B1,1062.2117
P10153,B2,1147.9282
P10153,B3,1139.5123
P10153,B4,521.1704
P10153,B5,530.2859
P10153,B6,501.6306
P10153,C1,724.7729
P10153,C2,796.3486
P10153,C3,805.2977
P10153,C4,989.4837
P10153,C5,1013.4597
P10153,C6,1128.9941
P10153,D1,2258.7850
P10153,D2,1980.4024
P10153,D3,2142.5524
P10153,D4,554.4384
P10153,D5,417.3429
P10153,D6,512.9884
P10153,E1,606.2188
P10153,E2,689.2034
P10153,E3,663.6522
P10153,E4,727.1510
P10153,E5,739.1280
P10153,E6,847.8166
P10153,F1,1341.6186
P10153,F2,1078.3443
P10153,F4,620.5472
P10153,F5,546.3852
P10153,F6,642.3125
P10153,G1,787.1633
P10153,G2,928.2583
P10153,G3,971.0197
P10153,G4,1204.8047
P10153,G5,921.2658
P10153,G6,1191.3279
P10153,H1,2410.7588
P10153,H2,2403.0170
P10153,H3,2631.2323
P10153,H4,569.8650
P10153,H5,490.7562
P10153,H6,506.6135
P10154,A1,296.3086
P10154,A2,242.9834
P10154,A3,299.4080
P10154,A4,270.8539
P10154,A5,256.8077
P10154,A6,260.2725
P10154,B1,300.0735
P10154,B2,242.1837
P10154,B3,250.7390
P10154,B4,266.0650
P10154,B5,258.6492
P10154,B6,248.5804
P10154,C1,324.5930
P10154,C2,264.6577
P10154,C3,260.2901
P10154,C4,298.1442
P10154,C5,297.3416
P10154,C6,239.7056
P10154,D1,264.6853
P10154,D2,261.5062
P10154,D3,253.9653
P10154,D4,295.9641
P10154,D5,300.1832
P10154,D6,262.9754
P10154,E1,243.6382
P10154,E2,235.1490
P10154,E3,306.9256
P10154,E4,260.3196
P10154,E5,316.9106
P10154,E6,294.5621
P10154,F1,242.3151
P10154,F2,276.8228
P10154,F3,255.1106
P10154,F4,262.5143
P10154,F5,266.3446
P10154,F6,261.6429
P10154,G1,325.6347
P10154,G2,285.3889
P10154,G3,294.7490
P10154,G4,284.6018
P10154,G5,267.9135
P10154,G6,264.8771
P10154,H1,337.6974
P10154,H2,327.5726
P10154,H3,304.9421
P10154,H4,235.4056
P10154,H5,303.3811
P10154,H6,295.5471
P10155,A1,167.2795
P10155,A2,177.9680
P10155,A3,217.4403
P10155,A4,236.3071
P10155,A5,207.6166
P10155,A6,205.0445
P10155,B1,157.9475
P10155,B2,211.2032
P10155,B3,174.9769
P10155,B4,152.4150
P10155,B5,174.0853
P10155,B6,157.4841
P10155,C1,155.2707
P10155,C3,195.8819
P10155,C4,178.0975
P10155,C5,179.7338
P10155,C6,161.3868
P10155,D1,180.1814
P10155,D2,165.2218
P10155,D3,156.8857
P10155,D4,185.3648
P10155,D5,209.3510
P10155,D6,153.8662
P10155,E1,194.2280
P10155,E3,202.5899
P10155,E4,173.2918
P10155,E5,194.9659
P10155,E6,170.0637
P10155,F1,188.0023
P10155,F2,188.4049
P10155,F3,205.3312
P10155,F4,199.6968
P10155,F5,196.9675
P10155,F6,167.6999
P10155,G1,176.0714
P10155,G2,187.7814
P10155,G3,207.4157
P10155,G4,168.8159
P10155,G5,181.5511
P10155,G6,172.4715
P10155,H1,183.1047
P10155,H2,158.8805
P10155,H3,187.5792
P10155,H4,188.6464
P10155,H5,159.5467
P10155,H6,150.1356
P10156,A1,1709.8727
P10156,A2,1917.9913
P10156,A3,1971.4235
P10156,A4,1678.8328
P10156,A5,2026.1976
P10156,A6,1826.7318
P10156,B1,1586.0299
P10156,B2,1812.6670
P10156,B3,1478.3838
P10156,B4,1480.4643
P10156,B5,1711.4758
P10156,B6,1842.8746
P10156,C1,1701.4720
P10156,C2,1758.8520
P10156,C3,1873.6985
P10156,C4,1556.9913
P10156,C5,1828.3361
P10156,C6,1716.9996
P10156,D1,1707.0157
P10156,D2,1625.1919
P10156,D3,1808.4503
P10156,D4,1867.3908
P10156,D5,1849.0745
P10156,D6,1956.2911
P10156,E1,1647.7812
P10156,E3,1735.0093
P10156,E4,1736.2577
P10156,E5,1496.5838
P10156,E6,1769.7664
P10156,F1,1585.2977
P10156,F2,1637.2724
P10156,F3,1560.5425
P10156,F4,1493.2358
P10156,F5,1847.8581
P10156,F6,2049.6071
P10156,G1,1793.5249
P10156,G2,1820.9052
P10156,G3,1495.2317
P10156,G4,1826.0593
P10156,G5,1795.8635
P10156,G6,1738.0058
P10156,H1,1718.9676
P10156,H2,1513.9084
P10156,H3,1637.7131
P10156,H4,1548.8424
P10156,H5,1546.4820
P10156,H6,2014.6273
P10157,A1,890.6200
P10157,A2,747.1490
P10157,A3,806.0621
P10157,A4,783.3948
P10157,A5,738.4615
P10157,A6,866.3186
P10157,B1,839.6485
P10157,B2,684.8880
P10157,B3,882.6341
P10157,B4,871.8107
P10157,B5,950.6185
P10157,B6,935.1647
P10157,C1,814.1672
P10157,C2,795.1793
P10157,C3,796.0762
P10157,C4,810.4514
P10157,C5,888.6557
P10157,C6,1028.9180
P10157,D1,890.8869
P10157,D2,725.6495
P10157,D3,933.7205
P10157,D4,974.8872
P10157,D5,829.5513
P10157,D6,861.7927
P10157,E1,861.2021
P10157,E2,934.3075
P10157,E4,932.0415
P10157,E5,899.5894
P10157,E6,811.8901
P10157,F1,746.5687
P10157,F2,895.9220
P10157,F3,842.2797
P10157,F4,916.2277
P10157,F5,797.8553
P10157,F6,795.7087
P10157,G1,787.2983
P10157,G2,897.1795
P10157,G3,799.9987
P10157,G4,817.6698
P10157,G6,753.1300
P10157,H1,820.1237
P10157,H2,850.9966
P10157,H3,875.0897
P10157,H4,741.4716
P10157,H5,819.9708
P10157,H6,842.3214
P10158,A1,145.2312
P10158,A2,146.0976
P10158,A3,154.9345
P10158,A4,154.4825
P10158,A5,127.8926
P10158,A6,149.9973
P10158,B1,156.7180
P10158,B2,125.4484
P10158,B3,155.8182
P10158,B4,150.8093
P10158,B5,147.5598
P10158,B6,124.6777
P10158,C1,175.1978
P10158,C2,137.7967
P10158,C3,153.7887
P10158,C4,140.8609
P10158,C5,123.1518
P10158,C6,161.2944
P10158,D1,136.4420
P10158,D2,169.6630
P10158,D3,132.5700
P10158,D4,137.3585
P10158,D5,150.1355
P10158,D6,132.6239
P10158,E1,134.2737
P10158,E2,114.9146
P10158,E3,124.3116
P10158,E4,138.8773
P10158,E5,139.5278
P10158,E6,133.7917
P10158,F1,147.0122
P10158,F2,140.6579
P10158,F3,150.7090
P10158,F4,123.0391
P10158,F5,138.5704
P10158,F6,169.0037
P10158,G1,144.3703
P10158,G2,142.6021
P10158,G3,134.0955
P10158,G4,131.8579
P10158,G5,151.6842
P10158,G6,131.1981
P10158,H1,136.7189
P10158,H2,173.7302
P10158,H3,154.7953
P10158,H4,170.0113
P10158,H5,149.5848
P10158,H6,152.4645
P10159,A1,135.2462
P10159,A2,127.2053
P10159,A3,122.8534
P10159,A4,126.2337
P10159,A5,133.3773
P10159,A6,138.2893
P10159,B1,128.8319
P10159,B2,151.5519
P10159,B3,143.3805
P10159,B4,135.2657
P10159,B5,178.9408
P10159,B6,143.9273
P10159,C1,137.9835
P10159,C2,146.5410
P10159,C3,149.9993
P10159,C4,135.4011
P10159,C5,144.8878
P10159,C6,111.5397
P10159,D1,157.2308
P10159,D2,132.3857
P10159,D3,141.8757
P10159,D4,139.3263
P10159,D5,135.4494
P10159,D6,116.8492
P10159,E1,138.6313
P10159,E2,160.2781
P10159,E3,129.4067
P10159,E4,125.5709
P10159,E5,126.0472
P10159,E6,123.0446
P10159,F1,133.1892
P10159,F2,128.1853
P10159,F3,132.3580
P10159,F4,133.5997
P10159,F5,110.6930
P10159,F6,128.5614
P10159,G1,125.0249
P10159,G2,140.8941
P10159,G3,141.2174
P10159,G4,139.2813
P10159,G5,141.1654
P10159,G6,126.9611
P10159,H1,129.5218
P10159,H2,141.2814
P10159,H3,138.2726
P10159,H4,114.4972
P10159,H5,131.9600
P10159,H6,140.4319
P10160,A1,21.6594
P10160,A2,21.1183
P10160,A3,26.0234
P10160,A4,25.6887
P10160,A5,18.9330
P10160,A6,21.4687
P10160,B1,23.0749
P10160,B2,21.3579
P10160,B4,21.1462
P10160,B5,18.0867
P10160,B6,22.7969
P10160,C1,23.1083
P10160,C2,18.6454
P10160,C4,22.3102
P10160,C5,20.5916
P10160,C6,18.8642
P10160,D1,23.5849
P10160,D2,22.4606
P10160,D3,19.6291
P10160,D4,20.9110
P10160,D5,26.1783
P10160,D6,21.5192
P10160,E1,23.3970
P10160,E2,23.8114
P10160,E3,21.9616
P10160,E4,20.8586
P10160,E5,20.4708
P10160,E6,19.8491
P10160,F1,21.9602
P10160,F2,21.9179
P10160,F3,19.3187
P10160,F4,21.0505
P10160,F5,19.8183
P10160,F6,23.0364
P10160,G1,22.7235
P10160,G2,20.4496
P10160,G3,17.3522
P10160,G4,21.2395
P10160,G5,22.3091
P10160,G6,25.8894
P10160,H1,19.6950
P10160,H2,24.4324
P10160,H3,17.1022
P10160,H4,19.5017
P10160,H5,23.6717
P10160,H6,19.6401
P10161,A1,156.6517
P10161,A2,157.5269
P10161,A3,141.9852
P10161,A4,136.4668
P10161,A5,131.3943
P10161,A6,155.7186
P10161,B1,120.9348
P10161,B2,131.4545
P10161,B3,137.4918
P10161,B4,167.1243
P10161,B5,153.1667
P10161,B6,150.8635
P10161,C1,132.0537
P10161,C2,147.0385
P10161,C3,143.6233
P10161,C4,120.6859
P10161,C5,165.8875
P10161,C6,150.9563
P10161,D1,145.0581
P10161,D2,118.9291
P10161,D3,164.0294
P10161,D4,126.8374
P10161,D5,174.2993
P10161,D6,137.7223
P10161,E1,158.8321
P10161,E2,153.1568
P10161,E3,156.0433
P10161,E4,126.6082
P10161,E5,123.7439
P10161,E6,138.6589
P10161,F1,156.5715
P10161,F2,149.3401
P10161,F3,130.3043
P10161,F4,165.7184
P10161,F5,143.1612
P10161,F6,135.4100
P10161,G1,170.8927
P10161,G2,150.7762
P10161,G3,143.3820
P10161,G4,144.2982
P10161,G5,171.8265
P10161,G6,113.6342
P10161,H1,165.6433
P10161,H2,119.4425
P10161,H3,122.5262
P10161,H4,159.7464
P10161,H5,136.9487
P10161,H6,151.1891
P10162,A1,178.7774
P10162,A2,242.0411
P10162,A3,190.9721
P10162,A4,237.4796
P10162,A5,255.2203
P10162,A6,178.8719
P10162,B1,184.9373
P10162,B2,223.5474
P10162,B3,268.6921
P10162,B4,226.5052
P10162,B5,227.9152
P10162,B6,217.5333
P10162,C1,226.8277
P10162,C2,227.2852
P10162,C3,245.8216
P10162,C4,214.9613
P10162,C5,246.0448
P10162,C6,197.9024
P10162,D1,218.0259
P10162,D2,213.6802
P10162,D3,257.2680
P10162,D4,245.2716
P10162,D5,219.9550
P10162,D6,200.7918
P10162,E1,214.7719
P10162,E2,266.8337
P10162,E3,243.6741
P10162,E5,227.3328
P10162,E6,254.9314
P10162,F1,206.6036
P10162,F2,234.1105
P10162,F3,216.9047
P10162,F4,226.5142
P10162,F5,229.1869
P10162,F6,240.7160
P10162,G1,274.6813
P10162,G2,217.6908
P10162,G4,261.1064
P10162,G5,219.3907
P10162,G6,220.0277
P10162,H1,229.4944
P10162,H2,261.7336
P10162,H3,175.5521
P10162,H4,214.4281
P10162,H5,199.8242
P10162,H6,209.1632
P10163,A2,1451.6868
P10163,A3,1627.0935
P10163,A4,1603.7650
P10163,A5,1918.4197
P10163,A6,1445.6543
P10163,B1,1572.0213
P10163,B2,1919.2738
P10163,B3,1441.5594
P10163,B4,1402.6511
P10163,B5,1780.7389
P10163,B6,1508.3210
P10163,C1,1686.9375
P10163,C2,1617.0971
P10163,C3,1570.8656
P10163,C4,1461.2414
P10163,C5,1850.9958
P10163,C6,1956.4619
P10163,D1,1695.8402
P10163,D2,1815.3361
P10163,D3,1676.0786
P10163,D4,1439.6270
P10163,D5,1364.5754
P10163,D6,1620.9564
P10163,E1,1368.3734
P10163,E2,2028.6938
P10163,E3,1543.1649
P10163,E4,1643.6130
P10163,E5,1502.4341
P10163,E6,1274.7895
P10163,F1,1376.1413
P10163,F2,1487.9031
P10163,F3,1575.0049
P10163,F4,1601.8316
P10163,F5,1472.4566
P10163,F6,1534.4446
P10163,G1,1696.3286
P10163,G2,1519.0563
P10163,G3,1476.5651
P10163,G4,1585.5082
P10163,G5,1537.5678
P10163,G6,1529.4702
P10163,H1,1392.2975
P10163,H2,1778.4702
P10163,H3,1720.6949
P10163,H4,2149.1780
P10163,H5,1502.4269
P10163,H6,1701.3333
P10164,A1,659.8963
P10164,A2,712.8526
P10164,A3,652.5849
P10164,A4,677.3442
P10164,A5,700.9079
P10164,A6,683.6139
P10164,B1,713.7657
P10164,B2,812.1685
P10164,B3,759.9003
P10164,B4,665.5336
P10164,B5,692.0280
P10164,B6,699.7603
P10164,C1,780.8131
P10164,C2,672.9454
P10164,C3,703.5401
P10164,C4,741.7273
P10164,C5,700.5581
P10164,C6,645.4902
P10164,D1,815.6079
P10164,D2,673.2052
P10164,D3,666.5664
P10164,D4,636.4386
P10164,D5,792.8551
P10164,D6,552.3254
P10164,E1,677.1949
P10164,E2,686.5461
P10164,E3,643.0176
P10164,E4,669.8435
P10164,E5,732.8400
P10164,E6,893.2398
P10164,F1,689.4406
P10164,F2,733.2298
P10164,F3,746.8975
P10164,F4,650.5409
P10164,F5,650.1768
P10164,F6,835.2004
P10164,G1,705.6462
P10164,G2,668.1122
P10164,G3,619.5594
P10164,G4,724.4820
P10164,G5,638.6985
P10164,G6,859.3473
P10164,H1,737.3329
P10164,H2,632.4769
P10164,H3,801.4028
P10164,H4,698.6756
P10164,H5,719.3953
P10164,H6,729.8384
P10165,A1,89.3251
P10165,A2,78.0834
P10165,A3,106.6642
P10165,A4,70.2194
P10165,A5,87.0490
P10165,A6,88.1271
P10165,B1,56.8883
P10165,B2,44.1855
P10165,B3,47.4164
P10165,B4,111.4021
P10165,B5,104.9933
P10165,B6,117.4178
P10165,C1,74.3626
P10165,C2,67.6445
P10165,C3,86.5298
P10165,C4,54.6978
P10165,C5,52.8681
P10165,C6,60.4584
P10165,D1,24.3021
P10165,D2,24.0596
P10165,D3,24.6830
P10165,D4,121.6164
P10165,D5,100.9243
P10165,D6,100.7144
P10165,E1,81.7561
P10165,E2,83.9853
P10165,E3,89.4705
P10165,E4,54.3411
P10165,E5,56.4213
P10165,E6,66.7416
P10165,F1,27.7355
P10165,F2,28.4008
P10165,F3,30.4492
P10165,F4,137.2317
P10165,F5,133.1799
P10165,F6,119.9461
P10165,G1,71.3116
P10165,G2,65.9077
P10165,G3,46.5623
P10165,G4,31.7660
P10165,G5,30.2751
P10165,G6,29.4856
P10165,H1,7.4364
P10165,H2,6.5818
P10165,H3,6.2160
P10165,H4,112.8191
P10165,H5,118.4064
P10165,H6,119.7013
P10166,A1,308.1032
P10166,A2,320.6746
P10166,A3,288.5749
P10166,A4,310.5492
P10166,A5,323.6400
P10166,A6,405.9659
P10166,B1,303.7846
P10166,B2,312.4369
P10166,B3,256.7718
P10166,B4,293.3330
P10166,B5,359.3644
P10166,B6,414.6645
P10166,C1,308.5781
P10166,C2,330.1233
P10166,C3,266.6714
P10166,C4,297.4715
P10166,C5,331.0926
P10166,C6,440.9731
P10166,D1,330.0943
P10166,D2,349.5037
P10166,D3,331.1242
P10166,D4,303.9022
P10166,D5,303.0217
P10166,D6,290.5434
P10166,E1,298.7480
P10166,E2,289.5925
P10166,E3,328.0235
P10166,E4,356.7273
P10166,E5,370.6048
P10166,E6,294.5832
P10166,F1,319.6343
P10166,F2,281.2135
P10166,F3,372.5815
P10166,F4,342.8351
P10166,F5,346.6320
P10166,F6,352.1242
P10166,G1,299.7094
P10166,G2,305.7079
P10166,G3,329.7725
P10166,G4,376.8182
P10166,G5,314.6776
P10166,G6,380.8563
P10166,H1,323.6614
P10166,H2,310.3183
P10166,H3,300.0662
P10166,H4,333.2490
P10166,H5,350.3882
P10166,H6,373.0605
P10167,A1,61.5733
P10167,A2,65.4652
P10167,A3,68.6679
P10167,A4,59.0823
P10167,A5,68.7571
P10167,A6,57.3324
P10167,B1,56.3579
P10167,B2,65.5510
P10167,B3,66.7153
P10167,B4,57.5941
P10167,B5,63.0974
P10167,B6,53.0533
P10167,C1,70.1805
P10167,C2,55.9998
P10167,C4,67.8299
P10167,C5,71.0379
P10167,C6,71.1153
P10167,D1,56.9256
P10167,D2,53.6103
P10167,D3,53.9668
P10167,D4,69.9881
P10167,D5,53.8515
P10167,D6,59.8964
P10167,E1,62.7064
P10167,E2,60.1656
P10167,E3,84.8675
P10167,E4,51.3263
P10167,E5,70.0058
P10167,E6,61.0562
P10167,F1,67.8159
P10167,F2,70.2926
P10167,F3,51.3664
P10167,F4,55.2895
P10167,F5,64.0240
P10167,F6,61.5993
P10167,G1,65.4577
P10167,G2,60.3957
P10167,G3,60.4330
P10167,G4,50.5398
P10167,G5,58.6138
P10167,G6,68.0738
P10167,H1,69.1196
P10167,H2,56.7924
P10167,H3,73.2693
P10167,H4,61.8126
P10167,H5,77.9036
P10167,H6,56.0203
P10168,A1,320.2040
P10168,A2,256.0894
P10168,A3,385.7753
P10168,A4,321.8619
P10168,A5,408.4820
P10168,A6,354.0621
P10168,B1,322.0739
P10168,B2,383.2724
P10168,B3,351.5599
P10168,B4,334.2452
P10168,B5,304.6022
P10168,B6,312.2737
P10168,C1,282.5003
P10168,C2,319.5105
P10168,C3,294.3496
P10168,C4,342.4827
P10168,C5,348.6110
P10168,C6,243.8022
P10168,D1,268.6104
P10168,D2,281.7934
P10168,D3,381.1702
P10168,D4,344.0704
P10168,D5,335.7083
P10168,D6,365.0763
P10168,E1,336.0223
P10168,E2,324.0690
P10168,E3,288.6268
P10168,E4,353.4693
P10168,E5,283.7918
P10168,E6,335.0789
P10168,F1,320.0469
P10168,F2,340.2735
P10168,F3,322.9993
P10168,F4,331.4772
P10168,F5,338.6114
P10168,F6,345.9092
P10168,G1,381.7697
P10168,G2,366.1130
P10168,G3,302.3740
P10168,G4,326.0330
P10168,G5,304.7041
P10168,G6,280.5648
P10168,H1,299.8865
P10168,H2,337.3960
P10168,H3,382.8459
P10168,H4,303.8566
P10168,H5,355.3367
P10168,H6,333.9530
P10169,A1,160.9828
P10169,A2,153.1325
P10169,A3,150.9532
P10169,A4,151.1735
P10169,A5,148.8047
P10169,A6,153.6297
P10169,B1,184.1154
P10169,B2,147.7658
P10169,B3,141.4143
P10169,B4,159.3382
P10169,B5,136.7066
P10169,B6,152.0395
P10169,C1,166.7520
P10169,C2,162.9713
P10169,C3,158.5020
P10169,C4,169.3965
P10169,C5,158.0344
P10169,C6,165.6709
P10169,D1,186.8144
P10169,D2,145.8476
P10169,D3,184.9209
P10169,D4,160.4429
P10169,D5,148.1717
P10169,D6,188.2345
P10169,E1,161.7085
P10169,E2,176.1008
P10169,E3,175.8810
P10169,E4,165.9006
P10169,E5,145.1866
P10169,E6,137.6264
P10169,F1,198.6628
P10169,F2,131.0433
P10169,F3,171.2356
P10169,F4,133.5124
P10169,F5,162.4699
P10169,F6,153.4563
P10169,G1,163.1729
P10169,G2,155.2031
P10169,G3,188.9560
P10169,G4,163.7015
P10169,G5,165.4565
P10169,G6,123.7656
P10169,H1,178.2438
P10169,H2,173.7941
P10169,H3,150.1377
P10169,H4,153.0872
P10169,H5,176.4471
P10169,H6,153.4180
P10170,A2,215.8246
P10170,A3,187.0632
P10170,A4,211.9560
P10170,A5,235.4266
P10170,A6,169.8025
P10170,B1,184.0157
P10170,B2,203.1858
P10170,B3,209.4484
P10170,B4,189.0090
P10170,B5,191.8654
P10170,B6,195.2827
P10170,C1,200.6998
P10170,C2,201.2811
P10170,C3,250.8672
P10170,C4,235.4915
P10170,C5,228.3835
P10170,C6,288.2076
P10170,D1,199.3569
P10170,D2,203.8010
P10170,D3,221.2176
P10170,D4,192.7180
P10170,D5,180.0817
P10170,D6,206.0262
P10170,E1,243.4712
P10170,E2,195.8442
P10170,E3,213.9034
P10170,E4,219.5630
P10170,E5,182.7538
P10170,E6,273.5524
P10170,F1,196.6470
P10170,F2,200.9981
P10170,F3,234.7006
P10170,F4,199.4288
P10170,F5,196.4541
P10170,F6,220.1275
P10170,G1,206.0003
P10170,G2,227.6101
P10170,G3,224.4649
P10170,G4,199.0539
P10170,G5,182.2201
P10170,G6,273.3113
P10170,H1,237.7312
P10170,H2,230.6201
P10170,H3,219.3247
P10170,H4,235.8372
P10170,H5,248.4225
P10170,H6,213.4695
P10171,A1,316.1649
P10171,A2,265.6886
P10171,A3,276.2743
P10171,A4,315.4648
P10171,A5,305.0231
P10171,A6,335.8575
P10171,B1,304.6445
P10171,B2,283.4034
P10171,B3,249.8710
P10171,B4,301.0063
P10171,B5,316.0444
P10171,B6,245.0054
P10171,C1,298.8956
P10171,C2,257.1123
P10171,C3,264.2147
P10171,C4,285.9686
P10171,C5,288.5590
P10171,C6,297.2993
P10171,D1,354.6332
P10171,D2,315.0942
P10171,D3,294.3353
P10171,D4,274.3126
P10171,D5,317.6562
P10171,D6,263.8142
P10171,E1,264.9903
P10171,E2,198.1835
P10171,E3,276.8852
P10171,E4,290.1470
P10171,E5,286.8063
P10171,F1,249.0951
P10171,F2,296.3606
P10171,F3,274.2025
P10171,F4,323.9853
P10171,F5,356.6371
P10171,F6,284.8815
P10171,G1,215.4698
P10171,G2,268.3227
P10171,G3,257.0686
P10171,G4,266.2085
P10171,G5,297.0146
P10171,G6,349.0700
P10171,H1,292.2491
P10171,H3,236.1728
P10171,H4,261.8639
P10171,H5,300.6012
P10171,H6,252.5221
P10172,A1,497.8346
P10172,A2,586.5524
P10172,A3,494.2556
P10172,A4,418.7652
P10172,A5,490.9903
P10172,A6,483.0986
P10172,B1,504.8211
P10172,B2,530.6541
P10172,B3,562.4231
P10172,B4,508.7297
P10172,B6,477.1202
P10172,C1,453.8833
P10172,C2,424.7620
P10172,C3,484.4893
P10172,C4,493.0932
P10172,C5,485.8011
P10172,C6,435.9725
P10172,D1,480.8427
P10172,D2,501.3121
P10172,D3,448.7175
P10172,D4,386.6936
P10172,D5,490.7513
P10172,D6,409.8359
P10172,E1,512.0084
P10172,E2,466.3837
P10172,E3,447.2147
P10172,E4,375.7750
P10172,E5,440.3995
P10172,E6,502.1089
P10172,F1,498.8387
P10172,F2,360.8966
P10172,F3,461.9376
P10172,F4,582.4953
P10172,F5,455.2667
P10172,F6,484.5412
P10172,G1,403.9600
P10172,G2,426.3536
P10172,G3,457.8260
P10172,G4,530.3989
P10172,G5,484.1353
P10172,G6,534.5754
P10172,H1,503.0228
P10172,H2,454.9383
P10172,H3,473.4337
P10172,H4,491.9186
P10172,H5,545.2323
P10172,H6,435.3770
P10173,A1,351.1470
P10173,A2,362.7593
P10173,A3,337.5314
P10173,A4,315.6548
P10173,A5,328.0713
P10173,A6,389.7942
P10173,B1,361.6066
P10173,B2,321.2709
P10173,B3,308.4835
P10173,B4,214.7600
P10173,B5,337.5875
P10173,B6,323.0673
P10173,C1,345.7980
P10173,C2,369.6510
P10173,C3,336.9670
P10173,C4,299.7126
P10173,C5,330.3916
P10173,C6,297.9743
P10173,D1,335.4158
P10173,D2,353.2998
P10173,D3,313.9398
P10173,D4,391.6387
P10173,D5,344.8376
P10173,D6,289.4758
P10173,E1,361.5440
P10173,E2,311.9906
P10173,E3,323.6678
P10173,E4,334.5625
P10173,E5,255.2561
P10173,E6,300.8892
P10173,F1,310.1362
P10173,F2,380.0331
P10173,F3,336.5967
P10173,F4,343.2258
P10173,F5,333.6948
P10173,F6,357.2466
P10173,G1,303.7335
P10173,G2,341.8676
P10173,G3,331.3207
P10173,G4,340.6548
P10173,G5,318.3026
P10173,G6,377.5678
P10173,H2,325.8021
P10173,H3,283.2060
P10173,H4,302.5078
P10173,H5,331.9650
P10173,H6,309.4361
P10174,A1,188.1445
P10174,A2,205.6832
P10174,A3,177.5325
P10174,A4,209.0261
P10174,A5,209.1462
P10174,A6,207.8806
P10174,B1,219.1636
P10174,B2,182.9856
P10174,B3,238.6837
P10174,B4,215.2751
P10174,B5,208.0316
P10174,C1,220.6229
P10174,C2,219.1668
P10174,C3,189.7580
P10174,C4,224.6955
P10174,C5,222.9151
P10174,C6,230.5982
P10174,D1,335.8363
P10174,D2,335.5417
P10174,D3,313.2237
P10174,D4,177.8233
P10174,D5,158.0722
P10174,D6,179.4781
P10174,E1,182.8962
P10174,E2,187.2234
P10174,E3,216.9467
P10174,E4,230.6670
P10174,E5,219.3893
P10174,E6,189.4560
P10174,F1,244.8837
P10174,F2,207.0517
P10174,F3,271.6129
P10174,F4,204.5821
P10174,F5,176.1040
P10174,F6,168.5122
P10174,G1,214.2190
P10174,G2,203.5190
P10174,G3,183.0027
P10174,G4,236.8534
P10174,G5,252.5318
P10174,G6,265.3669
P10174,H1,293.9799
P10174,H2,355.8865
P10174,H3,324.5664
P10174,H4,152.3182
P10174,H5,183.4146
P10174,H6,155.0624
P10175,A1,1390.7891
P10175,A2,1450.9852
P10175,A3,1137.2492
P10175,A4,1169.3718
P10175,A5,1441.9959
P10175,A6,1426.9654
P10175,B1,1219.1736
P10175,B2,1303.6747
P10175,B3,1273.4489
P10175,B4,1095.2300
P10175,B5,1093.9574
P10175,B6,1300.4661
P10175,C1,1362.2017
P10175,C2,1242.2471
P10175,C3,1433.7254
P10175,C4,1160.8093
P10175,C5,1465.3768
P10175,C6,1079.7118
P10175,D1,1313.4065
P10175,D2,1056.3863
P10175,D3,1232.0007
P10175,D4,1159.3391
P10175,D5,1310.4250
P10175,D6,1404.4467
P10175,E1,1391.2397
P10175,E2,1274.7564
P10175,E3,1191.9469
P10175,E4,1115.6569
P10175,E5,1288.6343
P10175,E6,1305.9459
P10175,F1,1426.1727
P10175,F2,1236.4715
P10175,F3,1409.9972
P10175,F4,1190.0346
P10175,F5,1150.1917
P10175,F6,1076.7331
P10175,G1,1203.2313
P10175,G2,1303.3635
P10175,G3,1196.6723
P10175,G4,1197.1527
P10175,G5,1285.1505
P10175,G6,1152.1399
P10175,H1,1266.2873
P10175,H2,1408.8988
P10175,H3,1052.7829
P10175,H4,896.8610
P10175,H5,1215.3732
P10175,H6,1221.7596
P10176,A1,114.2251
P10176,A2,150.4381
P10176,A3,150.8779
P10176,A4,135.2352
P10176,A5,132.6873
P10176,A6,140.1170
P10176,B1,134.1391
P10176,B2,135.6493
P10176,B3,172.3700
P10176,B4,166.0341
P10176,B5,139.1428
P10176,B6,158.0201
P10176,C1,140.2343
P10176,C2,132.8120
P10176,C3,137.6036
P10176,C4,144.6274
P10176,C5,147.5427
P10176,C6,150.2424
P10176,D1,149.7280
P10176,D2,153.9252
P10176,D3,197.8874
P10176,D4,170.0616
P10176,D5,142.0157
P10176,D6,146.8353
P10176,E1,140.5184
P10176,E2,145.6997
P10176,E3,128.9749
P10176,E4,167.2361
P10176,E5,136.8428
P10176,E6,162.1900
P10176,F1,157.2409
P10176,F2,113.3030
P10176,F3,125.9485
P10176,F4,131.4775
P10176,F5,142.6656
P10176,F6,137.4088
P10176,G1,162.7517
P10176,G2,135.8844
P10176,G3,143.2572
P10176,G4,132.7073
P10176,G5,151.7480
P10176,G6,149.9977
P10176,H1,138.2474
P10176,H2,143.3842
P10176,H3,135.0940
P10176,H4,157.3231
P10176,H5,147.0319
P10176,H6,135.1716
P10177,A1,4044.8459
P10177,A2,4290.3671
P10177,A3,4368.6329
P10177,A4,4373.8782
P10177,A5,3455.7798
P10177,A6,4227.4781
P10177,B1,3848.2682
P10177,B2,4268.2749
P10177,B3,4317.7168
P10177,B4,5087.9552
P10177,B5,4012.9712
P10177,B6,3953.5004
P10177,C1,4291.1492
P10177,C2,3880.0909
P10177,C3,4189.8837
P10177,C4,3836.1575
P10177,C5,4029.2918
P10177,C6,4505.9021
P10177,D1,3825.0531
P10177,D2,3852.6435
P10177,D3,3517.7147
P10177,D4,4128.1803
P10177,D5,4068.5976
P10177,D6,3650.3615
P10177,E1,3983.3905
P10177,E2,4525.2911
P10177,E3,3834.5478
P10177,E4,2983.6724
P10177,E5,3590.4287
P10177,E6,4150.0276
P10177,F1,3636.9713
P10177,F2,3479.0196
P10177,F4,4122.7702
P10177,F5,4019.5206
P10177,F6,3629.9675
P10177,G1,4034.0455
P10177,G2,3324.3616
P10177,G3,4415.4707
P10177,G4,3914.3647
P10177,G5,4182.9626
P10177,G6,3698.8950
P10177,H1,4531.9800
P10177,H2,3616.9469
P10177,H3,3574.9073
P10177,H4,3405.2364
P10177,H5,3779.0070
P10177,H6,3192.6689
P10178,A1,266.7608
P10178,A2,318.7839
P10178,A3,286.9797
P10178,A4,238.2390
P10178,A5,323.2380
P10178,A6,270.6819
P10178,B1,201.3555
P10178,B2,216.0545
P10178,B3,188.9936
P10178,B4,457.2836
P10178,B5,379.1547
P10178,B6,412.5709
P10178,C1,319.6393
P10178,C2,300.4892
P10178,C3,303.6160
P10178,C4,187.7131
P10178,C5,237.7463
P10178,C6,213.5112
P10178,D1,135.8858
P10178,D2,128.6415
P10178,D3,123.6224
P10178,D4,363.7452
P10178,D5,392.7901
P10178,D6,325.7697
P10178,E1,319.1375
P10178,E2,392.2503
P10178,E3,310.5567
P10178,E4,290.4415
P10178,E5,242.6278
P10178,E6,310.9073
P10178,F1,212.5827
P10178,F2,217.3000
P10178,F3,204.8696
P10178,F4,399.4450
P10178,F5,419.0087
P10178,F6,355.7065
P10178,G1,264.9297
P10178,G2,263.6827
P10178,G3,241.3305
P10178,G4,260.2204
P10178,G5,196.8058
P10178,G6,207.1135
P10178,H1,144.6115
P10178,H2,111.3559
P10178,H3,121.2858
P10178,H4,329.4222
P10178,H5,405.6084
P10178,H6,456.6762
P10179,A1,194.4269
P10179,A2,189.5540
P10179,A3,200.8824
P10179,A4,189.7010
P10179,A5,175.1449
P10179,A6,174.0933
P10179,B1,188.4187
P10179,B2,202.6210
P10179,B3,177.7744
P10179,B4,208.3391
P10179,B5,198.5540
P10179,B6,218.8379
P10179,C1,184.6357
P10179,C2,187.9315
P10179,C3,171.9055
P10179,C4,215.2762
P10179,C5,174.5655
P10179,C6,210.2602
P10179,D1,189.7459
P10179,D2,202.4405
P10179,D3,200.1706
P10179,D4,209.5792
P10179,D5,209.0882
P10179,D6,162.5704
P10179,E1,164.5231
P10179,E2,214.3331
P10179,E3,175.5922
P10179,E4,161.5376
P10179,E5,199.8601
P10179,E6,189.2293
P10179,F1,205.4474
P10179,F2,184.3824
P10179,F3,185.7089
P10179,F4,214.6748
P10179,F5,214.1573
P10179,F6,196.9510
P10179,G2,189.9206
P10179,G3,162.1805
P10179,G4,229.1390
P10179,G5,172.2297
P10179,G6,203.3812
P10179,H1,183.6165
P10179,H2,182.1122
P10179,H3,196.5019
P10179,H4,235.1887
P10179,H5,193.9728
P10179,H6,172.2812
P10180,A1,361.9544
P10180,A2,343.9553
P10180,A3,288.5011
P10180,A4,294.5213
P10180,A5,283.3799
P10180,A6,291.3217
P10180,B1,336.5870
P10180,B2,326.1193
P10180,B3,351.6996
P10180,B4,347.7775
P10180,B5,335.7972
P10180,B6,318.8320
P10180,C1,353.7031
P10180,C2,283.8449
P10180,C3,317.3821
P10180,C4,339.0365
P10180,C5,352.9645
P10180,C6,316.6840
P10180,D1,374.2698
P10180,D2,345.0183
P10180,D3,329.9486
P10180,D4,312.5237
P10180,D5,373.4121
P10180,D6,337.9601
P10180,E1,379.3307
P10180,E2,309.2016
P10180,E3,382.9721
P10180,E4,360.6835
P10180,E6,366.6346
P10180,F1,337.7178
P10180,F2,346.4522
P10180,F3,351.2077
P10180,F4,384.0877
P10180,F5,300.8852
P10180,F6,261.0096
P10180,G1,355.2284
P10180,G2,343.9438
P10180,G3,359.7756
P10180,G4,428.2738
P10180,G5,362.2385
P10180,G6,370.6012
P10180,H1,348.2724
P10180,H2,351.9383
P10180,H3,329.7988
P10180,H4,364.2243
P10180,H5,292.3158
P10180,H6,318.8936
P10181,A1,125.8447
P10181,A2,128.2679
P10181,A3,175.6842
P10181,A4,129.2632
P10181,A5,163.1105
P10181,A6,125.9724
P10181,B1,158.3887
P10181,B2,146.2468
P10181,B3,140.2940
P10181,B4,153.5675
P10181,B5,128.6899
P10181,B6,163.7627
P10181,C1,154.2103
P10181,C2,162.5255
P10181,C3,131.1893
P10181,C4,126.4229
P10181,C5,168.6870
P10181,C6,130.6691
P10181,D1,146.8897
P10181,D2,114.8706
P10181,D3,131.7418
P10181,D4,142.5274
P10181,D5,130.6647
P10181,D6,128.8948
P10181,E1,126.8530
P10181,E2,126.2254
P10181,E3,123.8371
P10181,E4,152.3421
P10181,E5,123.6278
P10181,E6,141.3600
P10181,F1,145.0511
P10181,F2,164.9908
P10181,F3,135.7226
P10181,F4,140.9531
P10181,F5,173.4694
P10181,F6,141.7897
P10181,G1,130.8213
P10181,G2,135.6505
P10181,G3,151.0871
P10181,G4,131.4577
P10181,G5,122.7153
P10181,G6,144.8906
P10181,H1,132.7715
P10181,H2,145.0616
P10181,H3,171.5075
P10181,H4,155.2815
P10181,H5,132.9151
P10181,H6,143.8148
P10182,A1,3790.3518
P10182,A2,3451.5080
P10182,A3,4087.6701
P10182,A4,4402.4032
P10182,A5,3624.4362
P10182,A6,3460.5559
P10182,B1,3905.3148
P10182,B2,3984.6040
P10182,B3,4538.8738
P10182,B4,4081.9546
P10182,B5,3779.3622
P10182,B6,4325.6285
P10182,C1,5140.3241
P10182,C2,3901.3350
P10182,C3,4420.2899
P10182,C4,3911.6363
P10182,C5,4407.2044
P10182,C6,3833.0339
P10182,D1,3909.3568
P10182,D2,4132.7585
P10182,D3,3362.5654
P10182,D4,4287.5498
P10182,D5,4538.1764
P10182,D6,4459.0485
P10182,E1,4730.6962
P10182,E2,3657.1933
P10182,E3,4265.1855
P10182,E4,4889.9695
P10182,E5,4192.5511
P10182,E6,3742.4219
P10182,F1,4325.3100
P10182,F3,4355.6743
P10182,F4,4385.2243
P10182,F5,3692.1808
P10182,F6,3773.7392
P10182,G1,3876.0127
P10182,G2,4171.9907
P10182,G3,3561.7995
P10182,G4,4333.5990
P10182,G5,3675.5228
P10182,G6,4124.0009
P10182,H1,3953.2066
P10182,H2,4467.4313
P10182,H3,4749.3783
P10182,H4,3926.5168
P10182,H5,4558.6982
P10182,H6,3807.9095
P10183,A1,1343.8555
P10183,A2,1213.8689
P10183,A3,1162.6056
P10183,A4,1117.0152
P10183,A5,1045.3609
P10183,A6,1120.2974
P10183,B1,1470.3365
P10183,B2,1212.2415
P10183,B3,1200.6245
P10183,B4,1205.6760
P10183,B5,1122.8934
P10183,B6,1182.5027
P10183,C1,1157.1844
P10183,C2,1297.7446
P10183,C3,1150.8438
P10183,C4,1327.5312
P10183,C5,1400.3223
P10183,C6,1211.2917
P10183,D1,1068.9529
P10183,D2,1085.0848
P10183,D3,1184.4554
P10183,D4,1168.6132
P10183,D5,1029.5989
P10183,D6,1094.2265
P10183,E1,1190.9262
P10183,E2,1371.5247
P10183,E3,1027.7863
P10183,E4,1395.0676
P10183,E5,1152.3063
P10183,F1,995.3560
P10183,F2,1227.9513
P10183,F3,1325.3826
P10183,F4,1069.3478
P10183,F5,1386.4620
P10183,F6,1182.5714
P10183,G1,1387.7587
P10183,G2,1114.4133
P10183,G3,1285.2680
P10183,G4,1130.5592
P10183,G5,1226.5822
P10183,G6,1151.8785
P10183,H1,1465.7566
P10183,H2,1089.5545
P10183,H3,1255.4964
P10183,H4,1183.0443
P10183,H5,1107.5167
P10183,H6,1238.4679
P10184,A1,510.2490
P10184,A2,422.7301
P10184,A3,434.1138
P10184,A4,425.5116
P10184,A5,384.0468
P10184,A6,467.8217
P10184,B1,341.7874
P10184,B2,304.9918
P10184,B3,366.8728
P10184,B4,505.6130
P10184,B5,446.6372
P10184,B6,475.3988
P10184,C1,420.3110
P10184,C2,455.4054
P10184,C3,420.9755
P10184,C4,318.6423
P10184,C5,303.5103
P10184,C6,316.1645
P10184,D1,145.8126
P10184,D2,197.5720
P10184,D3,169.6578
P10184,D4,557.4029
P10184,D5,513.2523
P10184,D6,574.1187
P10184,E1,624.6234
P10184,E2,430.1622
P10184,E3,580.9094
P10184,E4,572.1525
P10184,E5,535.5229
P10184,E6,554.2934
P10184,F1,533.5313
P10184,F2,499.1258
P10184,F3,478.4567
P10184,F4,643.5831
P10184,F5,548.5335
P10184,F6,576.7307
P10184,G1,461.8239
P10184,G2,539.9012
P10184,G3,644.2271
P10184,G4,486.8765
P10184,G5,492.6581
P10184,G6,532.7314
P10184,H1,453.3825
P10184,H2,473.3608
P10184,H3,525.2733
P10184,H4,566.7000
P10184,H5,509.6686
P10184,H6,451.1464
P10185,A1,297.5276
P10185,A2,266.3770
P10185,A3,262.7283
P10185,A4,244.1731
P10185,A5,282.9344
P10185,A6,272.5361
P10185,B1,264.9572
P10185,B2,230.5133
P10185,B3,322.4415
P10185,B4,345.7839
P10185,B5,319.3172
P10185,B6,228.1554
P10185,C1,332.7670
P10185,C2,233.7347
P10185,C3,273.0756
P10185,C4,266.0713
P10185,C6,260.7815
P10185,D1,266.6498
P10185,D2,365.1988
P10185,D3,262.4160
P10185,D4,251.8179
P10185,D5,261.9237
P10185,D6,365.4808
P10185,E1,209.4024
P10185,E2,281.2979
P10185,E3,236.5819
P10185,E4,324.9929
P10185,E5,313.6425
P10185,E6,248.7050
P10185,F1,292.0380
P10185,F2,248.6918
P10185,F3,287.8306
P10185,F4,285.2740
P10185,F5,265.2190
P10185,F6,240.7967
P10185,G1,297.7201
P10185,G2,211.7205
P10185,G3,270.9177
P10185,G4,302.6807
P10185,G5,271.2322
P10185,G6,271.7258
P10185,H1,278.4297
P10185,H2,319.4832
P10185,H3,245.1428
P10185,H4,274.3737
P10185,H5,241.4425
P10185,H6,289.8728
P10186,A1,672.7774
P10186,A2,583.4652
P10186,A3,509.0071
P10186,A4,684.8483
P10186,A5,497.2600
P10186,A6,565.6417
P10186,B1,641.8745
P10186,B2,617.0653
P10186,B3,561.4647
P10186,B4,668.8275
P10186,B5,571.4348
P10186,B6,560.7242
P10186,C1,643.0832
P10186,C2,749.4628
P10186,C4,675.7132
P10186,C5,648.3889
P10186,C6,657.2607
P10186,D1,564.3010
P10186,D2,796.7533
P10186,D3,611.9682
P10186,D4,634.3439
P10186,D5,612.7449
P10186,D6,602.4629
P10186,E2,537.0617
P10186,E3,575.7852
P10186,E4,717.6825
P10186,E5,715.1847
P10186,E6,542.6563
P10186,F1,620.3091
P10186,F2,639.9662
P10186,F3,628.4315
P10186,F4,658.2495
P10186,F5,670.4255
P10186,F6,634.5671
P10186,G1,664.9526
P10186,G2,574.9959
P10186,G3,691.1705
P10186,G4,647.3184
P10186,G5,554.3851
P10186,G6,595.8039
P10186,H1,681.0784
P10186,H2,590.5025
P10186,H3,587.0905
P10186,H4,767.7691
P10186,H5,577.4521
P10186,H6,661.9154
P10187,A1,33.9896
P10187,A2,41.4443
P10187,A3,42.2699
P10187,A4,39.4148
P10187,A5,37.5248
P10187,A6,43.2113
P10187,B1,31.5541
P10187,B2,43.0511
P10187,B3,38.5590
P10187,B4,45.4420
P10187,B6,43.5990
P10187,C1,47.4195
P10187,C2,37.7211
P10187,C3,37.0150
P10187,C4,38.6075
P10187,C5,36.8812
P10187,C6,39.5235
P10187,D1,39.9396
P10187,D2,36.2957
P10187,D3,49.0325
P10187,D4,39.1543
P10187,D6,38.7314
P10187,E1,39.4104
P10187,E2,31.4911
P10187,E3,38.4369
P10187,E4,36.2843
P10187,E5,42.2863
P10187,E6,31.2564
P10187,F1,37.1407
P10187,F2,37.5141
P10187,F3,33.7043
P10187,F4,41.4397
P10187,F5,32.7025
P10187,F6,39.4720
P10187,G1,32.2626
P10187,G2,36.0130
P10187,G3,34.1644
P10187,G4,38.7616
P10187,G5,31.6284
P10187,G6,29.5117
P10187,H1,36.7257
P10187,H2,32.5125
P10187,H3,40.3116
P10187,H4,36.2914
P10187,H5,32.3987
P10187,H6,33.6859
P10188,A1,168.8320
P10188,A2,154.3722
P10188,A3,156.4483
P10188,A4,146.9420
P10188,A5,170.5247
P10188,A6,145.4823
P10188,B1,146.7014
P10188,B2,141.8860
P10188,B3,149.5837
P10188,B4,128.0536
P10188,B5,179.5187
P10188,B6,132.7601
P10188,C1,167.2241
P10188,C2,138.9570
P10188,C3,197.4509
P10188,C4,147.2526
P10188,C5,165.8615
P10188,C6,156.6647
P10188,D1,160.5979
P10188,D2,151.7738
P10188,D3,151.3179
P10188,D4,166.0974
P10188,D5,128.4086
P10188,D6,138.8697
P10188,E1,140.7339
P10188,E2,143.0245
P10188,E3,149.0567
P10188,E4,155.9109
P10188,E5,150.0021
P10188,E6,153.3795
P10188,F1,138.5456
P10188,F3,180.8361
P10188,F4,164.4663
P10188,F5,179.6037
P10188,F6,141.1347
P10188,G1,166.2413
P10188,G2,149.2992
P10188,G3,143.6302
P10188,G4,163.3933
P10188,G6,163.4657
P10188,H1,181.0265
P10188,H2,179.1301
P10188,H3,149.2958
P10188,H4,177.3668
P10188,H5,164.1704
P10188,H6,156.8385
P10189,A1,285.3014
P10189,A2,294.2420
P10189,A3,240.8509
P10189,A4,237.1131
P10189,A5,212.2429
P10189,A6,238.9431
P10189,B1,183.8436
P10189,B2,162.5681
P10189,B3,177.7553
P10189,B4,334.6235
P10189,B5,315.0454
P10189,B6,226.9704
P10189,C1,244.0506
P10189,C2,250.7754
P10189,C3,259.6691
P10189,C4,162.2804
P10189,C5,198.4024
P10189,C6,201.1579
P10189,D1,109.4175
P10189,D2,107.5549
P10189,D3,102.2621
P10189,D4,271.6226
P10189,D5,309.5811
P10189,D6,290.9648
P10189,E1,240.5380
P10189,E2,259.5203
P10189,E3,268.4616
P10189,E4,249.2455
P10189,E5,199.8070
P10189,F1,125.8064
P10189,F2,201.1770
P10189,F3,232.2138
P10189,F5,291.0994
P10189,F6,306.7272
P10189,G1,244.2920
P10189,G2,230.7234
P10189,G3,200.9327
P10189,G4,156.2827
P10189,G5,190.4522
P10189,G6,204.6017
P10189,H1,112.2547
P10189,H2,103.7449
P10189,H3,86.8260
P10189,H4,326.4159
P10189,H5,272.1611
P10189,H6,354.3760
P10190,A1,347.9989
P10190,A2,306.7052
P10190,A3,308.8489
P10190,A4,372.6096
P10190,A5,332.5433
P10190,A6,354.8804
P10190,B1,333.0259
P10190,B2,298.3600
P10190,B3,360.7813
P10190,B4,337.7524
P10190,B5,366.2018
P10190,B6,326.1577
P10190,C1,311.5867
P10190,C2,307.0413
P10190,C3,341.2937
P10190,C4,393.1469
P10190,C5,354.1108
P10190,C6,392.3670
P10190,D1,424.9376
P10190,D2,273.8534
P10190,D3,310.8901
P10190,D4,369.4088
P10190,D5,325.2479
P10190,D6,326.6228
P10190,E1,313.7664
P10190,E2,286.5565
P10190,E3,352.6284
P10190,E4,376.1102
P10190,E5,357.8960
P10190,E6,298.5684
P10190,F2,332.4839
P10190,F3,264.4109
P10190,F4,283.0199
P10190,F6,325.5335
P10190,G1,357.5962
P10190,G2,323.7741
P10190,G3,334.8231
P10190,G4,287.7122
P10190,G5,333.3398
P10190,G6,347.6976
P10190,H1,304.4608
P10190,H2,313.6926
P10190,H3,332.5932
P10190,H4,326.1405
P10190,H5,331.7421
P10190,H6,335.2229
P10191,A1,980.4126
P10191,A2,646.6489
P10191,A3,784.3378
P10191,A4,1100.7919
P10191,A5,1026.5167
P10191,A6,916.7446
P10191,B1,1382.1010
P10191,B2,1516.1100
P10191,B3,1397.5881
P10191,B4,689.7874
P10191,B5,696.0437
P10191,B6,603.5339
P10191,C1,984.8936
P10191,C2,941.0065
P10191,C3,1005.6205
P10191,C4,1263.2221
P10191,C5,1345.8012
P10191,C6,1438.7923
P10191,D1,2931.2628
P10191,D2,3175.0928
P10191,D3,2789.5276
P10191,D4,618.3238
P10191,D5,651.1170
P10191,D6,609.0366
P10191,E1,744.6393
P10191,E2,771.8817
P10191,E3,666.3249
P10191,E4,756.7471
P10191,E5,787.4240
P10191,E6,920.0439
P10191,F1,617.4043
P10191,F2,755.9225
P10191,F3,764.7251
P10191,F4,788.7365
P10191,F5,605.1422
P10191,F6,600.1084
P10191,G1,725.8011
P10191,G2,687.0272
P10191,G3,806.1001
P10191,G4,916.8856
P10191,G5,703.4200
P10191,G6,713.9958
P10191,H1,901.0578
P10191,H2,817.7307
P10191,H3,901.9976
P10191,H4,672.6551
P10191,H5,646.9702
P10191,H6,622.3659
P10192,A1,189.3959
P10192,A2,187.1023
P10192,A3,206.0625
P10192,A4,147.9193
P10192,A5,188.5313
P10192,A6,192.5627
P10192,B1,201.6130
P10192,B2,192.7515
P10192,B3,178.8517
P10192,B4,167.9307
P10192,B5,215.8681
P10192,B6,212.2565
P10192,C1,197.7941
P10192,C2,157.6670
P10192,C3,209.3932
P10192,C4,163.8682
P10192,C5,185.7169
P10192,C6,193.0272
P10192,D1,207.5973
P10192,D2,196.9412
P10192,D3,209.6526
P10192,D4,192.1036
P10192,D5,215.8621
P10192,D6,212.0209
P10192,E1,230.0809
P10192,E2,174.0250
P10192,E3,190.7420
P10192,E4,198.4916
P10192,E5,178.8675
P10192,E6,219.9085
P10192,F1,221.5377
P10192,F2,198.0503
P10192,F3,177.0257
P10192,F4,227.8374
P10192,F5,192.7655
P10192,F6,175.0046
P10192,G1,221.6817
P10192,G2,169.2451
P10192,G3,191.6815
P10192,G4,192.5834
P10192,G5,210.2098
P10192,G6,214.6001
P10192,H1,175.0251
P10192,H2,187.2007
P10192,H3,169.8539
P10192,H4,196.6564
P10192,H5,203.4213
P10192,H6,184.5363
P10193,A1,59.6593
P10193,A2,49.2884
P10193,A3,52.7589
P10193,A4,60.0747
P10193,A5,69.8345
P10193,A6,52.8915
P10193,B1,57.1339
P10193,B2,68.3113
P10193,B3,71.9663
P10193,B4,68.6409
P10193,B5,64.5900
P10193,B6,75.3176
P10193,C1,59.3355
P10193,C2,55.9856
P10193,C3,60.9518
P10193,C4,57.7118
P10193,C5,68.5982
P10193,C6,50.8341
P10193,D1,68.3415
P10193,D2,64.8656
P10193,D3,62.1640
P10193,D4,51.3174
P10193,D5,56.2006
P10193,D6,62.8207
P10193,E1,64.4026
P10193,E2,50.0063
P10193,E3,55.0919
P10193,E4,70.3613
P10193,E5,57.1753
P10193,E6,58.5026
P10193,F1,55.1928
P10193,F2,47.9218
P10193,F3,63.5093
P10193,F4,61.1291
P10193,F5,55.9880
P10193,F6,66.7191
P10193,G1,62.2190
P10193,G2,67.0396
P10193,G3,67.5390
P10193,G4,57.0910
P10193,G5,66.2003
P10193,H2,56.7897
P10193,H4,59.6801
P10193,H5,60.7208
P10193,H6,61.6518
P10194,A1,79.9783
P10194,A2,74.1884
P10194,A3,97.2941
P10194,A4,70.4931
P10194,A5,87.6393
P10194,A6,90.9175
P10194,B1,86.0679
P10194,B2,104.4379
P10194,B3,89.4639
P10194,B4,88.5107
P10194,B5,89.1548
P10194,B6,87.2123
P10194,C1,82.4492
P10194,C2,80.8419
P10194,C3,79.0140
P10194,C4,100.6990
P10194,C5,80.3055
P10194,C6,100.9514
P10194,D1,79.1680
P10194,D2,88.9786
P10194,D3,85.3236
P10194,D4,95.7138
P10194,D5,91.9007
P10194,D6,103.9465
P10194,E1,77.8250
P10194,E2,90.9605
P10194,E3,100.2133
P10194,E4,79.9857
P10194,E5,102.1397
P10194,E6,80.2713
P10194,F1,91.0183
P10194,F2,74.3693
P10194,F3,71.9174
P10194,F4,76.5568
P10194,F5,74.8570
P10194,F6,80.4357
P10194,G1,88.5934
P10194,G2,79.0853
P10194,G3,75.0369
P10194,G4,84.1878
P10194,G5,83.2117
P10194,G6,96.1696
P10194,H1,89.8251
P10194,H2,88.9110
P10194,H3,83.1788
P10194,H4,99.3351
P10194,H5,82.1446
P10194,H6,93.2123
P10195,A1,324.3857
P10195,A2,297.7539
P10195,A3,319.6007
P10195,A4,325.8212
P10195,A5,282.4612
P10195,A6,253.2994
P10195,B1,376.0993
P10195,B3,322.6677
P10195,B4,264.8064
P10195,B5,383.2936
P10195,B6,295.4878
P10195,C1,314.9122
P10195,C2,301.0697
P10195,C3,341.5595
P10195,C4,277.9662
P10195,C5,295.0094
P10195,C6,303.7302
P10195,D1,253.1457
P10195,D2,326.3764
P10195,D3,320.2969
P10195,D4,225.0508
P10195,D5,284.9700
P10195,D6,257.9423
P10195,E1,360.5582
P10195,E2,344.9412
P10195,E3,320.3064
P10195,E4,291.2205
P10195,E5,319.8743
P10195,E6,361.6108
P10195,F1,309.7502
P10195,F2,312.4031
P10195,F3,276.6245
P10195,F4,338.5665
P10195,F5,346.3921
P10195,F6,264.1998
P10195,G1,258.4493
P10195,G2,276.4839
P10195,G3,319.7414
P10195,G4,344.2839
P10195,G5,293.9108
P10195,G6,357.3908
P10195,H1,262.8043
P10195,H2,328.9351
P10195,H3,268.0293
P10195,H4,246.0730
P10195,H5,267.2064
P10195,H6,329.4276
P10196,A1,314.1114
P10196,A2,388.9695
P10196,A3,420.9512
P10196,A4,314.7314
P10196,A5,324.7068
P10196,A6,397.5641
P10196,B1,214.4120
P10196,B2,224.2469
P10196,B4,384.1925
P10196,B5,448.4061
P10196,B6,366.9800
P10196,C1,351.0474
P10196,C2,293.2934
P10196,C3,299.8326
P10196,C4,249.4069
P10196,C5,242.1857
P10196,C6,251.6161
P10196,D1,166.3155
P10196,D2,158.1572
P10196,D3,171.2153
P10196,D4,403.7266
P10196,D5,359.1724
P10196,D6,409.4169
P10196,E1,412.7232
P10196,E2,497.1294
P10196,E3,423.0226
P10196,E4,379.4803
P10196,E5,398.3142
P10196,E6,440.1196
P10196,F1,370.5233
P10196,F2,362.3272
P10196,F3,393.3112
P10196,F4,478.0636
P10196,F5,430.5993
P10196,F6,330.0704
P10196,G1,380.1954
P10196,G2,395.1239
P10196,G3,364.4272
P10196,G4,338.0308
P10196,G5,408.5324
P10196,G6,339.8031
P10196,H1,315.8592
P10196,H2,425.6747
P10196,H3,279.5878
P10196,H4,475.3755
P10196,H5,440.0985
P10196,H6,384.2858
P10197,A1,3950.1314
P10197,A2,4471.2784
P10197,A3,4484.1387
P10197,A4,4459.1640
P10197,A5,4302.6196
P10197,A6,4133.8274
P10197,B1,4612.0822
P10197,B2,4665.8008
P10197,B3,5188.7043
P10197,B4,4673.3895
P10197,B5,4352.6577
P10197,B6,4666.5516
P10197,C1,4095.5025
P10197,C2,5039.5316
P10197,C3,3793.4600
P10197,C4,3586.7863
P10197,C5,4483.2040
P10197,C6,3846.0796
P10197,D1,4493.8274
P10197,D2,4181.0928
P10197,D3,4785.0377
P10197,D4,4491.0113
P10197,D5,4011.2387
P10197,D6,4486.1589
P10197,E1,4031.8408
P10197,E2,3289.0713
P10197,E3,4225.0694
P10197,E4,3835.5567
P10197,E5,4484.8921
P10197,E6,4460.6536
P10197,F1,3870.4083
P10197,F2,4693.7305
P10197,F3,3895.7088
P10197,F4,4217.6382
P10197,F5,4140.7843
P10197,F6,3787.4255
P10197,G1,3877.4580
P10197,G2,4277.8707
P10197,G3,4491.1363
P10197,G4,4693.9689
P10197,G5,4637.9887
P10197,G6,4149.7259
P10197,H1,4421.1127
P10197,H2,4966.8059
P10197,H3,4351.0166
P10197,H4,4502.7497
P10197,H5,3953.8771
P10197,H6,4673.0209
P10198,A1,159.2331
P10198,A2,139.8712
P10198,A3,128.5674
P10198,A4,173.2876
P10198,A5,142.1866
P10198,A6,152.8421
P10198,B1,165.7229
P10198,B2,114.2099
P10198,B3,134.2174
P10198,B4,127.2378
P10198,B5,185.5912
P10198,B6,133.9104
P10198,C1,135.8046
P10198,C2,120.4222
P10198,C3,118.6687
P10198,C4,136.7037
P10198,C5,138.0401
P10198,C6,137.4159
P10198,D1,134.8564
P10198,D2,135.3715
P10198,D3,148.2007
P10198,D4,176.8316
P10198,D5,158.6303
P10198,D6,139.4081
P10198,E1,153.4369
P10198,E2,149.2828
P10198,E3,143.1179
P10198,E4,135.8200
P10198,E6,158.9518
P10198,F1,156.2830
P10198,F2,177.0740
P10198,F3,142.4877
P10198,F4,158.7160
P10198,F5,144.2554
P10198,F6,137.4405
P10198,G1,131.9092
P10198,G2,169.8014
P10198,G3,127.4414
P10198,G4,125.4316
P10198,G5,146.7240
P10198,H1,159.2410
P10198,H2,154.3049
P10198,H3,145.7308
P10198,H4,133.3367
P10198,H5,182.9938
P10198,H6,149.1249
P10199,A1,93.8296
P10199,A2,91.0914
P10199,A3,104.8591
P10199,A4,83.7066
P10199,A5,86.8100
P10199,A6,111.1856
P10199,B1,111.3652
P10199,B2,95.6426
P10199,B3,97.6427
P10199,B4,115.3701
P10199,B5,102.4244
P10199,B6,98.2952
P10199,C1,104.3594
P10199,C2,89.4779
P10199,C3,82.5384
P10199,C4,101.9649
P10199,C5,105.4434
P10199,C6,103.3673
P10199,D1,103.6293
P10199,D2,93.3849
P10199,D3,78.5567
P10199,D4,96.0218
P10199,D5,97.3400
P10199,D6,97.2002
P10199,E1,93.6991
P10199,E2,87.3126
P10199,E3,101.6392
P10199,E4,102.2330
P10199,E5,91.7371
P10199,E6,93.2276
P10199,F1,104.3018
P10199,F2,94.8162
P10199,F3,91.1653
P10199,F4,98.6600
P10199,F5,101.2053
P10199,F6,108.4207
P10199,G1,112.1323
P10199,G2,99.4620
P10199,G3,85.8172
P10199,G4,96.9147
P10199,G5,98.1184
P10199,G6,108.0417
P10199,H1,91.5394
P10199,H2,86.2200
P10199,H3,98.6944
P10199,H4,91.9676
P10199,H5,92.2165
P10199,H6,99.5842
P10200,A1,15.5816
P10200,A2,13.8462
P10200,A3,14.4321
P10200,A4,15.4065
P10200,A5,15.1508
P10200,A6,15.5840
P10200,B1,13.3273
P10200,B2,12.9917
P10200,B3,13.9440
P10200,B4,14.8234
P10200,B5,12.0819
P10200,B6,13.9157
P10200,C1,13.7828
P10200,C2,17.0180
P10200,C3,14.1652
P10200,C4,14.5108
P10200,C5,14.2406
P10200,C6,12.9666
P10200,D1,14.0473
P10200,D2,15.2956
P10200,D3,9.5840
P10200,D4,15.3757
P10200,D5,14.9790
P10200,D6,13.3046
P10200,E1,15.3462
P10200,E2,13.6910
P10200,E3,13.8477
P10200,E4,13.9916
P10200,E5,13.5157
P10200,E6,15.6297
P10200,F1,13.9628
P10200,F2,15.1663
P10200,F3,14.9167
P10200,F5,14.8196
P10200,G1,14.0736
P10200,G2,13.5802
P10200,G3,14.4117
P10200,G4,13.1817
P10200,G5,14.4535
P10200,G6,12.7413
P10200,H1,14.6061
P10200,H2,13.8075
P10200,H3,14.3024
P10200,H4,13.7810
P10200,H5,17.1028
P10200,H6,15.7176
P10201,A1,954.0643
P10201,A2,1156.0772
P10201,A3,1106.4942
P10201,A4,1131.1466
P10201,A5,1205.1438
P10201,A6,1025.0676
P10201,B1,1217.6816
P10201,B2,1421.3330
P10201,B3,1006.3433
P10201,B4,1292.3267
P10201,B5,929.7407
P10201,B6,1237.5897
P10201,C1,978.5578
P10201,C2,1090.5575
P10201,C3,985.3607
P10201,C4,1300.1899
P10201,C5,927.3983
P10201,C6,1225.1141
P10201,D1,1284.2735
P10201,D2,1033.4019
P10201,D3,1049.2422
P10201,D4,1004.0526
P10201,D5,1029.2461
P10201,D6,958.2620
P10201,E1,1266.5327
P10201,E2,1364.6119
P10201,E3,933.5926
P10201,E4,1045.2075
P10201,E5,1230.0576
P10201,E6,1362.3736
P10201,F1,1242.7932
P10201,F2,1186.2345
P10201,F4,936.8696
P10201,F5,883.5805
P10201,F6,1234.2081
P10201,G1,1071.5535
P10201,G2,1424.3046
P10201,G3,1303.3163
P10201,G4,1266.4049
P10201,G5,1084.9857
P10201,G6,1285.6604
P10201,H1,1103.1689
P10201,H2,1158.7191
P10201,H3,963.4521
P10201,H4,1206.7281
P10201,H5,1077.6177
P10201,H6,1080.8670
P10202,A1,3466.6529
P10202,A2,3420.1767
P10202,A3,3324.1811
P10202,A4,4031.0113
P10202,A5,4161.8800
P10202,A6,3573.2045
P10202,B2,3546.6329
P10202,B3,3720.5876
P10202,B4,3722.3285
P10202,B5,3503.6044
P10202,B6,3209.8857
P10202,C1,3140.0781
P10202,C2,4120.3157
P10202,C3,3181.7879
P10202,C4,3990.2010
P10202,C5,3158.9659
P10202,C6,3537.3133
P10202,D1,3869.2276
P10202,D2,3405.5663
P10202,D3,3404.9396
P10202,D4,4271.6189
P10202,D5,3302.5366
P10202,D6,2570.2000
P10202,E1,3836.7216
P10202,E2,3758.1816
P10202,E3,3646.1865
P10202,E4,3285.0366
P10202,E5,3820.5635
P10202,E6,3176.7638
P10202,F1,3802.6114
P10202,F2,3588.6144
P10202,F3,4272.7846
P10202,F4,3637.2361
P10202,F5,3950.4382
P10202,F6,3965.0384
P10202,G1,3260.5484
P10202,G2,4034.0473
P10202,G3,3711.7375
P10202,G4,3911.6954
P10202,G5,3735.0069
P10202,G6,3575.9121
P10202,H1,4297.7053
P10202,H2,3739.1547
P10202,H3,3578.3565
P10202,H4,3253.9548
P10202,H5,3548.8352
P10202,H6,3455.0788
P10203,A1,465.3319
P10203,A2,507.6077
P10203,A3,430.4726
P10203,A4,367.9217
P10203,A5,388.9080
P10203,A6,403.0944
P10203,B1,417.0936
P10203,B2,395.3309
P10203,B3,391.3437
P10203,B4,466.5039
P10203,B5,413.4671
P10203,B6,515.6425
P10203,C1,623.3798
P10203,C2,479.3825
P10203,C3,371.1209
P10203,C4,419.1222
P10203,C5,536.2801
P10203,C6,507.9239
P10203,D1,423.1615
P10203,D2,443.4168
P10203,D3,533.1167
P10203,D4,405.2661
P10203,D5,545.7898
P10203,D6,395.2586
P10203,E1,418.4978
P10203,E2,445.8543
P10203,E3,422.2152
P10203,E4,357.0660
P10203,E5,430.7384
P10203,E6,367.8050
P10203,F1,374.8510
P10203,F2,503.7687
P10203,F3,412.1350
P10203,F4,449.4261
P10203,F5,408.7093
P10203,F6,453.2215
P10203,G1,401.4991
P10203,G2,400.2735
P10203,G3,456.3738
P10203,G4,501.2762
P10203,G5,457.8438
P10203,G6,441.0988
P10203,H1,438.8923
P10203,H2,416.3845
P10203,H3,412.2727
P10203,H4,445.2765
P10203,H5,469.7213
P10203,H6,538.3881
P10204,A1,317.6050
P10204,A2,329.8589
P10204,A3,319.2389
P10204,A4,330.0030
P10204,A5,414.4791
P10204,A6,331.3746
P10204,B1,348.7649
P10204,B2,368.7490
P10204,B3,341.7324
P10204,B4,374.5498
P10204,B5,327.2599
P10204,B6,323.6656
P10204,C1,268.2922
P10204,C2,317.9398
P10204,C3,316.0318
P10204,C4,344.1343
P10204,C5,415.3462
P10204,C6,340.1327
P10204,D1,296.5691
P10204,D2,304.9129
P10204,D3,303.5053
P10204,D4,319.6151
P10204,D5,297.1846
P10204,D6,334.5351
P10204,E1,339.0219
P10204,E2,344.7544
P10204,E3,336.7015
P10204,E4,295.6520
P10204,E5,335.5364
P10204,E6,349.7917
P10204,F1,348.6648
P10204,F2,296.2371
P10204,F3,312.4578
P10204,F4,341.6097
P10204,F5,385.0937
P10204,F6,354.6727
P10204,G1,379.5461
P10204,G2,320.0447
P10204,G3,346.4397
P10204,G4,379.2910
P10204,G5,302.9019
P10204,G6,349.5544
P10204,H1,408.2809
P10204,H2,337.4894
P10204,H3,319.3475
P10204,H4,317.0063
P10204,H5,305.9613
P10204,H6,331.8259
P10205,A1,293.7921
P10205,A2,252.3308
P10205,A3,270.3783
P10205,A4,278.9796
P10205,A5,270.5097
P10205,A6,280.1394
P10205,B1,237.5208
P10205,B2,281.2850
P10205,B3,238.4256
P10205,B4,241.1170
P10205,B5,276.7721
P10205,B6,280.8521
P10205,C1,297.7417
P10205,C2,284.8270
P10205,C3,280.4981
P10205,C4,277.4122
P10205,C5,244.5335
P10205,C6,302.9939
P10205,D1,252.4247
P10205,D3,294.4000
P10205,D4,284.3110
P10205,D5,252.0879
P10205,D6,280.2891
P10205,E1,302.9127
P10205,E2,252.3636
P10205,E3,295.9857
P10205,E4,293.7965
P10205,E5,243.2806
P10205,E6,274.2004
P10205,F1,262.1050
P10205,F2,268.8903
P10205,F3,257.8898
P10205,F4,369.3267
P10205,F5,234.4161
P10205,F6,265.6194
P10205,G1,282.3339
P10205,G2,249.3388
P10205,G3,274.9543
P10205,G4,299.2344
P10205,G5,300.8019
P10205,G6,281.5757
P10205,H1,306.3750
P10205,H2,265.6728
P10205,H3,301.7646
P10205,H4,302.0178
P10205,H5,293.1349
P10205,H6,295.1102
P10206,A1,2348.1207
P10206,A2,2048.8432
P10206,A3,1879.3919
P10206,A4,2083.1623
P10206,A5,2088.8363
P10206,A6,2018.2749
P10206,B1,1241.6334
P10206,B2,1378.7152
P10206,B3,1750.2644
P10206,B4,2790.9024
P10206,B5,2888.4212
P10206,B6,2692.1018
P10206,C1,2089.7717
P10206,C2,1919.0005
P10206,C3,1817.7773
P10206,C4,1732.7765
P10206,C5,1532.2836
P10206,C6,1701.3121
P10206,D1,1113.8778
P10206,D2,1198.4703
P10206,D3,1096.0226
P10206,D4,2655.0869
P10206,D5,2997.8620
P10206,D6,2875.8015
P10206,E1,2047.2583
P10206,E2,2185.0742
P10206,E3,2296.3792
P10206,E4,2014.6394
P10206,E5,1660.5781
P10206,E6,2167.9867
P10206,F1,1153.6144
P10206,F2,1273.6460
P10206,F3,1132.5362
P10206,F4,2709.0474
P10206,F5,2328.9618
P10206,F6,2430.3018
P10206,G1,1654.9648
P10206,G2,1549.7792
P10206,G3,1373.7153
P10206,G4,1216.3008
P10206,G5,1255.6706
P10206,G6,1068.5764
P10206,H1,579.1561
P10206,H2,412.8212
P10206,H3,531.6781
P10206,H4,2523.1668
P10206,H5,2668.6826
P10206,H6,3018.0965
P10207,A1,91.3928
P10207,A2,103.2147
P10207,A3,112.8060
P10207,A4,93.6450
P10207,A5,92.8391
P10207,A6,95.2934
P10207,B1,54.6117
P10207,B2,43.1985
P10207,B3,55.1150
P10207,B4,122.7579
P10207,B5,123.4675
P10207,B6,132.6628
P10207,C1,77.3182
P10207,C2,70.9193
P10207,C3,80.5614
P10207,C4,56.7692
P10207,C5,59.2179
P10207,C6,65.5372
P10207,D1,37.4155
P10207,D2,30.3206
P10207,D3,29.0282
P10207,D4,119.3319
P10207,D5,117.5898
P10207,D6,148.8542
P10207,E1,76.1578
P10207,E2,95.4173
P10207,E3,100.3107
P10207,E4,87.4067
P10207,E5,96.7352
P10207,E6,79.8011
P10207,F1,53.6830
P10207,F2,63.4140
P10207,F3,48.9508
P10207,F4,132.8983
P10207,F5,133.3892
P10207,F6,122.3987
P10207,G1,105.8120
P10207,G2,75.7379
P10207,G3,98.1134
P10207,G4,56.1762
P10207,G5,62.1175
P10207,G6,54.2305
P10207,H1,28.1086
P10207,H2,24.8267
P10207,H3,28.5276
P10207,H4,109.5893
P10207,H5,110.3215
P10207,H6,123.1457
P10208,A1,3518.5715
P10208,A2,3055.5113
P10208,A3,2903.5869
P10208,A4,3239.8658
P10208,A5,2771.1770
P10208,A6,2492.5360
P10208,B1,2586.1741
P10208,B2,3349.6318
P10208,B3,2765.1352
P10208,B4,2302.7947
P10208,B5,2786.9095
P10208,B6,3081.5327
P10208,C1,2673.1580
P10208,C2,2764.0435
P10208,C3,2539.0740
P10208,C4,2806.7231
P10208,C5,3460.1126
P10208,C6,3698.9348
P10208,D1,2965.5987
P10208,D2,2549.5753
P10208,D3,3203.2984
P10208,D4,3102.4388
P10208,D5,3282.9570
P10208,D6,3430.1756
P10208,E1,2982.3127
P10208,E2,2593.4436
P10208,E3,3211.0929
P10208,E4,2689.4100
P10208,E5,2830.6308
P10208,E6,3299.8844
P10208,F1,3147.7735
P10208,F2,3228.9265
P10208,F3,2810.4709
P10208,F4,3025.6284
P10208,F5,3005.3436
P10208,F6,2778.1590
P10208,G1,2833.2566
P10208,G2,2644.7180
P10208,G3,3667.9818
P10208,G4,2918.3870
P10208,G5,3156.3864
P10208,G6,2623.8563
P10208,H1,2732.7409
P10208,H2,3191.5934
P10208,H3,2877.4350
P10208,H4,2579.5411
P10208,H5,2858.0414
P10208,H6,2604.5088
P10209,A1,1391.1570
P10209,A2,1129.2524
P10209,A3,1356.9190
P10209,A4,1349.3505
P10209,A5,1194.9592
P10209,A6,1403.0940
P10209,B1,1394.9409
P10209,B2,1280.1948
P10209,B3,1430.1668
P10209,B4,1194.4908
P10209,B5,1398.5199
P10209,B6,1299.8827
P10209,C1,1223.8550
P10209,C2,1440.7587
P10209,C3,1231.8186
P10209,C4,1318.6573
P10209,C5,1579.6215
P10209,C6,1588.5732
P10209,D1,1426.3837
P10209,D2,1095.0968
P10209,D3,1180.0851
P10209,D4,1351.1823
P10209,D5,1266.7235
P10209,D6,1519.8814
P10209,E1,1402.9121
P10209,E2,1375.1083
P10209,E3,1186.6170
P10209,E4,1283.0271
P10209,E5,1529.2075
P10209,E6,1223.2772
P10209,F1,1294.2057
P10209,F2,1300.2069
P10209,F3,1266.5616
P10209,F4,1523.5210
P10209,F5,1358.7347
P10209,F6,1409.1438
P10209,G1,1209.0244
P10209,G2,1417.9849
P10209,G3,1249.0508
P10209,G4,1213.8525
P10209,G5,1417.0107
P10209,G6,1246.1822
P10209,H1,1407.5829
P10209,H2,1193.5658
P10209,H3,1378.9354
P10209,H4,1219.7407
P10209,H5,1315.3057
P10209,H6,1373.4955
P10210,A1,1925.8508
P10210,A2,1984.3509
P10210,A3,2366.9331
P10210,A4,2784.2354
P10210,A5,2700.7048
P10210,A6,3043.2343
P10210,B1,4140.1735
P10210,B2,4518.5385
P10210,B3,4433.0509
P10210,B4,2050.9174
P10210,B5,1889.0229
P10210,B6,2043.9260
P10210,C1,2451.5500
P10210,C2,2555.1274
P10210,C3,2989.6837
P10210,C4,3401.8771
P10210,C5,4595.0448
P10210,C6,4181.9800
P10210,D1,8595.1758
P10210,D3,8633.2055
P10210,D4,2004.6132
P10210,D5,2027.6874
P10210,D6,1629.9449
P10210,E1,2026.9185
P10210,E2,2224.2114
P10210,E3,2281.8731
P10210,E4,2672.4523
P10210,E5,2980.3223
P10210,E6,2580.2267
P10210,F1,4509.2712
P10210,F2,3813.4785
P10210,F3,3845.2199
P10210,F4,1751.3850
P10210,F5,2075.9180
P10210,F6,1753.9256
P10210,G1,2666.1545
P10210,G2,2789.3701
P10210,G3,2838.5609
P10210,G4,3638.5934
P10210,G5,4694.0783
P10210,G6,4155.2524
P10210,H1,11227.6391
P10210,H2,11188.6076
P10210,H3,9701.5366
P10210,H4,2065.2720
P10210,H5,1824.9898
P10210,H6,1822.3654
P10211,A1,182.7650
P10211,A2,200.9441
P10211,A3,192.1753
P10211,A4,217.1854
P10211,A5,226.6455
P10211,A6,172.2573
P10211,B1,215.9355
P10211,B2,188.7953
P10211,B3,217.2484
P10211,B4,195.4689
P10211,B5,225.0598
P10211,B6,207.9103
P10211,C1,234.7474
P10211,C2,156.3503
P10211,C3,224.2850
P10211,C4,262.0971
P10211,C5,151.9392
P10211,C6,169.1781
P10211,D1,237.7482
P10211,D2,190.0725
P10211,D3,201.1194
P10211,D4,199.0157
P10211,D5,235.6980
P10211,D6,182.7967
P10211,E1,192.4894
P10211,E2,208.6100
P10211,E3,175.6108
P10211,E4,182.4350
P10211,E5,208.5446
P10211,E6,186.2803
P10211,F1,200.4026
P10211,F2,203.7612
P10211,F3,189.5671
P10211,F4,240.4566
P10211,F5,187.6523
P10211,F6,186.4593
P10211,G1,207.5324
P10211,G2,220.8931
P10211,G3,183.2364
P10211,G4,208.2013
P10211,G5,193.7355
P10211,G6,209.4149
P10211,H1,209.1963
P10211,H2,227.5361
P10211,H3,202.9126
P10211,H4,253.8971
P10211,H5,203.3996
P10211,H6,203.2405
P10212,A1,482.8548
P10212,A2,498.9710
P10212,A3,456.0384
P10212,A4,546.4895
P10212,A5,539.3920
P10212,A6,498.3370
P10212,B1,604.5131
P10212,B2,459.0842
P10212,B3,515.7861
P10212,B4,549.2839
P10212,B5,569.6359
P10212,B6,465.0447
P10212,C1,660.4722
P10212,C2,503.3462
P10212,C3,583.2589
P10212,C4,421.2232
P10212,C5,476.1734
P10212,C6,403.4170
P10212,D1,596.2536
P10212,D2,555.5322
P10212,D3,507.2602
P10212,D4,526.4375
P10212,D5,451.9332
P10212,D6,447.0538
P10212,E1,460.0600
P10212,E3,530.4004
P10212,E4,530.4271
P10212,E5,461.8828
P10212,E6,489.4286
P10212,F1,449.9806
P10212,F2,633.7043
P10212,F3,521.4440
P10212,F4,557.8833
P10212,F5,584.2077
P10212,F6,485.5714
P10212,G1,477.4651
P10212,G2,583.3417
P10212,G3,502.1755
P10212,G4,380.0789
P10212,G5,601.7101
P10212,G6,589.1545
P10212,H1,584.4884
P10212,H2,583.7357
P10212,H3,542.4034
P10212,H4,562.3690
P10212,H5,572.4364
P10212,H6,525.5528
P10213,A1,102.0227
P10213,A2,89.3066
P10213,A3,102.2385
P10213,A4,83.7071
P10213,A5,83.3314
P10213,A6,89.4561
P10213,B1,100.9633
P10213,B2,91.1777
P10213,B3,75.1056
P10213,B4,85.8751
P10213,B5,89.1966
P10213,B6,99.5877
P10213,C1,81.1058
P10213,C2,101.4946
P10213,C3,103.4338
P10213,C4,108.6634
P10213,C5,96.7216
P10213,C6,92.6992
P10213,D1,101.6436
P10213,D2,116.3111
P10213,D3,102.4579
P10213,D4,97.4396
P10213,D5,88.4105
P10213,D6,108.5374
P10213,E1,118.3331
P10213,E2,110.1140
P10213,E3,98.2894
P10213,E4,101.4310
P10213,E5,79.9358
P10213,E6,96.2327
P10213,F1,83.8072
P10213,F2,96.5333
P10213,F3,98.2772
P10213,F4,94.9256
P10213,F5,106.4943
P10213,F6,91.1289
P10213,G1,105.0584
P10213,G2,86.6274
P10213,G3,82.2291
P10213,G4,113.3474
P10213,G5,109.5052
P10213,G6,101.0273
P10213,H1,85.9996
P10213,H2,90.5543
P10213,H3,110.5771
P10213,H4,99.6268
P10213,H5,97.1667
P10213,H6,114.5774
P10214,A1,74.5573
P10214,A2,82.1485
P10214,A3,78.9871
P10214,A4,50.4768
P10214,A5,67.6187
P10214,A6,65.3966
P10214,B1,37.4838
P10214,B2,44.5594
P10214,B3,45.8560
P10214,B4,70.8355
P10214,B5,74.1056
P10214,B6,86.1744
P10214,C1,58.6782
P10214,C2,57.6813
P10214,C3,59.0537
P10214,C4,39.8062
P10214,C5,42.1174
P10214,C6,46.6378
P10214,D1,16.5298
P10214,D2,17.1732
P10214,D3,18.5164
P10214,D4,83.1357
P10214,D5,85.2205
P10214,D6,86.9716
P10214,E1,61.9929
P10214,E2,71.9826
P10214,E3,58.7778
P10214,E4,36.8275
P10214,E5,37.9216
P10214,E6,46.1903
P10214,F1,24.7154
P10214,F3,22.1792
P10214,F4,93.4100
P10214,F5,77.7621
P10214,F6,80.6234
P10214,G1,46.8911
P10214,G2,43.1438
P10214,G3,41.2892
P10214,G4,22.8604
P10214,G5,23.0965
P10214,G6,25.3279
P10214,H1,6.1156
P10214,H3,5.3261
P10214,H4,75.0107
P10214,H5,83.2793
P10214,H6,92.2634
P10215,A1,181.5463
P10215,A2,224.2116
P10215,A3,196.9090
P10215,A4,197.5536
P10215,A5,177.8916
P10215,A6,157.3626
P10215,B1,167.3879
P10215,B2,189.9638
P10215,B3,193.6545
P10215,B4,178.4993
P10215,B5,166.6652
P10215,B6,164.9216
P10215,C1,176.4729
P10215,C2,215.7217
P10215,C4,188.3920
P10215,C5,194.7227
P10215,C6,189.0407
P10215,D1,162.6609
P10215,D2,194.7632
P10215,D3,173.2222
P10215,D4,183.8044
P10215,D5,195.1826
P10215,D6,199.6521
P10215,E1,185.2224
P10215,E2,182.3349
P10215,E3,203.3374
P10215,E4,167.5376
P10215,E5,209.5860
P10215,E6,188.5788
P10215,F1,175.3676
P10215,F2,184.5905
P10215,F3,177.2633
P10215,F4,218.0801
P10215,F5,190.8543
P10215,F6,197.4553
P10215,G1,175.7715
P10215,G2,169.3408
P10215,G3,196.2017
P10215,G4,183.9240
P10215,G5,196.6899
P10215,G6,187.1667
P10215,H1,159.6516
P10215,H2,185.3088
P10215,H3,173.9155
P10215,H4,191.0172
P10215,H5,206.1646
P10215,H6,164.0212
P10216,A1,994.1359
P10216,A2,878.0990
P10216,A3,934.5622
P10216,A4,806.6665
P10216,A5,825.7402
P10216,A6,869.0783
P10216,B1,766.9042
P10216,B2,739.5821
P10216,B3,838.7949
P10216,B4,929.2174
P10216,B5,797.5188
P10216,B6,898.0557
P10216,C1,710.5876
P10216,C2,888.1128
P10216,C3,741.6724
P10216,C4,852.1627
P10216,C5,938.7024
P10216,C6,864.4101
P10216,D1,683.1643
P10216,D3,825.9763
P10216,D5,846.5952
P10216,D6,881.3755
P10216,E1,778.8845
P10216,E2,874.8934
P10216,E3,756.0491
P10216,E4,838.7383
P10216,E5,796.9135
P10216,E6,825.6394
P10216,F1,807.2643
P10216,F2,712.5127
P10216,F3,865.6339
P10216,F4,785.8466
P10216,F5,775.6458
P10216,F6,851.4845
P10216,G2,834.6010
P10216,G3,855.0971
P10216,G4,717.5117
P10216,G5,807.3701
P10216,G6,768.1209
P10216,H1,778.5192
P10216,H2,1036.2371
P10216,H3,886.5488
P10216,H4,952.9200
P10216,H5,848.0515
P10216,H6,860.8658
P10217,A1,2293.9840
P10217,A2,2407.7398
P10217,A3,2330.6515
P10217,A4,2457.5612
P10217,A5,2620.3356
P10217,A6,2346.2532
P10217,B1,2939.7437
P10217,B2,2297.0755
P10217,B3,2538.3915
P10217,B4,3038.5043
P10217,B5,2472.0591
P10217,B6,2737.1849
P10217,C1,2855.9126
P10217,C2,2325.8458
P10217,C3,2470.6853
P10217,C4,2223.5836
P10217,C5,2300.6720
P10217,C6,2734.7776
P10217,D1,2272.1656
P10217,D4,2354.9353
P10217,D5,2504.0401
P10217,D6,2171.6016
P10217,E1,2557.1507
P10217,E2,2621.9213
P10217,E3,2263.4287
P10217,E4,2578.8412
P10217,E5,2508.9905
P10217,E6,2131.0866
P10217,F1,2607.2126
P10217,F2,2605.2736
P10217,F3,2644.1689
P10217,F4,2162.5989
P10217,F5,2795.9674
P10217,F6,2447.9288
P10217,G1,2633.7541
P10217,G2,1991.3181
P10217,G3,2488.7738
P10217,G4,2156.5070
P10217,G5,2743.5531
P10217,G6,2158.0688
P10217,H1,2718.1502
P10217,H2,2395.9330
P10217,H3,2363.1559
P10217,H4,1944.1822
P10217,H5,2345.6735
P10217,H6,3012.3632
P10218,A1,98.7102
P10218,A2,97.5926
P10218,A3,99.1670
P10218,A4,122.1517
P10218,A5,106.2715
P10218,A6,114.1162
P10218,B1,80.0278
P10218,B2,120.8717
P10218,B3,106.5473
P10218,B4,97.2734
P10218,B5,112.4781
P10218,B6,89.3743
P10218,C1,120.2570
P10218,C2,102.0581
P10218,C3,109.7427
P10218,C4,127.8208
P10218,C5,86.6383
P10218,C6,80.9695
P10218,D1,108.6707
P10218,D2,98.0775
P10218,D3,99.1761
P10218,D4,99.0434
P10218,D5,111.8263
P10218,D6,113.2417
P10218,E1,108.9316
P10218,E2,88.3065
P10218,E3,120.2964
P10218,E4,97.3769
P10218,E5,96.3514
P10218,E6,107.5635
P10218,F1,90.4875
P10218,F2,122.1753
P10218,F3,113.3139
P10218,F4,91.2053
P10218,F5,95.5999
P10218,F6,112.0244
P10218,G1,109.7387
P10218,G2,101.0762
P10218,G3,117.8209
P10218,G4,81.5440
P10218,G5,95.4503
P10218,G6,96.0824
P10218,H1,127.9709
P10218,H2,108.5310
P10218,H3,106.9488
P10218,H4,116.4611
P10218,H5,97.1288
P10218,H6,114.0934
P10219,A1,106.6834
P10219,A2,81.2644
P10219,A3,75.4298
P10219,A4,89.4736
P10219,A5,98.3525
P10219,A6,83.7530
P10219,B1,80.2112
P10219,B2,83.6216
P10219,B3,81.4889
P10219,B4,79.2611
P10219,B5,66.8363
P10219,B6,89.4295
P10219,C1,78.2320
P10219,C2,76.0699
P10219,C3,70.9570
P10219,C4,91.0123
P10219,C5,88.9816
P10219,C6,77.4536
P10219,D1,93.7231
P10219,D2,67.0754
P10219,D3,84.6537
P10219,D4,83.2440
P10219,D5,86.7586
P10219,E1,88.5086
P10219,E2,81.1544
P10219,E3,84.0889
P10219,E4,82.3934
P10219,E5,68.6013
P10219,E6,89.7456
P10219,F1,78.4441
P10219,F2,93.7238
P10219,F3,92.3257
P10219,F4,79.6563
P10219,F5,91.7521
P10219,F6,83.4966
P10219,G1,71.5602
P10219,G2,65.5214
P10219,G3,87.7920
P10219,G4,74.5240
P10219,G5,87.0867
P10219,G6,68.4964
P10219,H1,89.8285
P10219,H3,70.2800
P10219,H4,84.3146
P10219,H5,83.3848
P10219,H6,80.6415
P10220,A1,519.1808
P10220,A2,809.0955
P10220,A3,552.5245
P10220,A4,536.6571
P10220,A5,592.2244
P10220,A6,652.6578
P10220,B1,594.0852
P10220,B2,675.4162
P10220,B3,603.9661
P10220,B4,611.9805
P10220,B5,609.8780
P10220,B6,724.2911
P10220,C1,732.6237
P10220,C2,658.5815
P10220,C3,596.5694
P10220,C4,630.1772
P10220,C5,660.5908
P10220,C6,753.1112
P10220,D1,680.9744
P10220,D2,563.8283
P10220,D3,608.1484
P10220,D4,660.7903
P10220,D5,580.0646
P10220,D6,669.1811
P10220,E1,624.2875
P10220,E2,732.8199
P10220,E3,600.3634
P10220,E4,661.1348
P10220,E5,568.3818
P10220,E6,607.1985
P10220,F1,613.1402
P10220,F2,634.0371
P10220,F3,520.6026
P10220,F4,682.2444
P10220,F5,582.3351
P10220,F6,720.1325
P10220,G1,658.7586
P10220,G2,658.4950
P10220,G3,638.4931
P10220,G4,609.8540
P10220,G5,641.8513
P10220,G6,562.4777
P10220,H1,552.4829
P10220,H2,586.0659
P10220,H3,594.0137
P10220,H4,590.4869
P10220,H5,586.2876
P10220,H6,543.3969
P10221,A1,541.7346
P10221,A2,556.5016
P10221,A3,483.7954
P10221,A4,425.9620
P10221,A5,392.9822
P10221,A6,565.7333
P10221,B1,502.8977
P10221,B2,527.4888
P10221,B3,579.4082
P10221,B4,515.1719
P10221,B5,513.7470
P10221,B6,453.9278
P10221,C1,499.9193
P10221,C2,522.0399
P10221,C3,487.7119
P10221,C4,530.0877
P10221,C5,564.9556
P10221,C6,459.7375
P10221,D1,538.4470
P10221,D2,507.8977
P10221,D3,492.6332
P10221,D4,550.2201
P10221,D5,478.9670
P10221,D6,445.5953
P10221,E1,504.5014
P10221,E2,551.1646
P10221,E3,506.9994
P10221,E4,484.6904
P10221,E5,453.0057
P10221,E6,395.6706
P10221,F1,492.4924
P10221,F2,511.9071
P10221,F3,592.0280
P10221,F4,531.9466
P10221,F5,453.7661
P10221,F6,466.4310
P10221,G1,449.4014
P10221,G2,459.8280
P10221,G3,457.8827
P10221,G4,542.0305
P10221,G5,519.0971
P10221,G6,493.2172
P10221,H1,584.4948
P10221,H2,549.1999
P10221,H3,397.9573
P10221,H4,443.0473
P10221,H5,470.5199
P10221,H6,595.4638
P10222,A1,71.1457
P10222,A2,77.8071
P10222,A3,55.9255
P10222,A4,73.8435
P10222,A5,63.6496
P10222,A6,75.0681
P10222,B1,70.7004
P10222,B2,58.1594
P10222,B3,62.3960
P10222,B4,70.3991
P10222,B5,62.0933
P10222,B6,59.4167
P10222,C1,64.8723
P10222,C2,64.1289
P10222,C3,62.8559
P10222,C4,55.0449
P10222,C5,75.9654
P10222,C6,73.7123
P10222,D1,66.6146
P10222,D2,72.1735
P10222,D3,56.1517
P10222,D5,61.4483
P10222,D6,60.1643
P10222,E1,71.1176
P10222,E2,57.2227
P10222,E3,64.2601
P10222,E4,70.4869
P10222,E5,73.8969
P10222,E6,68.3954
P10222,F1,58.9079
P10222,F2,74.1106
P10222,F3,67.7577
P10222,F4,55.0240
P10222,F5,70.2692
P10222,F6,65.9292
P10222,G1,52.9587
P10222,G2,69.6138
P10222,G3,54.1905
P10222,G4,62.7998
P10222,G5,55.1943
P10222,G6,57.8263
P10222,H1,62.4995
P10222,H2,61.5781
P10222,H3,59.8156
P10222,H4,54.8452
P10222,H5,67.0840
P10222,H6,66.3877
P10223,A1,966.2152
P10223,A2,984.0534
P10223,A3,1071.5415
P10223,A4,992.4942
P10223,A5,1079.7829
P10223,A6,1169.5423
P10223,B1,1187.8469
P10223,B2,1203.5016
P10223,B3,1144.8902
P10223,B4,1088.0961
P10223,B5,1303.8281
P10223,B6,1060.0428
P10223,C2,983.2766
P10223,C3,1193.4785
P10223,C4,1197.0672
P10223,C5,979.7441
P10223,C6,1101.3935
P10223,D1,973.1786
P10223,D2,1142.8521
P10223,D3,1268.0445
P10223,D5,1150.8888
P10223,D6,1189.3693
P10223,E1,1087.6993
P10223,E2,1224.1794
P10223,E3,900.9455
P10223,E4,1157.7315
P10223,E5,1074.8306
P10223,E6,968.0754
P10223,F1,1242.6263
P10223,F2,1130.0728
P10223,F3,1236.1251
P10223,F4,1023.5075
P10223,F5,1169.0111
P10223,F6,1231.5958
P10223,G1,1104.8365
P10223,G2,1167.8329
P10223,G3,1044.8832
P10223,G4,980.4718
P10223,G5,910.5554
P10223,G6,1315.2187
P10223,H1,1047.2670
P10223,H2,1175.4292
P10223,H3,1085.5825
P10223,H4,867.4103
P10223,H5,1027.4969
P10223,H6,1114.3905
P10224,A1,61.2488
P10224,A2,63.9815
P10224,A3,67.0803
P10224,A4,54.8433
P10224,A5,69.2813
P10224,A6,51.5795
P10224,B1,59.2935
P10224,B2,60.4676
P10224,B3,73.5716
P10224,B4,66.3881
P10224,B5,65.8239
P10224,B6,63.3822
P10224,C1,58.0507
P10224,C2,67.8903
P10224,C3,78.8677
P10224,C4,65.5760
P10224,C5,65.7304
P10224,C6,71.9570
P10224,D1,64.3826
P10224,D2,64.1457
P10224,D3,58.3477
P10224,D4,67.3381
P10224,D5,84.9468
P10224,D6,60.7847
P10224,E1,62.6498
P10224,E2,67.1513
P10224,E3,56.4058
P10224,E4,70.5456
P10224,E5,78.0022
P10224,E6,64.5757
P10224,F1,72.3273
P10224,F2,64.0862
P10224,F3,64.7225
P10224,F4,64.8725
P10224,F5,61.2554
P10224,F6,62.7737
P10224,G1,65.6566
P10224,G2,52.8292
P10224,G3,71.1990
P10224,G4,54.9052
P10224,G5,70.6261
P10224,G6,72.6901
P10224,H1,81.6303
P10224,H2,61.7377
P10224,H3,66.8940
P10224,H4,73.9293
P10224,H5,55.6241
P10224,H6,70.1744
P10225,A1,469.9076
P10225,A2,409.2492
P10225,A3,479.3678
P10225,A4,395.5303
P10225,A5,387.3818
P10225,A6,390.1530
P10225,B1,402.3777
P10225,B2,345.7606
P10225,B3,492.6686
P10225,B4,396.1436
P10225,B5,425.9896
P10225,B6,456.0027
P10225,C1,373.2739
P10225,C2,412.1877
P10225,C3,414.1194
P10225,C4,436.7969
P10225,C5,352.1420
P10225,C6,388.8743
P10225,D1,434.1182
P10225,D2,385.8165
P10225,D3,426.3616
P10225,D4,453.8700
P10225,D5,443.7372
P10225,D6,453.6548
P10225,E1,491.6330
P10225,E2,410.6853
P10225,E3,445.5516
P10225,E4,349.7352
P10225,E5,455.3645
P10225,E6,382.4085
P10225,F1,388.2765
P10225,F3,411.4807
P10225,F4,415.8824
P10225,F5,400.0836
P10225,F6,391.7155
P10225,G1,424.1776
P10225,G2,421.6491
P10225,G3,378.6703
P10225,G4,406.8777
P10225,G5,375.8940
P10225,G6,494.0700
P10225,H1,395.3952
P10225,H2,436.0396
P10225,H3,481.9999
P10225,H4,463.6982
P10225,H5,454.2347
P10225,H6,407.4044
P10226,A1,1154.4075
P10226,A2,1095.2054
P10226,A3,1228.7189
P10226,A4,1102.0017
P10226,A5,1156.8115
P10226,A6,1112.1299
P10226,B1,1009.7004
P10226,B2,1034.3654
P10226,B3,1122.2217
P10226,B4,1331.9656
P10226,B5,1251.2687
P10226,B6,1053.7232
P10226,C1,1109.6706
P10226,C2,1114.2650
P10226,C3,952.3967
P10226,C4,1119.6119
P10226,C5,986.0637
P10226,C6,984.7064
P10226,D1,1264.5169
P10226,D2,941.0125
P10226,D3,1003.2457
P10226,D4,1044.4181
P10226,D5,1089.1386
P10226,D6,1036.6647
P10226,E1,1007.2221
P10226,E2,1052.4895
P10226,E3,965.4352
P10226,E4,1011.6641
P10226,E5,1070.3850
P10226,E6,1268.1251
P10226,F1,1222.7521
P10226,F2,1139.2276
P10226,F3,963.0597
P10226,F4,1194.9465
P10226,F5,948.2331
P10226,F6,864.3772
P10226,G1,998.8359
P10226,G2,874.2561
P10226,G3,1035.0771
P10226,G4,1061.6256
P10226,G5,1183.5007
P10226,G6,958.1790
P10226,H1,1080.9979
P10226,H2,890.4654
P10226,H3,1128.4211
P10226,H4,934.0996
P10226,H5,1107.2892
P10226,H6,1146.4764
P10227,A1,860.4552
P10227,A2,939.3445
P10227,A3,966.2190
P10227,A4,778.5756
P10227,A5,912.4918
P10227,A6,1216.2147
P10227,B1,1066.7922
P10227,B2,907.2954
P10227,B3,1024.2641
P10227,B4,926.8781
P10227,B5,1046.6210
P10227,B6,1134.8995
P10227,C1,1053.0070
P10227,C2,904.7519
P10227,C3,960.1466
P10227,C4,980.3294
P10227,C5,868.5653
P10227,C6,1040.5957
P10227,D1,982.0433
P10227,D2,962.2007
P10227,D3,806.6802
P10227,D4,1006.5972
P10227,D5,871.9698
P10227,D6,952.7974
P10227,E1,982.8401
P10227,E2,1113.0327
P10227,E3,1169.6485
P10227,E4,951.3184
P10227,E5,1124.9005
P10227,E6,1246.0964
P10227,F1,982.2882
P10227,F2,950.5361
P10227,F3,1038.3409
P10227,F4,1163.4283
P10227,F5,1054.0073
P10227,F6,1069.5201
P10227,G1,917.3579
P10227,G2,1027.0665
P10227,G3,923.5996
P10227,G4,1055.7079
P10227,G5,1073.8998
P10227,G6,946.9341
P10227,H1,914.5488
P10227,H2,919.6695
P10227,H3,930.5486
P10227,H4,1057.2202
P10227,H5,1068.1562
P10227,H6,1011.9136
P10228,A1,195.9086
P10228,A2,145.1563
P10228,A3,103.7996
P10228,A4,141.9686
P10228,A5,110.6355
P10228,A6,138.1029
P10228,B1,152.2106
P10228,B2,157.6469
P10228,B3,137.1529
P10228,B4,154.7634
P10228,B5,138.0698
P10228,B6,144.5111
P10228,C1,163.3957
P10228,C2,112.1843
P10228,C3,127.9102
P10228,C4,128.2511
P10228,C6,123.6201
P10228,D1,168.3363
P10228,D2,157.5178
P10228,D3,168.7363
P10228,D4,113.6281
P10228,D5,142.6129
P10228,D6,146.2329
P10228,E1,158.5401
P10228,E2,141.3144
P10228,E3,144.8048
P10228,E4,178.6100
P10228,E5,144.3086
P10228,E6,166.1839
P10228,F1,140.0913
P10228,F2,128.0432
P10228,F3,160.7161
P10228,F4,145.1844
P10228,F5,143.0409
P10228,F6,106.2069
P10228,G1,146.5373
P10228,G2,126.3332
P10228,G3,136.8559
P10228,G4,162.7392
P10228,G5,147.3729
P10228,G6,161.7913
P10228,H1,131.1762
P10228,H2,144.4863
P10228,H3,138.5421
P10228,H4,156.8700
P10228,H5,137.8182
P10228,H6,142.3835
P10229,A1,283.5598
P10229,A3,288.0121
P10229,A4,286.2216
P10229,A5,225.0601
P10229,A6,223.0746
P10229,B1,182.9518
P10229,B2,163.1756
P10229,B3,162.2270
P10229,B4,408.2617
P10229,B5,341.5533
P10229,B6,393.5936
P10229,C1,233.1085
P10229,C2,237.7617
P10229,C3,243.9825
P10229,C4,194.1718
P10229,C5,185.0867
P10229,C6,166.8095
P10229,D1,93.1792
P10229,D2,93.2297
P10229,D3,85.7333
P10229,D4,373.2167
P10229,D5,353.2473
P10229,D6,323.3031
P10229,E1,318.5090
P10229,E2,357.4809
P10229,E3,314.9118
P10229,E4,381.1309
P10229,E5,297.6920
P10229,E6,361.8384
P10229,F1,295.7120
P10229,F2,299.6285
P10229,F3,294.8418
P10229,F4,324.5122
P10229,F5,357.8630
P10229,F6,324.7322
P10229,G1,292.9164
P10229,G2,309.6203
P10229,G3,262.1517
P10229,G4,274.0951
P10229,G5,296.6335
P10229,G6,310.1743
P10229,H1,306.5734
P10229,H2,229.5142
P10229,H3,294.5330
P10229,H4,329.1404
P10229,H5,388.5912
P10229,H6,412.9532
P10230,A1,1358.4068
P10230,A2,1246.2668
P10230,A3,1767.2312
P10230,A4,1425.6114
P10230,A5,1563.7166
P10230,A6,1580.6788
P10230,B1,1302.7038
P10230,B2,1220.7853
P10230,B3,1687.9205
P10230,B4,1496.8966
P10230,B5,1210.6698
P10230,B6,1369.6137
P10230,C1,1405.7849
P10230,C2,1607.0122
P10230,C3,1512.6563
P10230,C4,1462.7750
P10230,C5,1541.4641
P10230,C6,1404.6860
P10230,D1,1318.7533
P10230,D2,1606.7746
P10230,D3,1465.6299
P10230,D4,1529.3117
P10230,D5,1335.1614
P10230,D6,1512.8337
P10230,E2,1171.9564
P10230,E3,1388.3514
P10230,E4,1462.7488
P10230,E5,1515.4610
P10230,E6,1384.8112
P10230,F1,1495.9044
P10230,F2,1260.5030
P10230,F3,1383.9099
P10230,F4,1297.3315
P10230,F5,1554.2178
P10230,F6,1521.5586
P10230,G1,1663.2845
P10230,G2,1344.3736
P10230,G3,1417.9634
P10230,G4,1432.8699
P10230,G5,1276.8812
P10230,G6,1603.6922
P10230,H1,1406.6993
P10230,H2,1280.6884
P10230,H3,1268.7625
P10230,H4,1580.1927
P10230,H5,1547.5391
P10230,H6,1292.6388
P10231,A1,587.2921
P10231,A2,653.4862
P10231,A3,613.4550
P10231,A4,569.2008
P10231,A5,572.6953
P10231,A6,692.8144
P10231,B1,693.7739
P10231,B2,662.0075
P10231,B3,605.4418
P10231,B4,625.3320
P10231,B5,599.2237
P10231,B6,553.6003
P10231,C1,647.5730
P10231,C2,773.1500
P10231,C3,566.4586
P10231,C4,641.0732
P10231,C5,549.1932
P10231,C6,651.8332
P10231,D1,680.0361
P10231,D2,560.3143
P10231,D3,590.7555
P10231,D4,569.7074
P10231,D5,596.7359
P10231,D6,692.2564
P10231,E1,636.5422
P10231,E2,735.2915
P10231,E3,570.7131
P10231,E4,565.9525
P10231,E5,571.7518
P10231,E6,610.1469
P10231,F1,647.0260
P10231,F2,747.0326
P10231,F3,631.6679
P10231,F4,671.4400
P10231,F5,517.8932
P10231,G1,620.8928
P10231,G2,661.2762
P10231,G4,719.8670
P10231,G5,592.1660
P10231,G6,730.3861
P10231,H1,754.0632
P10231,H2,751.4222
P10231,H3,671.1220
P10231,H4,599.2487
P10231,H5,644.4462
P10231,H6,651.8357
P10232,A1,343.1651
P10232,A2,373.8139
P10232,A3,419.9374
P10232,A4,325.3483
P10232,A5,344.5213
P10232,A6,325.0158
P10232,B1,328.0940
P10232,B2,261.3682
P10232,B3,337.4209
P10232,B4,484.2823
P10232,B5,361.8416
P10232,B6,387.1831
P10232,C1,332.7842
P10232,C2,329.6166
P10232,C3,312.3289
P10232,C4,286.6842
P10232,C5,318.2657
P10232,C6,295.9702
P10232,D1,183.5117
P10232,D2,253.5912
P10232,D3,223.6405
P10232,D4,516.9343
P10232,D5,440.6010
P10232,D6,412.1895
P10232,E1,433.5687
P10232,E2,394.5169
P10232,E3,318.7518
P10232,E4,370.8187
P10232,E5,362.9004
P10232,E6,408.0988
P10232,F1,280.9903
P10232,F2,245.4007
P10232,F3,250.9062
P10232,F4,381.3111
P10232,F5,413.4118
P10232,F6,460.9896
P10232,G1,344.9920
P10232,G2,357.2259
P10232,G3,284.3931
P10232,G4,290.2585
P10232,G5,295.6115
P10232,G6,276.0080
P10232,H1,245.0036
P10232,H2,232.9791
P10232,H3,250.9715
P10232,H4,385.1067
P10232,H5,443.3028
P10232,H6,435.4173
P10233,A1,659.9558
P10233,A2,700.5212
P10233,A3,784.3961
P10233,A4,766.8898
P10233,A5,606.4515
P10233,A6,656.3375
P10233,B1,540.9645
P10233,B2,768.9398
P10233,B3,826.1727
P10233,B4,674.7373
P10233,B5,877.0992
P10233,B6,694.9928
P10233,C1,637.6609
P10233,C2,655.8942
P10233,C3,635.9919
P10233,C4,707.4039
P10233,C5,729.9831
P10233,C6,549.1610
P10233,D1,664.6764
P10233,D2,801.4839
P10233,D3,610.5185
P10233,D4,707.8515
P10233,D5,583.2611
P10233,D6,695.9760
P10233,E1,611.7993
P10233,E2,747.5441
P10233,E3,760.9399
P10233,E4,789.5860
P10233,E5,900.3973
P10233,E6,619.8680
P10233,F1,660.2819
P10233,F2,752.1887
P10233,F3,718.8758
P10233,F4,795.8334
P10233,F5,779.8621
P10233,F6,754.8198
P10233,G1,804.7408
P10233,G2,654.8096
P10233,G3,701.1994
P10233,G4,696.3218
P10233,G5,640.2989
P10233,G6,725.7536
P10233,H1,735.2819
P10233,H2,650.4822
P10233,H3,681.6634
P10233,H4,657.0667
P10233,H5,667.5317
P10233,H6,653.7461
P10234,A1,227.9358
P10234,A2,195.8978
P10234,A3,215.2922
P10234,A4,238.1369
P10234,A5,201.7326
P10234,A6,204.2718
P10234,B1,233.0684
P10234,B2,270.6619
P10234,B4,203.3481
P10234,B5,226.4589
P10234,B6,194.8906
P10234,C1,179.9486
P10234,C2,232.8890
P10234,C3,198.2837
P10234,C4,211.3758
P10234,C5,213.3384
P10234,C6,212.1892
P10234,D1,230.3690
P10234,D2,192.0239
P10234,D3,160.0143
P10234,D4,228.5423
P10234,D5,205.4256
P10234,D6,200.8845
P10234,E1,219.1003
P10234,E2,204.4514
P10234,E3,179.1519
P10234,E4,212.1413
P10234,E5,201.4826
P10234,E6,191.4454
P10234,F1,232.0773
P10234,F2,228.4852
P10234,F3,193.7559
P10234,F4,185.7058
P10234,F5,138.5531
P10234,F6,209.8491
P10234,G1,194.6816
P10234,G2,235.8571
P10234,G3,187.7606
P10234,G4,212.8503
P10234,G5,223.8301
P10234,G6,214.0046
P10234,H1,233.2745
P10234,H2,222.3411
P10234,H3,198.3724
P10234,H4,213.8674
P10234,H5,198.3944
P10234,H6,223.9607
P10235,A1,1635.3993
P10235,A2,1358.7130
P10235,A3,2020.8007
P10235,A4,1667.5122
P10235,A5,1617.3467
P10235,A6,1819.4409
P10235,B1,1476.0818
P10235,B2,1803.9126
P10235,B3,1765.2703
P10235,B4,1942.0797
P10235,B5,1780.6184
P10235,B6,1653.9457
P10235,C1,2013.0111
P10235,C2,1405.9994
P10235,C3,1762.6414
P10235,C4,1371.2244
P10235,C5,1695.4972
P10235,C6,1354.0103
P10235,D1,1608.3933
P10235,D2,1469.3701
P10235,D3,1428.1650
P10235,D4,1734.6433
P10235,D5,1949.2015
P10235,D6,1553.6008
P10235,E1,1725.6971
P10235,E2,1581.5904
P10235,E3,1596.3761
P10235,E4,1551.5576
P10235,E5,1709.3831
P10235,E6,1994.1739
P10235,F1,1521.0760
P10235,F2,1899.6474
P10235,F3,1783.3994
P10235,F4,1523.9516
P10235,F5,1662.9894
P10235,F6,1700.0344
P10235,G1,1805.8273
P10235,G2,1674.8127
P10235,G4,1731.9024
P10235,G5,1552.1086
P10235,G6,1574.2746
P10235,H1,1662.7372
P10235,H2,1599.3642
P10235,H3,1893.3140
P10235,H4,2052.6678
P10235,H5,1523.6891
P10235,H6,1738.1398
P10236,A1,97.7891
P10236,A2,108.0697
P10236,A3,85.2328
P10236,A4,98.6466
P10236,A5,122.1651
P10236,A6,103.9213
P10236,B1,108.9497
P10236,B2,104.0253
P10236,B3,108.0299
P10236,B4,104.1499
P10236,B5,95.4616
P10236,B6,82.0020
P10236,C1,92.7070
P10236,C2,84.6020
P10236,C3,90.6014
P10236,C4,84.2497
P10236,C5,107.9501
P10236,C6,114.5726
P10236,D1,88.4276
P10236,D2,97.0271
P10236,D3,101.2362
P10236,D4,86.5878
P10236,D5,110.7864
P10236,D6,96.7979
P10236,E1,93.4440
P10236,E2,114.6638
P10236,E3,81.5553
P10236,E4,87.9107
P10236,E5,80.5051
P10236,E6,89.5194
P10236,F1,97.8905
P10236,F2,88.5700
P10236,F3,122.0053
P10236,F4,94.6548
P10236,F5,102.5137
P10236,F6,83.0375
P10236,G1,98.8657
P10236,G2,102.5917
P10236,G3,81.7772
P10236,G4,91.9994
P10236,G5,102.2860
P10236,G6,116.0387
P10236,H1,108.7648
P10236,H2,119.2370
P10236,H3,116.6151
P10236,H4,106.7759
P10236,H5,94.3476
P10236,H6,100.2473
P10237,A1,256.6205
P10237,A2,243.7133
P10237,A3,319.9559
P10237,A4,335.5454
P10237,A5,282.5568
P10237,A6,315.0915
P10237,B1,523.3341
P10237,B2,604.6608
P10237,B3,575.9224
P10237,B4,247.7006
P10237,B5,223.1588
P10237,B6,199.5273
P10237,C1,367.7535
P10237,C2,334.2320
P10237,C3,390.8710
P10237,C4,480.9124
P10237,C5,447.2727
P10237,C6,500.9339
P10237,D1,986.9056
P10237,D2,1191.6866
P10237,D3,1008.5516
P10237,D4,249.0261
P10237,D5,218.8239
P10237,D6,244.9130
P10237,E1,377.7072
P10237,E2,331.5499
P10237,E3,280.1869
P10237,E4,473.4312
P10237,E5,370.1534
P10237,E6,470.5857
P10237,F1,1113.3885
P10237,F2,849.7662
P10237,F3,802.4197
P10237,F4,255.5277
P10237,F5,212.3210
P10237,F6,227.8360
P10237,G1,456.9210
P10237,G2,413.5293
P10237,G3,454.2750
P10237,G4,869.4605
P10237,G5,1010.6875
P10237,G6,807.7098
P10237,H1,3305.5382
P10237,H2,3222.1095
P10237,H3,2766.7658
P10237,H4,278.9988
P10237,H5,245.0315
P10237,H6,218.1544
P10238,A1,175.0775
P10238,A2,169.0738
P10238,A3,166.4954
P10238,A4,124.3229
P10238,A5,125.6139
P10238,A6,155.6407
P10238,B1,175.4467
P10238,B2,163.3061
P10238,B3,186.6114
P10238,B4,201.4847
P10238,B5,167.8624
P10238,B6,158.0717
P10238,C1,184.0234
P10238,C2,178.2372
P10238,C3,191.1798
P10238,C4,193.9450
P10238,C5,190.6566
P10238,C6,161.6987
P10238,D1,152.0442
P10238,D2,182.4697
P10238,D3,161.8681
P10238,D4,185.1080
P10238,D5,180.9652
P10238,D6,176.1105
P10238,E1,180.7199
P10238,E2,177.7261
P10238,E3,181.2033
P10238,E4,155.3142
P10238,E5,146.6396
P10238,F1,135.8734
P10238,F2,166.9692
P10238,F3,159.5729
P10238,F4,175.7704
P10238,F5,187.5674
P10238,F6,165.6160
P10238,G1,133.0116
P10238,G2,168.1550
P10238,G3,196.2316
P10238,G4,181.2560
P10238,G5,150.0797
P10238,G6,196.0901
P10238,H1,154.1378
P10238,H2,143.7958
P10238,H3,149.9858
P10238,H4,174.9300
P10238,H5,157.3216
P10238,H6,145.9490
P10239,A1,214.1666
P10239,A2,266.0481
P10239,A3,283.0223
P10239,A4,253.8607
P10239,A5,306.3490
P10239,A6,247.1100
P10239,B1,310.3894
P10239,B2,240.4408
P10239,B3,218.0163
P10239,B4,290.6613
P10239,B5,239.4261
P10239,B6,274.4880
P10239,C1,240.7256
P10239,C2,268.6464
P10239,C3,243.9224
P10239,C4,282.5830
P10239,C5,303.2018
P10239,C6,211.4912
P10239,D1,292.1445
P10239,D2,284.6648
P10239,D3,282.7422
P10239,D4,230.1542
P10239,D5,291.1742
P10239,D6,228.1713
P10239,E1,298.5693
P10239,E2,313.5281
P10239,E3,267.5535
P10239,E4,239.6361
P10239,E5,272.8967
P10239,E6,231.0230
P10239,F1,237.3613
P10239,F3,302.9171
P10239,F4,200.1263
P10239,F5,265.1897
P10239,F6,221.5586
P10239,G1,288.7140
P10239,G2,330.2233
P10239,G3,258.1904
P10239,G4,267.9938
P10239,G5,278.3976
P10239,G6,238.3858
P10239,H1,315.9078
P10239,H2,241.8054
P10239,H3,265.1832
P10239,H4,284.0900
P10239,H5,243.0587
P10239,H6,269.1810
P10240,A1,155.4567
P10240,A2,156.7269
P10240,A3,149.2182
P10240,A4,197.1172
P10240,A5,165.5218
P10240,A6,158.6710
P10240,B1,190.0035
P10240,B2,149.1455
P10240,B3,175.5105
P10240,B4,158.9063
P10240,B5,185.7850
P10240,B6,156.2492
P10240,C1,155.4176
P10240,C2,179.4902
P10240,C3,133.9599
P10240,C4,177.9746
P10240,C5,167.9299
P10240,C6,151.3598
P10240,D1,143.0517
P10240,D2,147.5725
P10240,D3,151.3459
P10240,D4,150.9045
P10240,D5,143.2339
P10240,D6,155.9237
P10240,E1,127.9477
P10240,E2,152.9505
P10240,E3,174.6471
P10240,E4,123.9786
P10240,E5,164.3887
P10240,E6,146.1186
P10240,F1,157.5132
P10240,F2,163.2281
P10240,F3,165.0095
P10240,F4,169.9320
P10240,F5,164.9253
P10240,F6,167.1116
P10240,G2,136.6266
P10240,G3,144.0584
P10240,G4,152.1554
P10240,G5,175.7701
P10240,G6,195.9859
P10240,H1,136.3975
P10240,H2,158.6958
P10240,H3,174.6197
P10240,H4,175.3167
P10240,H6,150.8321
P10241,A1,227.2584
P10241,A2,281.0283
P10241,A3,227.8796
P10241,A4,219.8062
P10241,A5,257.4220
P10241,A6,210.4345
P10241,B1,245.8675
P10241,B2,239.0509
P10241,B3,210.6089
P10241,B4,261.7308
P10241,B5,245.9354
P10241,B6,235.1295
P10241,C1,239.1890
P10241,C2,240.8238
P10241,C3,224.3452
P10241,C4,285.7236
P10241,C5,252.2131
P10241,C6,271.4233
P10241,D2,263.3138
P10241,D3,247.0845
P10241,D4,213.9150
P10241,D5,210.1858
P10241,D6,246.4336
P10241,E1,264.5122
P10241,E2,218.1866
P10241,E3,238.6121
P10241,E4,263.4570
P10241,E5,188.7248
P10241,E6,234.2957
P10241,F1,226.5985
P10241,F2,234.3600
P10241,F3,194.1264
P10241,F4,293.3896
P10241,F5,245.4584
P10241,F6,252.6335
P10241,G1,239.3412
P10241,G2,242.6388
P10241,G3,237.5985
P10241,G4,196.0276
P10241,G5,273.3495
P10241,G6,228.7474
P10241,H1,262.3120
P10241,H2,233.6652
P10241,H3,225.9988
P10241,H4,254.0905
P10241,H5,228.4802
P10241,H6,274.0404
P10242,A1,1034.0419
P10242,A2,1136.5879
P10242,A3,1228.7065
P10242,A4,1226.4522
P10242,A5,1215.9422
P10242,B1,1991.1670
P10242,B2,2519.3179
P10242,B3,1971.3542
P10242,B4,827.7534
P10242,B5,889.8164
P10242,B6,845.4822
P10242,C1,1345.8061
P10242,C2,1228.7224
P10242,C3,1525.2931
P10242,C4,2467.6404
P10242,C5,1891.5273
P10242,C6,2171.6272
P10242,D1,5743.6808
P10242,D2,6065.8176
P10242,D3,5075.4833
P10242,D4,931.2940
P10242,D5,1009.8552
P10242,D6,864.4466
P10242,E1,956.4593
P10242,E2,867.4147
P10242,E3,733.6371
P10242,E4,886.6360
P10242,E5,992.7904
P10242,E6,1043.4774
P10242,F1,986.9656
P10242,F2,1037.3915
P10242,F3,1053.6451
P10242,F4,773.3934
P10242,F5,920.1624
P10242,F6,889.5334
P10242,G1,1010.1184
P10242,G2,1189.3529
P10242,G3,986.7967
P10242,G4,1111.6733
P10242,G5,1079.4838
P10242,G6,1082.9118
P10242,H1,1103.2166
P10242,H2,1172.2620
P10242,H3,1228.3346
P10242,H4,969.7194
P10242,H5,861.8697
P10242,H6,749.2617
P10243,A1,227.3999
P10243,A2,196.3128
P10243,A4,175.1544
P10243,A5,214.7787
P10243,A6,225.3295
P10243,B1,142.5557
P10243,B2,150.0397
P10243,B3,161.8142
P10243,B4,219.4983
P10243,B5,298.8545
P10243,B6,252.0991
P10243,C1,214.6864
P10243,C2,216.2618
P10243,C3,181.8280
P10243,C4,161.8241
P10243,C5,139.9424
P10243,C6,151.3642
P10243,D1,102.0190
P10243,D2,98.7800
P10243,D3,101.3781
P10243,D4,255.6377
P10243,D5,254.3680
P10243,D6,200.9393
P10243,E1,274.4732
P10243,E2,204.6299
P10243,E3,225.9667
P10243,E4,210.0761
P10243,E5,223.8814
P10243,E6,188.1208
P10243,F1,157.7747
P10243,F2,161.5127
P10243,F3,171.8383
P10243,F4,282.1051
P10243,F5,246.6463
P10243,F6,249.2906
P10243,G1,141.7586
P10243,G2,234.9284
P10243,G3,221.7181
P10243,G4,150.5286
P10243,G5,160.9955
P10243,G6,187.1683
P10243,H1,84.6196
P10243,H2,89.9835
P10243,H3,109.7493
P10243,H4,246.4705
P10243,H5,274.8811
P10243,H6,219.9419
P10244,A1,278.3537
P10244,A2,264.6259
P10244,A3,268.0512
P10244,A4,251.8769
P10244,A5,271.8938
P10244,A6,231.2181
P10244,B1,245.2780
P10244,B2,268.1100
P10244,B3,217.1437
P10244,B4,239.8131
P10244,B5,269.0903
P10244,B6,207.9788
P10244,C1,243.2130
P10244,C2,298.2649
P10244,C3,240.3714
P10244,C4,257.4822
P10244,C5,270.5874
P10244,C6,306.5803
P10244,D1,246.3903
P10244,D2,311.8416
P10244,D3,278.1803
P10244,D4,249.6643
P10244,D5,257.9406
P10244,D6,237.9518
P10244,E1,296.0424
P10244,E2,230.1912
P10244,E3,259.3732
P10244,E4,251.0609
P10244,E5,301.9272
P10244,F1,263.0675
P10244,F2,231.4400
P10244,F3,260.2890
P10244,F4,303.5075
P10244,F5,279.2755
P10244,F6,221.5577
P10244,G1,268.5563
P10244,G2,254.7353
P10244,G4,247.1331
P10244,G5,271.2818
P10244,G6,242.3656
P10244,H1,251.6424
P10244,H2,236.8402
P10244,H3,295.8481
P10244,H4,272.7015
P10244,H5,251.8225
P10244,H6,263.1787
P10245,A2,270.8577
P10245,A4,273.5677
P10245,A5,288.3840
P10245,A6,257.2338
P10245,B1,274.6629
P10245,B2,253.0245
P10245,B3,260.6852
P10245,B4,252.4446
P10245,B5,231.0923
P10245,B6,273.9740
P10245,C1,263.0059
P10245,C2,260.9389
P10245,C3,321.6316
P10245,C4,268.4394
P10245,C5,291.5151
P10245,C6,233.1185
P10245,D1,259.9323
P10245,D2,249.4898
P10245,D3,270.5509
P10245,D4,259.1567
P10245,D5,288.1094
P10245,D6,278.7081
P10245,E1,276.4515
P10245,E2,246.6993
P10245,E3,355.0536
P10245,E4,347.7566
P10245,E5,258.0957
P10245,E6,301.7050
P10245,F1,220.0219
P10245,F2,251.5296
P10245,F3,224.7597
P10245,F4,257.5485
P10245,F5,261.6495
P10245,F6,250.6958
P10245,G1,266.6324
P10245,G2,235.9133
P10245,G3,288.8388
P10245,G4,248.8857
P10245,G5,246.5087
P10245,G6,220.7165
P10245,H1,232.7149
P10245,H3,240.2634
P10245,H4,253.6574
P10245,H5,235.1741
P10245,H6,275.1694
P10246,A1,242.9864
P10246,A2,248.7823
P10246,A3,254.4046
P10246,A4,282.6625
P10246,A5,244.2036
P10246,A6,343.2287
P10246,B1,308.3697
P10246,B2,260.2609
P10246,B3,262.7740
P10246,B4,266.0616
P10246,B5,262.9766
P10246,B6,339.7484
P10246,C1,251.4427
P10246,C2,220.5862
P10246,C3,249.0156
P10246,C4,281.0468
P10246,C5,306.2547
P10246,C6,250.9704
P10246,D1,214.8971
P10246,D2,282.3891
P10246,D3,273.0420
P10246,D4,256.7806
P10246,D5,218.3537
P10246,D6,270.9056
P10246,E1,257.0296
P10246,E2,260.6643
P10246,E3,246.0666
P10246,E4,316.8495
P10246,E5,283.4094
P10246,E6,218.9944
P10246,F1,250.6434
P10246,F2,253.8806
P10246,F3,240.2132
P10246,F4,220.0495
P10246,F5,220.8697
P10246,F6,290.8276
P10246,G1,319.2928
P10246,G2,257.5268
P10246,G3,283.1574
P10246,G4,284.0161
P10246,G5,284.4531
P10246,G6,297.3943
P10246,H1,277.5902
P10246,H2,233.6589
P10246,H3,237.6858
P10246,H4,286.3038
P10246,H5,340.6450
P10246,H6,256.8551
P10247,A1,1374.4573
P10247,A2,1507.8546
P10247,A3,1286.8498
P10247,A4,1587.5257
P10247,A5,1249.4544
P10247,A6,1559.6064
P10247,B1,1637.3655
P10247,B2,1671.8032
P10247,B3,1667.7521
P10247,B4,1653.7885
P10247,B5,1579.5825
P10247,B6,1279.6161
P10247,C1,1513.0872
P10247,C2,1231.8811
P10247,C3,1326.1333
P10247,C4,1518.4269
P10247,C5,1734.2192
P10247,C6,1286.8237
P10247,D1,1504.5091
P10247,D2,1455.1627
P10247,D3,1817.9505
P10247,D4,1354.8986
P10247,D5,1375.4016
P10247,D6,1778.9030
P10247,E1,1425.3417
P10247,E2,1233.4031
P10247,E3,1345.5307
P10247,E4,1608.8054
P10247,E5,1551.2933
P10247,E6,1640.8219
P10247,F1,1327.7878
P10247,F2,1396.0298
P10247,F3,1619.9036
P10247,F4,1341.1280
P10247,F5,1539.6356
P10247,F6,1293.1340
P10247,G1,1341.2537
P10247,G2,1812.5837
P10247,G3,1533.0143
P10247,G4,1445.7317
P10247,G5,1665.7165
P10247,H1,1471.2848
P10247,H2,2024.5143
P10247,H3,1491.9906
P10247,H4,1761.4581
P10247,H5,1682.6802
P10247,H6,1447.3680
P10248,A1,934.8218
P10248,A2,981.5770
P10248,A3,1110.1387
P10248,A4,951.6160
P10248,A5,1106.7469
P10248,A6,1102.7216
P10248,B1,798.2744
P10248,B2,872.5553
P10248,B3,939.8358
P10248,B4,1138.1438
P10248,B5,1022.7216
P10248,B6,1046.7750
P10248,C1,1150.2783
P10248,C2,998.1547
P10248,C3,1134.3341
P10248,C4,1079.8217
P10248,C5,971.8736
P10248,C6,1004.5341
P10248,D1,971.4571
P10248,D2,1124.0875
P10248,D3,889.2355
P10248,D4,896.0206
P10248,D5,929.1025
P10248,D6,1152.1313
P10248,E1,942.0170
P10248,E2,931.9929
P10248,E3,1201.0148
P10248,E4,1038.4745
P10248,E5,1049.0363
P10248,E6,1097.8792
P10248,F1,1142.0635
P10248,F2,926.4802
P10248,F3,981.1140
P10248,F4,1165.9016
P10248,F5,1175.9295
P10248,F6,1072.2944
P10248,G1,876.5317
P10248,G2,1130.3813
P10248,G3,1009.7857
P10248,G4,1002.7386
P10248,G5,999.1242
P10248,G6,1096.9170
P10248,H1,1166.6072
P10248,H2,1516.9316
P10248,H3,1008.7634
P10248,H4,1144.1102
P10248,H5,1110.2130
P10248,H6,1032.7377
P10249,A1,478.6717
P10249,A2,621.8567
P10249,A3,584.3547
P10249,A4,755.1329
P10249,A5,551.0828
P10249,A6,577.7644
P10249,B1,661.0613
P10249,B2,688.0219
P10249,B3,591.7711
P10249,B4,675.7647
P10249,B5,649.6470
P10249,B6,671.0043
P10249,C1,605.9704
P10249,C2,659.1933
P10249,C3,561.4444
P10249,C4,545.0379
P10249,C5,567.4800
P10249,C6,518.3949
P10249,D1,567.1109
P10249,D2,678.7201
P10249,D3,640.6495
P10249,D4,608.3838
P10249,D5,625.9017
P10249,D6,545.5069
P10249,E1,652.2545
P10249,E2,568.6058
P10249,E3,557.3802
P10249,E4,667.9006
P10249,E5,683.1483
P10249,E6,619.4283
P10249,F1,598.3653
P10249,F2,664.3519
P10249,F3,538.7661
P10249,F4,644.9396
P10249,F5,589.7594
P10249,F6,504.9122
P10249,G2,658.9046
P10249,G3,704.7533
P10249,G4,535.4890
P10249,G5,558.9927
P10249,G6,556.6451
P10249,H1,606.5565
P10249,H2,589.6460
P10249,H3,615.7573
P10249,H4,579.3836
P10249,H5,571.0180
P10249,H6,676.2881
P10250,A1,697.5763
P10250,A2,719.8608
P10250,A3,914.5734
P10250,A4,845.7386
P10250,A5,716.7812
P10250,A6,730.1534
P10250,B1,461.4403
P10250,B2,379.4337
P10250,B3,450.1769
P10250,B4,877.6940
P10250,B5,1215.6563
P10250,B6,1150.6037
P10250,C1,707.8208
P10250,C2,747.1802
P10250,C3,691.3744
P10250,C4,449.3521
P10250,C5,465.6829
P10250,C6,554.0778
P10250,D1,238.6788
P10250,D2,260.9165
P10250,D3,217.2376
P10250,D5,1100.7574
P10250,D6,1123.0148
P10250,E1,1025.0871
P10250,E2,1135.0698
P10250,E3,1026.3321
P10250,E4,874.9768
P10250,E5,1053.9080
P10250,E6,906.1468
P10250,F1,882.7996
P10250,F2,763.2206
P10250,F3,987.6196
P10250,F4,1066.8681
P10250,F5,1136.9918
P10250,F6,903.4220
P10250,G1,855.6240
P10250,G2,840.8151
P10250,G3,966.0874
P10250,G4,898.9948
P10250,G5,693.5133
P10250,G6,1064.0626
P10250,H1,645.5058
P10250,H2,811.4748
P10250,H3,730.3727
P10250,H4,1014.7807
P10250,H5,1037.8566
P10250,H6,1077.6205
P10251,A1,128.4672
P10251,A2,99.1170
P10251,A3,111.0730
P10251,A4,132.2449
P10251,A5,115.3923
P10251,A6,122.5300
P10251,B2,127.2740
P10251,B3,104.3645
P10251,B4,124.5580
P10251,B5,133.5741
P10251,B6,133.4377
P10251,C1,123.9443
P10251,C2,102.0612
P10251,C3,126.8808
P10251,C4,107.1322
P10251,C5,158.9413
P10251,C6,113.5577
P10251,D1,131.4553
P10251,D2,125.4968
P10251,D3,114.2886
P10251,D4,130.3455
P10251,D6,126.7028
P10251,E1,128.5913
P10251,E2,102.1217
P10251,E3,116.6920
P10251,E4,109.9446
P10251,E5,117.1567
P10251,E6,103.8031
P10251,F1,125.7276
P10251,F2,163.8633
P10251,F3,113.2443
P10251,F4,104.9412
P10251,F5,122.0761
P10251,F6,110.4835
P10251,G1,115.4084
P10251,G2,124.4165
P10251,G3,135.7161
P10251,G4,109.2029
P10251,G5,124.2454
P10251,G6,102.0887
P10251,H1,115.1562
P10251,H2,100.9149
P10251,H3,119.9015
P10251,H4,135.8886
P10251,H5,104.7746
P10251,H6,124.5915
P10252,A1,33.5950
P10252,A2,30.0519
P10252,A3,23.8263
P10252,A4,28.9740
P10252,A5,28.3073
P10252,A6,26.0969
P10252,B1,35.3283
P10252,B2,34.3636
P10252,B3,31.7315
P10252,B4,27.9994
P10252,B5,29.1264
P10252,B6,28.6007
P10252,C1,23.6177
P10252,C2,31.0762
P10252,C3,31.6590
P10252,C4,31.6842
P10252,C5,27.3940
P10252,C6,35.2806
P10252,D1,28.6992
P10252,D2,27.7184
P10252,D3,36.3212
P10252,D4,27.3247
P10252,D5,26.4127
P10252,D6,30.4309
P10252,E1,26.4361
P10252,E2,30.1259
P10252,E3,24.4866
P10252,E4,29.2215
P10252,E5,28.9013
P10252,E6,30.0194
P10252,F1,34.7793
P10252,F2,30.6625
P10252,F3,24.9163
P10252,F4,29.7861
P10252,F5,27.6428
P10252,F6,29.1087
P10252,G1,25.0874
P10252,G2,35.8644
P10252,G3,25.6808
P10252,G4,32.2278
P10252,G5,28.0743
P10252,G6,28.8142
P10252,H2,31.4880
P10252,H3,32.6155
P10252,H4,30.6998
P10252,H5,26.4967
P10252,H6,28.5412
P10253,A1,750.7276
P10253,A2,727.0579
P10253,A3,747.5450
P10253,A4,780.0024
P10253,A5,769.3303
P10253,A6,866.5114
P10253,B1,657.5958
P10253,B2,556.4717
P10253,B3,761.2327
P10253,B4,829.2717
P10253,B5,726.3218
P10253,B6,733.0633
P10253,C1,688.3910
P10253,C2,789.3407
P10253,C3,700.6294
P10253,C4,865.3485
P10253,C5,615.5746
P10253,C6,749.3717
P10253,D1,687.9610
P10253,D2,729.1801
P10253,D3,825.6007
P10253,D4,774.2937
P10253,D5,678.1545
P10253,D6,723.0408
P10253,E1,757.2105
P10253,E2,721.7893
P10253,E3,827.6168
P10253,E4,791.6268
P10253,E5,799.4075
P10253,E6,814.2455
P10253,F1,597.6103
P10253,F2,851.8488
P10253,F3,715.1245
P10253,F4,570.8533
P10253,F5,828.3782
P10253,F6,689.1505
P10253,G1,853.6644
P10253,G2,738.2712
P10253,G3,882.6706
P10253,G4,802.4854
P10253,G5,681.6377
P10253,G6,646.8012
P10253,H1,749.6561
P10253,H2,686.9355
P10253,H3,629.5721
P10253,H4,741.5188
P10253,H5,775.3638
P10253,H6,733.2687
P10254,A1,788.9693
P10254,A2,760.9173
P10254,A3,837.3753
P10254,A4,852.2128
P10254,A5,819.3351
P10254,A6,806.4215
P10254,B1,728.2490
P10254,B2,681.0823
P10254,B3,813.6049
P10254,B4,960.3577
P10254,B5,779.0594
P10254,B6,726.3172
P10254,C1,853.9297
P10254,C2,848.8396
P10254,C3,918.2222
P10254,C4,867.5299
P10254,C5,1023.9565
P10254,C6,589.3374
P10254,D1,895.2110
P10254,D2,865.4144
P10254,D3,759.8449
P10254,D4,678.2574
P10254,D5,803.2983
P10254,D6,850.6855
P10254,E1,755.5353
P10254,E2,764.6083
P10254,E3,777.0950
P10254,E4,894.2751
P10254,E5,892.1518
P10254,F1,807.3873
P10254,F2,921.1527
P10254,F3,896.3257
P10254,F4,800.3031
P10254,F5,873.9513
P10254,F6,916.9098
P10254,G1,853.4595
P10254,G2,808.8839
P10254,G3,731.7739
P10254,G4,849.0531
P10254,G5,926.2605
P10254,G6,831.0805
P10254,H1,648.4187
P10254,H2,728.6193
P10254,H3,827.8398
P10254,H4,953.1385
P10254,H5,851.9442
P10254,H6,774.4582
P10255,A1,224.1069
P10255,A2,249.6851
P10255,A3,222.6204
P10255,A4,222.9959
P10255,A5,239.5333
P10255,A6,230.2232
P10255,B1,176.3026
P10255,B2,158.5316
P10255,B3,201.5348
P10255,B4,272.0101
P10255,B5,239.1751
P10255,B6,253.1276
P10255,C1,249.0210
P10255,C2,202.0788
P10255,C3,233.0084
P10255,C4,191.2504
P10255,C5,193.1145
P10255,C6,167.5261
P10255,D1,136.9790
P10255,D2,129.9508
P10255,D3,111.2240
P10255,D4,239.2631
P10255,D5,227.2486
P10255,D6,234.6220
P10255,E1,232.0465
P10255,E2,265.4446
P10255,E3,204.9577
P10255,E4,306.2243
P10255,E5,289.3240
P10255,F1,249.4755
P10255,F2,209.6541
P10255,F3,287.8588
P10255,F4,249.6102
P10255,F5,240.2491
P10255,F6,287.6770
P10255,G1,246.7059
P10255,G2,259.4657
P10255,G3,282.6685
P10255,G4,258.3973
P10255,G5,300.1469
P10255,G6,267.3535
P10255,H1,258.0375
P10255,H2,243.8852
P10255,H3,228.2581
P10255,H4,266.0241
P10255,H5,288.3184
P10255,H6,230.6845
P10256,A1,456.0410
P10256,A2,529.5166
P10256,A3,585.0833
P10256,A4,506.0477
P10256,A5,476.6792
P10256,A6,629.1120
P10256,B1,533.7221
P10256,B2,442.7797
P10256,B3,592.1579
P10256,B4,612.2865
P10256,B5,517.8150
P10256,B6,462.2636
P10256,C1,530.0750
P10256,C2,484.8129
P10256,C3,551.2294
P10256,C4,474.6339
P10256,C5,580.2592
P10256,C6,515.9367
P10256,D1,507.2034
P10256,D2,461.0400
P10256,D3,605.4794
P10256,D4,566.8987
P10256,D5,459.8341
P10256,D6,487.5298
P10256,E1,444.4687
P10256,E2,460.7891
P10256,E3,652.1843
P10256,E4,613.7928
P10256,E5,509.5167
P10256,E6,545.7775
P10256,F1,442.6115
P10256,F2,556.1490
P10256,F3,635.7786
P10256,F4,402.7081
P10256,F5,497.8908
P10256,F6,456.8434
P10256,G1,527.7983
P10256,G2,644.7674
P10256,G3,530.0483
P10256,G4,600.5925
P10256,G5,554.9099
P10256,G6,483.8571
P10256,H1,471.4189
P10256,H2,493.1856
P10256,H3,446.1374
P10256,H4,533.5426
P10256,H5,522.6669
P10256,H6,598.8736
P10257,A1,71.9975
P10257,A2,78.8885
P10257,A3,86.8535
P10257,A4,62.7700
P10257,A5,62.9297
P10257,A6,58.0945
P10257,B1,50.6866
P10257,B2,46.2999
P10257,B3,43.4495
P10257,B4,87.4264
P10257,B5,89.7366
P10257,B6,76.0478
P10257,C1,66.4221
P10257,C2,55.6375
P10257,C3,65.9448
P10257,C4,39.4435
P10257,C5,43.7013
P10257,C6,48.7764
P10257,D1,24.0074
P10257,D2,23.8230
P10257,D3,21.7486
P10257,D4,101.1648
P10257,D5,88.2452
P10257,D6,91.0411
P10257,E1,73.0259
P10257,E2,74.3740
P10257,E3,71.8180
P10257,E4,76.3808
P10257,E5,63.4703
P10257,E6,58.8386
P10257,F1,40.1363
P10257,F2,54.0496
P10257,F3,43.8538
P10257,F4,81.1219
P10257,F5,80.0856
P10257,F6,97.1027
P10257,G1,60.0378
P10257,G2,60.9748
P10257,G3,71.7692
P10257,G4,48.0351
P10257,G5,44.4387
P10257,G6,49.0827
P10257,H1,20.1374
P10257,H2,23.7660
P10257,H3,20.8003
P10257,H4,76.3884
P10257,H5,62.9422
P10257,H6,81.1950
P10258,A1,59.5864
P10258,A2,57.3114
P10258,A3,46.9765
P10258,A4,56.1792
P10258,A5,57.3892
P10258,A6,58.8164
P10258,B1,50.9640
P10258,B2,44.9150
P10258,B3,52.0861
P10258,B4,43.1976
P10258,B5,52.2606
P10258,B6,55.6062
P10258,C1,59.0182
P10258,C2,60.7325
P10258,C3,48.8739
P10258,C4,57.4917
P10258,C5,52.0250
P10258,C6,56.1237
P10258,D1,56.9636
P10258,D2,52.3375
P10258,D3,50.8498
P10258,D4,64.1074
P10258,D5,53.5535
P10258,D6,56.6745
P10258,E1,45.1048
P10258,E2,50.1217
P10258,E3,59.9253
P10258,E4,61.2639
P10258,E5,50.2210
P10258,E6,57.2512
P10258,F1,57.7699
P10258,F2,58.6412
P10258,F3,55.0393
P10258,F4,47.3195
P10258,F5,55.4479
P10258,F6,53.0615
P10258,G1,57.6226
P10258,G2,58.6710
P10258,G3,53.8303
P10258,G4,48.6112
P10258,G5,49.9355
P10258,G6,51.5134
P10258,H1,49.5149
P10258,H2,42.5948
P10258,H3,54.7349
P10258,H4,65.6349
P10258,H5,51.8934
P10258,H6,49.7632
P10259,A1,896.7061
P10259,A2,834.8531
P10259,A3,840.9186
P10259,A4,869.1717
P10259,A5,749.0224
P10259,A6,719.0270
P10259,B1,1053.7140
P10259,B2,888.0518
P10259,B3,668.9418
P10259,B4,804.4438
P10259,B5,917.7576
P10259,B6,735.3321
P10259,C1,765.7986
P10259,C2,1019.8656
P10259,C3,787.8483
P10259,C4,1021.8178
P10259,C5,972.5482
P10259,C6,896.7879
P10259,D1,874.8083
P10259,D2,878.3618
P10259,D3,1009.0518
P10259,D4,812.9022
P10259,D5,833.0422
P10259,D6,969.6291
P10259,E1,880.0672
P10259,E2,851.3678
P10259,E3,776.3052
P10259,E4,909.8041
P10259,E5,781.0530
P10259,F1,867.1872
P10259,F2,761.6572
P10259,F3,900.0844
P10259,F4,920.7305
P10259,F5,820.0108
P10259,F6,1079.9035
P10259,G1,832.1684
P10259,G2,884.3355
P10259,G3,799.5379
P10259,G4,873.4600
P10259,G5,806.3876
P10259,G6,916.2303
P10259,H1,828.1993
P10259,H2,1000.2851
P10259,H3,913.7134
P10259,H4,922.4108
P10259,H5,934.5901
P10259,H6,980.0105
P10260,A1,424.7223
P10260,A2,391.5015
P10260,A3,347.4824
P10260,A4,343.4606
P10260,A5,313.2146
P10260,A6,348.0714
P10260,B1,354.4898
P10260,B2,345.3918
P10260,B3,344.6668
P10260,B4,347.1917
P10260,B5,436.8669
P10260,B6,307.1343
P10260,C1,331.3381
P10260,C2,410.4170
P10260,C3,417.9293
P10260,C4,372.5420
P10260,C5,361.5191
P10260,C6,340.4761
P10260,D1,365.9392
P10260,D2,422.1679
P10260,D3,349.8467
P10260,D4,369.5407
P10260,D5,355.0393
P10260,D6,345.9030
P10260,E1,357.3002
P10260,E2,332.2496
P10260,E3,337.8925
P10260,E4,420.0474
P10260,E5,369.1872
P10260,E6,403.6409
P10260,F1,348.6638
P10260,F2,333.2288
P10260,F3,387.7504
P10260,F4,429.6881
P10260,F5,445.5006
P10260,F6,408.7388
P10260,G1,351.3602
P10260,G2,327.9171
P10260,G3,339.5492
P10260,G4,314.3446
P10260,G5,331.5937
P10260,G6,395.4564
P10260,H1,422.0753
P10260,H2,393.2418
P10260,H3,342.8676
P10260,H4,350.0638
P10260,H5,354.5332
P10260,H6,318.1612
P10261,A1,316.1015
P10261,A2,300.6701
P10261,A3,294.2212
P10261,A4,331.8306
P10261,A5,323.8115
P10261,A6,269.7928
P10261,B1,298.9217
P10261,B2,274.8170
P10261,B3,330.1933
P10261,B4,288.7350
P10261,B5,279.5806
P10261,C1,312.4265
P10261,C2,337.2324
P10261,C3,281.1631
P10261,C4,337.5408
P10261,C5,367.0709
P10261,C6,287.6363
P10261,D1,274.2342
P10261,D2,257.6451
P10261,D3,274.4280
P10261,D4,342.6740
P10261,D5,275.7769
P10261,D6,315.4852
P10261,E1,307.0520
P10261,E2,330.5384
P10261,E3,280.6182
P10261,E4,313.3411
P10261,E5,348.8458
P10261,E6,318.8194
P10261,F1,341.2261
P10261,F2,286.6251
P10261,F3,322.2332
P10261,F4,352.2156
P10261,F5,320.8104
P10261,F6,348.7441
P10261,G1,309.4641
P10261,G2,345.4244
P10261,G3,321.8203
P10261,G4,344.3205
P10261,G5,355.4200
P10261,G6,320.4373
P10261,H1,293.4993
P10261,H2,250.6611
P10261,H3,257.9046
P10261,H4,374.7316
P10261,H5,356.4298
P10261,H6,304.1314
P10262,A1,294.1621
P10262,A2,257.5828
P10262,A3,304.1754
P10262,A4,235.0857
P10262,A5,287.2239
P10262,A6,256.7971
P10262,B1,237.6441
P10262,B2,295.4688
P10262,B3,257.3167
P10262,B4,230.8619
P10262,B5,270.6918
P10262,B6,249.8826
P10262,C1,260.5484
P10262,C2,221.1703
P10262,C3,264.1284
P10262,C4,250.5948
P10262,C5,245.2411
P10262,C6,275.2459
P10262,D1,331.9473
P10262,D2,199.1136
P10262,D3,283.2380
P10262,D4,236.0806
P10262,D5,329.0440
P10262,D6,228.1300
P10262,E1,298.3862
P10262,E2,246.8481
P10262,E3,235.1756
P10262,E4,238.6335
P10262,E5,274.1884
P10262,E6,225.3261
P10262,F1,257.4359
P10262,F2,278.8918
P10262,F3,267.5638
P10262,F4,279.7303
P10262,F5,265.6940
P10262,F6,291.8574
P10262,G1,276.4610
P10262,G2,291.3095
P10262,G3,250.8960
P10262,G4,253.1338
P10262,G5,285.5261
P10262,G6,247.7435
P10262,H1,267.9603
P10262,H2,290.7291
P10262,H3,206.5318
P10262,H4,265.1194
P10262,H5,235.6166
P10262,H6,239.6112
P10263,A1,289.3988
P10263,A2,286.1887
P10263,A3,320.1995
P10263,A4,298.6446
P10263,A5,294.2988
P10263,A6,288.5346
P10263,B1,283.9079
P10263,B2,281.6656
P10263,B3,266.0704
P10263,B4,265.3391
P10263,B5,256.9942
P10263,B6,307.5524
P10263,C1,270.3950
P10263,C2,310.1987
P10263,C3,264.7957
P10263,C4,339.8266
P10263,C5,322.4630
P10263,C6,313.7238
P10263,D1,263.6245
P10263,D2,313.8943
P10263,D3,253.7586
P10263,D4,282.5350
P10263,D5,255.2717
P10263,D6,276.9342
P10263,E1,283.9757
P10263,E2,331.9759
P10263,E3,286.1186
P10263,E4,307.0888
P10263,E5,295.7204
P10263,E6,262.7529
P10263,F1,274.1987
P10263,F2,269.8839
P10263,F3,303.2941
P10263,F4,302.5986
P10263,F5,319.2201
P10263,F6,300.7771
P10263,G1,264.3207
P10263,G2,270.1155
P10263,G3,272.2602
P10263,G4,285.8837
P10263,G5,279.3872
P10263,G6,251.4568
P10263,H1,277.1130
P10263,H2,255.6145
P10263,H3,216.9013
P10263,H4,271.1490
P10263,H5,298.8909
P10263,H6,294.1611
P10264,A1,2194.0976
P10264,A2,1852.2224
P10264,A3,2139.5788
P10264,A4,2052.5231
P10264,A5,2361.9472
P10264,A6,1928.3161
P10264,B1,1793.1251
P10264,B2,2034.6256
P10264,B3,2300.1918
P10264,B4,2350.2145
P10264,B5,1990.5716
P10264,B6,2471.0741
P10264,C1,2066.6964
P10264,C2,2529.2121
P10264,C3,1996.1967
P10264,C4,2233.9588
P10264,C5,1959.2798
P10264,C6,2132.8778
P10264,D1,2303.7002
P10264,D2,2086.1229
P10264,D3,2213.5989
P10264,D4,1788.2580
P10264,D5,2210.7446
P10264,D6,2310.1993
P10264,E1,2021.0228
P10264,E2,2239.8635
P10264,E3,2164.0851
P10264,E4,2025.7434
P10264,E5,1910.5039
P10264,E6,2287.8887
P10264,F1,2053.3447
P10264,F2,2312.2966
P10264,F3,1971.4757
P10264,F4,2247.3127
P10264,F5,2398.8307
P10264,F6,2441.3888
P10264,G1,2004.2827
P10264,G2,2283.2496
P10264,G3,1867.7544
P10264,G4,2259.9195
P10264,G5,1797.9889
P10264,G6,2154.8442
P10264,H1,2321.3050
P10264,H2,2064.9255
P10264,H3,2801.1580
P10264,H4,2090.1612
P10264,H5,2313.4968
P10264,H6,1958.7542
P10265,A1,647.8078
P10265,A2,814.5767
P10265,A3,592.3201
P10265,A4,790.0414
P10265,A5,681.9785
P10265,A6,784.1139
P10265,B1,704.4828
P10265,B2,713.7944
P10265,B3,646.4036
P10265,B4,736.1566
P10265,B5,633.4168
P10265,B6,648.3885
P10265,C1,692.8711
P10265,C2,602.7725
P10265,C3,671.8742
P10265,C4,672.7983
P10265,C5,697.3430
P10265,C6,702.6169
P10265,D1,687.9967
P10265,D2,725.5771
P10265,D3,727.8222
P10265,D4,671.4308
P10265,D5,546.9912
P10265,D6,727.0604
P10265,E1,648.5391
P10265,E2,564.6205
P10265,E4,591.4584
P10265,E5,600.6327
P10265,E6,577.7951
P10265,F1,674.2907
P10265,F2,676.8252
P10265,F3,698.8143
P10265,F4,832.9872
P10265,F5,826.5421
P10265,F6,677.3616
P10265,G1,698.7150
P10265,G2,608.1002
P10265,G3,666.7360
P10265,G4,578.4950
P10265,G5,621.5859
P10265,G6,650.5105
P10265,H1,705.8817
P10265,H2,668.0626
P10265,H3,695.5272
P10265,H4,622.6942
P10265,H5,640.1026
P10265,H6,612.4709
P10266,A1,8.4265
P10266,A2,9.0869
P10266,A3,10.2800
P10266,A4,10.0722
P10266,A5,8.8751
P10266,A6,11.0286
P10266,B1,12.1425
P10266,B2,10.0988
P10266,B3,11.1796
P10266,B4,8.2985
P10266,B5,10.4394
P10266,B6,10.6426
P10266,C1,9.5787
P10266,C2,9.9373
P10266,C3,10.2274
P10266,C4,10.6416
P10266,C5,10.4808
P10266,C6,9.9322
P10266,D1,10.2964
P10266,D2,8.6250
P10266,D3,11.3740
P10266,D4,10.0531
P10266,D6,10.7117
P10266,E1,9.1350
P10266,E2,8.7461
P10266,E3,10.3156
P10266,E4,10.4592
P10266,E5,9.4177
P10266,E6,10.4886
P10266,F1,9.2016
P10266,F2,10.3520
P10266,F3,9.6231
P10266,F4,11.1507
P10266,F5,9.1971
P10266,F6,10.2472
P10266,G1,10.2100
P10266,G2,9.6609
P10266,G3,8.5299
P10266,G4,11.2944
P10266,G5,10.2045
P10266,G6,9.2052
P10266,H1,9.3991
P10266,H2,9.9560
P10266,H3,9.0335
P10266,H4,11.2263
P10266,H5,10.7301
P10266,H6,10.6537
P10267,A1,972.7304
P10267,A2,721.3360
P10267,A3,945.8175
P10267,A4,835.4390
P10267,A5,777.1543
P10267,A6,993.5403
P10267,B1,823.4846
P10267,B2,767.4073
P10267,B3,778.2149
P10267,B4,902.4607
P10267,B5,983.8926
P10267,B6,773.0438
P10267,C1,966.7830
P10267,C2,802.8115
P10267,C3,1007.4637
P10267,C4,859.2494
P10267,C5,895.4468
P10267,C6,713.1732
P10267,D1,746.6405
P10267,D2,895.9143
P10267,D3,707.2959
P10267,D4,783.6787
P10267,D5,932.6103
P10267,D6,764.6467
P10267,E1,972.7360
P10267,E2,780.5559
P10267,E3,932.3553
P10267,E4,783.4057
P10267,E5,861.7674
P10267,E6,870.8604
P10267,F1,803.6694
P10267,F2,707.4700
P10267,F3,989.3669
P10267,F4,893.0820
P10267,F5,815.1947
P10267,F6,788.2318
P10267,G1,703.6176
P10267,G2,823.1686
P10267,G3,723.1399
P10267,G4,747.1472
P10267,G5,815.5707
P10267,G6,774.7584
P10267,H1,1033.3640
P10267,H2,721.7792
P10267,H3,849.9615
P10267,H4,801.4417
P10267,H5,1000.1151
P10267,H6,681.8539
P10268,A1,2574.4033
P10268,A2,2735.3813
P10268,A3,2657.9214
P10268,A4,2327.1349
P10268,A5,2095.2389
P10268,A6,2128.2109
P10268,B1,1367.2918
P10268,B2,1615.6324
P10268,B3,1535.4322
P10268,B4,3053.5667
P10268,B5,3244.9865
P10268,B6,3162.0350
P10268,C1,2334.9736
P10268,C2,2449.5324
P10268,C3,1801.8815
P10268,C4,1478.4921
P10268,C5,1481.3142
P10268,C6,1431.3320
P10268,D1,738.9987
P10268,D2,600.7302
P10268,D3,619.6340
P10268,D4,3214.1777
P10268,D5,3895.4151
P10268,D6,4143.4334
P10268,E1,2048.6139
P10268,E3,2778.5690
P10268,E4,2335.4252
P10268,E5,1932.1870
P10268,E6,2106.1041
P10268,F1,1442.2585
P10268,F2,1624.1821
P10268,F3,1370.2687
P10268,F4,2701.6522
P10268,F5,2975.3836
P10268,F6,3124.5323
P10268,G1,2415.7227
P10268,G3,2040.8382
P10268,G4,1298.7063
P10268,G5,1837.4330
P10268,G6,1272.1324
P10268,H1,711.3871
P10268,H2,624.7466
P10268,H3,775.8331
P10268,H4,3744.8081
P10268,H5,3201.9871
P10268,H6,3475.7168
P10269,A1,722.3103
P10269,A2,927.7712
P10269,A3,603.7381
P10269,A4,640.9303
P10269,A5,678.8427
P10269,A6,707.9504
P10269,B1,546.3350
P10269,B2,508.2277
P10269,B3,574.0967
P10269,B4,774.2177
P10269,B5,883.3178
P10269,B6,934.9357
P10269,C1,693.1367
P10269,C2,618.9884
P10269,C3,671.1987
P10269,C4,387.1019
P10269,C5,489.3992
P10269,C6,468.3509
P10269,D1,325.2109
P10269,D2,259.2210
P10269,D3,331.1830
P10269,D4,903.2909
P10269,D5,694.1653
P10269,D6,766.1938
P10269,E1,858.2789
P10269,E2,807.9364
P10269,E3,773.3670
P10269,E4,665.8445
P10269,E5,623.8251
P10269,E6,549.5949
P10269,F1,456.1073
P10269,F2,501.8220
P10269,F3,586.4691
P10269,F4,1029.6326
P10269,F5,948.0780
P10269,F6,979.5940
P10269,G1,532.4138
P10269,G2,578.3808
P10269,G3,596.1934
P10269,G4,416.3667
P10269,G5,614.4769
P10269,G6,526.8026
P10269,H1,313.5245
P10269,H2,263.5869
P10269,H3,293.4302
P10269,H4,879.2649
P10269,H5,808.8315
P10269,H6,793.4707
P10270,A1,250.7253
P10270,A2,282.6174
P10270,A3,272.1105
P10270,A4,253.6529
P10270,A5,261.6205
P10270,A6,277.2440
P10270,B1,227.0049
P10270,B2,257.6621
P10270,B3,265.0002
P10270,B4,250.0040
P10270,B5,237.1204
P10270,B6,264.9164
P10270,C1,300.0995
P10270,C2,227.8542
P10270,C3,264.4992
P10270,C4,286.6207
P10270,C5,282.9228
P10270,C6,247.4985
P10270,D1,250.7098
P10270,D2,243.5337
P10270,D3,241.9386
P10270,D4,267.5937
P10270,D5,260.1044
P10270,D6,233.8177
P10270,E1,268.1892
P10270,E2,269.1299
P10270,E3,255.2861
P10270,E4,247.4111
P10270,E5,255.6322
P10270,E6,331.1317
P10270,F1,255.5477
P10270,F2,255.0301
P10270,F3,233.7577
P10270,F4,299.9541
P10270,F5,256.1134
P10270,F6,283.9990
P10270,G1,303.4969
P10270,G2,244.0263
P10270,G3,272.8955
P10270,G4,282.5590
P10270,G5,244.2044
P10270,G6,241.8388
P10270,H1,270.2115
P10270,H3,248.4062
P10270,H4,258.7151
P10270,H5,257.6451
P10270,H6,216.2393
P10271,A1,1237.2604
P10271,A2,1270.9440
P10271,A3,1139.5247
P10271,A4,1225.1041
P10271,A5,1368.8046
P10271,A6,1234.5369
P10271,B1,2198.0611
P10271,B3,2091.8824
P10271,B4,877.9302
P10271,B5,1039.3838
P10271,C1,1612.4868
P10271,C2,1113.6812
P10271,C3,1532.4863
P10271,C4,2065.8582
P10271,C5,2202.4847
P10271,C6,1867.0135
P10271,D1,3675.4445
P10271,D2,4785.0895
P10271,D3,5213.5335
P10271,D4,943.8425
P10271,D5,917.9021
P10271,D6,961.0735
P10271,E1,1076.9656
P10271,E2,1164.0547
P10271,E3,1163.6561
P10271,E4,1387.8886
P10271,E5,1169.9096
P10271,E6,1521.5234
P10271,F1,2194.4441
P10271,F2,1712.3111
P10271,F3,1654.1247
P10271,F4,1017.4186
P10271,F5,872.8628
P10271,F6,816.8479
P10271,G1,1369.2107
P10271,G2,1457.6862
P10271,G3,1304.6965
P10271,G4,2137.6143
P10271,G5,2002.5577
P10271,G6,1983.6611
P10271,H1,3375.5186
P10271,H2,5067.8631
P10271,H3,4422.9866
P10271,H4,880.9855
P10271,H5,924.2089
P10271,H6,977.4844
P10272,A1,417.8831
P10272,A2,389.4617
P10272,A3,400.1959
P10272,A4,494.9179
P10272,A5,598.6304
P10272,A6,475.9479
P10272,B1,991.5103
P10272,B2,866.0697
P10272,B3,805.3217
P10272,B4,311.5746
P10272,B5,358.3922
P10272,B6,380.8418
P10272,C1,613.6428
P10272,C2,518.5451
P10272,C3,517.7131
P10272,C4,853.2727
P10272,C5,740.5792
P10272,C6,768.1626
P10272,D1,1956.4847
P10272,D2,1702.8086
P10272,D3,2040.5635
P10272,D4,329.4453
P10272,D5,298.8711
P10272,D6,328.0050
P10272,E2,400.0225
P10272,E3,390.9294
P10272,E4,462.1892
P10272,E5,518.9941
P10272,E6,479.5929
P10272,F1,884.3973
P10272,F2,637.3590
P10272,F3,929.9690
P10272,F4,378.2678
P10272,F5,365.6183
P10272,F6,337.5614
P10272,G1,642.1829
P10272,G2,458.1894
P10272,G3,522.2757
P10272,G4,742.8285
P10272,G5,778.2156
P10272,G6,767.9681
P10272,H1,1729.9647
P10272,H2,1913.5193
P10272,H3,1771.3026
P10272,H4,255.6848
P10272,H5,255.0233
P10272,H6,359.5313
P10273,A1,52.2160
P10273,A2,52.1452
P10273,A3,65.3448
P10273,A4,39.7076
P10273,A5,42.4279
P10273,A6,61.3766
P10273,B1,51.0387
P10273,B2,51.9671
P10273,B3,56.3286
P10273,B4,55.1545
P10273,B5,52.3792
P10273,B6,52.7627
P10273,C1,45.3038
P10273,C2,57.6960
P10273,C3,56.2875
P10273,C4,64.6478
P10273,C5,58.4313
P10273,C6,54.0819
P10273,D1,57.4818
P10273,D2,47.8174
P10273,D3,51.9344
P10273,D4,46.6231
P10273,D5,55.5697
P10273,D6,46.3289
P10273,E1,57.2810
P10273,E2,56.9910
P10273,E3,47.7444
P10273,E4,64.3752
P10273,E5,52.7705
P10273,E6,58.5020
P10273,F1,51.3624
P10273,F2,59.4084
P10273,F3,56.7452
P10273,F4,62.6221
P10273,F5,62.3799
P10273,F6,47.9825
P10273,G1,50.0741
P10273,G2,55.1127
P10273,G4,58.5416
P10273,G5,59.3905
P10273,G6,55.0893
P10273,H1,50.5615
P10273,H2,57.1389
P10273,H3,56.1202
P10273,H4,63.6475
P10273,H5,38.2575
P10273,H6,53.8794
P10274,A1,628.4200
P10274,A2,608.7172
P10274,A3,553.0457
P10274,A4,466.3967
P10274,A5,517.1271
P10274,A6,481.9208
P10274,B1,511.4002
P10274,B2,623.1251
P10274,B3,608.8836
P10274,B4,525.6824
P10274,B5,552.4633
P10274,B6,648.2967
P10274,C1,570.2200
P10274,C2,607.8520
P10274,C3,543.7107
P10274,C4,540.7720
P10274,C5,523.6866
P10274,C6,566.0252
P10274,D1,579.5932
P10274,D2,587.9256
P10274,D3,612.4689
P10274,D4,479.3464
P10274,D5,575.8069
P10274,D6,591.2435
P10274,E1,608.7234
P10274,E2,608.3898
P10274,E3,553.7214
P10274,E4,514.2500
P10274,E5,487.4953
P10274,E6,529.2632
P10274,F1,469.4682
P10274,F2,497.2487
P10274,F3,529.7756
P10274,F4,503.9528
P10274,F5,506.7635
P10274,F6,522.8488
P10274,G1,455.3607
P10274,G2,633.9038
P10274,G3,564.4722
P10274,G4,612.8294
P10274,G5,540.4140
P10274,G6,664.6588
P10274,H1,621.1315
P10274,H2,517.6693
P10274,H3,487.8424
P10274,H5,524.4541
P10274,H6,560.5555
P10275,A1,60.7605
P10275,A2,55.0154
P10275,A3,52.1923
P10275,A4,61.0512
P10275,A5,68.0235
P10275,A6,64.9129
P10275,B1,68.2436
P10275,B2,67.0744
P10275,B3,67.3262
P10275,B4,59.1419
P10275,B5,60.5937
P10275,B6,65.5248
P10275,C1,52.9809
P10275,C2,65.9011
P10275,C3,53.6254
P10275,C4,59.7744
P10275,C5,59.7201
P10275,C6,53.6966
P10275,D1,79.4411
P10275,D2,70.7880
P10275,D3,54.3737
P10275,D4,67.7132
P10275,D5,67.7299
P10275,D6,54.0127
P10275,E1,59.3934
P10275,E2,72.9400
P10275,E3,61.3983
P10275,E4,52.3022
P10275,E5,59.1579
P10275,E6,53.1521
P10275,F1,53.5960
P10275,F2,64.7492
P10275,F3,63.3441
P10275,F4,59.2152
P10275,F5,56.3501
P10275,F6,61.0920
P10275,G1,54.2563
P10275,G2,52.0542
P10275,G3,63.4341
P10275,G4,52.3211
P10275,G5,59.2893
P10275,G6,55.8407
P10275,H1,73.1593
P10275,H2,61.9310
P10275,H3,64.7443
P10275,H4,72.7079
P10275,H5,67.7610
P10275,H6,61.4555
P10276,A1,504.5360
P10276,A2,544.4401
P10276,A3,558.8704
P10276,A4,470.5484
P10276,A5,425.9749
P10276,A6,494.2399
P10276,B1,504.7802
P10276,B2,471.2790
P10276,B3,491.7837
P10276,B4,412.4571
P10276,B5,474.5381
P10276,B6,466.5992
P10276,C1,476.1428
P10276,C2,512.7850
P10276,C3,458.5500
P10276,C4,469.7705
P10276,C5,555.1225
P10276,C6,463.6073
P10276,D1,369.8270
P10276,D2,448.6920
P10276,D3,518.6425
P10276,D4,411.8206
P10276,D5,425.4515
P10276,D6,404.8267
P10276,E2,418.4624
P10276,E3,453.6852
P10276,E4,414.1725
P10276,E5,464.5779
P10276,E6,440.4454
P10276,F1,355.2357
P10276,F2,457.2107
P10276,F3,570.2639
P10276,F4,516.7073
P10276,F5,511.7793
P10276,F6,547.7176
P10276,G1,620.0787
P10276,G2,368.9456
P10276,G3,486.0877
P10276,G4,465.3093
P10276,G5,473.3187
P10276,G6,353.1830
P10276,H1,472.0102
P10276,H2,486.3644
P10276,H3,445.7480
P10276,H4,451.2521
P10276,H5,530.9275
P10276,H6,449.0981
P10277,A1,161.1586
P10277,A2,194.6430
P10277,A3,185.1116
P10277,A4,151.8799
P10277,A5,170.3031
P10277,A6,176.1008
P10277,B1,154.4816
P10277,B2,189.2650
P10277,B3,169.0369
P10277,B4,217.9617
P10277,B5,184.6335
P10277,B6,147.8205
P10277,C1,178.4211
P10277,C2,190.9784
P10277,C3,171.1755
P10277,C4,163.2744
P10277,C5,195.7274
P10277,C6,157.5433
P10277,D1,187.9437
P10277,D2,160.1787
P10277,D3,134.9294
P10277,D4,206.2093
P10277,D5,168.5553
P10277,D6,142.4053
P10277,E1,185.9096
P10277,E2,196.0804
P10277,E3,188.7277
P10277,E4,171.4073
P10277,E5,168.6110
P10277,E6,168.5288
P10277,F1,172.2980
P10277,F2,134.6437
P10277,F3,168.8704
P10277,F4,192.7916
P10277,F5,197.0770
P10277,F6,188.3920
P10277,G1,173.9909
P10277,G2,160.3812
P10277,G3,194.1138
P10277,G4,162.1589
P10277,G5,162.2726
P10277,G6,188.3514
P10277,H1,173.8948
P10277,H2,181.8316
P10277,H3,195.5492
P10277,H4,178.4028
P10277,H5,146.2738
P10277,H6,175.7361
P10278,A1,548.2573
P10278,A2,731.4172
P10278,A3,597.8534
P10278,A4,847.2336
P10278,A5,733.5140
P10278,A6,740.6111
P10278,B1,921.5430
P10278,B2,831.1875
P10278,B3,833.7609
P10278,B4,658.0487
P10278,B5,752.1429
P10278,B6,695.1278
P10278,C1,625.5646
P10278,C2,787.1274
P10278,C3,757.2473
P10278,C4,962.7641
P10278,C5,875.9271
P10278,C6,755.4634
P10278,D1,1193.1456
P10278,D2,1118.9870
P10278,D3,1144.6569
P10278,D4,541.8844
P10278,D5,632.5252
P10278,D6,692.6586
P10278,E1,740.0258
P10278,E2,715.3282
P10278,E3,759.1840
P10278,E4,918.0782
P10278,E5,856.7477
P10278,E6,859.5451
P10278,F1,1179.5729
P10278,F2,977.9701
P10278,F3,1127.0337
P10278,F4,549.5467
P10278,F5,595.6351
P10278,F6,663.9905
P10278,G1,796.6851
P10278,G2,954.2450
P10278,G3,878.0464
P10278,G4,1205.8274
P10278,G5,1082.5100
P10278,G6,1114.7434
P10278,H1,1923.6404
P10278,H2,2161.2271
P10278,H3,2058.6396
P10278,H4,714.0874
P10278,H5,546.9928
P10278,H6,646.2327
P10279,A1,1040.0309
P10279,A2,1048.6908
P10279,A3,1023.2295
P10279,A4,914.8168
P10279,A5,941.8088
P10279,A6,920.0103
P10279,B1,1049.1635
P10279,B2,1200.7225
P10279,B3,913.5184
P10279,B4,1043.6926
P10279,B5,1080.7705
P10279,B6,1012.1412
P10279,C1,1001.5358
P10279,C2,1184.8586
P10279,C3,1026.9622
P10279,C4,1065.1098
P10279,C5,1001.5363
P10279,C6,1083.4061
P10279,D1,986.9248
P10279,D2,956.3969
P10279,D3,1042.4582
P10279,D4,1008.6779
P10279,D5,954.0154
P10279,E1,923.5049
P10279,E2,1023.2106
P10279,E3,1073.5362
P10279,E4,936.1588
P10279,E5,968.4673
P10279,E6,1122.6063
P10279,F1,990.8482
P10279,F2,1049.2178
P10279,F3,1008.5795
P10279,F4,1003.9481
P10279,F5,892.7954
P10279,F6,915.5323
P10279,G1,1149.3057
P10279,G2,1150.2373
P10279,G3,1082.8192
P10279,G4,867.3711
P10279,G5,936.6400
P10279,G6,1215.2447
P10279,H1,1004.4793
P10279,H2,879.9596
P10279,H3,1135.0296
P10279,H4,1049.5412
P10279,H5,855.6798
P10279,H6,969.5065
P10280,A1,65.4300
P10280,A2,76.0740
P10280,A3,72.9924
P10280,A4,72.3273
P10280,A5,63.3392
P10280,A6,60.0813
P10280,B1,67.1220
P10280,B2,65.3046
P10280,B3,73.5858
P10280,B4,67.3512
P10280,B5,78.2783
P10280,B6,68.9475
P10280,C2,72.9182
P10280,C3,70.2593
P10280,C4,63.6381
P10280,C5,53.3546
P10280,C6,64.7449
P10280,D1,64.6948
P10280,D2,64.6546
P10280,D3,74.4599
P10280,D4,75.2481
P10280,D5,62.3692
P10280,D6,68.9553
P10280,E1,74.9510
P10280,E2,76.7693
P10280,E3,63.1692
P10280,E4,61.7286
P10280,E5,60.9553
P10280,E6,81.9936
P10280,F1,63.6870
P10280,F2,68.1835
P10280,F3,63.3391
P10280,F4,60.6903
P10280,F5,58.7602
P10280,F6,63.6177
P10280,G1,73.5493
P10280,G2,67.6931
P10280,G3,70.2311
P10280,G4,71.9620
P10280,G5,60.9470
P10280,G6,69.3693
P10280,H1,72.7610
P10280,H2,71.5588
P10280,H3,69.9662
P10280,H4,57.7195
P10280,H5,64.4114
P10280,H6,74.1480
P10281,A1,117.6918
P10281,A2,116.5080
P10281,A3,177.3276
P10281,A4,134.6296
P10281,A5,142.1452
P10281,A6,157.2214
P10281,B1,132.1341
P10281,B2,130.6651
P10281,B4,133.9320
P10281,B5,118.8369
P10281,B6,125.9207
P10281,C1,146.7521
P10281,C2,138.1298
P10281,C3,116.9561
P10281,C4,121.8262
P10281,C5,138.3594
P10281,C6,123.3146
P10281,D1,132.1715
P10281,D3,133.0224
P10281,D4,130.3001
P10281,D5,142.1557
P10281,D6,123.0712
P10281,E1,120.5918
P10281,E2,123.4618
P10281,E3,135.3860
P10281,E4,130.8192
P10281,E5,120.5159
P10281,E6,118.1174
P10281,F1,149.1264
P10281,F2,138.5130
P10281,F3,134.5397
P10281,F4,148.2052
P10281,F5,127.5102
P10281,F6,120.0176
P10281,G1,127.1717
P10281,G2,136.3517
P10281,G3,121.7409
P10281,G4,115.9150
P10281,G5,125.1981
P10281,G6,129.6529
P10281,H1,120.6078
P10281,H2,132.0104
P10281,H3,126.8122
P10281,H4,131.9263
P10281,H5,143.8165
P10281,H6,146.1908
P10282,A1,308.0372
P10282,A2,223.3212
P10282,A3,275.5095
P10282,A4,265.9317
P10282,A5,259.2732
P10282,A6,328.4734
P10282,B1,257.4323
P10282,B2,275.2962
P10282,B3,299.1616
P10282,B4,277.9374
P10282,B5,280.5899
P10282,B6,278.7010
P10282,C1,295.2340
P10282,C2,260.9962
P10282,C3,265.8393
P10282,C4,287.3570
P10282,C5,283.7950
P10282,C6,263.6228
P10282,D1,257.9882
P10282,D2,294.1120
P10282,D3,291.3193
P10282,D4,257.6481
P10282,D5,298.5138
P10282,D6,332.2424
P10282,E1,333.7815
P10282,E2,276.5732
P10282,E3,292.0664
P10282,E4,293.2841
P10282,E5,257.1375
P10282,E6,266.8534
P10282,F1,333.2019
P10282,F2,244.3540
P10282,F3,295.0693
P10282,F4,307.4877
P10282,F5,288.5392
P10282,F6,332.8980
P10282,G1,286.2431
P10282,G2,285.2533
P10282,G3,311.8945
P10282,G4,300.0249
P10282,G5,291.5638
P10282,G6,300.9426
P10282,H1,349.0534
P10282,H3,349.9653
P10282,H4,306.3026
P10282,H5,266.1986
P10282,H6,284.7215
P10283,A1,368.1273
P10283,A2,362.8055
P10283,A3,336.2961
P10283,A4,333.1169
P10283,A5,315.4012
P10283,A6,272.1634
P10283,B1,269.7835
P10283,B2,280.1817
P10283,B3,307.4736
P10283,B4,339.6685
P10283,B5,311.9615
P10283,B6,360.8143
P10283,C1,351.8381
P10283,C2,316.1984
P10283,C3,310.2916
P10283,C4,270.1995
P10283,C5,335.5697
P10283,C6,434.5447
P10283,D1,285.3571
P10283,D3,286.9280
P10283,D4,372.2097
P10283,D5,351.5440
P10283,D6,292.7763
P10283,E1,279.1476
P10283,E2,349.6533
P10283,E3,340.2595
P10283,E4,296.1481
P10283,E5,270.3741
P10283,E6,305.9172
P10283,F1,271.3264
P10283,F2,318.0120
P10283,F3,322.4301
P10283,F4,333.8263
P10283,F5,287.5755
P10283,F6,337.6456
P10283,G1,322.3592
P10283,G2,310.4886
P10283,G3,359.2202
P10283,G4,300.9260
P10283,H1,320.5464
P10283,H2,294.9921
P10283,H3,260.5773
P10283,H4,330.7842
P10283,H5,335.2392
P10283,H6,319.1679
P10284,A1,118.8727
P10284,A2,117.7527
P10284,A3,107.1449
P10284,A4,110.8355
P10284,A5,112.0644
P10284,A6,111.4647
P10284,B1,94.0550
P10284,B2,100.5805
P10284,B3,92.0908
P10284,B4,108.2761
P10284,B5,109.8001
P10284,B6,130.6893
P10284,C1,106.4250
P10284,C2,97.8320
P10284,C3,122.2304
P10284,C4,95.8445
P10284,C5,86.5486
P10284,C6,89.8572
P10284,D1,72.6438
P10284,D2,71.5642
P10284,D3,66.8488
P10284,D4,131.2677
P10284,D5,119.5654
P10284,D6,116.7289
P10284,E1,97.1818
P10284,E2,137.1578
P10284,E3,109.0021
P10284,E4,92.5936
P10284,E5,119.4802
P10284,E6,112.8495
P10284,F2,60.5950
P10284,F3,91.8828
P10284,F4,121.4067
P10284,F5,100.4700
P10284,F6,125.8577
P10284,G1,115.6466
P10284,G2,101.4375
P10284,G3,109.0642
P10284,G4,110.3222
P10284,G5,85.2180
P10284,G6,78.7990
P10284,H1,62.1737
P10284,H2,77.3558
P10284,H3,64.3575
P10284,H4,117.3342
P10284,H5,121.6244
P10284,H6,118.9149
P10285,A1,125.3693
P10285,A2,119.8768
P10285,A3,151.2977
P10285,A4,117.2054
P10285,A5,124.4448
P10285,A6,131.9534
P10285,B1,115.9387
P10285,B2,114.3400
P10285,B3,142.8226
P10285,B4,117.2730
P10285,B5,143.4300
P10285,B6,134.1820
P10285,C1,141.0042
P10285,C2,136.3062
P10285,C3,128.0464
P10285,C4,148.3317
P10285,C5,133.8053
P10285,C6,131.2413
P10285,D1,113.4121
P10285,D2,154.0721
P10285,D3,127.8256
P10285,D4,142.8150
P10285,D5,160.2781
P10285,D6,105.6060
P10285,E1,128.4257
P10285,E2,142.9253
P10285,E3,116.7531
P10285,E4,147.8285
P10285,E5,135.3832
P10285,E6,123.6996
P10285,F1,126.4258
P10285,F2,147.8709
P10285,F3,145.9842
P10285,F4,149.3676
P10285,F5,122.4798
P10285,F6,141.8198
P10285,G1,119.0260
P10285,G2,113.1873
P10285,G3,142.9504
P10285,G4,158.5663
P10285,G5,135.7377
P10285,G6,148.4430
P10285,H1,113.2113
P10285,H2,143.0734
P10285,H3,120.8006
P10285,H4,123.2477
P10285,H5,149.3594
P10285,H6,149.9576
P10286,A1,486.0874
P10286,A2,387.5737
P10286,A3,463.2760
P10286,A4,459.0666
P10286,A5,490.5353
P10286,A6,455.1124
P10286,B1,491.9806
P10286,B2,480.0492
P10286,B3,491.8246
P10286,B4,469.4599
P10286,B5,439.7548
P10286,B6,492.6975
P10286,C1,516.5274
P10286,C2,515.7208
P10286,C3,470.2437
P10286,C4,468.0391
P10286,C5,459.0370
P10286,C6,563.1099
P10286,D1,549.9859
P10286,D2,554.9760
P10286,D3,541.4320
P10286,D5,553.3022
P10286,D6,481.4620
P10286,E1,481.3293
P10286,E2,508.2111
P10286,E3,522.3191
P10286,E4,449.8551
P10286,E5,523.7080
P10286,E6,631.3771
P10286,F1,608.2025
P10286,F2,501.6278
P10286,F3,604.9722
P10286,F4,466.7955
P10286,F5,511.0531
P10286,F6,659.7657
P10286,G1,447.4303
P10286,G2,450.9751
P10286,G3,549.8260
P10286,G4,429.9135
P10286,G5,528.9743
P10286,G6,469.9574
P10286,H1,596.8133
P10286,H2,487.1152
P10286,H3,373.4946
P10286,H4,498.0475
P10286,H5,445.3047
P10286,H6,497.8591
P10287,A1,257.6486
P10287,A2,241.7821
P10287,A3,253.8288
P10287,A4,254.0120
P10287,A5,256.1814
P10287,A6,244.1911
P10287,B1,266.2565
P10287,B2,282.7880
P10287,B3,247.2413
P10287,B4,253.9952
P10287,B5,187.5412
P10287,B6,254.0568
P10287,C1,211.8642
P10287,C2,258.9613
P10287,C3,260.4954
P10287,C4,238.6663
P10287,C5,218.5491
P10287,C6,240.7362
P10287,D1,212.0790
P10287,D2,228.5571
P10287,D3,254.2513
P10287,D4,307.9729
P10287,D6,295.0648
P10287,E1,249.9973
P10287,E2,293.9654
P10287,E3,280.1641
P10287,E4,276.8272
P10287,E5,301.5328
P10287,E6,285.6431
P10287,F1,242.1004
P10287,F2,223.6749
P10287,F3,248.0528
P10287,F4,289.2235
P10287,F5,234.2101
P10287,F6,261.9336
P10287,G1,286.6166
P10287,G2,241.9859
P10287,G3,288.2562
P10287,G4,294.2228
P10287,G5,230.5472
P10287,G6,304.1309
P10287,H1,233.7212
P10287,H2,280.9056
P10287,H3,231.4888
P10287,H4,258.0644
P10287,H5,250.6865
P10287,H6,225.1147
P10288,A1,128.2966
P10288,A2,156.3985
P10288,A3,165.4425
P10288,A4,134.2276
P10288,A5,152.3649
P10288,A6,149.8829
P10288,B1,158.3731
P10288,B2,149.1046
P10288,B3,142.0239
P10288,B4,179.2770
P10288,B5,175.4025
P10288,B6,151.4021
P10288,C1,179.0558
P10288,C2,150.0590
P10288,C3,140.7969
P10288,C4,149.8065
P10288,C5,164.4059
P10288,C6,138.7443
P10288,D1,161.5366
P10288,D2,163.7038
P10288,D3,126.0086
P10288,D4,184.0092
P10288,D5,155.6411
P10288,D6,146.4933
P10288,E1,162.1084
P10288,E2,157.9921
P10288,E3,153.6465
P10288,E4,152.6719
P10288,E5,149.0774
P10288,E6,135.4044
P10288,F1,158.9232
P10288,F2,179.2258
P10288,F3,147.4075
P10288,F4,144.5581
P10288,F5,154.4406
P10288,F6,157.5076
P10288,G1,158.7281
P10288,G2,136.4832
P10288,G3,125.7662
P10288,G4,152.1595
P10288,G5,159.5746
P10288,G6,155.2420
P10288,H1,140.8726
P10288,H2,157.6869
P10288,H3,171.3672
P10288,H4,171.0908
P10288,H5,151.7539
P10288,H6,131.7693
P10289,A1,214.9271
P10289,A2,238.1363
P10289,A3,211.3142
P10289,A4,231.5920
P10289,A5,218.3934
P10289,A6,214.9008
P10289,B1,196.1441
P10289,B2,220.9520
P10289,B3,210.0502
P10289,B4,260.8164
P10289,B5,200.7513
P10289,B6,242.5170
P10289,C1,288.6657
P10289,C2,238.6711
P10289,C3,189.1931
P10289,C4,186.2331
P10289,C5,239.4794
P10289,C6,254.7097
P10289,D1,222.0913
P10289,D2,253.5029
P10289,D3,265.3742
P10289,D4,215.5226
P10289,D5,268.2635
P10289,D6,179.9129
P10289,E1,221.2065
P10289,E2,246.0164
P10289,E3,211.2522
P10289,E4,204.1652
P10289,E5,215.7443
P10289,E6,228.2601
P10289,F1,243.1647
P10289,F2,201.2936
P10289,F3,202.7415
P10289,F4,193.5355
P10289,F5,250.2930
P10289,F6,235.8253
P10289,G1,224.5055
P10289,G2,234.3670
P10289,G3,234.8559
P10289,G4,229.5582
P10289,G5,191.5409
P10289,G6,221.5728
P10289,H1,245.5543
P10289,H2,219.2722
P10289,H3,203.9892
P10289,H4,197.5257
P10289,H5,236.1860
P10289,H6,210.2695
P10290,A1,3489.5626
P10290,A2,3938.5185
P10290,A3,3441.5930
P10290,A4,3173.1316
P10290,A5,4209.1751
P10290,A6,3829.2592
P10290,B1,3852.6590
P10290,B2,4100.9221
P10290,B3,3450.0015
P10290,B4,3600.6125
P10290,B5,3708.9769
P10290,B6,3473.5847
P10290,C1,4219.0193
P10290,C2,3755.9777
P10290,C3,3874.8870
P10290,C4,3500.1392
P10290,C5,4342.5367
P10290,C6,3604.7186
P10290,D1,3986.2296
P10290,D2,3459.7401
P10290,D3,3458.8622
P10290,D4,3841.9134
P10290,D5,3674.6221
P10290,D6,3750.9270
P10290,E1,3334.2836
P10290,E2,4748.6783
P10290,E3,3327.7835
P10290,E4,3235.1136
P10290,E5,3291.4086
P10290,E6,3402.5775
P10290,F1,3566.4785
P10290,F2,4108.9989
P10290,F3,3485.2811
P10290,F4,3473.8397
P10290,F5,3919.9587
P10290,F6,3289.5036
P10290,G1,3347.8654
P10290,G2,3881.4841
P10290,G3,3526.4484
P10290,G4,3496.2338
P10290,G5,3416.1015
P10290,G6,3034.3238
P10290,H1,4140.4574
P10290,H2,2747.1707
P10290,H3,3297.2938
P10290,H4,3859.4469
P10290,H5,3618.5956
P10290,H6,3936.7976
P10291,A1,216.4551
P10291,A2,189.5704
P10291,A3,174.7187
P10291,A4,181.0874
P10291,A5,192.9149
P10291,A6,209.5999
P10291,B1,202.0676
P10291,B2,201.4802
P10291,B3,269.5526
P10291,B4,186.9879
P10291,B5,178.1914
P10291,B6,187.5724
P10291,C1,174.9205
P10291,C2,220.6048
P10291,C3,184.0362
P10291,C4,189.2407
P10291,C5,238.8482
P10291,C6,169.1021
P10291,D1,207.6223
P10291,D2,218.5987
P10291,D3,178.6078
P10291,D4,198.6764
P10291,D5,191.1131
P10291,D6,185.6459
P10291,E1,225.9500
P10291,E2,203.6205
P10291,E3,211.6242
P10291,E4,176.1567
P10291,E5,217.7670
P10291,E6,199.4691
P10291,F1,174.1012
P10291,F2,206.2623
P10291,F3,187.7103
P10291,F4,212.4474
P10291,F5,194.2080
P10291,F6,171.2230
P10291,G1,177.6993
P10291,G2,207.8842
P10291,G3,195.3025
P10291,G4,240.7337
P10291,G5,173.9687
P10291,G6,227.8291
P10291,H1,212.8666
P10291,H2,177.8980
P10291,H3,200.8008
P10291,H4,230.3853
P10291,H5,224.2961
P10291,H6,199.4477
P10292,A1,662.4880
P10292,A2,637.6401
P10292,A3,607.0376
P10292,A4,589.4554
P10292,A5,567.9333
P10292,A6,603.4188
P10292,B1,643.9592
P10292,B2,822.8672
P10292,B3,665.9093
P10292,B4,547.0711
P10292,B5,695.0721
P10292,B6,681.1162
P10292,C1,459.4049
P10292,C2,645.9247
P10292,C3,624.8706
P10292,C4,612.9005
P10292,C5,612.5467
P10292,C6,595.1027
P10292,D1,625.1295
P10292,D2,477.6338
P10292,D3,584.3836
P10292,D4,668.8135
P10292,D5,576.9328
P10292,D6,691.9817
P10292,E1,565.0854
P10292,E2,582.1302
P10292,E3,552.4039
P10292,E4,611.5341
P10292,E5,685.6630
P10292,E6,645.7266
P10292,F1,604.3716
P10292,F2,743.5114
P10292,F3,564.4698
P10292,F4,630.7018
P10292,F5,599.6841
P10292,G1,585.2367
P10292,G2,641.2983
P10292,G3,719.2213
P10292,G4,616.5641
P10292,G5,647.7487
P10292,G6,556.8376
P10292,H1,675.0205
P10292,H2,679.3504
P10292,H3,693.0448
P10292,H4,685.8684
P10292,H5,602.5719
P10292,H6,569.6082
P10293,A1,1145.5463
P10293,A2,1103.8658
P10293,A3,974.8290
P10293,A4,880.2528
P10293,A5,834.4494
P10293,A6,943.2527
P10293,B1,869.8997
P10293,B2,860.9553
P10293,B3,833.1731
P10293,B4,1179.4172
P10293,B5,1111.9156
P10293,B6,1166.2845
P10293,C1,941.8723
P10293,C2,863.9438
P10293,C3,876.3597
P10293,C4,701.0292
P10293,C5,703.9909
P10293,C6,824.2472
P10293,D1,461.1777
P10293,D2,510.3206
P10293,D3,466.2968
P10293,D4,1342.4334
P10293,D5,1310.8065
P10293,D6,1201.3466
P10293,E1,1044.8705
P10293,E2,1162.7513
P10293,E3,999.9711
P10293,E4,839.6117
P10293,E5,870.3174
P10293,E6,897.6148
P10293,F1,748.1964
P10293,F2,769.0650
P10293,F3,792.9997
P10293,F4,1160.9805
P10293,F5,1086.9688
P10293,F6,1171.4809
P10293,G1,940.9656
P10293,G2,1111.2418
P10293,G3,816.7502
P10293,G4,679.1094
P10293,G5,696.1641
P10293,G6,716.0107
P10293,H1,521.9173
P10293,H2,466.2491
P10293,H3,516.5138
P10293,H4,1238.2486
P10293,H5,1315.3027
P10293,H6,1189.6953
P10294,A1,367.3424
P10294,A2,411.9387
P10294,A3,370.1748
P10294,A4,315.4424
P10294,A5,297.2493
P10294,A6,277.3190
P10294,B1,257.8141
P10294,B2,234.1855
P10294,B3,220.9743
P10294,B4,370.3485
P10294,B5,383.9553
P10294,B6,387.1294
P10294,C1,298.7749
P10294,C2,280.9115
P10294,C3,283.7783
P10294,C4,289.2223
P10294,C5,238.7649
P10294,C6,257.4988
P10294,D1,131.4958
P10294,D2,133.9732
P10294,D3,123.7763
P10294,D4,385.3220
P10294,D5,390.9934
P10294,D6,374.9905
P10294,E1,321.8495
P10294,E2,357.6064
P10294,E3,378.1173
P10294,E4,287.2695
P10294,E5,302.8538
P10294,E6,294.0002
P10294,F1,249.5955
P10294,F2,255.9901
P10294,F3,272.1613
P10294,F4,371.6858
P10294,F5,366.7601
P10294,F6,352.3283
P10294,G1,298.0493
P10294,G2,359.4447
P10294,G3,326.2061
P10294,G4,235.4646
P10294,G5,200.9603
P10294,G6,291.2415
P10294,H1,158.0532
P10294,H2,141.6300
P10294,H3,152.1303
P10294,H4,394.3150
P10294,H5,409.6067
P10294,H6,410.3797
P10295,A1,143.1596
P10295,A2,177.4628
P10295,A3,139.7542
P10295,A4,170.0308
P10295,A5,164.6790
P10295,A6,152.3747
P10295,B1,158.5072
P10295,B2,155.5415
P10295,B3,153.5277
P10295,B4,127.7518
P10295,B5,170.8374
P10295,B6,194.9214
P10295,C1,153.0525
P10295,C2,187.3981
P10295,C3,155.6868
P10295,C4,153.5395
P10295,C5,186.2932
P10295,C6,184.8327
P10295,D1,137.8259
P10295,D2,146.9154
P10295,D3,161.2030
P10295,D4,170.6773
P10295,D5,138.2311
P10295,D6,144.2453
P10295,E1,145.2774
P10295,E2,155.3412
P10295,E3,162.9800
P10295,E4,113.6252
P10295,E5,128.1170
P10295,E6,149.7432
P10295,F1,176.8560
P10295,F2,141.0513
P10295,F3,132.1639
P10295,F4,153.5478
P10295,F5,157.8545
P10295,F6,150.9957
P10295,G1,168.0120
P10295,G2,183.9042
P10295,G3,151.6279
P10295,G4,154.1821
P10295,G5,168.2212
P10295,G6,138.5781
P10295,H1,142.6901
P10295,H2,176.7793
P10295,H3,157.7950
P10295,H4,126.1946
P10295,H5,162.9413
P10295,H6,168.9344
P10296,A1,395.2382
P10296,A2,452.4443
P10296,A3,396.5506
P10296,A4,451.5183
P10296,A5,319.1650
P10296,A6,363.1083
P10296,B1,397.9668
P10296,B2,394.5461
P10296,B3,431.7230
P10296,B4,397.4255
P10296,B5,434.2245
P10296,B6,437.4540
P10296,C1,406.5556
P10296,C2,372.1047
P10296,C3,334.9596
P10296,C4,353.0621
P10296,C5,361.3900
P10296,C6,418.4214
P10296,D1,476.9618
P10296,D2,348.6734
P10296,D3,290.0355
P10296,D4,407.5286
P10296,D5,335.9564
P10296,D6,404.5543
P10296,E1,476.6441
P10296,E2,396.1686
P10296,E3,409.1313
P10296,E4,329.7727
P10296,E5,424.4184
P10296,E6,346.9474
P10296,F1,335.9570
P10296,F2,407.8601
P10296,F3,383.9963
P10296,F4,455.9811
P10296,F5,379.4920
P10296,F6,391.8121
P10296,G1,386.1085
P10296,G2,472.7217
P10296,G3,382.7610
P10296,G4,398.7770
P10296,G5,372.1668
P10296,G6,401.9918
P10296,H1,456.0936
P10296,H2,407.4290
P10296,H3,426.3733
P10296,H4,423.1253
P10296,H5,395.9389
P10296,H6,408.1619
P10297,A1,698.3814
P10297,A2,982.8353
P10297,A3,878.2700
P10297,A4,777.1414
P10297,A5,850.0015
P10297,A6,748.8282
P10297,B1,743.0229
P10297,B2,802.7742
P10297,B3,853.0965
P10297,B4,713.0994
P10297,B5,844.8681
P10297,B6,868.7123
P10297,C1,896.6618
P10297,C2,791.5141
P10297,C3,790.7998
P10297,C4,980.7399
P10297,C5,701.0019
P10297,C6,904.7122
P10297,D1,804.9985
P10297,D2,911.2178
P10297,D3,830.0854
P10297,D4,1052.7072
P10297,D5,755.9748
P10297,D6,971.6265
P10297,E1,895.2740
P10297,E2,855.1264
P10297,E3,791.8356
P10297,E4,948.6371
P10297,E5,899.9371
P10297,E6,928.2900
P10297,F1,837.0680
P10297,F2,786.0995
P10297,F3,921.1119
P10297,F4,817.0258
P10297,F5,924.6146
P10297,F6,877.6822
P10297,G1,1083.8791
P10297,G2,1001.7483
P10297,G3,720.0733
P10297,G4,877.7864
P10297,G5,826.0195
P10297,G6,808.0941
P10297,H1,884.6535
P10297,H2,905.7450
P10297,H3,776.6397
P10297,H4,718.9975
P10297,H5,789.3339
P10297,H6,839.8436
P10298,A1,627.6662
P10298,A2,637.1987
P10298,A3,680.7580
P10298,A4,672.0912
P10298,A5,713.9473
P10298,A6,606.6986
P10298,B1,627.7317
P10298,B2,586.0297
P10298,B3,737.1611
P10298,B4,612.0167
P10298,B5,691.2387
P10298,B6,752.5216
P10298,C1,716.2710
P10298,C2,618.7064
P10298,C3,624.9242
P10298,C4,686.5532
P10298,C5,570.0271
P10298,C6,666.8289
P10298,D1,707.3563
P10298,D2,612.2182
P10298,D3,691.3279
P10298,D4,803.9645
P10298,D5,585.9510
P10298,D6,657.7846
P10298,E1,673.7506
P10298,E2,585.2064
P10298,E3,605.2420
P10298,E4,721.0627
P10298,E5,671.8725
P10298,E6,578.9146
P10298,F1,554.7758
P10298,F2,711.0668
P10298,F3,688.9523
P10298,F4,688.3417
P10298,F5,621.7165
P10298,F6,795.1236
P10298,G1,619.2939
P10298,G2,591.3652
P10298,G3,694.3103
P10298,G4,540.4766
P10298,G5,581.0868
P10298,G6,635.7545
P10298,H1,637.7652
P10298,H2,653.8028
P10298,H3,729.9496
P10298,H4,695.2802
P10298,H5,710.9220
P10298,H6,646.9169
P10299,A1,482.1176
P10299,A2,560.6054
P10299,A3,534.3122
P10299,A4,507.0832
P10299,A5,518.8187
P10299,A6,518.4140
P10299,B1,514.2849
P10299,B2,526.8866
P10299,B3,472.8624
P10299,B4,580.2490
P10299,B5,476.6703
P10299,B6,555.2407
P10299,C1,637.7338
P10299,C2,578.5077
P10299,C3,492.9436
P10299,C4,545.7733
P10299,C5,503.1142
P10299,C6,524.6064
P10299,D1,592.8159
P10299,D2,495.5901
P10299,D3,486.1333
P10299,D4,494.1798
P10299,D5,519.1468
P10299,D6,508.5852
P10299,E1,504.3169
P10299,E2,529.6434
P10299,E3,595.0957
P10299,E4,455.1186
P10299,E5,535.9435
P10299,E6,588.0933
P10299,F1,518.5617
P10299,F2,521.0946
P10299,F3,584.2049
P10299,F4,487.1583
P10299,F5,551.5229
P10299,F6,601.3158
P10299,G1,416.3605
P10299,G2,416.8348
P10299,G3,467.3567
P10299,G4,466.0404
P10299,G5,463.0568
P10299,G6,570.2897
P10299,H1,567.9287
P10299,H2,489.6028
P10299,H3,511.8722
P10299,H4,454.0614
P10299,H5,409.4863
P10299,H6,443.0001
P10300,A1,302.6550
P10300,A2,335.2660
P10300,A3,343.3855
P10300,A4,365.3585
P10300,A5,434.9027
P10300,A6,314.9726
P10300,B1,340.5563
P10300,B2,330.6919
P10300,B3,297.1921
P10300,B4,368.5805
P10300,B5,424.5514
P10300,B6,341.5696
P10300,C1,372.4634
P10300,C2,440.7299
P10300,C3,365.2836
P10300,C4,350.0343
P10300,C5,319.4244
P10300,C6,311.3131
P10300,D1,372.1638
P10300,D2,423.8883
P10300,D3,348.4481
P10300,D5,332.0695
P10300,D6,335.9850
P10300,E1,333.8757
P10300,E2,349.9801
P10300,E3,322.5888
P10300,E4,403.5784
P10300,E5,442.0186
P10300,E6,431.2012
P10300,F1,354.9875
P10300,F2,352.1211
P10300,F3,440.1878
P10300,F4,365.9666
P10300,F5,391.6785
P10300,F6,394.9524
P10300,G1,395.6073
P10300,G2,379.8317
P10300,G3,421.1173
P10300,G4,341.4671
P10300,G5,377.2806
P10300,G6,288.2196
P10300,H1,348.0881
P10300,H2,384.1658
P10300,H3,467.9550
P10300,H4,324.1346
P10300,H5,285.4249
P10300,H6,402.4938
P10301,A1,184.0572
P10301,A2,172.0085
P10301,A3,222.0092
P10301,A4,216.9783
P10301,A5,204.7252
P10301,A6,191.9718
P10301,B1,202.3787
P10301,B2,214.4355
P10301,B3,186.6770
P10301,B4,224.4144
P10301,B5,180.3439
P10301,B6,177.7832
P10301,C1,223.0887
P10301,C2,223.3009
P10301,C3,205.9254
P10301,C4,186.7022
P10301,C5,211.2115
P10301,C6,193.8943
P10301,D1,265.3923
P10301,D2,220.0824
P10301,D3,220.4462
P10301,D4,182.5470
P10301,D5,181.9917
P10301,D6,191.9844
P10301,E1,229.2791
P10301,E2,170.3966
P10301,E3,195.4088
P10301,E4,177.7179
P10301,E5,195.4643
P10301,E6,193.6555
P10301,F1,154.0575
P10301,F2,173.7346
P10301,F3,210.1827
P10301,F4,175.5715
P10301,F5,192.9235
P10301,F6,205.7657
P10301,G1,197.8531
P10301,G2,240.4435
P10301,G3,205.0782
P10301,G4,219.6234
P10301,G5,228.0353
P10301,G6,165.4743
P10301,H1,221.5971
P10301,H2,213.5843
P10301,H3,184.8750
P10301,H4,206.3891
P10301,H5,223.8417
P10301,H6,208.3573
P10302,A1,135.9152
P10302,A2,141.7797
P10302,A3,161.6701
P10302,A4,163.2930
P10302,A5,145.7921
P10302,A6,131.0738
P10302,B1,138.0080
P10302,B2,142.9220
P10302,B3,146.8120
P10302,B4,152.2743
P10302,B5,148.0055
P10302,B6,144.8621
P10302,C1,138.1127
P10302,C2,165.6993
P10302,C3,143.3636
P10302,C4,149.6278
P10302,C5,152.0602
P10302,C6,149.8221
P10302,D1,163.8125
P10302,D2,119.0788
P10302,D3,163.9728
P10302,D4,154.7543
P10302,D5,146.9357
P10302,D6,123.5228
P10302,E1,150.7160
P10302,E2,156.5735
P10302,E3,149.1159
P10302,E4,166.3860
P10302,E5,148.6913
P10302,E6,150.7830
P10302,F1,172.7550
P10302,F2,142.9860
P10302,F3,131.7049
P10302,F4,175.6389
P10302,F5,149.8925
P10302,F6,150.2169
P10302,G1,143.0970
P10302,G2,127.3717
P10302,G3,137.8511
P10302,G4,134.3190
P10302,G5,129.8479
P10302,G6,131.2863
P10302,H1,157.7110
P10302,H2,153.5335
P10302,H4,125.4607
P10302,H5,142.3052
P10302,H6,120.8402
P10303,A1,103.4087
P10303,A2,81.4657
P10303,A4,89.7012
P10303,A5,95.2607
P10303,A6,68.7193
P10303,B1,101.3145
P10303,B2,93.5888
P10303,B3,87.5534
P10303,B4,95.5921
P10303,B5,89.9418
P10303,B6,80.9240
P10303,C1,97.2523
P10303,C2,108.2591
P10303,C3,91.2072
P10303,C4,103.1816
P10303,C5,109.8881
P10303,C6,70.3970
P10303,D1,91.0887
P10303,D2,100.7543
P10303,D3,101.2591
P10303,D4,100.4744
P10303,D5,101.8404
P10303,D6,92.3236
P10303,E1,107.8619
P10303,E2,88.5648
P10303,E3,103.0929
P10303,E4,102.8347
P10303,E5,86.5376
P10303,E6,92.0140
P10303,F1,102.1198
P10303,F2,95.7727
P10303,F3,108.1290
P10303,F4,114.3983
P10303,F5,94.9755
P10303,F6,82.0111
P10303,G1,81.4598
P10303,G2,89.1802
P10303,G3,87.4695
P10303,G4,100.1239
P10303,G5,98.6133
P10303,G6,89.0046
P10303,H1,87.4836
P10303,H2,79.5575
P10303,H3,85.5525
P10303,H4,92.4330
P10303,H5,93.2221
P10303,H6,102.2484
P10304,A1,236.3532
P10304,A2,210.6690
P10304,A3,230.4338
P10304,A4,217.0653
P10304,A5,228.2415
P10304,A6,223.7381
P10304,B1,246.6606
P10304,B2,245.4236
P10304,B3,199.9837
P10304,B4,190.1385
P10304,B5,235.1027
P10304,B6,273.2085
P10304,C1,222.3461
P10304,C2,218.4717
P10304,C3,231.3875
P10304,C4,189.8626
P10304,C5,255.9861
P10304,C6,234.6627
P10304,D1,221.0920
P10304,D2,257.9030
P10304,D3,208.1287
P10304,D4,231.8147
P10304,D5,237.7314
P10304,D6,192.2303
P10304,E1,226.6290
P10304,E2,249.1417
P10304,E3,234.4761
P10304,E4,220.9571
P10304,E5,204.3969
P10304,E6,211.2485
P10304,F1,216.6288
P10304,F2,207.3867
P10304,F3,221.4312
P10304,F4,188.7296
P10304,F5,219.2551
P10304,F6,189.3743
P10304,G1,210.9164
P10304,G2,289.8809
P10304,G3,234.8941
P10304,G4,228.1658
P10304,G5,269.0022
P10304,G6,229.3508
P10304,H1,218.1733
P10304,H2,211.1435
P10304,H3,214.7435
P10304,H4,245.0652
P10304,H5,258.9830
P10304,H6,192.2107
P10305,A1,1310.4258
P10305,A2,1239.5278
P10305,A3,1452.3025
P10305,A4,1730.1412
P10305,A5,1432.2768
P10305,A6,1142.7735
P10305,B1,1447.6315
P10305,B2,1469.6860
P10305,B3,1367.1632
P10305,B4,1194.6417
P10305,B5,1512.0320
P10305,B6,1431.5887
P10305,C1,1513.4320
P10305,C2,1514.0064
P10305,C3,1345.2649
P10305,C4,1431.6820
P10305,C5,1413.5347
P10305,C6,1432.1694
P10305,D1,1572.5691
P10305,D2,1266.3843
P10305,D3,1331.0511
P10305,D4,1374.5497
P10305,D5,1299.5001
P10305,D6,1323.3526
P10305,E1,1381.4644
P10305,E2,1760.9115
P10305,E3,1093.1507
P10305,E4,1309.5607
P10305,E5,1379.5720
P10305,E6,1325.3343
P10305,F1,1370.4603
P10305,F2,1481.6157
P10305,F3,1278.5726
P10305,F4,1223.1277
P10305,F5,1240.7129
P10305,F6,1242.8581
P10305,G1,1418.5752
P10305,G2,1629.0989
P10305,G3,1408.9268
P10305,G4,1234.3857
P10305,G5,1099.9308
P10305,G6,1302.9048
P10305,H1,1238.9903
P10305,H2,1110.5291
P10305,H3,1372.5473
P10305,H4,1574.9985
P10305,H5,1436.1285
P10305,H6,1120.6025
P10306,A1,65.6759
P10306,A2,86.3032
P10306,A3,74.0198
P10306,A4,75.2451
P10306,A5,65.7264
P10306,A6,71.1173
P10306,B1,67.8494
P10306,B2,67.7531
P10306,B3,65.5398
P10306,B4,66.0348
P10306,B5,56.5111
P10306,B6,70.0709
P10306,C1,64.1738
P10306,C2,74.2864
P10306,C3,79.6890
P10306,C4,73.7791
P10306,C6,61.1966
P10306,D1,61.2669
P10306,D2,83.2093
P10306,D3,58.3541
P10306,D4,65.4267
P10306,D5,71.2213
P10306,D6,71.2742
P10306,E1,71.3691
P10306,E2,73.4265
P10306,E3,64.0897
P10306,E4,85.0636
P10306,E5,69.9784
P10306,E6,69.9657
P10306,F1,70.3101
P10306,F2,73.9540
P10306,F3,65.7875
P10306,F4,74.5414
P10306,F5,63.5910
P10306,F6,60.2833
P10306,G1,65.7641
P10306,G2,68.7049
P10306,G3,90.2967
P10306,G4,62.6590
P10306,G5,62.2211
P10306,G6,60.0796
P10306,H1,68.6723
P10306,H2,85.1682
P10306,H3,74.0320
P10306,H4,92.5538
P10306,H5,66.8098
P10306,H6,69.8376
P10307,A1,820.6566
P10307,A2,723.2084
P10307,A3,900.9503
P10307,A4,985.5731
P10307,A5,866.7688
P10307,A6,870.5390
P10307,B1,1248.2742
P10307,B2,1282.6132
P10307,B3,1309.6296
P10307,B4,574.2597
P10307,B5,547.9266
P10307,B6,601.3460
P10307,C1,832.8574
P10307,C2,696.6964
P10307,C3,843.8831
P10307,C4,1282.2083
P10307,C5,1093.4215
P10307,C6,1082.5741
P10307,D1,2702.8510
P10307,D2,2488.0878
P10307,D3,2922.8953
P10307,D4,505.1388
P10307,D5,610.4788
P10307,D6,498.4676
P10307,E1,714.9039
P10307,E2,792.6841
P10307,E3,871.9188
P10307,E4,797.2635
P10307,E5,772.3452
P10307,E6,768.0106
P10307,F1,1262.0206
P10307,F2,1357.6715
P10307,F3,1341.6867
P10307,F4,567.2180
P10307,F5,520.3969
P10307,F6,607.6530
P10307,G1,1015.9717
P10307,G2,836.3616
P10307,G3,854.8867
P10307,G4,1374.3403
P10307,G5,1401.2422
P10307,G6,1226.8670
P10307,H1,2300.8743
P10307,H2,2415.6394
P10307,H3,2703.7863
P10307,H6,542.0379
P10308,A1,469.5144
P10308,A2,453.2148
P10308,A3,396.7794
P10308,A4,370.9197
P10308,A5,399.0801
P10308,A6,396.8521
P10308,B1,365.9337
P10308,B2,420.7001
P10308,B3,396.4039
P10308,B4,433.3682
P10308,B5,381.8039
P10308,B6,395.6293
P10308,C1,434.6966
P10308,C2,416.8630
P10308,C3,347.2899
P10308,C4,433.7230
P10308,C5,387.0250
P10308,C6,404.0944
P10308,D1,470.2814
P10308,D2,516.8047
P10308,D3,388.6067
P10308,D4,461.7721
P10308,D5,304.7531
P10308,D6,498.6624
P10308,E1,368.4803
P10308,E2,423.0595
P10308,E3,421.8214
P10308,E4,356.9197
P10308,E5,370.8823
P10308,E6,462.1380
P10308,F1,454.1783
P10308,F2,397.8900
P10308,F3,399.0864
P10308,F4,417.6073
P10308,F5,436.4476
P10308,F6,581.2005
P10308,G1,416.2841
P10308,G2,332.3147
P10308,G3,439.8387
P10308,G4,395.0320
P10308,G5,438.0097
P10308,G6,372.3352
P10308,H1,416.0996
P10308,H2,359.5318
P10308,H3,335.5413
P10308,H4,422.4968
P10308,H5,395.9045
P10308,H6,402.9239
P10309,A1,347.9809
P10309,A2,385.6404
P10309,A3,412.6786
P10309,A4,385.8910
P10309,A5,357.8486
P10309,A6,368.0321
P10309,B1,346.6006
P10309,B2,344.2573
P10309,B3,413.3562
P10309,B4,351.5966
P10309,B6,327.5787
P10309,C1,423.6296
P10309,C2,403.8116
P10309,C3,345.6605
P10309,C4,375.4928
P10309,C5,379.2491
P10309,C6,393.0917
P10309,D1,358.5204
P10309,D2,323.5591
P10309,D3,466.6669
P10309,D4,430.5063
P10309,D5,359.0204
P10309,D6,336.7001
P10309,E1,390.3205
P10309,E2,393.8263
P10309,E3,410.9553
P10309,E4,390.1591
P10309,E5,378.7999
P10309,E6,378.5640
P10309,F1,400.2602
P10309,F2,367.0199
P10309,F3,334.4117
P10309,F4,359.1175
P10309,F5,330.0908
P10309,F6,368.6041
P10309,G1,422.7730
P10309,G2,381.7151
P10309,G3,384.4361
P10309,G4,490.3703
P10309,G5,370.3427
P10309,G6,369.1302
P10309,H1,299.4115
P10309,H2,358.9748
P10309,H3,351.9837
P10309,H4,447.9253
P10309,H5,407.3690
P10310,A1,1520.3953
P10310,A2,1357.8028
P10310,A3,1130.0546
P10310,A4,1350.2638
P10310,A5,1199.4874
P10310,A6,1198.1472
P10310,B1,1069.6584
P10310,B2,1207.6678
P10310,B3,1399.6340
P10310,B4,1183.9117
P10310,B5,1207.7284
P10310,B6,1093.1379
P10310,C1,1336.1749
P10310,C2,1082.4854
P10310,C3,1176.9863
P10310,C4,1106.1973
P10310,C5,1289.6648
P10310,C6,1148.0151
P10310,D1,1238.9282
P10310,D2,1242.7872
P10310,D3,1294.2755
P10310,D4,1266.6379
P10310,D5,1356.4085
P10310,D6,1264.0578
P10310,E1,923.0275
P10310,E2,1053.8959
P10310,E3,1294.9016
P10310,E4,1251.3190
P10310,E5,1143.3569
P10310,E6,1394.8889
P10310,F1,1332.1975
P10310,F2,989.9450
P10310,F3,1194.7776
P10310,F4,1105.5515
P10310,F5,1200.2552
P10310,F6,1284.4372
P10310,G1,1206.7039
P10310,G2,1247.1206
P10310,G3,1031.3432
P10310,G4,1411.7621
P10310,G5,1062.0674
P10310,G6,1105.2536
P10310,H1,1224.5030
P10310,H2,1308.7015
P10310,H3,1477.9856
P10310,H4,1490.8476
P10310,H5,1130.4170
P10310,H6,1314.4299
P10311,A1,1187.7976
P10311,A2,1051.5464
P10311,A3,1163.3922
P10311,A4,913.5530
P10311,A5,845.5330
P10311,A6,889.0021
P10311,B1,684.4653
P10311,B2,772.5671
P10311,B3,607.3724
P10311,B4,1310.5935
P10311,B5,1437.1984
P10311,B6,1215.8013
P10311,C1,968.9101
P10311,C2,1023.9131
P10311,C3,823.8223
P10311,C4,610.8820
P10311,C5,611.1563
P10311,C6,594.3607
P10311,D1,419.1431
P10311,D2,362.2838
P10311,D3,299.8888
P10311,D4,1308.0542
P10311,D5,1324.8242
P10311,D6,1530.5956
P10311,E1,1063.6254
P10311,E2,1146.3408
P10311,E3,1024.0583
P10311,E4,764.0262
P10311,E5,923.1641
P10311,E6,892.0792
P10311,F1,670.3839
P10311,F2,775.9800
P10311,F3,646.2399
P10311,F4,1105.7664
P10311,F5,1123.5523
P10311,F6,1358.1422
P10311,G1,949.2259
P10311,G2,914.2012
P10311,G3,811.2198
P10311,G4,537.3999
P10311,G5,661.9553
P10311,G6,599.0601
P10311,H1,353.1556
P10311,H2,358.1868
P10311,H3,326.1889
P10311,H4,1303.2397
P10311,H5,1260.2364
P10311,H6,1330.5591
P10312,A1,172.7368
P10312,A2,190.0182
P10312,A3,151.8657
P10312,A4,187.0299
P10312,A5,165.9550
P10312,A6,170.8374
P10312,B1,123.4186
P10312,B2,140.2725
P10312,B3,158.2660
P10312,B4,216.6065
P10312,B5,164.6429
P10312,B6,172.4901
P10312,C1,134.9070
P10312,C2,143.9535
P10312,C3,154.3553
P10312,C4,138.3030
P10312,C5,130.4122
P10312,C6,115.6734
P10312,D1,116.1233
P10312,D2,104.7673
P10312,D3,83.5179
P10312,D4,213.4184
P10312,D5,168.4383
P10312,D6,230.6310
P10312,E1,203.3702
P10312,E2,140.6232
P10312,E3,194.1013
P10312,E4,156.4216
P10312,E5,167.6992
P10312,E6,159.1469
P10312,F1,129.0397
P10312,F2,135.6937
P10312,F3,109.0866
P10312,F4,154.2614
P10312,F5,158.9875
P10312,F6,193.7444
P10312,G1,147.7183
P10312,G2,144.1062
P10312,G3,160.1900
P10312,G4,123.9536
P10312,G5,149.6246
P10312,G6,118.6134
P10312,H1,95.4145
P10312,H2,99.2523
P10312,H3,98.7717
P10312,H4,200.3026
P10312,H5,154.9756
P10312,H6,189.7665
P10313,A1,3755.0159
P10313,A2,2772.5732
P10313,A3,3657.4099
P10313,A4,3673.4278
P10313,A5,4290.3864
P10313,A6,4810.5621
P10313,B1,5938.3275
P10313,B2,6117.4830
P10313,B3,6367.3233
P10313,B4,2458.8429
P10313,B5,2847.0366
P10313,B6,3275.1378
P10313,C1,4375.5215
P10313,C2,3960.0347
P10313,C3,4409.0037
P10313,C4,5737.6428
P10313,C5,6409.8247
P10313,C6,5114.5337
P10313,D1,11491.3019
P10313,D2,12577.9108
P10313,D3,11143.2370
P10313,D4,2892.1811
P10313,D5,2648.9050
P10313,D6,2723.8156
P10313,E1,3389.2435
P10313,E2,3595.9349
P10313,E3,2883.6751
P10313,E4,3662.1368
P10313,E5,4596.7141
P10313,E6,4183.1810
P10313,F1,5942.0326
P10313,F2,5801.7032
P10313,F3,5897.4750
P10313,F4,2795.3581
P10313,F5,2944.8200
P10313,F6,2705.7769
P10313,G1,3589.9562
P10313,G2,4360.0073
P10313,G3,3526.1576
P10313,G4,5891.4742
P10313,G5,5631.2253
P10313,G6,5613.5050
P10313,H1,10191.2760
P10313,H2,11196.4162
P10313,H3,11190.7158
P10313,H4,2322.3030
P10313,H5,2923.3431
P10313,H6,2828.7120
P10314,A1,5771.7519
P10314,A2,6701.8484
P10314,A3,5691.5726
P10314,A4,5643.5870
P10314,A5,5903.5356
P10314,A6,5999.1804
P10314,B1,5551.3531
P10314,B2,7241.0360
P10314,B3,5940.9215
P10314,B4,5936.8307
P10314,B5,5352.8748
P10314,B6,6746.9984
P10314,C1,6192.6483
P10314,C2,6201.9088
P10314,C3,6152.4703
P10314,C4,6348.8311
P10314,C5,6149.4321
P10314,C6,5959.3664
P10314,D1,5642.3893
P10314,D2,5962.4995
P10314,D3,6234.3911
P10314,D4,6218.4959
P10314,D5,5488.4632
P10314,D6,7022.1856
P10314,E1,5432.8445
P10314,E2,6927.7394
P10314,E3,4738.1881
P10314,E4,8136.7263
P10314,E5,4791.1973
P10314,E6,5592.6486
P10314,F1,5369.3824
P10314,F2,7096.1517
P10314,F3,5203.8152
P10314,F4,5983.3245
P10314,F5,5978.4145
P10314,F6,5413.3497
P10314,G1,5841.2285
P10314,G2,5576.6555
P10314,G3,5960.7703
P10314,G4,6181.0047
P10314,G5,6405.9224
P10314,G6,5321.8789
P10314,H1,5635.3125
P10314,H2,6539.0439
P10314,H3,6371.3878
P10314,H4,6565.2873
P10314,H5,5256.6764
P10314,H6,7607.0679
P10315,A1,376.8603
P10315,A2,378.3876
P10315,A3,362.6941
P10315,A4,308.8371
P10315,A5,442.5131
P10315,A6,352.3792
P10315,B1,348.2523
P10315,B2,306.5340
P10315,B3,388.9471
P10315,B4,281.7362
P10315,B5,360.8024
P10315,B6,336.3983
P10315,C1,355.6222
P10315,C2,289.8075
P10315,C3,338.0277
P10315,C4,408.8652
P10315,C5,361.6018
P10315,C6,324.4293
P10315,D1,386.0069
P10315,D2,367.6185
P10315,D3,411.3242
P10315,D4,365.8644
P10315,D5,401.1821
P10315,D6,349.3252
P10315,E1,366.4587
P10315,E2,386.5672
P10315,E3,387.0478
P10315,E4,390.5298
P10315,E5,367.3558
P10315,E6,329.9477
P10315,F1,400.1657
P10315,F2,402.5533
P10315,F3,379.6658
P10315,F4,405.1819
P10315,F5,309.6700
P10315,F6,421.2375
P10315,G1,389.0074
P10315,G2,347.4211
P10315,G3,357.7881
P10315,G4,335.0106
P10315,G5,386.7184
P10315,G6,346.7270
P10315,H1,306.2883
P10315,H2,349.6506
P10315,H3,348.9959
P10315,H4,330.1762
P10315,H5,357.9755
P10315,H6,387.6068
P10316,A1,202.3595
P10316,A2,247.4303
P10316,A3,210.5169
P10316,A4,248.2412
P10316,A6,215.0176
P10316,B1,187.0237
P10316,B2,243.8816
P10316,B3,203.9111
P10316,B4,263.8258
P10316,B5,208.4209
P10316,B6,260.5250
P10316,C1,238.1902
P10316,C2,206.7717
P10316,C3,233.0825
P10316,C4,240.3540
P10316,C5,234.7810
P10316,C6,222.2323
P10316,D1,219.3301
P10316,D2,217.3801
P10316,D3,234.9997
P10316,D4,268.2523
P10316,D5,250.8548
P10316,D6,220.0476
P10316,E1,199.8715
P10316,E2,211.1053
P10316,E3,252.2666
P10316,E4,201.2523
P10316,E5,238.1852
P10316,E6,215.3298
P10316,F1,299.9633
P10316,F2,266.7321
P10316,F3,265.4579
P10316,F4,251.7093
P10316,F6,204.5268
P10316,G1,215.7011
P10316,G2,227.8588
P10316,G3,224.1499
P10316,G4,210.9785
P10316,G5,228.8912
P10316,H1,225.7851
P10316,H2,226.2163
P10316,H3,223.9938
P10316,H4,200.6018
P10316,H5,238.4297
P10316,H6,210.8265
P10317,A1,595.3417
P10317,A2,732.5020
P10317,A3,753.2437
P10317,A4,629.8646
P10317,A5,589.2565
P10317,A6,572.0227
P10317,B1,611.5966
P10317,B2,587.0353
P10317,B3,644.2847
P10317,B4,683.9659
P10317,B5,557.7713
P10317,B6,501.1771
P10317,C1,562.4510
P10317,C2,538.1133
P10317,C3,731.8425
P10317,C4,628.8557
P10317,C5,574.9359
P10317,C6,673.2789
P10317,D1,621.8806
P10317,D2,606.2251
P10317,D3,658.4786
P10317,D4,509.2958
P10317,D5,562.8563
P10317,D6,558.0357
P10317,E1,632.8855
P10317,E2,647.9970
P10317,E3,624.2285
P10317,E4,610.1033
P10317,E5,650.3128
P10317,E6,522.9466
P10317,F2,674.4026
P10317,F3,557.4602
P10317,F4,607.7946
P10317,F5,606.2127
P10317,G1,743.7511
P10317,G2,601.2417
P10317,G4,637.2506
P10317,G5,478.6879
P10317,G6,642.5949
P10317,H1,482.4235
P10317,H2,576.5490
P10317,H3,716.1171
P10317,H4,547.2840
P10317,H5,540.6323
P10317,H6,671.0977
P10318,A1,1443.0104
P10318,A2,1666.1316
P10318,A3,1626.8590
P10318,A5,1087.8412
P10318,A6,1181.7811
P10318,B1,818.7979
P10318,B2,801.0523
P10318,B3,862.2730
P10318,B5,1620.2059
P10318,B6,1730.9341
P10318,C1,1410.5134
P10318,C2,1126.3375
P10318,C3,1435.4430
P10318,C4,785.4476
P10318,C5,843.9713
P10318,C6,767.2862
P10318,D1,353.2544
P10318,D2,326.4117
P10318,D3,371.5803
P10318,D4,2221.3932
P10318,D5,1998.0310
P10318,D6,1862.1962
P10318,E1,1571.8551
P10318,E2,1335.2992
P10318,E3,1474.6547
P10318,E4,1106.7633
P10318,E5,1095.2425
P10318,E6,1342.9819
P10318,F1,730.9324
P10318,F2,741.0453
P10318,F3,991.2338
P10318,F4,1790.1831
P10318,F5,1923.4517
P10318,F6,1795.6606
P10318,G1,1056.8353
P10318,G2,1342.8354
P10318,G3,1346.3356
P10318,G4,996.1033
P10318,G5,886.9524
P10318,G6,915.6672
P10318,H1,269.1399
P10318,H3,347.8599
P10318,H4,2010.3961
P10318,H5,2017.8120
P10318,H6,1944.8055
P10319,A1,1065.9429
P10319,A2,966.0276
P10319,A3,1055.5609
P10319,A4,1146.2451
P10319,A5,1007.2053
P10319,A6,1017.3656
P10319,B1,966.3375
P10319,B2,1114.3325
P10319,B3,904.9689
P10319,B4,898.8168
P10319,B5,989.9561
P10319,B6,1046.9834
P10319,C1,930.4452
P10319,C2,898.9493
P10319,C3,910.0552
P10319,C4,899.8251
P10319,C5,1021.4072
P10319,C6,1063.1172
P10319,D1,903.5457
P10319,D2,1261.0375
P10319,D3,1149.2023
P10319,D4,1115.7401
P10319,D5,944.3582
P10319,D6,1028.7197
P10319,E1,1104.6080
P10319,E2,988.7679
P10319,E3,889.6393
P10319,E4,1040.3004
P10319,E5,1154.9310
P10319,E6,969.9580
P10319,F1,1189.4539
P10319,F2,901.9256
P10319,F3,1091.8113
P10319,F4,931.8588
P10319,F5,1237.0073
P10319,G1,876.5037
P10319,G2,1085.8956
P10319,G3,978.8731
P10319,G4,781.3023
P10319,G5,995.4184
P10319,G6,1199.4729
P10319,H1,982.1762
P10319,H2,994.8077
P10319,H3,1091.0671
P10319,H4,997.4707
P10319,H5,1025.6855
P10319,H6,870.6393
P10320,A1,58.5214
P10320,A2,55.4713
P10320,A3,56.7301
P10320,A4,54.2335
P10320,A5,52.9012
P10320,A6,49.2502
P10320,B1,48.9143
P10320,B2,40.7925
P10320,B3,43.2936
P10320,B4,55.8349
P10320,B5,55.7064
P10320,B6,58.1461
P10320,C1,46.8735
P10320,C2,50.6005
P10320,C3,51.2851
P10320,C4,43.0632
P10320,C5,36.7900
P10320,C6,44.3507
P10320,D1,32.4287
P10320,D2,36.1150
P10320,D3,27.3891
P10320,D4,56.4047
P10320,D5,58.8623
P10320,D6,62.8967
P10320,E1,51.3201
P10320,E2,49.3048
P10320,E3,53.4116
P10320,E4,41.7044
P10320,E5,34.9865
P10320,E6,38.7927
P10320,F1,30.6444
P10320,F2,29.7472
P10320,F3,32.1244
P10320,F4,67.9965
P10320,F5,61.7122
P10320,F6,69.3673
P10320,G1,48.6362
P10320,G2,45.4258
P10320,G3,58.7724
P10320,G4,31.1051
P10320,G5,33.9061
P10320,G6,29.2526
P10320,H1,21.6339
P10320,H2,17.2855
P10320,H3,20.4146
P10320,H4,66.4646
P10320,H5,60.7763
P10320,H6,47.5905
P10321,A1,152.4642
P10321,A2,146.8920
P10321,A3,128.0968
P10321,A4,151.0884
P10321,A5,175.9042
P10321,A6,122.5024
P10321,B1,167.3333
P10321,B2,169.0014
P10321,B3,146.0022
P10321,B4,152.4132
P10321,B5,137.9455
P10321,B6,130.2950
P10321,C1,153.2061
P10321,C2,156.7293
P10321,C3,154.6237
P10321,C4,172.8368
P10321,C5,187.7250
P10321,C6,186.9650
P10321,D1,212.0729
P10321,D2,221.0157
P10321,D3,188.2632
P10321,D4,124.6229
P10321,D5,143.1807
P10321,D6,162.8104
P10321,E1,172.2720
P10321,E2,131.8519
P10321,E3,148.7727
P10321,E4,148.6851
P10321,E5,174.7727
P10321,E6,166.0019
P10321,F1,167.7826
P10321,F2,164.3589
P10321,F3,152.7292
P10321,F4,161.8015
P10321,F5,134.6495
P10321,F6,131.1042
P10321,G1,161.4869
P10321,G3,180.5184
P10321,G4,232.1041
P10321,G5,159.8393
P10321,G6,164.1852
P10321,H1,197.0182
P10321,H2,187.3175
P10321,H3,250.5156
P10321,H4,141.0640
P10321,H5,125.0983
P10321,H6,134.6578
P10322,A1,1126.1869
P10322,A2,1487.3106
P10322,A3,1039.5458
P10322,A4,1243.0774
P10322,A5,1263.4817
P10322,A6,1177.3569
P10322,B1,1272.8149
P10322,B2,1154.5044
P10322,B3,916.3602
P10322,B4,1200.2862
P10322,B5,1214.1611
P10322,B6,1011.5042
P10322,C1,1115.3157
P10322,C2,1111.1215
P10322,C3,1313.3536
P10322,C4,1116.5700
P10322,C5,1240.0265
P10322,C6,1076.9977
P10322,D1,1244.4044
P10322,D2,1096.1059
P10322,D3,1112.4256
P10322,D4,1143.9220
P10322,D5,1172.3830
P10322,D6,1080.6253
P10322,E1,1062.1751
P10322,E2,1064.4229
P10322,E3,1060.0113
P10322,E4,1201.8348
P10322,E5,1154.8594
P10322,E6,1027.8771
P10322,F1,1305.9506
P10322,F2,1299.9849
P10322,F3,1125.5696
P10322,F4,1073.7143
P10322,F5,941.2787
P10322,F6,1091.6592
P10322,G1,1326.4083
P10322,G2,1216.0049
P10322,G3,1280.3783
P10322,G4,1295.0877
P10322,G5,1417.0441
P10322,G6,1139.5733
P10322,H1,1201.2371
P10322,H2,1141.0332
P10322,H3,1030.3941
P10322,H4,1260.7198
P10322,H5,1280.0761
P10322,H6,985.7499
P10323,A1,394.9567
P10323,A2,384.7092
P10323,A3,400.5066
P10323,A4,497.7838
P10323,A5,387.7296
P10323,A6,391.6757
P10323,B1,584.2812
P10323,B2,515.3023
P10323,B3,540.5449
P10323,B4,346.1823
P10323,B5,327.2263
P10323,B6,311.4108
P10323,C1,380.9262
P10323,C2,405.4960
P10323,C3,491.3861
P10323,C4,481.2323
P10323,C5,481.6873
P10323,C6,466.3245
P10323,D1,573.6279
P10323,D2,624.0252
P10323,D3,606.5371
P10323,D4,431.9729
P10323,D5,380.3850
P10323,D6,459.3366
P10323,E1,416.2937
P10323,E2,417.5065
P10323,E3,456.8972
P10323,E4,471.8925
P10323,E5,477.5149
P10323,E6,437.8562
P10323,F1,578.4588
P10323,F2,494.4141
P10323,F3,410.7288
P10323,F4,348.3230
P10323,F5,348.8447
P10323,F6,366.8585
P10323,G1,462.0128
P10323,G2,418.6785
P10323,G3,414.3009
P10323,G4,503.7154
P10323,G5,482.8125
P10323,G6,528.0389
P10323,H1,593.1923
P10323,H2,690.5154
P10323,H3,607.6182
P10323,H4,398.3524
P10323,H5,348.8335
P10323,H6,366.1712
P10324,A1,71.4914
P10324,A2,70.4484
P10324,A3,67.0797
P10324,A4,81.7962
P10324,A5,63.5685
P10324,A6,74.0811
P10324,B1,78.6851
P10324,B2,68.7894
P10324,B3,80.7798
P10324,B4,62.5969
P10324,B5,79.0720
P10324,B6,59.2215
P10324,C1,62.1076
P10324,C2,75.3497
P10324,C3,59.5041
P10324,C4,81.4694
P10324,C5,67.9449
P10324,C6,74.7742
P10324,D1,59.5941
P10324,D2,66.0188
P10324,D3,72.7539
P10324,D4,67.3567
P10324,D5,61.1983
P10324,D6,71.2309
P10324,E1,71.4190
P10324,E2,68.3704
P10324,E3,65.5831
P10324,E4,75.1272
P10324,E5,75.5953
P10324,E6,72.2233
P10324,F1,75.5351
P10324,F2,83.5297
P10324,F3,72.5171
P10324,F5,82.1799
P10324,F6,63.1587
P10324,G2,75.8250
P10324,G3,68.0211
P10324,G4,74.7673
P10324,G5,67.1004
P10324,G6,63.6068
P10324,H1,81.6493
P10324,H2,69.8144
P10324,H3,73.5644
P10324,H4,66.3974
P10324,H5,85.2350
P10324,H6,79.2867
P10325,A1,291.9990
P10325,A2,257.2921
P10325,A3,240.8794
P10325,A4,281.9744
P10325,A6,273.6433
P10325,B1,327.9232
P10325,B2,258.8493
P10325,B3,279.2507
P10325,B4,331.7492
P10325,B5,293.2648
P10325,B6,260.3124
P10325,C1,252.5902
P10325,C2,254.3813
P10325,C3,259.2349
P10325,C4,315.1318
P10325,C5,345.1175
P10325,C6,266.0514
P10325,D1,256.0815
P10325,D2,265.4324
P10325,D3,240.8055
P10325,D4,272.9626
P10325,D5,231.4551
P10325,D6,294.0266
P10325,E1,273.6297
P10325,E2,288.7896
P10325,E3,268.1117
P10325,E4,240.0738
P10325,E5,280.4273
P10325,E6,308.1567
P10325,F1,306.3880
P10325,F2,276.2748
P10325,F3,335.4493
P10325,F4,260.0392
P10325,F5,301.6544
P10325,F6,360.8956
P10325,G1,312.9436
P10325,G2,304.9808
P10325,G3,276.8932
P10325,G4,241.6566
P10325,G5,279.6182
P10325,G6,285.6951
P10325,H1,252.4178
P10325,H2,226.1101
P10325,H3,278.5106
P10325,H4,245.3858
P10325,H5,236.4131
P10325,H6,289.5337
P10326,A1,434.9280
P10326,A2,426.9798
P10326,A3,534.5893
P10326,A4,470.0121
P10326,A5,379.2023
P10326,A6,423.3509
P10326,B1,498.6491
P10326,B2,433.4057
P10326,B3,481.9243
P10326,B4,469.7676
P10326,B5,374.4728
P10326,B6,422.6062
P10326,C1,393.4314
P10326,C2,455.8645
P10326,C3,427.0746
P10326,C4,519.6122
P10326,C5,503.4165
P10326,C6,410.1060
P10326,D1,495.1758
P10326,D2,479.7970
P10326,D3,492.8146
P10326,D4,424.1339
P10326,D5,408.8424
P10326,D6,469.3671
P10326,E1,432.5031
P10326,E2,494.1031
P10326,E3,460.3740
P10326,E4,407.6987
P10326,E5,410.8081
P10326,E6,418.6102
P10326,F1,377.2297
P10326,F2,416.5054
P10326,F3,431.6580
P10326,F4,550.7406
P10326,F5,456.8585
P10326,F6,468.0651
P10326,G1,419.7567
P10326,G2,494.2486
P10326,G3,420.3220
P10326,G4,425.7201
P10326,G5,504.8969
P10326,G6,524.1684
P10326,H1,482.9504
P10326,H2,398.1724
P10326,H3,421.1069
P10326,H4,362.7109
P10326,H5,424.6055
P10326,H6,406.1971
P10327,A1,438.4607
P10327,A2,369.7510
P10327,A3,426.9379
P10327,A4,444.3421
P10327,A5,457.5815
P10327,A6,387.4287
P10327,B2,490.2085
P10327,B3,543.3389
P10327,B4,407.5998
P10327,B5,428.7953
P10327,B6,416.5476
P10327,C1,393.2307
P10327,C2,410.8524
P10327,C3,387.8664
P10327,C4,419.3103
P10327,C5,450.1798
P10327,C6,511.0495
P10327,D1,475.7965
P10327,D2,438.9665
P10327,D3,415.1806
P10327,D4,370.3792
P10327,D5,427.6050
P10327,D6,461.9938
P10327,E1,429.7100
P10327,E2,427.6377
P10327,E3,415.6482
P10327,E4,445.8564
P10327,E5,475.1235
P10327,E6,402.7311
P10327,F1,448.9579
P10327,F2,406.5380
P10327,F3,402.8066
P10327,F4,488.2223
P10327,F6,387.7754
P10327,G1,433.2939
P10327,G2,439.5532
P10327,G3,568.6829
P10327,G4,452.1212
P10327,G5,422.6222
P10327,G6,431.0568
P10327,H1,528.1221
P10327,H2,425.5280
P10327,H3,451.4632
P10327,H4,419.1006
P10327,H5,389.0684
P10327,H6,418.5482
P10328,A1,669.9928
P10328,A2,760.9946
P10328,A3,676.9915
P10328,A4,961.9112
P10328,A5,738.4609
P10328,A6,708.8963
P10328,B1,747.2202
P10328,B2,641.0227
P10328,B3,628.1738
P10328,B4,825.8996
P10328,B5,997.3783
P10328,B6,695.4950
P10328,C1,775.1087
P10328,C2,711.4092
P10328,C3,637.4634
P10328,C4,695.1507
P10328,C5,647.1064
P10328,C6,662.8325
P10328,D1,524.5213
P10328,D2,573.4659
P10328,D3,449.4166
P10328,D4,1012.1726
P10328,D5,954.7444
P10328,D6,854.9762
P10328,E1,974.3802
P10328,E2,802.0994
P10328,E3,886.9384
P10328,E5,910.1171
P10328,E6,676.4266
P10328,F1,777.7442
P10328,F2,651.1182
P10328,F3,853.2669
P10328,F4,940.6161
P10328,F5,856.5813
P10328,G1,781.0675
P10328,G2,854.9280
P10328,G3,785.8704
P10328,G4,798.9666
P10328,G5,694.2565
P10328,G6,725.7736
P10328,H1,873.4234
P10328,H2,841.8516
P10328,H3,783.5605
P10328,H4,954.2762
P10328,H5,645.4653
P10328,H6,747.6465
P10329,A1,1026.5531
P10329,A2,1212.0936
P10329,A3,1144.4631
P10329,A4,1127.1622
P10329,A5,1304.5780
P10329,A6,1279.3041
P10329,B1,1163.5325
P10329,B2,1039.7870
P10329,B3,1049.9292
P10329,B4,1220.2427
P10329,B5,972.6099
P10329,B6,1079.2594
P10329,C1,953.9665
P10329,C2,1289.5926
P10329,C3,1128.6881
P10329,C4,1125.2319
P10329,C5,923.9547
P10329,C6,1145.9854
P10329,D1,1458.4920
P10329,D2,1027.3005
P10329,D3,965.0947
P10329,D5,1154.2170
P10329,D6,888.2880
P10329,E1,1209.3324
P10329,E2,1073.0251
P10329,E3,984.2280
P10329,E4,1208.7441
P10329,E5,1317.8012
P10329,E6,1020.4362
P10329,F1,1306.2161
P10329,F2,1193.9413
P10329,F3,1073.7890
P10329,F5,1354.3793
P10329,F6,1061.8689
P10329,G1,1325.2854
P10329,G2,964.3887
P10329,G3,1131.6819
P10329,G4,1159.1142
P10329,G5,1135.7674
P10329,G6,1093.6627
P10329,H1,1124.0844
P10329,H2,1109.0336
P10329,H3,1057.3390
P10329,H4,1154.1883
P10329,H5,1086.1975
P10329,H6,1094.7455
P10330,A1,623.4691
P10330,A2,591.1967
P10330,A3,668.2455
P10330,A4,497.4266
P10330,A5,498.8205
P10330,A6,525.7423
P10330,B1,424.1375
P10330,B2,323.5850
P10330,B3,412.8163
P10330,B4,854.0437
P10330,B5,698.7999
P10330,B6,876.4924
P10330,C1,583.7567
P10330,C2,549.5742
P10330,C3,512.3385
P10330,C4,390.3842
P10330,C5,385.2991
P10330,C6,337.1052
P10330,D1,160.8809
P10330,D2,163.5630
P10330,D3,159.3116
P10330,D4,762.0520
P10330,D5,930.1615
P10330,D6,833.2485
P10330,E1,675.8371
P10330,E2,521.3212
P10330,E3,537.2721
P10330,E4,458.2800
P10330,E5,375.5121
P10330,E6,445.7574
P10330,F1,216.7816
P10330,F2,187.2501
P10330,F3,165.0066
P10330,F4,895.1100
P10330,F5,842.1849
P10330,F6,950.2198
P10330,G1,435.9122
P10330,G2,371.0714
P10330,G3,390.9934
P10330,G4,180.3368
P10330,G5,192.5450
P10330,G6,182.5448
P10330,H1,39.3544
P10330,H2,38.8340
P10330,H4,883.6617
P10330,H5,795.3421
P10330,H6,864.9485
P10331,A1,312.2560
P10331,A2,250.1648
P10331,A3,241.4555
P10331,A4,307.1045
P10331,A5,256.1540
P10331,A6,262.5338
P10331,B1,286.5663
P10331,B2,305.7589
P10331,B3,262.8498
P10331,B4,237.2254
P10331,B5,245.7208
P10331,B6,264.2209
P10331,C1,249.4388
P10331,C2,267.4713
P10331,C3,266.0230
P10331,C4,203.3562
P10331,C5,234.9598
P10331,C6,291.1131
P10331,D1,287.2960
P10331,D2,315.6167
P10331,D3,266.9951
P10331,D4,252.3583
P10331,D5,243.4528
P10331,D6,334.9056
P10331,E1,258.2270
P10331,E2,242.4566
P10331,E3,307.9496
P10331,E4,243.7343
P10331,E5,215.2936
P10331,E6,229.4798
P10331,F1,242.1590
P10331,F2,208.9869
P10331,F3,256.7789
P10331,F4,219.8552
P10331,F5,251.1469
P10331,F6,243.0990
P10331,G1,253.1553
P10331,G2,242.0066
P10331,G3,271.4666
P10331,G4,272.0757
P10331,G5,251.1276
P10331,G6,246.9991
P10331,H1,263.7893
P10331,H2,233.8531
P10331,H3,275.8538
P10331,H4,238.0969
P10331,H5,341.9114
P10331,H6,249.0681
P10332,A1,1021.9109
P10332,A2,838.5391
P10332,A3,1041.4485
P10332,A4,910.7218
P10332,A5,1115.3398
P10332,A6,1055.2159
P10332,B1,1302.1471
P10332,B3,1021.6342
P10332,B4,1175.4271
P10332,B5,1185.4198
P10332,B6,1070.7368
P10332,C1,1039.9470
P10332,C2,917.1931
P10332,C4,1026.2010
P10332,C5,904.2304
P10332,C6,1042.5450
P10332,D1,1091.6244
P10332,D2,1111.2337
P10332,D3,969.0206
P10332,D4,1098.3445
P10332,D5,1044.6587
P10332,D6,984.5116
P10332,E1,1060.3376
P10332,E2,1105.6637
P10332,E3,1040.3085
P10332,E4,986.7380
P10332,E5,1142.9749
P10332,E6,1184.5510
P10332,F1,1067.4054
P10332,F2,978.6540
P10332,F3,918.7235
P10332,F4,926.5902
P10332,F5,1075.7595
P10332,F6,1136.6429
P10332,G1,958.2612
P10332,G2,968.0028
P10332,G3,1123.2525
P10332,G4,1145.6648
P10332,G5,1065.8692
P10332,G6,998.6126
P10332,H1,1297.1917
P10332,H2,910.6376
P10332,H3,1177.7016
P10332,H4,944.3823
P10332,H5,1045.0407
P10332,H6,1077.2468
P10333,A1,75.1230
P10333,A2,78.4778
P10333,A3,103.8865
P10333,A4,79.3513
P10333,A5,84.9189
P10333,A6,83.4607
P10333,B1,86.3796
P10333,B2,98.0322
P10333,B3,106.7270
P10333,B4,60.8654
P10333,B5,71.0550
P10333,B6,82.8360
P10333,C1,76.7369
P10333,C2,78.0411
P10333,C3,92.8766
P10333,C4,108.5424
P10333,C5,120.2297
P10333,C6,95.0639
P10333,D1,131.5648
P10333,D2,143.7123
P10333,D3,126.1220
P10333,D4,71.0794
P10333,D5,72.1703
P10333,D6,69.7413
P10333,E1,81.4892
P10333,E2,88.9191
P10333,E3,92.5253
P10333,E4,103.4523
P10333,E5,120.2550
P10333,E6,96.5479
P10333,F1,105.8094
P10333,F2,108.4479
P10333,F3,144.0553
P10333,F4,81.1572
P10333,F5,76.8337
P10333,F6,64.1539
P10333,G1,81.5605
P10333,G2,119.5413
P10333,G3,111.4561
P10333,G4,135.1207
P10333,G5,152.0805
P10333,G6,135.2698
P10333,H1,224.5364
P10333,H2,258.9345
P10333,H3,208.2458
P10333,H4,79.5921
P10333,H5,60.4662
P10333,H6,73.0648
P10334,A1,1082.7986
P10334,A2,1214.9329
P10334,A3,1111.1406
P10334,A4,964.7080
P10334,A5,1416.6423
P10334,A6,1237.9612
P10334,B1,1159.6480
P10334,B2,1161.0953
P10334,B3,1436.8653
P10334,B4,1134.3894
P10334,B5,1060.6955
P10334,B6,1167.0689
P10334,C1,1380.3065
P10334,C2,1183.0502
P10334,C3,1498.5714
P10334,C4,1193.2907
P10334,C5,1250.7942
P10334,C6,1138.0389
P10334,D1,1071.2614
P10334,D2,1372.5588
P10334,D3,899.7101
P10334,D4,1228.6644
P10334,D5,1002.9017
P10334,D6,1276.1249
P10334,E1,1381.3771
P10334,E2,1182.2040
P10334,E3,1314.9886
P10334,E4,1169.2713
P10334,E5,979.1604
P10334,E6,1208.2834
P10334,F1,1530.2027
P10334,F2,1175.9950
P10334,F3,1166.2809
P10334,F4,1148.3682
P10334,F5,1295.8345
P10334,F6,1120.7665
P10334,G1,1074.0832
P10334,G2,1223.8706
P10334,G3,1370.8603
P10334,G4,1394.3345
P10334,G5,1175.4057
P10334,G6,1333.9790
P10334,H1,1171.9664
P10334,H2,1087.8433
P10334,H3,1271.5097
P10334,H4,1363.9711
P10334,H5,899.3684
P10334,H6,1244.2930
P10335,A1,431.5615
P10335,A2,498.7966
P10335,A3,381.8447
P10335,A4,498.2463
P10335,A5,652.3420
P10335,A6,511.9080
P10335,B1,495.9381
P10335,B3,466.2527
P10335,B5,465.3084
P10335,B6,392.7799
P10335,C1,487.3345
P10335,C2,447.4899
P10335,C3,501.9462
P10335,C4,489.3115
P10335,C5,459.4898
P10335,D1,468.2644
P10335,D2,443.1202
P10335,D3,409.6829
P10335,D4,528.1200
P10335,D5,508.7958
P10335,D6,522.0906
P10335,E1,550.0228
P10335,E2,487.6046
P10335,E3,444.1644
P10335,E4,436.0244
P10335,E5,371.8731
P10335,E6,486.4625
P10335,F1,462.6359
P10335,F2,509.0099
P10335,F3,599.2185
P10335,F4,473.4184
P10335,F5,472.5261
P10335,F6,472.3163
P10335,G1,551.5461
P10335,G2,497.2465
P10335,G3,514.9405
P10335,G4,418.3014
P10335,G5,482.6505
P10335,G6,428.6486
P10335,H1,516.3545
P10335,H2,465.1929
P10335,H3,504.2644
P10335,H4,464.7702
P10335,H5,579.3848
P10335,H6,482.8214
P10336,A1,135.7354
P10336,A2,122.5956
P10336,A3,127.2440
P10336,A4,156.0699
P10336,A5,103.3755
P10336,A6,133.3677
P10336,B1,133.9887
P10336,B2,123.7798
P10336,B3,124.1581
P10336,B4,118.7400
P10336,B6,113.4162
P10336,C1,106.4162
P10336,C2,126.1649
P10336,C3,105.0198
P10336,C4,132.5000
P10336,C5,136.5154
P10336,C6,119.4783
P10336,D1,116.0416
P10336,D2,137.5209
P10336,D3,130.4726
P10336,D4,124.0988
P10336,D5,116.3977
P10336,D6,125.6533
P10336,E2,118.5406
P10336,E3,136.8791
P10336,E4,152.6350
P10336,E5,159.8502
P10336,E6,149.6028
P10336,F1,130.8839
P10336,F2,128.0144
P10336,F3,119.0474
P10336,F4,152.8153
P10336,F5,137.6909
P10336,F6,114.5305
P10336,G1,157.5927
P10336,G2,126.0967
P10336,G3,110.3640
P10336,G4,110.4937
P10336,G5,140.2036
P10336,G6,118.6007
P10336,H1,123.0893
P10336,H2,114.4579
P10336,H3,115.4894
P10336,H4,149.0282
P10336,H5,126.0605
P10336,H6,117.0521
P10337,A1,466.0126
P10337,A2,535.3251
P10337,A3,459.7484
P10337,A4,523.1330
P10337,A5,442.0223
P10337,A6,444.6995
P10337,B1,445.3855
P10337,B2,495.9717
P10337,B3,419.7888
P10337,B4,432.0384
P10337,B5,493.2194
P10337,B6,388.3985
P10337,C1,410.7174
P10337,C2,458.3228
P10337,C3,399.9214
P10337,C4,551.7729
P10337,C5,446.3239
P10337,C6,367.1015
P10337,D1,455.8494
P10337,D2,543.9706
P10337,D3,411.5759
P10337,D4,430.5431
P10337,D5,430.5868
P10337,D6,411.4714
P10337,E1,473.8789
P10337,E3,500.4373
P10337,E4,390.8179
P10337,E5,517.2750
P10337,E6,483.6632
P10337,F1,505.4558
P10337,F2,430.2247
P10337,F3,430.3321
P10337,F4,447.2791
P10337,F5,483.7322
P10337,F6,439.4227
P10337,G1,465.9403
P10337,G2,476.9696
P10337,G3,357.0727
P10337,G4,464.2879
P10337,G5,470.8755
P10337,G6,525.4851
P10337,H1,513.9278
P10337,H2,473.9272
P10337,H3,521.0146
P10337,H4,568.7690
P10337,H5,478.2384
P10337,H6,426.0801
P10338,A1,556.6364
P10338,A2,455.9659
P10338,A3,437.9293
P10338,A4,467.7587
P10338,A5,416.4672
P10338,A6,498.9748
P10338,B1,422.8458
P10338,B2,548.6545
P10338,B3,460.2841
P10338,B4,448.0089
P10338,B5,479.2311
P10338,B6,506.9279
P10338,C1,495.0539
P10338,C2,448.5492
P10338,C3,481.1926
P10338,C4,621.3820
P10338,C5,461.3618
P10338,C6,460.5954
P10338,D1,503.7589
P10338,D2,555.3448
P10338,D3,485.6096
P10338,D4,563.3974
P10338,D5,480.8134
P10338,D6,380.7925
P10338,E1,410.7239
P10338,E2,434.9709
P10338,E3,551.4987
P10338,E4,408.2014
P10338,E5,537.3048
P10338,E6,468.1157
P10338,F1,453.0397
P10338,F2,453.8777
P10338,F3,400.2983
P10338,F4,582.2319
P10338,F5,492.0093
P10338,F6,504.9479
P10338,G2,444.0605
P10338,G3,486.8309
P10338,G4,564.5274
P10338,G5,499.5131
P10338,G6,453.4325
P10338,H1,491.9025
P10338,H2,419.0791
P10338,H4,425.8313
P10338,H5,433.0300
P10338,H6,558.8355
P10339,A1,546.3420
P10339,A2,594.3325
P10339,A3,550.8514
P10339,A4,643.1025
P10339,A6,562.9809
P10339,B1,565.9416
P10339,B2,610.8550
P10339,B3,601.9291
P10339,B4,697.1677
P10339,B5,540.4444
P10339,B6,602.3894
P10339,C1,666.0701
P10339,C2,648.8592
P10339,C3,661.8489
P10339,C4,578.4781
P10339,C5,488.7681
P10339,C6,702.4799
P10339,D1,621.1314
P10339,D2,631.9442
P10339,D3,644.5066
P10339,D4,669.5128
P10339,D5,539.6733
P10339,D6,767.2713
P10339,E1,500.1794
P10339,E2,548.6441
P10339,E3,506.8305
P10339,E4,537.6140
P10339,E5,677.9605
P10339,E6,612.3825
P10339,F1,701.6359
P10339,F2,541.3562
P10339,F3,495.9369
P10339,F4,515.0837
P10339,F5,458.9236
P10339,F6,653.0618
P10339,G1,665.6715
P10339,G2,591.8986
P10339,G3,699.8923
P10339,G4,571.1266
P10339,G5,564.1008
P10339,G6,686.0621
P10339,H1,594.3017
P10339,H2,740.9721
P10339,H4,531.6735
P10339,H5,591.7902
P10339,H6,669.2579
P10340,A1,1370.5845
P10340,A2,1439.2902
P10340,A3,1367.0304
P10340,A4,1442.8351
P10340,A5,1727.2428
P10340,A6,1743.4033
P10340,B1,2602.2473
P10340,B2,2253.2531
P10340,B3,2447.8157
P10340,B4,1138.0615
P10340,B5,1074.3302
P10340,B6,1075.8201
P10340,C1,1538.6384
P10340,C2,1449.7632
P10340,C3,1760.6471
P10340,C4,2921.0408
P10340,C5,2211.3401
P10340,C6,3332.8593
P10340,D1,6266.1165
P10340,D2,7075.3483
P10340,D3,6665.8725
P10340,D4,1326.4939
P10340,D5,1011.7156
P10340,D6,1020.6144
P10340,E1,1668.2040
P10340,E2,1714.7568
P10340,E3,1277.8914
P10340,E4,3298.7983
P10340,E5,2294.1914
P10340,E6,2663.2358
P10340,F1,5259.4164
P10340,F2,4402.8350
P10340,F3,4560.6127
P10340,F4,1342.6045
P10340,F5,1165.5427
P10340,F6,1031.4087
P10340,G1,2543.5350
P10340,G2,2255.4519
P10340,G3,2438.6138
P10340,G4,4732.8840
P10340,G5,5040.8234
P10340,G6,4744.8376
P10340,H1,20500.3393
P10340,H2,22058.0466
P10340,H3,22962.0920
P10340,H4,982.8765
P10340,H5,1088.3142
P10340,H6,1215.8745
P10341,A1,1257.3172
P10341,A2,1150.7290
P10341,A3,978.6251
P10341,A4,1029.7061
P10341,A5,1117.8194
P10341,A6,928.7355
P10341,B1,1017.6544
P10341,B2,1171.5637
P10341,B3,1037.9671
P10341,B4,1008.8514
P10341,B5,906.2957
P10341,B6,1117.4206
P10341,C1,1000.5859
P10341,C2,1384.7368
P10341,C3,944.0098
P10341,C4,1036.7655
P10341,C5,1144.5741
P10341,C6,1043.6567
P10341,D1,1202.6667
P10341,D2,917.6177
P10341,D3,1271.3950
P10341,D4,1026.9994
P10341,D5,1293.1937
P10341,D6,1149.4288
P10341,E1,1173.6737
P10341,E2,1035.0987
P10341,E3,1174.5933
P10341,E4,1096.4088
P10341,E5,1152.5427
P10341,E6,941.8782
P10341,F1,1286.9718
P10341,F2,1029.4463
P10341,F3,1127.1557
P10341,F4,1091.6462
P10341,F5,1104.3424
P10341,F6,1126.0119
P10341,G1,1041.8757
P10341,G2,986.4132
P10341,G3,1035.6357
P10341,G4,905.9975
P10341,G5,1022.6665
P10341,G6,1217.0958
P10341,H1,1126.5829
P10341,H2,1191.7237
P10341,H3,983.5638
P10341,H4,1118.0257
P10341,H5,1073.7532
P10341,H6,1136.4524
P10342,A1,1868.8153
P10342,A2,1936.8852
P10342,A3,2175.5015
P10342,A4,1870.6932
P10342,A5,2252.7065
P10342,A6,1841.1401
P10342,B1,2956.2629
P10342,B2,3123.8757
P10342,B3,3204.6154
P10342,B4,1977.0818
P10342,B5,1485.9908
P10342,B6,1591.9771
P10342,C1,1925.2109
P10342,C2,2227.2495
P10342,C3,2298.3884
P10342,C4,2497.0067
P10342,C5,2801.2241
P10342,C6,2638.6970
P10342,D1,5352.9346
P10342,D2,4648.5837
P10342,D3,4840.6628
P10342,D5,1553.7299
P10342,D6,1633.4664
P10342,E1,1858.3839
P10342,E2,1597.1027
P10342,E3,1729.7481
P10342,E4,2756.6863
P10342,E5,2130.1773
P10342,E6,2280.3723
P10342,F1,3020.0825
P10342,F2,3021.0870
P10342,F3,3034.8161
P10342,F5,1798.9954
P10342,F6,1639.6244
P10342,G1,2266.3912
P10342,G2,1917.3330
P10342,G3,2109.1143
P10342,G4,3058.4233
P10342,G5,3043.5476
P10342,G6,2812.6960
P10342,H1,5756.1889
P10342,H2,4804.5260
P10342,H3,4791.3295
P10342,H4,1521.9478
P10342,H5,1566.3432
P10342,H6,1567.6346
P10343,A1,121.5522
P10343,A2,133.9109
P10343,A3,142.8113
P10343,A4,146.1287
P10343,A5,133.5344
P10343,A6,106.5367
P10343,B1,117.7509
P10343,B2,120.5042
P10343,B3,130.4467
P10343,B4,123.4724
P10343,B5,127.6600
P10343,B6,123.4643
P10343,C1,133.7741
P10343,C2,117.7942
P10343,C3,123.3429
P10343,C4,109.7002
P10343,C5,130.6141
P10343,C6,112.3727
P10343,D1,123.5266
P10343,D2,110.5658
P10343,D3,138.6635
P10343,D4,143.1550
P10343,D5,126.8813
P10343,D6,112.4436
P10343,E1,131.6074
P10343,E2,109.3830
P10343,E3,118.6242
P10343,E4,136.2002
P10343,E5,140.8411
P10343,E6,127.5772
P10343,F1,112.3170
P10343,F3,130.5059
P10343,F4,121.4519
P10343,F5,137.7300
P10343,F6,137.6562
P10343,G1,141.1098
P10343,G2,112.9346
P10343,G3,116.7544
P10343,G4,114.0092
P10343,G5,118.4990
P10343,G6,127.3119
P10343,H1,138.6887
P10343,H2,106.0338
P10343,H3,128.1829
P10343,H4,159.3399
P10343,H5,117.0219
P10344,A1,76.9141
P10344,A2,84.0139
P10344,A3,74.8611
P10344,A4,70.2696
P10344,A5,83.2578
P10344,A6,84.0198
P10344,B1,78.0989
P10344,B2,75.1284
P10344,B3,82.7851
P10344,B4,91.7437
P10344,B5,102.0375
P10344,B6,100.3318
P10344,C1,70.8037
P10344,C2,92.7831
P10344,C3,80.4854
P10344,C4,65.0685
P10344,C5,62.8574
P10344,C6,63.0180
P10344,D1,54.0397
P10344,D2,59.9833
P10344,D3,66.7636
P10344,D4,79.2397
P10344,D5,88.7547
P10344,D6,92.8021
P10344,E1,73.5894
P10344,E2,90.7429
P10344,E3,93.1815
P10344,E4,61.0051
P10344,E5,74.4508
P10344,E6,80.5749
P10344,F1,61.1775
P10344,F2,72.5438
P10344,F3,73.1681
P10344,F4,87.6012
P10344,F5,83.9574
P10344,F6,72.1121
P10344,G1,69.8430
P10344,G2,84.4513
P10344,G3,72.2210
P10344,G4,66.8022
P10344,G5,71.8361
P10344,G6,67.7644
P10344,H1,51.3751
P10344,H2,61.7176
P10344,H3,72.7519
P10344,H4,91.1251
P10344,H5,83.2037
P10344,H6,82.4516
P10345,A1,370.5583
P10345,A2,412.1662
P10345,A3,406.1508
P10345,A4,448.0704
P10345,A5,397.0970
P10345,A6,378.6521
P10345,B1,381.8019
P10345,B2,406.2918
P10345,B3,403.6302
P10345,B6,407.1369
P10345,C1,402.3440
P10345,C2,393.0475
P10345,C3,443.4799
P10345,C4,420.2778
P10345,C5,447.3741
P10345,C6,452.6078
P10345,D1,398.6758
P10345,D2,439.0754
P10345,D3,457.7730
P10345,D4,328.8153
P10345,D5,364.1816
P10345,D6,478.6135
P10345,E1,404.4223
P10345,E2,489.6043
P10345,E3,389.2052
P10345,E4,330.8243
P10345,E5,362.0379
P10345,E6,412.4420
P10345,F1,439.2193
P10345,F2,457.9293
P10345,F3,430.5714
P10345,F4,494.7700
P10345,F5,474.8262
P10345,F6,437.0904
P10345,G1,409.3267
P10345,G2,387.6112
P10345,G3,453.0802
P10345,G4,519.0318
P10345,G5,355.4671
P10345,G6,339.9385
P10345,H1,414.4152
P10345,H2,442.0950
P10345,H3,375.5326
P10345,H4,393.6616
P10345,H5,397.8346
P10345,H6,420.2527
P10346,A1,33.7406
P10346,A2,32.9200
P10346,A3,36.1052
P10346,A4,26.2536
P10346,A5,33.9596
P10346,A6,32.3690
P10346,B1,40.4992
P10346,B2,37.6700
P10346,B3,35.7067
P10346,B4,37.0541
P10346,B5,36.9612
P10346,B6,41.8136
P10346,C1,33.1429
P10346,C2,29.4480
P10346,C3,32.3316
P10346,C4,35.2811
P10346,C5,33.3716
P10346,C6,34.8006
P10346,D1,28.9698
P10346,D2,31.9597
P10346,D3,35.2695
P10346,D4,29.8106
P10346,D5,33.0045
P10346,D6,34.3235
P10346,E1,32.8194
P10346,E2,34.7195
P10346,E3,34.7891
P10346,E4,31.4754
P10346,E5,32.8016
P10346,E6,34.7655
P10346,F1,37.0317
P10346,F2,33.9386
P10346,F3,35.2568
P10346,F4,36.8810
P10346,F5,33.1804
P10346,F6,36.1140
P10346,G1,32.7502
P10346,G2,30.2477
P10346,G3,29.9778
P10346,G4,32.3967
P10346,G5,33.4181
P10346,G6,36.2156
P10346,H1,29.8848
P10346,H2,37.7988
P10346,H3,34.2440
P10346,H4,31.4085
P10346,H5,36.7939
P10346,H6,34.9452
P10347,A1,114.6290
P10347,A2,158.9843
P10347,A3,161.5190
P10347,A4,155.9741
P10347,A5,162.7956
P10347,A6,148.3950
P10347,B1,120.7247
P10347,B2,150.7420
P10347,B3,156.7745
P10347,B4,137.1669
P10347,B5,151.8254
P10347,B6,133.8753
P10347,C1,153.6471
P10347,C2,182.9105
P10347,C3,152.0114
P10347,C4,149.3647
P10347,C5,143.6956
P10347,C6,144.6632
P10347,D1,156.5076
P10347,D2,158.2137
P10347,D3,129.5715
P10347,D4,135.3957
P10347,D5,139.0110
P10347,D6,170.0325
P10347,E1,178.8727
P10347,E2,149.6256
P10347,E3,108.1436
P10347,E4,160.4603
P10347,E5,172.2216
P10347,E6,137.6116
P10347,F1,129.3886
P10347,F2,150.2044
P10347,F3,147.4350
P10347,F4,164.3340
P10347,F5,158.5124
P10347,F6,162.0715
P10347,G1,139.1690
P10347,G2,171.2640
P10347,G3,146.6200
P10347,G4,141.4997
P10347,G5,143.1913
P10347,G6,144.4316
P10347,H1,184.1357
P10347,H2,164.7008
P10347,H3,128.7839
P10347,H4,146.4709
P10347,H5,142.4459
P10347,H6,141.3217
P10348,A1,521.4395
P10348,A2,461.9401
P10348,A3,509.6536
P10348,A4,428.7693
P10348,A5,585.0735
P10348,A6,595.5244
P10348,B1,475.4239
P10348,B2,483.2222
P10348,B4,459.1646
P10348,B5,449.5225
P10348,B6,461.8757
P10348,C1,612.4663
P10348,C2,475.5426
P10348,C3,472.8961
P10348,C4,462.8082
P10348,C5,415.9408
P10348,C6,572.1900
P10348,D1,387.4815
P10348,D2,462.1918
P10348,D3,593.6799
P10348,D4,562.1843
P10348,D5,492.7169
P10348,D6,541.1942
P10348,E1,477.2520
P10348,E2,572.1207
P10348,E3,485.7349
P10348,E4,510.0951
P10348,E5,494.5267
P10348,E6,553.1668
P10348,F1,509.6092
P10348,F2,473.4555
P10348,F3,581.0893
P10348,F4,467.2216
P10348,F5,424.3042
P10348,F6,453.0839
P10348,G1,509.8797
P10348,G2,566.8618
P10348,G3,521.5174
P10348,G4,553.1851
P10348,G5,520.4383
P10348,G6,505.2691
P10348,H2,430.6537
P10348,H3,442.7673
P10348,H4,562.4865
P10348,H5,508.8694
P10348,H6,400.7036
P10349,A1,1852.4491
P10349,A2,1559.5117
P10349,A3,1813.2051
P10349,A4,1956.4622
P10349,A5,1629.2296
P10349,A6,1859.8659
P10349,B1,1464.6911
P10349,B2,1896.3556
P10349,B3,2422.4104
P10349,B4,1787.0106
P10349,B5,1681.8586
P10349,B6,1730.6860
P10349,C1,1749.2154
P10349,C2,1718.4511
P10349,C3,1901.8258
P10349,C4,1958.6868
P10349,C5,1929.0853
P10349,C6,1999.9581
P10349,D1,1706.7594
P10349,D2,2076.6670
P10349,D3,2015.0368
P10349,D4,1614.8860
P10349,D5,2034.4891
P10349,D6,1934.1511
P10349,E1,1899.8440
P10349,E2,1555.3455
P10349,E3,1654.6249
P10349,E4,1885.4867
P10349,E5,1474.9033
P10349,E6,2111.8070
P10349,F1,1834.3941
P10349,F2,1955.4084
P10349,F3,1990.9376
P10349,F4,1766.3909
P10349,F5,2022.4565
P10349,F6,1822.7285
P10349,G1,1841.6915
P10349,G2,1785.3054
P10349,G3,1707.1586
P10349,G4,1811.0690
P10349,G5,2001.2421
P10349,G6,1818.4507
P10349,H1,1526.8734
P10349,H2,1483.4281
P10349,H3,1773.5868
P10349,H4,2018.3907
P10349,H5,1738.2398
P10349,H6,1956.3562
P10350,A1,692.9699
P10350,A2,875.9888
P10350,A3,564.7679
P10350,A4,734.5079
P10350,A5,710.2803
P10350,A6,655.3744
P10350,B1,696.4300
P10350,B2,694.4983
P10350,B3,709.8906
P10350,B4,669.9118
P10350,B5,824.7125
P10350,C1,560.7849
P10350,C2,615.6289
P10350,C3,844.2241
P10350,C4,616.4147
P10350,C5,778.9712
P10350,C6,660.6118
P10350,D1,677.0244
P10350,D2,545.4620
P10350,D3,844.6262
P10350,D4,645.3659
P10350,D5,596.0106
P10350,D6,586.8756
P10350,E1,709.5656
P10350,E2,591.9793
P10350,E3,567.9429
P10350,E4,701.2332
P10350,E5,602.9486
P10350,E6,848.5961
P10350,F1,589.9240
P10350,F2,626.2744
P10350,F3,731.4054
P10350,F4,766.0091
P10350,F5,659.5555
P10350,F6,695.9280
P10350,G1,623.6558
P10350,G2,815.3432
P10350,G3,722.4349
P10350,G4,667.7531
P10350,G5,733.8172
P10350,G6,629.7347
P10350,H1,649.9808
P10350,H2,635.7192
P10350,H3,729.2372
P10350,H4,716.8324
P10350,H5,680.6907
P10350,H6,667.4109
P10351,A1,491.2132
P10351,A2,641.4025
P10351,A3,580.8616
P10351,A4,608.9363
P10351,A5,710.7173
P10351,A6,619.8655
P10351,B1,689.6313
P10351,B2,629.7700
P10351,B3,591.9338
P10351,B4,691.0105
P10351,B5,524.3094
P10351,B6,658.0411
P10351,C1,529.0137
P10351,C2,672.9279
P10351,C3,678.5870
P10351,C4,639.4647
P10351,C5,602.3575
P10351,C6,588.7446
P10351,D1,616.8936
P10351,D2,572.1809
P10351,D3,577.0674
P10351,D4,542.7270
P10351,D5,779.5661
P10351,D6,565.7571
P10351,E1,821.0499
P10351,E2,601.8238
P10351,E3,667.9176
P10351,E4,615.1034
P10351,E5,551.2912
P10351,E6,634.4767
P10351,F1,656.3706
P10351,F2,487.1638
P10351,F3,751.3970
P10351,F4,709.2615
P10351,F5,613.3029
P10351,F6,646.7881
P10351,G1,632.3284
P10351,G2,653.7802
P10351,G3,672.0854
P10351,G4,514.7594
P10351,G5,624.9534
P10351,G6,672.2792
P10351,H1,604.9366
P10351,H2,710.3999
P10351,H3,599.3820
P10351,H4,672.1057
P10351,H5,592.2940
P10351,H6,561.2077
P10352,A1,1303.9426
P10352,A2,1066.2769
P10352,A3,1236.0270
P10352,A4,1042.8054
P10352,A5,1055.3150
P10352,A6,1419.2893
P10352,B1,939.2136
P10352,B2,1031.7389
P10352,B3,1158.5625
P10352,B4,759.2926
P10352,B5,1248.2221
P10352,B6,1137.6908
P10352,C1,1050.6345
P10352,C2,1117.4922
P10352,C3,972.2256
P10352,C4,1168.0266
P10352,C5,915.1211
P10352,C6,1243.4822
P10352,D1,1006.1544
P10352,D2,1429.2473
P10352,D3,986.9854
P10352,D4,1121.6776
P10352,D5,1046.0643
P10352,D6,1072.7291
P10352,E1,936.6457
P10352,E2,994.2933
P10352,E3,1088.6019
P10352,E4,1118.5966
P10352,E5,1042.3774
P10352,E6,1071.2311
P10352,F1,1082.3580
P10352,F2,1235.1335
P10352,F3,1305.8513
P10352,F4,1006.8370
P10352,F5,984.2757
P10352,F6,1075.7121
P10352,G1,1142.5398
P10352,G2,1249.9547
P10352,G3,1083.0110
P10352,G4,1109.3594
P10352,G5,1067.6271
P10352,G6,1015.1306
P10352,H1,1224.0198
P10352,H2,1064.7177
P10352,H3,1144.1841
P10352,H4,1141.8422
P10352,H5,1160.9018
P10352,H6,885.1994
P10353,A1,93.8346
P10353,A2,89.0935
P10353,A3,78.0514
P10353,A4,120.3819
P10353,A5,72.8019
P10353,A6,111.0225
P10353,B1,152.8929
P10353,B2,126.8986
P10353,B3,146.5918
P10353,B4,68.5936
P10353,B5,62.2790
P10353,B6,66.9063
P10353,C1,94.8175
P10353,C2,99.7192
P10353,C3,103.9150
P10353,C4,149.9302
P10353,C5,149.1052
P10353,C6,110.1895
P10353,D1,287.5918
P10353,D2,261.4949
P10353,D3,246.1048
P10353,D4,71.8232
P10353,D5,77.2865
P10353,D6,66.2033
P10353,E1,89.7883
P10353,E2,89.2836
P10353,E3,77.1647
P10353,E4,89.7333
P10353,E5,102.9542
P10353,E6,99.7517
P10353,F2,149.2257
P10353,F3,129.1253
P10353,F5,65.9587
P10353,F6,82.1050
P10353,G1,103.2378
P10353,G2,125.4949
P10353,G3,112.5455
P10353,G4,134.3024
P10353,G5,141.5919
P10353,G6,129.1289
P10353,H1,286.4767
P10353,H2,303.8405
P10353,H3,243.1364
P10353,H4,65.2502
P10353,H5,57.4840
P10353,H6,70.5199
P10354,A1,166.1205
P10354,A2,191.0185
P10354,A3,191.9780
P10354,A4,202.1580
P10354,A5,201.3702
P10354,A6,203.4847
P10354,B1,165.2341
P10354,B2,190.6477
P10354,B3,183.7726
P10354,B4,205.6672
P10354,B5,199.8569
P10354,B6,158.7483
P10354,C1,219.6799
P10354,C2,200.6273
P10354,C3,202.5571
P10354,C4,169.2979
P10354,C5,192.4301
P10354,C6,194.6645
P10354,D1,199.4210
P10354,D2,197.7684
P10354,D3,207.9055
P10354,D4,149.7714
P10354,D5,173.0907
P10354,D6,185.7547
P10354,E1,194.7847
P10354,E2,189.1741
P10354,E3,160.7161
P10354,E4,165.0381
P10354,E5,178.2510
P10354,E6,190.7094
P10354,F1,171.1602
P10354,F2,182.3712
P10354,F3,171.6557
P10354,F4,171.2320
P10354,F5,172.6965
P10354,F6,201.7129
P10354,G1,166.5124
P10354,G2,177.8122
P10354,G3,180.2411
P10354,G4,234.4689
P10354,G5,188.9992
P10354,G6,199.3619
P10354,H1,229.1049
P10354,H2,189.0465
P10354,H3,221.8755
P10354,H4,184.6311
P10354,H5,240.4232
P10354,H6,180.0453
P10355,A1,558.9145
P10355,A2,506.9158
P10355,A3,450.0574
P10355,A4,502.8403
P10355,A5,514.1640
P10355,A6,588.8553
P10355,B1,493.2014
P10355,B2,547.4813
P10355,B3,516.0554
P10355,B4,467.8682
P10355,B5,580.7860
P10355,B6,509.3121
P10355,C1,508.5808
P10355,C2,526.1604
P10355,C3,500.2838
P10355,C4,578.3118
P10355,C5,471.6253
P10355,C6,486.1832
P10355,D1,467.8252
P10355,D2,480.7589
P10355,D3,467.5472
P10355,D4,513.9162
P10355,D5,425.2986
P10355,D6,461.0743
P10355,E1,413.5441
P10355,E2,573.9620
P10355,E3,499.2827
P10355,E4,471.6009
P10355,E5,491.8764
P10355,E6,550.7002
P10355,F1,486.1288
P10355,F2,465.4539
P10355,F3,454.9724
P10355,F4,480.1376
P10355,F5,510.3064
P10355,F6,460.5522
P10355,G1,548.2862
P10355,G2,470.3840
P10355,G3,528.6857
P10355,G4,499.3948
P10355,G5,439.5652
P10355,G6,445.2404
P10355,H1,537.8039
P10355,H2,488.5353
P10355,H3,458.1066
P10355,H4,509.3925
P10355,H5,537.7780
P10355,H6,514.8511
P10356,A1,60.1742
P10356,A2,64.4863
P10356,A3,59.5217
P10356,A4,63.8177
P10356,A5,59.3058
P10356,A6,77.1165
P10356,B1,62.8128
P10356,B2,42.3583
P10356,B3,54.3245
P10356,B4,83.5221
P10356,B5,69.6419
P10356,B6,67.0707
P10356,C1,61.4332
P10356,C2,64.1278
P10356,C3,72.8546
P10356,C4,56.2188
P10356,C5,67.6145
P10356,C6,48.8619
P10356,D1,43.3011
P10356,D2,39.0576
P10356,D3,44.6726
P10356,D4,89.8119
P10356,D5,77.8506
P10356,D6,67.7914
P10356,E1,78.4667
P10356,E2,75.0867
P10356,E3,75.0809
P10356,E4,65.2268
P10356,E5,59.6261
P10356,E6,81.0118
P10356,F1,51.4984
P10356,F2,46.2538
P10356,F3,57.6558
P10356,F4,74.0085
P10356,F5,82.3413
P10356,F6,62.8997
P10356,G1,67.6330
P10356,G2,64.0347
P10356,G3,62.7025
P10356,G4,64.6083
P10356,G5,58.9422
P10356,G6,54.5765
P10356,H1,36.3430
P10356,H2,45.3952
P10356,H3,41.3391
P10356,H4,70.2050
P10356,H5,79.7795
P10356,H6,81.7175
P10357,A1,446.0723
P10357,A2,441.4131
P10357,A3,516.8133
P10357,A4,406.3735
P10357,A5,410.2128
P10357,A6,384.2165
P10357,B1,277.8143
P10357,B2,282.3912
P10357,B3,345.1290
P10357,B4,538.8844
P10357,B5,475.0063
P10357,B6,549.2238
P10357,C1,501.2001
P10357,C2,345.4905
P10357,C3,426.2767
P10357,C4,309.1467
P10357,C5,297.2025
P10357,C6,272.3841
P10357,D1,167.4957
P10357,D2,153.5167
P10357,D3,151.6381
P10357,D4,525.5189
P10357,D5,506.4397
P10357,D6,415.5893
P10357,E1,438.8793
P10357,E2,413.8387
P10357,E3,370.4133
P10357,E4,334.8544
P10357,E5,388.2910
P10357,E6,400.2693
P10357,F1,389.1728
P10357,F2,286.9793
P10357,F3,272.6866
P10357,F4,499.8509
P10357,F5,636.4554
P10357,F6,455.9088
P10357,G1,409.8547
P10357,G2,368.9949
P10357,G3,421.5236
P10357,G4,279.2211
P10357,G5,261.0220
P10357,G6,257.4296
P10357,H1,169.1938
P10357,H2,177.6359
P10357,H3,176.7097
P10357,H4,466.9825
P10357,H5,570.9298
P10357,H6,543.3619
P10358,A2,407.2072
P10358,A3,448.4815
P10358,A4,499.8942
P10358,A5,466.0522
P10358,A6,561.1606
P10358,B1,689.6855
P10358,B2,913.4747
P10358,B3,697.8088
P10358,B4,412.0193
P10358,B5,329.8075
P10358,B6,356.3266
P10358,C1,592.0464
P10358,C2,497.9775
P10358,C3,488.0754
P10358,C5,749.7513
P10358,C6,775.3703
P10358,D1,2259.1360
P10358,D2,1963.4032
P10358,D3,2061.0070
P10358,D4,321.1257
P10358,D5,371.2269
P10358,D6,381.2986
P10358,E1,447.0859
P10358,E2,469.2619
P10358,E3,488.7928
P10358,E4,559.7118
P10358,E5,458.9535
P10358,E6,503.8476
P10358,F1,674.3050
P10358,F2,938.7114
P10358,F3,908.7474
P10358,F4,354.8216
P10358,F5,420.6292
P10358,F6,311.6512
P10358,G1,462.6482
P10358,G2,584.7924
P10358,G3,539.6189
P10358,G4,801.9975
P10358,G5,764.7027
P10358,G6,720.9146
P10358,H1,1818.9614
P10358,H2,1935.5646
P10358,H3,2239.0721
P10358,H4,411.2996
P10358,H5,371.2429
P10358,H6,365.1566
P10359,A1,502.8365
P10359,A2,405.4753
P10359,A3,517.8213
P10359,A4,482.8971
P10359,A5,455.6789
P10359,A6,436.8641
P10359,B1,467.1296
P10359,B2,549.8340
P10359,B3,410.7335
P10359,B4,405.6483
P10359,B5,445.3210
P10359,B6,442.2441
P10359,C1,390.3122
P10359,C2,394.2012
P10359,C3,456.0203
P10359,C4,442.4791
P10359,C5,366.3990
P10359,C6,473.9613
P10359,D1,414.0889
P10359,D2,370.1708
P10359,D3,516.5592
P10359,D4,376.0900
P10359,D5,473.7474
P10359,D6,387.8909
P10359,E1,422.4343
P10359,E2,470.4224
P10359,E3,411.0306
P10359,E4,491.8470
P10359,E5,443.7486
P10359,E6,395.7090
P10359,F1,491.3675
P10359,F2,479.9280
P10359,F3,384.9029
P10359,F4,538.6002
P10359,F5,425.3625
P10359,F6,506.4734
P10359,G1,465.5579
P10359,G2,465.4508
P10359,G3,421.9894
P10359,G4,409.6662
P10359,G5,374.2678
P10359,G6,437.5432
P10359,H1,450.8551
P10359,H2,476.1820
P10359,H3,388.0606
P10359,H4,399.0329
P10359,H5,484.2602
P10359,H6,435.5307
P10360,A1,4121.2368
P10360,A2,4373.3025
P10360,A3,4872.5105
P10360,A4,5251.2297
P10360,A5,4517.0125
P10360,A6,4741.2298
P10360,B1,5404.4418
P10360,B2,5456.0009
P10360,B3,5156.8035
P10360,B4,4884.7997
P10360,B5,4536.9085
P10360,C1,4521.8562
P10360,C2,4983.7959
P10360,C3,4806.0493
P10360,C4,5351.0326
P10360,C5,5105.4643
P10360,C6,5267.7304
P10360,D1,4283.8145
P10360,D2,4926.1206
P10360,D3,5156.2978
P10360,D4,4768.5777
P10360,D6,4442.4657
P10360,E1,4903.9430
P10360,E2,5838.5669
P10360,E3,4522.1842
P10360,E4,4919.1359
P10360,E5,4510.3393
P10360,E6,4843.8894
P10360,F1,5008.2103
P10360,F2,5892.9401
P10360,F3,6165.4059
P10360,F4,5395.7159
P10360,F5,6069.9396
P10360,F6,5438.5186
P10360,G1,6346.5504
P10360,G2,4961.2647
P10360,G3,4510.9016
P10360,G4,5637.3926
P10360,G6,4530.1713
P10360,H1,4237.0486
P10360,H2,5278.3401
P10360,H3,4557.8549
P10360,H4,4776.1381
P10360,H5,4692.9802
P10360,H6,5169.5639
P10361,A1,550.8493
P10361,A2,595.7172
P10361,A3,633.3705
P10361,A4,691.5820
P10361,A5,752.4535
P10361,A6,739.8575
P10361,B1,726.2567
P10361,B2,591.2427
P10361,B3,726.3839
P10361,B4,617.1216
P10361,B5,780.8616
P10361,B6,1003.2547
P10361,C1,722.2327
P10361,C2,671.3500
P10361,C3,859.7822
P10361,C4,724.3862
P10361,C5,631.2366
P10361,C6,673.6231
P10361,D1,523.9719
P10361,D2,672.5024
P10361,D3,677.9165
P10361,D4,648.0646
P10361,D5,627.9410
P10361,D6,570.6338
P10361,E1,631.9671
P10361,E2,737.1275
P10361,E3,580.5720
P10361,E4,557.5183
P10361,E5,639.5967
P10361,E6,716.4955
P10361,F1,543.9914
P10361,F2,743.7730
P10361,F3,558.0712
P10361,F4,776.7988
P10361,F5,689.4633
P10361,F6,649.2562
P10361,G1,625.1099
P10361,G2,596.8450
P10361,G3,729.6997
P10361,G4,684.9910
P10361,G5,767.1279
P10361,G6,710.5966
P10361,H1,714.1439
P10361,H2,619.8012
P10361,H3,562.4606
P10361,H4,728.3728
P10361,H5,762.3591
P10361,H6,622.7231
P10362,A1,155.5722
P10362,A2,152.8153
P10362,A3,155.3004
P10362,A4,114.2100
P10362,A5,137.0222
P10362,A6,123.0032
P10362,B1,90.6256
P10362,B2,113.8200
P10362,B3,108.1198
P10362,B4,185.7504
P10362,B5,181.0075
P10362,B6,187.2831
P10362,C1,144.3416
P10362,C2,148.4163
P10362,C3,137.8696
P10362,C4,113.9591
P10362,C5,93.2842
P10362,C6,86.7043
P10362,D1,57.5512
P10362,D2,57.0048
P10362,D3,54.8507
P10362,D4,164.3745
P10362,D5,170.1941
P10362,D6,214.3655
P10362,E1,157.0822
P10362,E2,159.2885
P10362,E3,149.9914
P10362,E4,116.5976
P10362,E5,151.7716
P10362,E6,153.0902
P10362,F1,98.3365
P10362,F2,131.6777
P10362,F3,90.3279
P10362,F4,206.5591
P10362,F5,228.4381
P10362,F6,180.5386
P10362,G1,129.4864
P10362,G2,140.1293
P10362,G3,137.0229
P10362,G4,113.2927
P10362,G5,104.3875
P10362,G6,103.0055
P10362,H1,65.7240
P10362,H2,63.0141
P10362,H3,65.7160
P10362,H4,216.7092
P10362,H5,164.2715
P10362,H6,190.1343
P10363,A1,21.2426
P10363,A2,17.9320
P10363,A3,27.9114
P10363,A4,20.6923
P10363,A5,22.9135
P10363,A6,23.4005
P10363,B1,26.1818
P10363,B2,23.1154
P10363,B3,24.5381
P10363,B4,20.6187
P10363,B5,20.7237
P10363,B6,24.7241
P10363,C1,24.8557
P10363,C2,22.8922
P10363,C3,24.1255
P10363,C4,26.4078
P10363,C5,22.8125
P10363,C6,19.0232
P10363,D1,24.4644
P10363,D2,26.2374
P10363,D3,23.6294
P10363,D4,25.3469
P10363,D5,19.9943
P10363,D6,22.4765
P10363,E1,22.2717
P10363,E2,22.3558
P10363,E3,24.9246
P10363,E4,21.3183
P10363,E5,19.5634
P10363,E6,29.2525
P10363,F1,18.4397
P10363,F2,22.2722
P10363,F3,24.6620
P10363,F4,20.3337
P10363,F5,19.4702
P10363,F6,20.2829
P10363,G1,22.9426
P10363,G2,22.5500
P10363,G3,24.3919
P10363,G4,19.5597
P10363,G5,23.7260
P10363,G6,22.3095
P10363,H1,25.5838
P10363,H2,18.2947
P10363,H3,26.5691
P10363,H4,25.3393
P10363,H5,20.6656
P10363,H6,22.7322
P10364,A1,177.6014
P10364,A2,191.2591
P10364,A3,175.6480
P10364,A4,172.8446
P10364,A5,214.2552
P10364,A6,151.2938
P10364,B1,182.1520
P10364,B2,203.4201
P10364,B3,177.9591
P10364,B4,188.3302
P10364,B5,188.8611
P10364,B6,189.6022
P10364,C1,241.6246
P10364,C2,199.7949
P10364,C3,169.7135
P10364,C4,171.5454
P10364,C5,223.2846
P10364,C6,208.5184
P10364,D1,164.8821
P10364,D2,162.4086
P10364,D3,166.3439
P10364,D4,187.3095
P10364,D5,179.8647
P10364,E1,178.3956
P10364,E2,187.0567
P10364,E3,187.2389
P10364,E4,178.2120
P10364,E5,178.6702
P10364,E6,157.8033
P10364,F1,157.4499
P10364,F2,181.7300
P10364,F3,173.6604
P10364,F4,176.5306
P10364,F5,168.6765
P10364,F6,177.8924
P10364,G1,212.4242
P10364,G2,204.8596
P10364,G3,179.8827
P10364,G4,165.7635
P10364,G5,193.8931
P10364,G6,180.8890
P10364,H1,181.3798
P10364,H2,158.0459
P10364,H3,156.4702
P10364,H4,163.5370
P10364,H5,227.4152
P10364,H6,184.6281
P10365,A1,297.6672
P10365,A2,224.5338
P10365,A3,203.3942
P10365,A4,323.3083
P10365,A5,283.1531
P10365,A6,291.2412
P10365,B1,380.0981
P10365,B2,473.5310
P10365,B3,442.9398
P10365,B4,209.5076
P10365,B5,206.9786
P10365,B6,194.8835
P10365,C1,372.4428
P10365,C2,298.5641
P10365,C3,290.8908
P10365,C4,427.7207
P10365,C5,442.3682
P10365,C6,422.2300
P10365,D1,825.9374
P10365,D2,1211.6475
P10365,D3,912.8559
P10365,D4,206.1229
P10365,D5,184.4537
P10365,D6,240.3483
P10365,E1,231.2884
P10365,E2,254.9702
P10365,E3,249.9778
P10365,E4,301.1211
P10365,E5,289.8407
P10365,E6,325.1555
P10365,F1,433.7720
P10365,F2,514.0014
P10365,F3,453.8292
P10365,F4,180.3593
P10365,F5,219.5647
P10365,F6,188.6304
P10365,G1,285.6181
P10365,G2,293.1984
P10365,G3,305.6201
P10365,G4,426.2525
P10365,G5,416.9863
P10365,G6,372.6586
P10365,H1,824.9994
P10365,H2,886.7021
P10365,H3,927.0703
P10365,H4,187.8537
P10365,H5,228.4560
P10365,H6,203.8893
P10366,A1,272.2764
P10366,A2,281.7006
P10366,A3,243.1257
P10366,A4,262.7964
P10366,A5,307.0742
P10366,A6,279.4369
P10366,B1,306.0642
P10366,B2,262.3475
P10366,B3,266.7225
P10366,B4,263.6784
P10366,B5,286.5365
P10366,B6,275.5175
P10366,C1,276.0378
P10366,C2,261.2015
P10366,C3,303.6449
P10366,C4,239.0264
P10366,C5,301.6704
P10366,C6,407.2983
P10366,D1,303.8101
P10366,D2,274.0813
P10366,D3,257.6766
P10366,D4,251.1245
P10366,D5,319.5347
P10366,D6,294.7065
P10366,E1,299.6897
P10366,E2,283.0200
P10366,E3,326.2213
P10366,E4,354.9825
P10366,E5,271.8124
P10366,E6,295.1912
P10366,F1,288.4235
P10366,F2,265.2794
P10366,F3,302.4564
P10366,F4,283.7486
P10366,F5,335.2568
P10366,G1,302.0563
P10366,G2,294.2081
P10366,G3,288.3172
P10366,G4,278.6153
P10366,G5,271.7297
P10366,G6,317.7865
P10366,H1,281.0290
P10366,H2,268.5337
P10366,H3,342.1093
P10366,H4,324.4197
P10366,H5,279.5536
P10366,H6,311.0844
P10367,A1,124.1112
P10367,A2,100.6435
P10367,A3,121.7447
P10367,A4,136.7259
P10367,A5,102.3696
P10367,A6,138.9190
P10367,B1,105.8804
P10367,B2,113.1469
P10367,B3,95.3837
P10367,B4,127.8684
P10367,B5,102.5109
P10367,B6,128.6966
P10367,C1,118.1049
P10367,C2,132.2315
P10367,C3,117.9234
P10367,C4,142.0201
P10367,C5,115.7437
P10367,C6,98.2927
P10367,D1,122.0551
P10367,D2,175.2819
P10367,D3,116.7364
P10367,D4,115.5638
P10367,D5,112.8337
P10367,D6,112.6673
P10367,E1,113.6672
P10367,E2,106.2636
P10367,E3,128.1704
P10367,E4,125.3118
P10367,E5,105.3837
P10367,E6,108.0760
P10367,F1,111.7024
P10367,F2,141.9533
P10367,F3,125.2963
P10367,F4,122.0147
P10367,F5,121.5859
P10367,F6,116.8773
P10367,G1,139.3559
P10367,G2,135.8668
P10367,G3,121.2706
P10367,G4,122.6261
P10367,G5,151.6864
P10367,G6,121.7876
P10367,H1,151.8641
P10367,H2,138.8713
P10367,H3,121.7525
P10367,H4,111.9393
P10367,H5,105.7511
P10367,H6,119.8969
P10368,A1,2398.7801
P10368,A2,2018.1954
P10368,A3,2230.9720
P10368,A4,2250.6326
P10368,A5,2053.5601
P10368,A6,2500.4660
P10368,B1,2674.2737
P10368,B2,1910.4781
P10368,B3,2179.4205
P10368,B4,2178.9761
P10368,B5,2736.8445
P10368,B6,2528.8111
P10368,C1,2115.4344
P10368,C2,2777.8371
P10368,C3,2557.6309
P10368,C4,2778.0347
P10368,C5,2213.4570
P10368,C6,2190.2119
P10368,D1,2519.8950
P10368,D2,2601.7184
P10368,D3,2570.7058
P10368,D4,2427.7106
P10368,D6,2187.5172
P10368,E1,1830.1846
P10368,E3,1683.5957
P10368,E4,1967.0975
P10368,E5,2201.7412
P10368,E6,2044.5612
P10368,F1,2095.7610
P10368,F2,2403.6948
P10368,F3,2203.3407
P10368,F4,2557.7148
P10368,F5,2025.8831
P10368,F6,2088.8108
P10368,G1,2673.7385
P10368,G2,1810.2043
P10368,G3,2258.0655
P10368,G4,2275.7004
P10368,G5,2654.8018
P10368,G6,2387.9895
P10368,H1,2156.4330
P10368,H2,2102.2720
P10368,H3,2074.0386
P10368,H4,2364.5941
P10368,H5,2121.1195
P10368,H6,2352.5600
P10369,B5,471.4302
P10369,D1,1324.6393
P10369,A6,604.1843
P10369,H6,451.4618
P10369,H3,3483.0777
P10369,D4,454.9413
P10369,A4,661.1034
P10369,E1,701.9475
P10369,A1,528.4027
P10369,D3,1511.4176
P10370,D3,783.7522
P10370,F3,703.1339
P10370,C4,782.9361
P10371,D6,597.6476
P10371,F6,640.0513
P10371,B2,488.6112
P10371,C2,638.9596
P10371,E5,561.6621
P10372,D4,41.3335
P10372,F3,35.1094
P10372,H2,42.6671
P10373,E5,513.6300
P10373,E6,486.7863
P10373,C4,458.2113
P10373,F4,543.1690
P10373,G3,544.2313
P10373,G5,545.4371
P10373,D4,509.2493
P10373,E1,678.2958
P10373,H3,462.2170
P10373,H1,583.7565
P10374,G1,506.6519
P10374,C3,361.4631
P10374,A5,374.8118
P10374,C4,653.3617
P10374,E1,391.9462
P10374,A3,320.8253
P10374,D3,996.9134
P10374,E6,460.3254
P10375,G3,162.3912
P10375,B1,155.0566
P10375,F5,134.2883
P10375,A4,168.5756
P10375,F2,158.6327
P10376,C4,45.9032
P10376,B4,38.1951
P10376,H2,39.1367
P10376,G1,43.0993
P10376,A4,47.0251
P10376,E6,42.7464
P10376,D1,39.2776
P10377,C4,1291.9886
P10377,C5,1517.7956
P10377,E1,1624.6491
P10377,F2,1229.8694
P10378,G4,232.7728
P10378,C4,284.8766
P10378,F5,259.3080
P10378,F2,234.8582
P10378,E6,300.8846
P10378,G1,223.6852
P10378,G6,283.1404
P10379,E4,242.4658
P10379,D1,334.2135
P10379,E6,310.0485
P10379,C1,237.3531
P10379,C5,241.9704
P10379,E1,268.6701
P10379,F1,251.8364
P10380,E1,480.4840
P10380,C5,510.0223
P10380,C4,599.8673
P10380,D1,635.4871
P10380,E5,598.5740
P10380,H1,638.7040
P10380,A4,437.6648
P10381,D1,1621.3970
P10381,A3,1838.8654
P10381,H1,2194.9928
P10382,F1,1732.4082
P10382,A1,1927.0181
P10382,E3,2024.9977
P10382,B1,1654.8440
P10382,D5,2271.2062
P10382,B3,1639.6157
P10382,A3,1768.5041
P10383,B4,287.1059
P10383,B6,383.2346
P10383,H1,362.5311
P10383,B5,335.6906
P10383,B1,271.7454
P10383,D2,330.3621
P10384,B1,1356.9942
P10384,A5,1383.3887
P10384,C5,1680.2867
P10385,F1,418.6804
P10385,F6,297.8922
P10385,B6,321.1759
P10385,F2,344.7557
P10385,A1,380.9572
P10385,G3,340.7559
P10386,C2,298.9796
P10386,D4,276.9619
P10386,H2,309.2663
P10386,H4,263.0867
P10386,A6,303.2161
P10387,A3,318.6179
P10387,F1,306.1874
P10387,A2,311.9475
P10387,A5,357.1124
P10387,D3,260.7197
P10387,D4,338.5822
P10387,F4,283.6181
P10388,A3,515.2895
P10388,A6,540.5784
P10388,B2,825.1551
P10388,C3,708.8034
P10388,E6,474.0042
P10388,H1,514.2355
P10388,B3,867.7584
P10388,C2,585.7924
P10388,D5,348.2950
P10389,E3,834.0098
P10389,G6,958.6285
P10389,B4,779.2696
P10389,F2,897.8201
P10389,G5,977.5156
P10389,D1,965.2550
P10390,F2,268.1218
P10390,F1,402.8684
P10390,C4,324.5371
P10390,F4,314.1544
P10391,F4,4630.5422
P10391,E2,5196.4127
P10391,B2,4822.0833
P10391,G5,5267.2750
P10391,D3,5301.7412
P10392,A5,2632.7837
P10392,H2,2612.8415
P10392,D3,2630.6328
P10392,E2,2383.6470
P10392,D6,2669.9778
P10392,G3,2696.4772
P10393,E4,185.6637
P10393,B2,181.1021
P10393,H6,197.5935
P10393,E6,190.2615
P10393,G3,214.9551
P10393,H4,193.0890
P10393,C3,173.1073
P10393,G6,198.1488
P10393,H2,167.7345
P10393,D3,156.8931
P10394,D2,203.4078
P10394,E6,170.0748
P10394,F4,237.1008
P10395,F2,419.9075
P10395,A4,356.1406
P10395,A2,364.7377
P10395,D6,375.0914
P10395,B6,426.3127
P10395,F6,389.1829
P10395,D5,300.1954
P10395,B3,425.6556
P10395,G1,407.2081
P10395,F5,365.5189
P10396,D3,272.1542
P10396,E6,220.6089
P10396,G2,201.9306
P10397,C2,225.3811
P10397,E3,184.7425
P10397,B4,233.4039
P10397,B6,214.9819
P10397,C3,248.8627
P10397,D1,200.2004
P10397,E6,166.5074
P10397,G1,194.8502
P10397,D2,197.7030
P10398,E2,1194.7217
P10398,C3,1060.5371
P10398,D5,1144.4258
P10398,A5,1061.1958
P10398,F1,1144.8362
P10399,H3,110.5446
P10399,E6,277.3672
P10399,C3,238.2379
P10399,E5,281.4373
P10399,C4,189.3597
P10399,B2,170.6828
P10400,G4,1061.9457
P10400,A5,1120.2306
P10400,H1,1055.6825
P10400,E1,1142.2742
P10400,E5,1414.3165
P10400,D5,1278.7685
P10400,D6,1318.7815
P10400,A2,1332.0129
P10400,C5,952.5742
