uniqID,GeneID,locus_tag,UniProtID,type,localz,gene,product,KG_FG,KG_FM,KG_PC,KG_PG,KG_PW,UP_FM,UP_PW,UP_KW
g0001,885041,Rv0001,P9WNW3,CDS,Cytoplasmic,dnaA,Chromosomal replication initiator protein DnaA,genetic information processing,DNA replication proteins; Chromosome and associated proteins,Environmental Information Processing,Signal transduction,Two-component system,DnaA family,,3D-structure;ATP-binding;Cell membrane;Cell wall;Cytoplasm;DNA replication;DNA-binding;Hydrolase;Lipid-binding;Membrane;Nucleotide-binding;Reference proteome;Secreted
g0002,887092,Rv0002,P9WNU1,CDS,Cytoplasmic,dnaN,Beta sliding clamp,genetic information processing,DNA replication proteins; DNA repair and recombination proteins,Genetic Information Processing,Replication and repair,DNA replication; Mismatch repair; Homologous recombination,beta sliding clamp family,,3D-structure;Antibiotic resistance;Cytoplasm;DNA replication;DNA-binding;DNA-directed DNA polymerase;Nucleotidyltransferase;Reference proteome;Transferase
g0003,887089,Rv0003,P9WHI9,CDS,Cytoplasmic,recF,DNA replication and repair protein RecF,genetic information processing,DNA repair and recombination proteins,Genetic Information Processing,Replication and repair,Homologous recombination,RecF family,,ATP-binding;Cytoplasm;DNA damage;DNA repair;DNA replication;DNA-binding;Nucleotide-binding;Reference proteome;SOS response
g0004,887088,Rv0004,P9WFL1,CDS,Cytoplasmic,,UPF0232 protein Rv0004,,,,,,UPF0232 family,,Reference proteome
g0005,887081,Rv0005,P9WG45,CDS,Cytoplasmic,gyrB,DNA gyrase subunit B,genetic information processing,DNA replication proteins; DNA repair and recombination proteins,,,,type II topoisomerase GyrB family,,3D-structure;Antibiotic resistance;ATP-binding;Cytoplasm;DNA-binding;Isomerase;Magnesium;Metal-binding;Nucleotide-binding;Reference proteome;Topoisomerase
g0006,887105,Rv0006,P9WG47,CDS,Cytoplasmic,gyrA,DNA gyrase subunit A,genetic information processing,DNA replication proteins; DNA repair and recombination proteins,,,,type II topoisomerase GyrA/ParC subunit family,,3D-structure;Acetylation;Antibiotic resistance;ATP-binding;Calcium;Cytoplasm;DNA-binding;Isomerase;Metal-binding;Nucleotide-binding;Reference proteome;Topoisomerase
g0007,885982,Rv0007,P9WMA7,CDS,Plasma Membrane,,Uncharacterized protein Rv0007,,,,,,To M.leprae ML0007,,Cell membrane;Membrane;Reference proteome;Transmembrane;Transmembrane helix
g0008,887085,Rv0008c,P9WJF3,CDS,Plasma Membrane,cwsA,Cell wall synthesis protein CwsA,,,,,,CwsA family,,Cell cycle;Cell division;Cell membrane;Cell shape;Membrane;Reference proteome;Transmembrane;Transmembrane helix
g0009,887087,Rv0009,P9WHW3,CDS,Cytoplasmic,ppiA,Peptidyl-prolyl cis-trans isomerase A,genetic information processing; signaling and cellular processes,Chaperones and folding catalysts; Exosome,Genetic Information Processing; Human Diseases,Information processing in viruses; Drug resistance: antimicrobial,Viral life cycle - HIV-1; Cationic antimicrobial peptide (CAMP) resistance,cyclophilin-type PPIase family,,3D-structure;Cytoplasm;Isomerase;Reference proteome;Rotamase
g0010,887082,Rv0010c,P9WMA3,CDS,Plasma Membrane,,Uncharacterized protein Rv0010c,,,,,,,,Cell membrane;Membrane;Reference proteome;Transmembrane;Transmembrane helix
g0011,887074,Rv0011c,P9WP57,CDS,Plasma Membrane,crgA,Cell division protein CrgA,,,,,,CrgA family,,3D-structure;Cell cycle;Cell division;Cell membrane;Cell shape;Membrane;Reference proteome;Transmembrane;Transmembrane helix
g0012,887083,Rv0012,L0T243,CDS,Plasma Membrane,,membrane protein,,,,,,UPF0749 family,,Reference proteome
g0013,885955,Rv0013,P9WN35,CDS,Cytoplasmic,trpG,Anthranilate synthase component 2,,,Metabolism,Metabolism of cofactors and vitamins,Folate biosynthesis,,Amino-acid biosynthesis; L-tryptophan biosynthesis; L-tryptophan from chorismate,Amino-acid biosynthesis;Aromatic amino acid biosynthesis;Glutamine amidotransferase;Lyase;Reference proteome;Tryptophan biosynthesis
g0014,887072,Rv0014c,P9WI81,CDS,Plasma Membrane,pknB,Serine/threonine-protein kinase PknB,metabolism,Protein kinases,,,,protein kinase superfamily. Ser/Thr protein kinase family,,3D-structure;Acetylation;ATP-binding;Cell membrane;Direct protein sequencing;Kinase;Magnesium;Membrane;Metal-binding;Nucleotide-binding;Phosphoprotein;Reference proteome;Repeat;Serine/threonine-protein kinase;Transferase;Transmembrane;Transmembrane helix;Virulence
g0015,885953,Rv0015c,P9WI83,CDS,Plasma Membrane,pknA,Serine/threonine-protein kinase PknA,metabolism,Protein kinases,,,,protein kinase superfamily. Ser/Thr protein kinase family,,3D-structure;ATP-binding;Cell membrane;Kinase;Membrane;Nucleotide-binding;Phosphoprotein;Reference proteome;Serine/threonine-protein kinase;Transferase;Transmembrane;Transmembrane helix;Virulence
g0016,887078,Rv0016c,P9WKD1,CDS,Plasma Membrane,pbpA,"Peptidoglycan D,D-transpeptidase PbpA",metabolism,Peptidoglycan biosynthesis and degradation proteins,Metabolism,Glycan biosynthesis and metabolism,Peptidoglycan biosynthesis,transpeptidase family,Cell wall biogenesis; peptidoglycan biosynthesis,3D-structure;Cell inner membrane;Cell membrane;Cell shape;Cell wall biogenesis/degradation;Disulfide bond;Hydrolase;Membrane;Peptidoglycan synthesis;Reference proteome;Signal-anchor;Transmembrane;Transmembrane helix
g0017,887075,Rv0017c,P9WN99,CDS,Plasma Membrane,rodA,Peptidoglycan glycosyltransferase RodA,metabolism; genetic information processing; signaling and cellular processes,Glycosyltransferases; Peptidoglycan biosynthesis and degradation proteins; Chromosome and associated proteins; Transporters,Metabolism,Glycan biosynthesis and metabolism,Peptidoglycan biosynthesis,SEDS family,Cell wall biogenesis; peptidoglycan biosynthesis,Cell inner membrane;Cell membrane;Cell shape;Cell wall biogenesis/degradation;Glycosyltransferase;Membrane;Peptidoglycan synthesis;Phosphoprotein;Reference proteome;Transferase;Transmembrane;Transmembrane helix
g0018,887070,Rv0018c,P9WHW5,CDS,Plasma Membrane,pstP,Serine/threonine protein phosphatase PstP,metabolism,Protein phosphatases and associated proteins,,,,,,3D-structure;Cell membrane;Hydrolase;Manganese;Membrane;Metal-binding;Phosphoprotein;Protein phosphatase;Reference proteome;Transmembrane;Transmembrane helix
g0019,887079,Rv0019c,P9WJB5,CDS,Plasma Membrane,fhaB,FHA domain-containing protein FhaB,,,,,,,,Cell membrane;Membrane;Phosphoprotein;Reference proteome;Transmembrane;Transmembrane helix
g0020,887067,Rv0020c,P71590,CDS,Cytoplasmic,fhaA,FHA domain-containing protein FhaA,,,,,,,,3D-structure;Cytoplasm;Phosphoprotein;Reference proteome
g0021,887066,Rv0021c,P71591,CDS,Cytoplasmic,,Nitronate monooxygenase,,,Metabolism,Energy metabolism,Nitrogen metabolism,,,Flavoprotein;FMN;Oxidoreductase;Reference proteome
g0022,887071,Rv0022c,P71592,CDS,Cytoplasmic,whiB5,Transcriptional regulator WhiB5,genetic information processing,Transcription factors,,,,WhiB family,,4Fe-4S;Activator;Cytoplasm;Disulfide bond;DNA-binding;Iron;Iron-sulfur;Metal-binding;Reference proteome;Transcription;Transcription regulation;Virulence
g0023,887062,Rv0023,P9WMI3,CDS,Cytoplasmic,,Uncharacterized HTH-type transcriptional regulator Rv0023,,,,,,,,DNA-binding;Reference proteome;Transcription;Transcription regulation
g0024,887061,Rv0024,P71594,CDS,Extracellular,,NLP/P60 family protein,,,,,,peptidase C40 family,,Hydrolase;Protease;Reference proteome;Thiol protease
g0025,887060,Rv0025,P9WMA1,CDS,Extracellular,,Uncharacterized protein Rv0025,,,,,,To M.tuberculosis Rv0026 and Rv0739,,Reference proteome
g0026,887057,Rv0026,P9WMB1,CDS,Extracellular,,Uncharacterized protein Rv0026,,,,,,To M.tuberculosis Rv0025 and Rv0739,,Reference proteome
g0027,887054,Rv0027,P9WM99,CDS,Extracellular,,Uncharacterized protein Rv0027,,,,,,,,Reference proteome
g0028,885812,Rv0028,P9WM97,CDS,Cytoplasmic,,Uncharacterized protein Rv0028,,,,,,,,Acetylation;Reference proteome
g0029,,Rv0028A,P0DMM2,CDS,Cytoplasmic,,Uncharacterized protein Rv0028A,,,,,,,,Reference proteome
g0030,887053,Rv0029,P71599,CDS,Cytoplasmic,,Transmembrane protein,,,,,,,,Reference proteome
g0031,887051,Rv0030,P9WM95,CDS,Cytoplasmic,,Uncharacterized protein Rv0030,,,,,,,,Reference proteome
g0032,,Rv0031,P71601,CDS,Cytoplasmic,,Possible remnant of a transposase,,,,,,,,Reference proteome
g0033,887050,Rv0032,P9WQ85,CDS,Cytoplasmic,bioF2,Putative 8-amino-7-oxononanoate synthase 2,metabolism,Amino acid related enzymes,Metabolism,Metabolism of cofactors and vitamins,Biotin metabolism,In the C-terminal section; belongs to the class-II pyridoxal-phosphate-dependent aminotransferase family. BioF subfamily,,Acyltransferase;Pyridoxal phosphate;Reference proteome;Transferase
g0034,887052,Rv0033,I6WX95,CDS,Cytoplasmic,acpA,acyl carrier protein AcpA,,,,,,,,Fatty acid biosynthesis;Fatty acid metabolism;Lipid biosynthesis;Lipid metabolism;Phosphopantetheine;Phosphoprotein;Reference proteome
g0035,887046,Rv0034,P9WM93,CDS,Cytoplasmic,,Uncharacterized protein Rv0034,,,,,,,,Reference proteome
g0036,887048,Rv0035,L7N699,CDS,Cytoplasmic,fadD34,fatty-acid--CoA ligase FadD34,,,,,,ATP-dependent AMP-binding enzyme family,,Ligase;Reference proteome
g0037,887043,Rv0036c,P9WM91,CDS,Cytoplasmic,,Uncharacterized protein Rv0036c,,,,,,,,Reference proteome
g0038,887042,Rv0037c,P9WJY1,CDS,Plasma Membrane,,Uncharacterized MFS-type transporter Rv0037c,,,,,,major facilitator superfamily,,Cell membrane;Membrane;Reference proteome;Transmembrane;Transmembrane helix;Transport
g0039,887045,Rv0038,P9WFK5,CDS,Cytoplasmic,,UPF0301 protein Rv0038,genetic information processing,Transcription factors,,,,UPF0301 (AlgH) family,,Reference proteome
g0040,887038,Rv0039c,P9WM89,CDS,Plasma Membrane,,Uncharacterized protein Rv0039c,,,,,,To M.leprae ML0030,,Cell membrane;Membrane;Reference proteome;Transmembrane;Transmembrane helix
g0041,887037,Rv0040c,P9WIM9,CDS,Extracellular,mtc28,Proline-rich 28 kDa antigen,,,,,,To M.leprae ML0031,,3D-structure;Reference proteome;Signal
g0042,887040,Rv0041,P9WFV1,CDS,Cytoplasmic,leuS,Leucine--tRNA ligase,metabolism; genetic information processing,Amino acid related enzymes; Transfer RNA biogenesis; Mitochondrial biogenesis,Genetic Information Processing,Translation,Aminoacyl-tRNA biosynthesis,class-I aminoacyl-tRNA synthetase family,,3D-structure;Acetylation;Aminoacyl-tRNA synthetase;ATP-binding;Cytoplasm;Ligase;Nucleotide-binding;Protein biosynthesis;Reference proteome
g0043,887034,Rv0042c,P71699,CDS,Cytoplasmic,,transcriptional regulator,,,,,,,,Reference proteome
g0044,887032,Rv0043c,P9WMG9,CDS,Cytoplasmic,,Uncharacterized HTH-type transcriptional regulator Rv0043c,,,,,,,,DNA-binding;Reference proteome;Transcription;Transcription regulation
g0045,887030,Rv0044c,P71701,CDS,Cytoplasmic,,oxidoreductase,,,,,,,,Flavoprotein;FMN;Monooxygenase;Oxidoreductase;Reference proteome
g0046,887029,Rv0045c,I6XU97,CDS,Cytoplasmic,,Esterase Rv0045c,,,,,,AB hydrolase superfamily,,3D-structure;Allosteric enzyme;Hydrolase;Reference proteome;Serine esterase
g0047,887028,Rv0046c,P9WKI1,CDS,Cytoplasmic,ino1,Inositol-3-phosphate synthase,,,Metabolism,Carbohydrate metabolism; Biosynthesis of other secondary metabolites,Inositol phosphate metabolism; Streptomycin biosynthesis,myo-inositol 1-phosphate synthase family,,3D-structure;Acetylation;Inositol biosynthesis;Isomerase;Isopeptide bond;NAD;Reference proteome;Ubl conjugation
g0048,887031,Rv0047c,P71704,CDS,Cytoplasmic,,hypothetical protein,,,,,,,,3D-structure;Coiled coil;Reference proteome
g0049,887027,Rv0048c,P9WM87,CDS,Plasma Membrane,,Uncharacterized protein Rv0048c,,,,,,,,Cell membrane;Membrane;Reference proteome;Signal;Transmembrane;Transmembrane helix
g0050,887024,Rv0049,P9WM85,CDS,Cytoplasmic,,Uncharacterized protein Rv0049,,,,,,,,Reference proteome
g0051,887065,Rv0050,P71707,CDS,Plasma Membrane,ponA1,Penicillin-binding protein A1,,,,,,In the N-terminal section; belongs to the glycosyltransferase 51 family; In the C-terminal section; belongs to the transpeptidase family,Cell wall biogenesis; peptidoglycan biosynthesis,3D-structure;Carboxypeptidase;Cell membrane;Cell shape;Cell wall biogenesis/degradation;Direct protein sequencing;Glycosyltransferase;Hydrolase;Membrane;Multifunctional enzyme;Peptidoglycan synthesis;Protease;Reference proteome;Transferase;Transmembrane;Transmembrane helix
g0052,887018,Rv0051,P71708,CDS,Plasma Membrane,,transmembrane protein,,,,,,glycosyltransferase 87 family,,Cell membrane;Membrane;Reference proteome;Transferase;Transmembrane;Transmembrane helix
g0053,887015,Rv0052,I6Y6S3,CDS,Cytoplasmic,,hypothetical protein,,,,,,,,Reference proteome
g0054,887020,Rv0053,P9WH31,CDS,Cytoplasmic,rpsF,Small ribosomal subunit protein bS6,genetic information processing,Ribosome,Genetic Information Processing,Translation,Ribosome,bacterial ribosomal protein bS6 family,,3D-structure;Reference proteome;Ribonucleoprotein;Ribosomal protein;RNA-binding;rRNA-binding
g0055,887013,Rv0054,P9WGD5,CDS,Cytoplasmic,ssb,Single-stranded DNA-binding protein,genetic information processing,DNA replication proteins; DNA repair and recombination proteins; Mitochondrial biogenesis,Genetic Information Processing,Replication and repair,DNA replication; Mismatch repair; Homologous recombination,,,3D-structure;DNA-binding;Reference proteome
g0056,887022,Rv0055,P9WH49,CDS,Extracellular,rpsR1,Small ribosomal subunit protein bS18A,genetic information processing,Ribosome,Genetic Information Processing,Translation,Ribosome,bacterial ribosomal protein bS18 family,,3D-structure;Metal-binding;Reference proteome;Ribonucleoprotein;Ribosomal protein;RNA-binding;rRNA-binding;Zinc
g0057,887010,Rv0056,P9WH79,CDS,Cytoplasmic,rplI,Large ribosomal subunit protein bL9,genetic information processing,Ribosome,Genetic Information Processing,Translation,Ribosome,bacterial ribosomal protein bL9 family,,3D-structure;Reference proteome;Ribonucleoprotein;Ribosomal protein;RNA-binding;rRNA-binding
g0058,887008,Rv0057,P9WM77,CDS,Extracellular,,Uncharacterized protein Rv0057,,,,,,,,Reference proteome;Signal
g0059,887009,Rv0058,P9WMR3,CDS,Cytoplasmic,dnaB,Replicative DNA helicase DnaB,genetic information processing,DNA replication proteins,Genetic Information Processing,Replication and repair,DNA replication,helicase family. DnaB subfamily,,3D-structure;ATP-binding;Autocatalytic cleavage;DNA replication;DNA-binding;Endonuclease;Helicase;Hydrolase;Intron homing;Isomerase;Nuclease;Nucleotide-binding;Primosome;Protein splicing;Reference proteome;Repeat
g0060,887006,Rv0059,O53604,CDS,Extracellular,darT,DNA ADP-ribosyl transferase,,,,,,DarT ADP-ribosyltransferase family,,3D-structure;DNA-binding;Glycosyltransferase;Nucleotidyltransferase;Reference proteome;Toxin-antitoxin system;Transferase
g0061,887004,Rv0060,O53605,CDS,Cytoplasmic,darG,DNA ADP-ribosyl glycohydrolase,,,,,,DarG ADP-ribosyl glycohydrolase family,,3D-structure;Hydrolase;Reference proteome;Toxin-antitoxin system
g0062,14515843,Rv0061c,I6X8E6,CDS,Extracellular,,Secreted protein,,,,,,,,Reference proteome;Signal
g0063,887007,Rv0062,Q79G13,CDS,Extracellular,celA1,Glucanase,,,Metabolism; Environmental Information Processing,Carbohydrate metabolism; Signal transduction,Starch and sucrose metabolism; Two-component system,glycosyl hydrolase family 6,,3D-structure;Carbohydrate metabolism;Cellulose degradation;Glycosidase;Hydrolase;Membrane;Polysaccharide degradation;Reference proteome;Transmembrane;Transmembrane helix
g0064,886999,Rv0063,O53608,CDS,Extracellular,,oxidoreductase,,,,,,oxygen-dependent FAD-linked oxidoreductase family,,FAD;Flavoprotein;Oxidoreductase;Reference proteome
g0065,19394667,Rv0063a,,CDS,,,hypothetical protein,,,,,,,,
g0066,886996,Rv0064,P9WFL5,CDS,Plasma Membrane,,UPF0182 protein Rv0064,,,,,,UPF0182 family,,Cell membrane;Membrane;Reference proteome;Transmembrane;Transmembrane helix
g0067,14515844,Rv0064A,P0CW29,CDS,Cytoplasmic,vapB1,Putative antitoxin VapB1,signaling and cellular processes,Prokaryotic defense system,,,,,,Reference proteome;Toxin-antitoxin system
g0068,886993,Rv0065,P9WFC1,CDS,Cytoplasmic,vapC1,Ribonuclease VapC1,signaling and cellular processes,Prokaryotic defense system,,,,PINc/VapC protein family,,Hydrolase;Magnesium;Metal-binding;Nuclease;Reference proteome;Toxin-antitoxin system
g0069,887016,Rv0066c,O53611,CDS,Cytoplasmic,icd-2,Isocitrate dehydrogenase [NADP] 2,,,Metabolism; Cellular Processes,Carbohydrate metabolism; Energy metabolism; Metabolism of other amino acids; Transport and catabolism,Citrate cycle (TCA cycle); Other carbon fixation pathways; Glutathione metabolism; Peroxisome,monomeric-type IDH family,,3D-structure;Glyoxylate bypass;Magnesium;Metal-binding;NADP;Oxidoreductase;Reference proteome;Tricarboxylic acid cycle
g0070,886991,Rv0067c,O53612,CDS,Cytoplasmic,,transcriptional regulator,,,,,,,,DNA-binding;Reference proteome;Transcription;Transcription regulation
g0071,886989,Rv0068,O53613,CDS,Cytoplasmic,,oxidoreductase,,,,,,short-chain dehydrogenases/reductases (SDR) family,,Oxidoreductase;Reference proteome
g0072,886986,Rv0069c,P9WGT5,CDS,Cytoplasmic,sdaA,L-serine dehydratase,,,Metabolism,Amino acid metabolism,"Glycine, serine and threonine metabolism; Cysteine and methionine metabolism",iron-sulfur dependent L-serine dehydratase family,Carbohydrate biosynthesis; gluconeogenesis,4Fe-4S;Gluconeogenesis;Iron;Iron-sulfur;Lyase;Metal-binding;Reference proteome
g0073,886983,Rv0070c,P9WGI7,CDS,Cytoplasmic,glyA2,Serine hydroxymethyltransferase 2,,,Metabolism; Organismal Systems,Carbohydrate metabolism; Energy metabolism; Amino acid metabolism; Metabolism of other amino acids; Metabolism of cofactors and vitamins; Digestive system,"Glyoxylate and dicarboxylate metabolism; Methane metabolism; Glycine, serine and threonine metabolism; Cyanoamino acid metabolism; One carbon pool by folate; Folate transport and metabolism",SHMT family,One-carbon metabolism; tetrahydrofolate interconversion; Amino-acid biosynthesis; glycine biosynthesis; glycine from L-serine,Amino-acid biosynthesis;Cytoplasm;One-carbon metabolism;Pyridoxal phosphate;Reference proteome;Transferase
g0074,886988,Rv0071,O53616,CDS,Cytoplasmic,,maturase,,,,,,,,Reference proteome
g0075,886984,Rv0072,P9WG17,CDS,Plasma Membrane,,Uncharacterized ABC transporter permease Rv0072,signaling and cellular processes,Transporters,,,,ABC-4 integral membrane protein family,,Cell membrane;Membrane;Reference proteome;Transmembrane;Transmembrane helix;Transport
g0076,886977,Rv0073,P9WQK5,CDS,Plasma Membrane,,Uncharacterized ABC transporter ATP-binding protein Rv0073,signaling and cellular processes,Transporters,,,,ABC transporter superfamily,,ATP-binding;Isopeptide bond;Nucleotide-binding;Reference proteome;Transport;Ubl conjugation
g0077,886976,Rv0074,O53619,CDS,Cytoplasmic,,hypothetical protein,,,,,,,,Reference proteome
g0078,886982,Rv0075,O53620,CDS,Cytoplasmic,,cysteine-S-conjugate beta-lyase,metabolism,Amino acid related enzymes,Metabolism,Amino acid metabolism; Metabolism of other amino acids,Cysteine and methionine metabolism; Selenocompound metabolism,class-II pyridoxal-phosphate-dependent aminotransferase family. MalY/PatB cystathionine beta-lyase subfamily,,Aminotransferase;Lyase;Pyridoxal phosphate;Reference proteome;Transferase
g0079,886992,Rv0076c,O53621,CDS,Plasma Membrane,,membrane protein,,,,,,,,Membrane;Reference proteome;Transmembrane;Transmembrane helix
g0080,886969,Rv0077c,O53622,CDS,Cytoplasmic,,oxidoreductase,,,,,,,,Reference proteome
g0081,886990,Rv0078,O53623,CDS,Cytoplasmic,,transcriptional regulator,,,,,,,,3D-structure;DNA-binding;Reference proteome;Transcription;Transcription regulation
g0082,3205053,Rv0078A,L7N686,CDS,Cytoplasmic,,Nucleotidyl transferase AbiEii/AbiGii toxin family protein,,,,,,,,3D-structure;Reference proteome
g0083,14515845,Rv0078B,I6X8G2,CDS,Cytoplasmic,,hypothetical protein,,,,,,,,3D-structure;Reference proteome
g0084,886995,Rv0079,P9WMA9,CDS,Cytoplasmic,,Dormancy associated translation inhibitor,,,,,,,,Reference proteome;Virulence
g0085,886966,Rv0080,P9WMA5,CDS,Cytoplasmic,,Uncharacterized protein Rv0080,,,,,,,,Reference proteome
g0086,887012,Rv0081,P9WMI7,CDS,Cytoplasmic,,Uncharacterized HTH-type transcriptional regulator Rv0081,,,,,,,,3D-structure;DNA-binding;Reference proteome;Transcription;Transcription regulation
g0087,886968,Rv0082,I6XUD2,CDS,Cytoplasmic,,oxidoreductase,,,,,,complex I 20 kDa subunit family,,4Fe-4S;Iron;Iron-sulfur;Metal-binding;Reference proteome
g0088,886965,Rv0083,P9WIW3,CDS,Plasma Membrane,,Uncharacterized protein Rv0083,,,,,,complex I subunit 4 family,,Cell membrane;Membrane;Oxidoreductase;Reference proteome;Transmembrane;Transmembrane helix
g0089,886959,Rv0084,Q10881,CDS,Plasma Membrane,hycD,formate hydrogenlyase HycD,,,,,,,,Membrane;Reference proteome;Transmembrane;Transmembrane helix
g0090,886973,Rv0085,P9WM75,CDS,Plasma Membrane,hycP,Uncharacterized protein Rv0085,,,,,,,,Cell membrane;Membrane;Reference proteome;Transmembrane;Transmembrane helix
g0091,886963,Rv0086,Q10883,CDS,Plasma Membrane,hycQ,hydrogenase HycQ,,,,,,,,Cell membrane;Membrane;Oxidoreductase;Reference proteome;Transmembrane;Transmembrane helix
g0092,886956,Rv0087,Q10884,CDS,Cytoplasmic,hycE,formate hydrogenase HycE,,,,,,complex I 49 kDa subunit family,,4Fe-4S;Iron;Iron-sulfur;Magnesium;Metal-binding;NAD;Oxidoreductase;Reference proteome;Transport
g0093,886954,Rv0088,P9WM73,CDS,Cytoplasmic,,Uncharacterized protein Rv0088,,,,,,,,Reference proteome
g0094,886949,Rv0089,P9WK03,CDS,Plasma Membrane,,Uncharacterized methyltransferase Rv0089,,,,,,methyltransferase superfamily,,Methyltransferase;Reference proteome;Transferase
g0095,886961,Rv0090,P9WM71,CDS,Plasma Membrane,,Uncharacterized protein Rv0090,,,,,,,,Cell membrane;Membrane;Reference proteome;Transmembrane;Transmembrane helix
g0096,886953,Rv0091,P9WJM3,CDS,Cytoplasmic,mtnN,5'-methylthioadenosine/S-adenosylhomocysteine nucleosidase,,,Metabolism,Amino acid metabolism,Cysteine and methionine metabolism,PNP/UDP phosphorylase family. MtnN subfamily,Amino-acid biosynthesis; L-methionine biosynthesis via salvage pathway; S-methyl-5-thio-alpha-D-ribose 1-phosphate from S-methyl-5'-thioadenosine (hydrolase route),Amino-acid biosynthesis;Hydrolase;Methionine biosynthesis;Reference proteome
g0097,886946,Rv0092,P9WPU1,CDS,Plasma Membrane,ctpA,Copper-exporting P-type ATPase,,,,,,cation transport ATPase (P-type) (TC 3.A.3) family. Type IB subfamily,,Acetylation;ATP-binding;Cell membrane;Copper;Copper transport;Ion transport;Membrane;Metal-binding;Nucleotide-binding;Reference proteome;Translocase;Transmembrane;Transmembrane helix;Transport
g0098,886945,Rv0093c,P9WM69,CDS,Plasma Membrane,,Uncharacterized protein Rv0093c,,,,,,,,Cell membrane;Membrane;Reference proteome;Transmembrane;Transmembrane helix
g0099,886943,Rv0094c,Q50655,CDS,Cytoplasmic,,HNH nuclease domain-containing protein,,,,,,,,Reference proteome
g0100,886940,Rv0095c,Q10891,CDS,Cytoplasmic,,Putative uncharacterized protein Rv0095c,,,,,,Rv1128c/1148c/1588c/1702c/1945/3466 family,,Reference proteome
g0101,886938,Rv0096,P9WI49,CDS,Extracellular,PPE1,Uncharacterized PPE family protein PPE1,,,,,,mycobacterial PPE family,,Cell membrane;Membrane;Reference proteome;Transmembrane;Transmembrane helix
g0102,886942,Rv0097,P9WG83,CDS,Cytoplasmic,,(3R)-3-[(carboxymethyl)amino]fatty acid oxygenase/decarboxylase,,,,,,TfdA dioxygenase family,,3D-structure;Dioxygenase;Iron;Metal-binding;Oxidoreductase;Reference proteome
g0103,886935,Rv0098,P9WM67,CDS,Cytoplasmic,fcoT,(2E)-enoyl-[ACP] glycyltransferase,metabolism,Polyketide biosynthesis proteins,,,,FcoT family,,3D-structure;Fatty acid metabolism;Hydrolase;Lipid metabolism;Lyase;Reference proteome
g0104,886933,Rv0099,P9WQ55,CDS,Cytoplasmic,fadD10,Medium/long-chain-fatty-acid--[acyl-carrier-protein] ligase FadD10,metabolism,Lipid biosynthesis proteins; Polyketide biosynthesis proteins,,,,ATP-dependent AMP-binding enzyme family,Lipid metabolism; fatty acid metabolism,3D-structure;ATP-binding;Cytoplasm;Fatty acid metabolism;Ligase;Lipid metabolism;Magnesium;Metal-binding;Nucleotide-binding;Reference proteome
g0105,886931,Rv0100,P9WM65,CDS,Cytoplasmic,,Acyl carrier protein Rv0100,metabolism,Polyketide biosynthesis proteins,,,,acyl carrier protein (ACP) family,Lipid metabolism; fatty acid metabolism,Fatty acid metabolism;Lipid metabolism;Phosphopantetheine;Phosphoprotein;Reference proteome
g0106,886951,Rv0101,Q10896,CDS,Cytoplasmic,nrp,Isonitrile lipopeptide synthase,metabolism,Polyketide biosynthesis proteins,,,,ATP-dependent AMP-binding enzyme family,,3D-structure;ATP-binding;Ligase;Nucleotide-binding;Phosphopantetheine;Phosphoprotein;Reference proteome;Transferase
g0107,886926,Rv0102,P9WM63,CDS,Plasma Membrane,,Uncharacterized protein Rv0102,,,,,,To M.leprae ML1998,,Cell membrane;Membrane;Reference proteome;Transmembrane;Transmembrane helix
g0108,886928,Rv0103c,P9WPT9,CDS,Plasma Membrane,ctpB,Cation-transporting P-type ATPase B,,,,,,cation transport ATPase (P-type) (TC 3.A.3) family. Type IB subfamily,,ATP-binding;Cell membrane;Magnesium;Membrane;Metal-binding;Nucleotide-binding;Reference proteome;Translocase;Transmembrane;Transmembrane helix
g0109,886923,Rv0104,P9WM61,CDS,Cytoplasmic,,Uncharacterized protein Rv0104,,,,,,,,Cell membrane;Membrane;Reference proteome;Transmembrane;Transmembrane helix
g0110,886920,Rv0105c,P9WHB1,CDS,Cytoplasmic,rpmB1,Large ribosomal subunit protein bL28A,genetic information processing,Ribosome,Genetic Information Processing,Translation,Ribosome,bacterial ribosomal protein bL28 family,,Reference proteome;Ribonucleoprotein;Ribosomal protein
g0111,886919,Rv0106,P9WPI5,CDS,Cytoplasmic,,Zinc chaperone Rv0106,,,,,,SIMIBI class G3E GTPase family. ZNG1 subfamily,,Chaperone;GTP-binding;Hydrolase;Nucleotide-binding;Reference proteome
g0112,886915,Rv0107c,P9WPS5,CDS,Plasma Membrane,ctpI,Probable cation-transporting ATPase I,,,,,,cation transport ATPase (P-type) (TC 3.A.3) family,,ATP-binding;Cell membrane;Magnesium;Membrane;Metal-binding;Nucleotide-binding;Reference proteome;Translocase;Transmembrane;Transmembrane helix
g0113,886918,Rv0108c,O53630,CDS,Cytoplasmic,,hypothetical protein,,,,,,,,Reference proteome
g0114,886912,Rv0109,L0T2H7,CDS,Extracellular,PE_PGRS1,PE-PGRS family protein PE_PGRS1,,,,,,mycobacterial PE family. PGRS subfamily,,Cell wall;Host mitochondrion;Reference proteome;Secreted;Virulence
g0115,886917,Rv0110,O53632,CDS,Plasma Membrane,,integral membrane protein,,,,,,peptidase S54 family,,Hydrolase;Membrane;Reference proteome;Transmembrane;Transmembrane helix
g0116,886909,Rv0111,O53633,CDS,Plasma Membrane,,acyltransferase,,,,,,,,Acyltransferase;Cell membrane;Membrane;Reference proteome;Transferase;Transmembrane;Transmembrane helix
g0117,886907,Rv0112,O53634,CDS,Cytoplasmic,gca,"GDP-mannose 4,6-dehydratase",,,Metabolism,Carbohydrate metabolism; Glycan biosynthesis and metabolism,Fructose and mannose metabolism; Biosynthesis of various nucleotide sugars,,,Reference proteome
g0118,886905,Rv0113,P9WGG1,CDS,Cytoplasmic,gmhA,Phosphoheptose isomerase,metabolism,Lipopolysaccharide biosynthesis proteins,Metabolism,Glycan biosynthesis and metabolism,Biosynthesis of various nucleotide sugars,SIS family. GmhA subfamily,Carbohydrate biosynthesis; D-glycero-D-manno-heptose 7-phosphate biosynthesis; D-glycero-alpha-D-manno-heptose 7-phosphate and D-glycero-beta-D-manno-heptose 7-phosphate from sedoheptulose 7-phosphate; Lipopolysaccharide biosynthesis; LPS oligosaccharide biosynthesis,Carbohydrate metabolism;Cytoplasm;Isomerase;Metal-binding;Reference proteome;Zinc
g0119,886903,Rv0114,P9WMV3,CDS,Cytoplasmic,gmhB,"D-glycero-alpha-D-manno-heptose-1,7-bisphosphate 7-phosphatase",metabolism,Lipopolysaccharide biosynthesis proteins,Metabolism,Glycan biosynthesis and metabolism,Biosynthesis of various nucleotide sugars,GmhB family,Nucleotide-sugar biosynthesis; GDP-D-glycero-alpha-D-manno-heptose biosynthesis; GDP-D-glycero-alpha-D-manno-heptose from D-glycero-alpha-D-manno-heptose 7-phosphate,Carbohydrate metabolism;Cytoplasm;Hydrolase;Magnesium;Metal-binding;Reference proteome;Zinc
g0120,886902,Rv0115,O53637,CDS,Cytoplasmic,hddA,D-glycero-alpha-D-manno-heptose 7-phosphate kinase,,,Metabolism,Glycan biosynthesis and metabolism,Biosynthesis of various nucleotide sugars,GHMP kinase family,Nucleotide-sugar biosynthesis; GDP-D-glycero-alpha-D-manno-heptose biosynthesis; GDP-D-glycero-alpha-D-manno-heptose from D-glycero-alpha-D-manno-heptose 7-phosphate; Lipopolysaccharide biosynthesis; LPS oligosaccharide biosynthesis,ATP-binding;Carbohydrate metabolism;Kinase;Lipopolysaccharide biosynthesis;Magnesium;Metal-binding;Nucleotide-binding;Reference proteome;Transferase
g0121,19394668,Rv0115a,,CDS,,,hypothetical protein,,,,,,,,
g0122,886900,Rv0116c,O53638,CDS,Extracellular,ldtA,"L,D-transpeptidase 1",,,,,,,Cell wall biogenesis; peptidoglycan biosynthesis,3D-structure;Acyltransferase;Cell shape;Cell wall biogenesis/degradation;Peptidoglycan synthesis;Periplasm;Reference proteome;Signal;Transferase
g0123,886914,Rv0117,L7N677,CDS,Cytoplasmic,oxyS,Probable hydrogen peroxide-inducible genes activator,,,,,,LysR transcriptional regulatory family,,DNA-binding;Reference proteome;Transcription;Transcription regulation
g0124,886898,Rv0118c,O53639,CDS,Cytoplasmic,oxcA,oxalyl-CoA decarboxylase OxcA,,,Metabolism,Carbohydrate metabolism,Glyoxylate and dicarboxylate metabolism,TPP enzyme family,,Lyase;Magnesium;Metal-binding;Reference proteome;Thiamine pyrophosphate
g0125,886896,Rv0119,O07169,CDS,Cytoplasmic,fadD7,fatty-acid--CoA ligase FadD7,,,,,,ATP-dependent AMP-binding enzyme family,,ATP-binding;Ligase;Nucleotide-binding;Reference proteome
g0126,886894,Rv0120c,P9WNM9,CDS,Cytoplasmic,fusA2,Elongation factor G-like protein,genetic information processing,Translation factors; Mitochondrial biogenesis,,,,TRAFAC class translation factor GTPase superfamily. Classic translation factor GTPase family. EF-G/EF-2 subfamily,,GTP-binding;Nucleotide-binding;Reference proteome
g0127,886892,Rv0121c,O07171,CDS,Cytoplasmic,,hypothetical protein,,,,,,,,Oxidoreductase;Reference proteome
g0128,886888,Rv0122,O07172,CDS,Cytoplasmic,,hypothetical protein,,,,,,,,Reference proteome
g0129,886887,Rv0123,O07173,CDS,Cytoplasmic,,hypothetical protein,,,,,,,,Reference proteome
g0130,886883,Rv0124,Q79G08,CDS,Extracellular,PE_PGRS2,PE-PGRS family protein PE_PGRS2,,,,,,,,Reference proteome
g0131,886924,Rv0125,O07175,CDS,Plasma Membrane,pepA,serine protease PepA,,,,,,peptidase S1C family,,Hydrolase;Protease;Reference proteome;Signal
g0132,886881,Rv0126,P9WQ19,CDS,Cytoplasmic,treS,Trehalose synthase/amylase TreS,,,Metabolism,Carbohydrate metabolism,Starch and sucrose metabolism,glycosyl hydrolase 13 family. TreS subfamily,Glycan biosynthesis; glycogen biosynthesis; Capsule biogenesis; capsule polysaccharide biosynthesis,3D-structure;Calcium;Capsule biogenesis/degradation;Carbohydrate metabolism;Glycogen biosynthesis;Glycogen metabolism;Glycosidase;Hydrolase;Isomerase;Metal-binding;Polysaccharide degradation;Reference proteome
g0133,886880,Rv0127,O07177,CDS,Cytoplasmic,mak,Maltokinase,,,Metabolism,Carbohydrate metabolism,Starch and sucrose metabolism,aminoglycoside phosphotransferase family,Glycan biosynthesis; glycogen biosynthesis,3D-structure;ATP-binding;Carbohydrate metabolism;Glycogen biosynthesis;Glycogen metabolism;Kinase;Nucleotide-binding;Reference proteome;Transferase
g0134,886878,Rv0128,P96805,CDS,Plasma Membrane,,transmembrane protein,,,,,,,,Membrane;Reference proteome;Transmembrane;Transmembrane helix
g0135,886885,Rv0129c,P9WQN9,CDS,Extracellular,fbpC,Diacylglycerol acyltransferase/mycolyltransferase Ag85C,,,Metabolism,Lipid metabolism; Glycan biosynthesis and metabolism,Mycolic acid biosynthesis; Glycerolipid metabolism; Arabinogalactan biosynthesis - Mycobacterium,mycobacterial A85 antigen family,,3D-structure;Acyltransferase;Direct protein sequencing;Reference proteome;Secreted;Signal;Transferase
g0136,886876,Rv0130,P9WNP3,CDS,Cytoplasmic,htdZ,3-hydroxyacyl-thioester dehydratase Z,,,Metabolism,Xenobiotics biodegradation and metabolism,Steroid degradation,enoyl-CoA hydratase/isomerase family,,3D-structure;Fatty acid metabolism;Lipid metabolism;Lyase;Reference proteome
g0137,886874,Rv0131c,P96808,CDS,Cytoplasmic,fadE1,acyl-CoA dehydrogenase FadE1,,,Metabolism,Lipid metabolism; Amino acid metabolism,"Fatty acid degradation; Valine, leucine and isoleucine degradation",acyl-CoA dehydrogenase family,,FAD;Flavoprotein;Oxidoreductase;Reference proteome
g0138,886877,Rv0132c,P96809,CDS,Plasma Membrane,fgd2,F420-dependent hydroxymycolic acid dehydrogenase,,,Metabolism,Lipid metabolism,Mycolic acid biosynthesis,F420-dependent hydroxymycolic acid dehydrogenase family,Lipid metabolism; mycolic acid biosynthesis,3D-structure;Lipid biosynthesis;Lipid metabolism;Oxidoreductase;Reference proteome;Signal
g0139,886873,Rv0133,P96810,CDS,Cytoplasmic,,GCN5-like N-acetyltransferase,,,,,,,,Reference proteome
g0140,886871,Rv0134,P96811,CDS,Cytoplasmic,ephF,epoxide hydrolase EphF,,,,,,,,Hydrolase;Reference proteome
g0141,886869,Rv0135c,P96812,CDS,Cytoplasmic,,transcriptional regulator,,,,,,,,DNA-binding;Reference proteome
g0142,886868,Rv0136,P9WPM3,CDS,Plasma Membrane,cyp138,Putative cytochrome P450 138,metabolism,Cytochrome P450,,,,cytochrome P450 family,,Heme;Iron;Metal-binding;Monooxygenase;Oxidoreductase;Reference proteome
g0143,886865,Rv0137c,P9WJM5,CDS,Cytoplasmic,msrA,Peptide methionine sulfoxide reductase MsrA,,,,,,MsrA Met sulfoxide reductase family,,3D-structure;Oxidoreductase;Reference proteome
g0144,886863,Rv0138,P96815,CDS,Cytoplasmic,,SnoaL-like domain-containing protein,,,,,,,,Reference proteome
g0145,886860,Rv0139,P96816,CDS,Cytoplasmic,,oxidoreductase,,,,,,,,Reference proteome
g0146,886859,Rv0140,P96817,CDS,Cytoplasmic,,hypothetical protein,,,,,,,,Reference proteome
g0147,886872,Rv0141c,P96818,CDS,Cytoplasmic,,SnoaL-like domain-containing protein,,,,,,,,Reference proteome
g0148,886858,Rv0142,P96819,CDS,Cytoplasmic,,DNA-3-methyladenine glycosylase II,,,,,,,,DNA damage;DNA repair;Reference proteome
g0149,886856,Rv0143c,P96820,CDS,Plasma Membrane,,transmembrane protein,signaling and cellular processes,Transporters,,,,,,Chloride;Chloride channel;Ion channel;Ion transport;Membrane;Reference proteome;Transmembrane;Transmembrane helix;Transport
g0150,886854,Rv0144,P96821,CDS,Cytoplasmic,,transcriptional regulator,,,,,,,,DNA-binding;Reference proteome;Transcription;Transcription regulation
g0151,886851,Rv0145,P9WFJ1,CDS,Cytoplasmic,,Putative S-adenosyl-L-methionine-dependent methyltransferase Rv0145,,,,,,UPF0677 family,,Methyltransferase;Reference proteome;S-adenosyl-L-methionine;Transferase
g0152,886849,Rv0146,P9WFJ3,CDS,Cytoplasmic,,Putative S-adenosyl-L-methionine-dependent methyltransferase Rv0146,,,,,,UPF0677 family,,Methyltransferase;Reference proteome;S-adenosyl-L-methionine;Transferase
g0153,886847,Rv0147,P96824,CDS,Cytoplasmic,,Aldehyde dehydrogenase,,,Metabolism,Carbohydrate metabolism; Lipid metabolism; Amino acid metabolism; Metabolism of other amino acids; Metabolism of cofactors and vitamins; Metabolism of terpenoids and polyketides; Xenobiotics biodegradation and metabolism,"Glycolysis / Gluconeogenesis; Ascorbate and aldarate metabolism; Pyruvate metabolism; Fatty acid degradation; Glycerolipid metabolism; Valine, leucine and isoleucine degradation; Lysine degradation; Arginine and proline metabolism; Histidine metabolism; Tryptophan metabolism; beta-Alanine metabolism; Pantothenate and CoA biosynthesis; Limonene degradation; Chloroalkane and chloroalkene degradation",aldehyde dehydrogenase family,,NAD;Oxidoreductase;Reference proteome
g0154,886845,Rv0148,P96825,CDS,Cytoplasmic,,Putative short-chain type dehydrogenase/reductase Rv0148,,,,,,short-chain dehydrogenases/reductases (SDR) family,,Isopeptide bond;Oxidoreductase;Reference proteome;Ubl conjugation
g0155,886843,Rv0149,P96826,CDS,Cytoplasmic,,quinone oxidoreductase,,,,,,,,Reference proteome
g0156,886840,Rv0150c,P96827,CDS,Extracellular,,PE family protein,,,,,,,,Reference proteome
g0157,886857,Rv0151c,Q79G06,CDS,Extracellular,PE1,PE family protein PE1,,,,,,,,Membrane;Reference proteome;Transmembrane;Transmembrane helix
g0158,886838,Rv0152c,Q79G05,CDS,Plasma Membrane,PE2,PE family protein PE2,,,,,,,,Reference proteome
g0159,886842,Rv0153c,I6WXK4,CDS,Cytoplasmic,ptpB,Triple specificity protein phosphatase PtpB,,,,,,protein-tyrosine phosphatase family,,3D-structure;Host cell membrane;Host cytoplasm;Host membrane;Hydrolase;Membrane;Protein phosphatase;Reference proteome;Secreted;Virulence
g0160,886836,Rv0154c,P96831,CDS,Cytoplasmic,fadE2,Probable acyl-CoA dehydrogenase FadE2,,,Metabolism,Lipid metabolism; Amino acid metabolism,"Fatty acid degradation; Valine, leucine and isoleucine degradation",acyl-CoA dehydrogenase family,,Direct protein sequencing;FAD;Flavoprotein;Oxidoreductase;Reference proteome
g0161,886832,Rv0155,P96832,CDS,Cytoplasmic,pntAa,NAD(P) transhydrogenase subunit alpha part 1,,,Metabolism,Metabolism of cofactors and vitamins,Nicotinate and nicotinamide metabolism,,,NAD;NADP;Nucleotide-binding;Reference proteome;Translocase
g0162,886890,Rv0156,P96833,CDS,Plasma Membrane,pntAb,proton-translocating NAD(P)(+) transhydrogenase,,,Metabolism,Metabolism of cofactors and vitamins,Nicotinate and nicotinamide metabolism,,,Cell inner membrane;Cell membrane;Membrane;NAD;NADP;Reference proteome;Translocase;Transmembrane;Transmembrane helix
g0163,886830,Rv0157,P96834,CDS,Plasma Membrane,pntB,NAD(P) transhydrogenase subunit beta,,,Metabolism,Metabolism of cofactors and vitamins,Nicotinate and nicotinamide metabolism,PNT beta subunit family,,Cell inner membrane;Cell membrane;Membrane;NAD;NADP;Reference proteome;Translocase;Transmembrane;Transmembrane helix
g0164,3205086,Rv0157A,I6WXK8,CDS,Plasma Membrane,,hypothetical protein,,,,,,,,Reference proteome
g0165,886828,Rv0158,O53641,CDS,Cytoplasmic,,transcriptional regulator,,,,,,,,DNA-binding;Reference proteome;Repressor;Transcription;Transcription regulation
g0166,886826,Rv0159c,Q79G04,CDS,Plasma Membrane,PE3,PE family protein PE3,,,,,,mycobacterial PE family,,Cell wall;Reference proteome;Secreted;Virulence
g0167,886825,Rv0160c,L7N661,CDS,Extracellular,PE4,PE family protein PE4,,,,,,,,Reference proteome
g0168,886835,Rv0161,O07406,CDS,Cytoplasmic,,oxidoreductase,,,,,,FAD-binding oxidoreductase/transferase type 4 family,,FAD;Flavoprotein;Oxidoreductase;Reference proteome
g0169,886824,Rv0162c,L7N6B3,CDS,Cytoplasmic,adhE1,zinc-type alcohol dehydrogenase subunit E,,,,,,zinc-containing alcohol dehydrogenase family,,Metal-binding;Oxidoreductase;Reference proteome;Zinc
g0170,886821,Rv0163,O07408,CDS,Cytoplasmic,,hypothetical protein,,,,,,4-hydroxybenzoyl-CoA thioesterase family,,Hydrolase;Reference proteome
g0171,886267,Rv0164,L7N657,CDS,Cytoplasmic,TB18.5,hypothetical protein,,,,,,,,Reference proteome
g0172,886818,Rv0165c,Q79G00,CDS,Cytoplasmic,mce1R,transcriptional regulator Mce1R,,,,,,,,DNA-binding;Reference proteome;Transcription;Transcription regulation
g0173,886822,Rv0166,O07411,CDS,Cytoplasmic,fadD5,fatty-acid--CoA ligase FadD5,metabolism,Lipid biosynthesis proteins,,,,,,3D-structure;Ligase;Reference proteome
g0174,886816,Rv0167,O07412,CDS,Plasma Membrane,yrbE1A,membrane protein,signaling and cellular processes,Transporters,Environmental Information Processing,Membrane transport,ABC transporters,,,Membrane;Reference proteome;Transmembrane;Transmembrane helix
g0175,886812,Rv0168,L0T2Q9,CDS,Plasma Membrane,yrbE1B,membrane protein,signaling and cellular processes,Transporters,Environmental Information Processing,Membrane transport,ABC transporters,,,Membrane;Reference proteome;Transmembrane;Transmembrane helix
g0176,886823,Rv0169,Q79FZ9,CDS,Plasma Membrane,mce1A,Mce family protein Mce1A,signaling and cellular processes,Transporters,Environmental Information Processing,Membrane transport,ABC transporters,,,Membrane;Reference proteome;Transmembrane;Transmembrane helix
g0177,886810,Rv0170,O07414,CDS,Plasma Membrane,mce1B,Mce family protein Mce1B,signaling and cellular processes,Transporters,Environmental Information Processing,Membrane transport,ABC transporters,,,Membrane;Reference proteome;Transmembrane;Transmembrane helix
g0178,886808,Rv0171,O07415,CDS,Plasma Membrane,mce1C,Mce family protein Mce1C,signaling and cellular processes,Transporters,Environmental Information Processing,Membrane transport,ABC transporters,,,Reference proteome
g0179,886807,Rv0172,O07416,CDS,Plasma Membrane,mce1D,Mce family protein Mce1D,signaling and cellular processes,Transporters,Environmental Information Processing,Membrane transport,ABC transporters,,,Membrane;Reference proteome;Transmembrane;Transmembrane helix
g0180,886804,Rv0173,O07417,CDS,Plasma Membrane,lprK,Mce family lipoprotein LprK,signaling and cellular processes,Transporters,Environmental Information Processing,Membrane transport,ABC transporters,,,Lipoprotein;Reference proteome
g0181,886820,Rv0174,L0T2W6,CDS,Plasma Membrane,mce1F,Mce family protein Mce1F,signaling and cellular processes,Transporters,Environmental Information Processing,Membrane transport,ABC transporters,,,Membrane;Reference proteome;Transmembrane;Transmembrane helix
g0182,886801,Rv0175,O07419,CDS,Plasma Membrane,,Mce associated membrane protein,signaling and cellular processes,Transporters,,,,,,Membrane;Reference proteome;Transmembrane;Transmembrane helix
g0183,886799,Rv0176,O07420,CDS,Plasma Membrane,,Mce associated transmembrane protein,signaling and cellular processes,Transporters,,,,,,Cell membrane;Membrane;Reference proteome;Transmembrane;Transmembrane helix
g0184,886795,Rv0177,O07421,CDS,Plasma Membrane,,Mce associated protein,signaling and cellular processes,Transporters,,,,,,Membrane;Reference proteome;Transmembrane;Transmembrane helix
g0185,886814,Rv0178,O07422,CDS,Plasma Membrane,,Mce associated membrane protein,signaling and cellular processes,Transporters,,,,,,Membrane;Reference proteome;Transmembrane;Transmembrane helix
g0186,886796,Rv0179c,O07423,CDS,Extracellular,lprO,lipoprotein LprO,,,,,,,,Lipoprotein;Reference proteome;Signal
g0187,886792,Rv0180c,O07424,CDS,Plasma Membrane,,transmembrane protein,,,,,,ABC-2 integral membrane protein family,,Cell membrane;Membrane;Reference proteome;Transmembrane;Transmembrane helix
g0188,886788,Rv0181c,P9WI85,CDS,Cytoplasmic,,"Putative quercetin 2,3-dioxygenase Rv0181c",,,,,,pirin family,Flavonoid metabolism; quercetin degradation,Dioxygenase;Metal-binding;Oxidoreductase;Reference proteome
g0189,886786,Rv0182c,P9WGG5,CDS,Cytoplasmic,sigG,ECF RNA polymerase sigma factor SigG,genetic information processing,Transcription machinery,,,,sigma-70 factor family. ECF subfamily,,DNA-binding;Reference proteome;Sigma factor;Transcription;Transcription regulation
g0190,886785,Rv0183,O07427,CDS,Cytoplasmic,,Monoacylglycerol lipase,metabolism,Peptidases and inhibitors,Metabolism,Lipid metabolism,Glycerolipid metabolism,AB hydrolase superfamily,,3D-structure;Cell wall;Hydrolase;Lipid degradation;Lipid metabolism;Pharmaceutical;Reference proteome;Secreted;Virulence
g0191,886806,Rv0184,O07428,CDS,Extracellular,,hypothetical protein,,,,,,,,Reference proteome
g0192,886782,Rv0185,O07429,CDS,Cytoplasmic,,TIGR04338 family metallohydrolase,,,,,,,,Reference proteome
g0193,886780,Rv0186,O07430,CDS,Extracellular,bglS,beta-glucosidase BglS,,,Metabolism,Carbohydrate metabolism; Metabolism of other amino acids; Biosynthesis of other secondary metabolites,Starch and sucrose metabolism; Cyanoamino acid metabolism; Degradation of flavonoids; Biosynthesis of various plant secondary metabolites,glycosyl hydrolase 3 family,,Hydrolase;Reference proteome
g0194,14515880,Rv0186A,P9WK09,CDS,Cytoplasmic,mymT,Metallothionein,,,,,,metallothionein superfamily,,Copper;Metal-binding;Metal-thiolate cluster;Reference proteome
g0195,886779,Rv0187,O07431,CDS,Cytoplasmic,,Catechol O-methyltransferase,,,,,,class I-like SAM-binding methyltransferase superfamily. Cation-dependent O-methyltransferase family,,3D-structure;Metal-binding;Methyltransferase;Reference proteome;S-adenosyl-L-methionine;Transferase
g0196,886776,Rv0188,O07432,CDS,Plasma Membrane,,transmembrane protein,,,,,,,,Membrane;Reference proteome;Transmembrane;Transmembrane helix
g0197,886774,Rv0189c,P9WKJ5,CDS,Cytoplasmic,ilvD,Dihydroxy-acid dehydratase,,,Metabolism,Amino acid metabolism; Metabolism of cofactors and vitamins,"Valine, leucine and isoleucine biosynthesis; Pantothenate and CoA biosynthesis",IlvD/Edd family,Amino-acid biosynthesis; L-isoleucine biosynthesis; L-isoleucine from 2-oxobutanoate; Amino-acid biosynthesis; L-valine biosynthesis; L-valine from pyruvate,2Fe-2S;3D-structure;Acetylation;Amino-acid biosynthesis;Branched-chain amino acid biosynthesis;Iron;Iron-sulfur;Lyase;Magnesium;Metal-binding;Reference proteome
g0198,886772,Rv0190,O07434,CDS,Cytoplasmic,ricR,Copper-sensing transcriptional repressor RicR,genetic information processing,Transcription factors,,,,CsoR family,,Acetylation;Copper;Cytoplasm;DNA-binding;Metal-binding;Reference proteome;Repressor;Transcription;Transcription regulation
g0199,886770,Rv0191,P9WJX7,CDS,Plasma Membrane,,Chloramphenicol efflux pump Rv0191,,,,,,major facilitator superfamily,,Antibiotic resistance;Cell membrane;Membrane;Reference proteome;Transmembrane;Transmembrane helix;Transport
g0200,886768,Rv0192,O07436,CDS,Extracellular,,"L,D-transpeptidase 4",,,,,,,Cell wall biogenesis; peptidoglycan biosynthesis,Acyltransferase;Cell shape;Cell wall biogenesis/degradation;Peptidoglycan synthesis;Reference proteome;Transferase
g0201,,Rv0192A,Q79FZ8,CDS,Extracellular,,Conserved secreted protein,,,,,,,,Reference proteome;Signal
g0202,886764,Rv0193c,O07437,CDS,Cytoplasmic,,hypothetical protein,,,,,,,,Reference proteome
g0203,886790,Rv0194,O53645,CDS,Plasma Membrane,,Multidrug efflux ATP-binding/permease protein Rv0194,signaling and cellular processes,Transporters,Environmental Information Processing,Membrane transport,ABC transporters,ABC transporter superfamily. Lipid exporter (TC 3.A.1.106) family,,Antibiotic resistance;ATP-binding;Cell inner membrane;Cell membrane;Membrane;Nucleotide-binding;Reference proteome;Repeat;Translocase;Transmembrane;Transmembrane helix;Transport
g0204,886762,Rv0195,O53646,CDS,Cytoplasmic,,two component transcriptional regulator,,,,,,,,DNA-binding;Reference proteome;Transcription;Transcription regulation
g0205,886760,Rv0196,P9WME1,CDS,Cytoplasmic,,Uncharacterized HTH-type transcriptional regulator Rv0196,,,,,,,,DNA-binding;Reference proteome;Transcription;Transcription regulation
g0206,886758,Rv0197,L0T2Z1,CDS,Cytoplasmic,,oxidoreductase,,,,,,,,4Fe-4S;Iron;Iron-sulfur;Metal-binding;Oxidoreductase;Reference proteome
g0207,886755,Rv0198c,I6X8R2,CDS,Cytoplasmic,zmp1,zinc metalloprotease,metabolism,Peptidases and inhibitors,,,,peptidase M13 family,,3D-structure;Hydrolase;Metal-binding;Metalloprotease;Protease;Reference proteome;Zinc
g0208,886753,Rv0199,O53650,CDS,Plasma Membrane,,membrane protein,,,,,,,,Membrane;Reference proteome;Transmembrane;Transmembrane helix
g0209,886803,Rv0200,O53651,CDS,Plasma Membrane,,transmembrane protein,,,,,,,,Membrane;Reference proteome;Transmembrane;Transmembrane helix
g0210,886756,Rv0201c,O53652,CDS,Cytoplasmic,,hypothetical protein,,,,,,,,Reference proteome
g0211,886750,Rv0202c,P9WJT9,CDS,Plasma Membrane,mmpL11,Heme uptake protein MmpL11,signaling and cellular processes,Transporters,,,,resistance-nodulation-cell division (RND) (TC 2.A.6) family. MmpL subfamily,,3D-structure;Cell inner membrane;Cell membrane;Membrane;Reference proteome;Transmembrane;Transmembrane helix;Transport;Virulence
g0212,886748,Rv0203,I6X8R5,CDS,Extracellular,,Heme-binding protein Rv0203,,,,,,,,3D-structure;Disulfide bond;Heme;Iron;Metal-binding;Reference proteome;Secreted;Signal
g0213,886747,Rv0204c,I6Y748,CDS,Plasma Membrane,,transmembrane protein,signaling and cellular processes,Transporters,,,,,,Cell membrane;Membrane;Reference proteome;Transmembrane;Transmembrane helix
g0214,886766,Rv0205,P9WFM5,CDS,Plasma Membrane,,Putative transport protein Rv0205,signaling and cellular processes,Transporters,,,,autoinducer-2 exporter (AI-2E) (TC 2.A.86) family,,Cell membrane;Membrane;Reference proteome;Transmembrane;Transmembrane helix;Transport
g0215,886752,Rv0206c,P9WJV5,CDS,Plasma Membrane,mmpL3,Trehalose monomycolate exporter MmpL3,signaling and cellular processes,Transporters,,,,resistance-nodulation-cell division (RND) (TC 2.A.6) family. MmpL subfamily,,3D-structure;Cell inner membrane;Cell membrane;Cell wall biogenesis/degradation;Lipid transport;Membrane;Reference proteome;Transmembrane;Transmembrane helix;Transport
g0216,886742,Rv0207c,P96389,CDS,Cytoplasmic,,NYN domain-containing protein,,,,,,,,Reference proteome
g0217,886740,Rv0208c,P9WFY9,CDS,Cytoplasmic,trmB,tRNA (guanine-N(7)-)-methyltransferase,genetic information processing,Transfer RNA biogenesis,,,,class I-like SAM-binding methyltransferase superfamily. TrmB family,tRNA modification; N(7)-methylguanine-tRNA biosynthesis,Methyltransferase;Reference proteome;S-adenosyl-L-methionine;Transferase;tRNA processing
g0218,886739,Rv0209,P96391,CDS,Cytoplasmic,,hypothetical protein,,,,,,,,Reference proteome
g0219,886735,Rv0210,P96392,CDS,Plasma Membrane,,Transmembrane protein,,,,,,,,Membrane;Reference proteome;Transmembrane;Transmembrane helix
g0220,886744,Rv0211,P9WIH3,CDS,Cytoplasmic,pckG,Phosphoenolpyruvate carboxykinase [GTP],,,Metabolism,Carbohydrate metabolism,Glycolysis / Gluconeogenesis; Citrate cycle (TCA cycle); Pyruvate metabolism,phosphoenolpyruvate carboxykinase [GTP] family,Carbohydrate biosynthesis; gluconeogenesis,3D-structure;Acetylation;Cytoplasm;Decarboxylase;Gluconeogenesis;GTP-binding;Lyase;Manganese;Metal-binding;Nucleotide-binding;Reference proteome
g0221,886734,Rv0212c,P96394,CDS,Cytoplasmic,nadR,transcriptional regulator NadR,genetic information processing,Transcription factors,Metabolism,Metabolism of cofactors and vitamins,Nicotinate and nicotinamide metabolism,,,Nucleotide-binding;Reference proteome
g0222,886746,Rv0213c,P96395,CDS,Cytoplasmic,,methyltransferase,,,,,,,,Iron;Iron-sulfur;Metal-binding;Methyltransferase;Reference proteome;S-adenosyl-L-methionine;Transferase
g0223,886737,Rv0214,P96396,CDS,Cytoplasmic,fadD4,fatty-acid--CoA ligase FadD4,,,,,,,,Ligase;Reference proteome
g0224,,Rv0215c,P96397,CDS,Cytoplasmic,fadE3,Probable acyl-CoA dehydrogenase FadE3,,,,,,acyl-CoA dehydrogenase family,,FAD;Flavoprotein;Oxidoreductase;Reference proteome
g0225,886729,Rv0216,I6Y340,CDS,Cytoplasmic,,hydratase,,,,,,,,Reference proteome
g0226,886726,Rv0217c,P96399,CDS,Cytoplasmic,lipW,esterase LipW,,,,,,,,Hydrolase;Reference proteome
g0227,886727,Rv0218,P96400,CDS,Plasma Membrane,,transmembrane protein,,,,,,,,Membrane;Reference proteome;Transmembrane;Transmembrane helix
g0228,886725,Rv0219,P96401,CDS,Plasma Membrane,,transmembrane protein,,,,,,,,Membrane;Reference proteome;Transmembrane;Transmembrane helix
g0229,886722,Rv0220,P96402,CDS,Cell wall & surface,lipC,Esterase LipC,,,,,,'GDXG' lipolytic enzyme family,,Cell wall;Hydrolase;Reference proteome;Secreted
g0230,886719,Rv0221,P9WKB7,CDS,Cytoplasmic,,Putative diacyglycerol O-acyltransferase Rv0221,,,Metabolism,Lipid metabolism,"Cutin, suberine and wax biosynthesis; Glycerolipid metabolism",long-chain O-acyltransferase family,Glycerolipid metabolism; triacylglycerol biosynthesis,Acyltransferase;Glycerol metabolism;Lipid biosynthesis;Lipid metabolism;Reference proteome;Transferase
g0231,886723,Rv0222,P96404,CDS,Cytoplasmic,echA1,Enoyl-CoA hydratase EchA19,,,,,,enoyl-CoA hydratase/isomerase family,Steroid metabolism; cholesterol degradation,3D-structure;Cholesterol metabolism;Fatty acid metabolism;Lipid metabolism;Lyase;Reference proteome;Steroid metabolism;Sterol metabolism
g0232,886718,Rv0223c,I6X8S7,CDS,Cytoplasmic,,aldehyde dehydrogenase,,,Metabolism,Carbohydrate metabolism; Lipid metabolism; Amino acid metabolism; Metabolism of other amino acids; Metabolism of cofactors and vitamins; Metabolism of terpenoids and polyketides; Xenobiotics biodegradation and metabolism,"Glycolysis / Gluconeogenesis; Ascorbate and aldarate metabolism; Pyruvate metabolism; Fatty acid degradation; Glycerolipid metabolism; Valine, leucine and isoleucine degradation; Lysine degradation; Arginine and proline metabolism; Histidine metabolism; Tryptophan metabolism; beta-Alanine metabolism; Pantothenate and CoA biosynthesis; Limonene degradation; Chloroalkane and chloroalkene degradation",aldehyde dehydrogenase family,,Oxidoreductase;Reference proteome
g0233,886715,Rv0224c,P9WJZ9,CDS,Cytoplasmic,,Uncharacterized methyltransferase Rv0224c,,,,,,methyltransferase superfamily,,Methyltransferase;Reference proteome;Transferase
g0234,886713,Rv0225,P96407,CDS,Plasma Membrane,,hypothetical protein,,,,,,glycosyltransferase group 1 family. Glycosyltransferase 4 subfamily,,Glycosyltransferase;Reference proteome;Transferase
g0235,886711,Rv0226c,P96408,CDS,Plasma Membrane,,transmembrane protein,,,,,,,,Membrane;Reference proteome;Transmembrane;Transmembrane helix
g0236,886710,Rv0227c,P96409,CDS,Plasma Membrane,,membrane protein,,,,,,,,Membrane;Reference proteome;Transmembrane;Transmembrane helix
g0237,886708,Rv0228,P96410,CDS,Plasma Membrane,,acyltransferase,,,,,,,,Acyltransferase;Membrane;Reference proteome;Transferase;Transmembrane;Transmembrane helix
g0238,,Rv0229A,I6WXS6,CDS,Cytoplasmic,vapB51,Putative antitoxin VapB51,,,,,,,,Reference proteome;Toxin-antitoxin system
g0239,886724,Rv0229c,L0T5V6,CDS,Cytoplasmic,vapC51,Ribonuclease VapC51,signaling and cellular processes,Prokaryotic defense system,,,,PINc/VapC protein family,,Hydrolase;Magnesium;Metal-binding;Nuclease;Reference proteome;Toxin-antitoxin system
g0240,886705,Rv0230c,P9WHN9,CDS,Cytoplasmic,php,Phosphotriesterase homology protein,,,,,,metallo-dependent hydrolases superfamily. Phosphotriesterase family,,3D-structure;Hydrolase;Metal-binding;Reference proteome;Zinc
g0241,886703,Rv0231,P96414,CDS,Cytoplasmic,fadE4,acyl-CoA dehydrogenase FadE4,,,Metabolism,Lipid metabolism; Amino acid metabolism,"Fatty acid degradation; Valine, leucine and isoleucine degradation",acyl-CoA dehydrogenase family,,FAD;Flavoprotein;Reference proteome
g0242,886701,Rv0232,P96415,CDS,Cytoplasmic,,transcriptional regulator,,,,,,,,DNA-binding;Reference proteome
g0243,886699,Rv0233,P9WH69,CDS,Cytoplasmic,nrdB,R2-like ligand binding oxidase,genetic information processing,DNA repair and recombination proteins,Metabolism,Nucleotide metabolism,Purine metabolism; Pyrimidine metabolism,ribonucleoside diphosphate reductase small chain family. R2-like ligand binding oxidase subfamily,,3D-structure;Iron;Lipoprotein;Manganese;Metal-binding;Oxidoreductase;Reference proteome
g0244,886732,Rv0234c,P9WNX9,CDS,Cytoplasmic,gabD1,Succinate-semialdehyde dehydrogenase [NADP(+)] 1,,,Metabolism,Carbohydrate metabolism; Amino acid metabolism; Metabolism of cofactors and vitamins,"Butanoate metabolism; Alanine, aspartate and glutamate metabolism; Lysine degradation; Tyrosine metabolism; Nicotinate and nicotinamide metabolism",aldehyde dehydrogenase family,,NADP;Oxidoreductase;Reference proteome;Tricarboxylic acid cycle
g0245,886695,Rv0235c,P96418,CDS,Plasma Membrane,,transmembrane protein,,,,,,lipase maturation factor family,,Endoplasmic reticulum;Membrane;Reference proteome;Transmembrane;Transmembrane helix
g0246,3205106,Rv0236A,P9WLB1,CDS,Plasma Membrane,,Putative secreted protein Rv0236A,,,,,,,,Reference proteome;Signal
g0247,886707,Rv0236c,P96419,CDS,Plasma Membrane,aftD,Alpha-(1->3)-arabinofuranosyltransferase,metabolism,Glycosyltransferases,Metabolism,Glycan biosynthesis and metabolism,Lipoarabinomannan (LAM) biosynthesis; Arabinogalactan biosynthesis - Mycobacterium,,Cell wall biogenesis; cell wall polysaccharide biosynthesis,Membrane;Reference proteome;Signal;Transferase;Transmembrane;Transmembrane helix
g0248,886693,Rv0237,L7N6B0,CDS,Plasma Membrane,lpqI,Beta-hexosaminidase LpqI,,,Metabolism; Human Diseases,Glycan biosynthesis and metabolism; Drug resistance: antimicrobial,Amino sugar and nucleotide sugar metabolism; beta-Lactam resistance,glycosyl hydrolase 3 family,Cell wall biogenesis; peptidoglycan recycling,3D-structure;Cell inner membrane;Cell membrane;Cell wall biogenesis/degradation;Glycosidase;Hydrolase;Lipoprotein;Membrane;Palmitate;Reference proteome;Signal
g0249,886691,Rv0238,O53661,CDS,Cytoplasmic,,transcriptional regulator,,,,,,,,DNA-binding;Reference proteome;Transcription;Transcription regulation
g0250,886689,Rv0239,P9WJ41,CDS,Cytoplasmic,vapB24,Putative antitoxin VapB24,signaling and cellular processes,Prokaryotic defense system,,,,,,Reference proteome;Toxin-antitoxin system
g0251,886688,Rv0240,P9WF87,CDS,Cytoplasmic,vapC24,Ribonuclease VapC24,signaling and cellular processes,Prokaryotic defense system,,,,PINc/VapC protein family,,Hydrolase;Magnesium;Metal-binding;Nuclease;Reference proteome;Toxin-antitoxin system
g0252,886686,Rv0241c,O53664,CDS,Cytoplasmic,htdX,3-hydroxyacyl-thioester dehydratase X,,,,,,enoyl-CoA hydratase/isomerase family,,3D-structure;Fatty acid metabolism;Lipid metabolism;Lyase;Reference proteome
g0253,886697,Rv0242c,I6Y778,CDS,Cytoplasmic,fabG4,3-oxoacyl-[acyl-carrier-protein] reductase [NADH],metabolism,Lipid biosynthesis proteins,Metabolism,Lipid metabolism; Metabolism of cofactors and vitamins; Biosynthesis of other secondary metabolites,Fatty acid biosynthesis; Biotin metabolism; Prodigiosin biosynthesis,short-chain dehydrogenases/reductases (SDR) family,Lipid metabolism; fatty acid metabolism,3D-structure;Fatty acid metabolism;Lipid metabolism;NAD;Oxidoreductase;Reference proteome
g0254,886682,Rv0243,O86361,CDS,Cytoplasmic,fadA2,acetyl-CoA acetyltransferase FadA,signaling and cellular processes,Exosome,Metabolism; Environmental Information Processing,Carbohydrate metabolism; Energy metabolism; Lipid metabolism; Amino acid metabolism; Metabolism of terpenoids and polyketides; Xenobiotics biodegradation and metabolism; Signal transduction,"Pyruvate metabolism; Glyoxylate and dicarboxylate metabolism; Butanoate metabolism; Other carbon fixation pathways; Fatty acid degradation; Valine, leucine and isoleucine degradation; Lysine degradation; Tryptophan metabolism; Terpenoid backbone biosynthesis; Benzoate degradation; Two-component system",thiolase-like superfamily. Thiolase family,,3D-structure;Acyltransferase;Reference proteome;Transferase
g0255,886698,Rv0244c,O53666,CDS,Cytoplasmic,fadE5,Broad-specificity linear acyl-CoA dehydrogenase FadE5,,,,,,acyl-CoA dehydrogenase family,Lipid metabolism; fatty acid metabolism,3D-structure;FAD;Fatty acid metabolism;Flavoprotein;Lipid metabolism;Oxidoreductase;Reference proteome
g0256,886680,Rv0245,O53667,CDS,Cytoplasmic,,oxidoreductase,,,,,,non-flavoprotein flavin reductase family,,Oxidoreductase;Reference proteome
g0257,886678,Rv0246,O53668,CDS,Plasma Membrane,,integral membrane protein,,,,,,,,Membrane;Reference proteome;Transmembrane;Transmembrane helix
g0258,886677,Rv0247c,O53669,CDS,Plasma Membrane,,succinate dehydrogenase iron-sulfur subunit,,,Metabolism,Carbohydrate metabolism; Energy metabolism,Citrate cycle (TCA cycle); Butanoate metabolism; Oxidative phosphorylation; Other carbon fixation pathways,succinate dehydrogenase/fumarate reductase iron-sulfur protein family,Carbohydrate metabolism; tricarboxylic acid cycle,2Fe-2S;4Fe-4S;Iron;Iron-sulfur;Metal-binding;Oxidoreductase;Reference proteome
g0259,886675,Rv0248c,O53670,CDS,Cytoplasmic,,succinate dehydrogenase flavoprotein subunit,,,Metabolism,Carbohydrate metabolism; Energy metabolism,Citrate cycle (TCA cycle); Butanoate metabolism; Oxidative phosphorylation; Other carbon fixation pathways,,,FAD;Flavoprotein;Oxidoreductase;Reference proteome
g0260,886671,Rv0249c,O53671,CDS,Plasma Membrane,,succinate dehydrogenase membrane anchor subunit,,,,,,,,Membrane;Reference proteome;Transmembrane;Transmembrane helix
g0261,886669,Rv0250c,O53672,CDS,Cytoplasmic,,Uncharacterized protein Rv0250c,,,,,,,,Acetylation;Reference proteome
g0262,886667,Rv0251c,O53673,CDS,Cytoplasmic,hsp,heat shock protein,genetic information processing,Chaperones and folding catalysts,Genetic Information Processing,"Folding, sorting and degradation",Protein processing in endoplasmic reticulum,small heat shock protein (HSP20) family,,Reference proteome;Stress response
g0263,886665,Rv0252,O53674,CDS,Cytoplasmic,nirB,assimilatory sulfite reductase (ferredoxin),,,Metabolism,Energy metabolism,Nitrogen metabolism,nitrite and sulfite reductase 4Fe-4S domain family,Nitrogen metabolism; nitrate reduction (assimilation),2Fe-2S;4Fe-4S;FAD;Flavoprotein;Heme;Iron;Iron-sulfur;Metal-binding;Nitrate assimilation;Oxidoreductase;Reference proteome;Thioether bond
g0264,886664,Rv0253,O53675,CDS,Cytoplasmic,nirD,Nitrite reductase (NADH) small subunit,,,Metabolism,Energy metabolism,Nitrogen metabolism,,,3D-structure;Cytoplasm;NAD;Nitrate assimilation;Oxidoreductase;Reference proteome
g0265,886661,Rv0254c,O53676,CDS,Cytoplasmic,cobU,Adenosylcobinamide kinase,,,Metabolism,Metabolism of cofactors and vitamins,Porphyrin metabolism,CobU/CobP family,"Cofactor biosynthesis; adenosylcobalamin biosynthesis; adenosylcobalamin from cob(II)yrinate a,c-diamide; Cofactor biosynthesis; adenosylcobalamin biosynthesis; adenosylcobalamin from cob(II)yrinate a,c-diamide",ATP-binding;Cobalamin biosynthesis;GTP-binding;Kinase;Nucleotide-binding;Nucleotidyltransferase;Reference proteome;Transferase
g0266,886673,Rv0255c,P9WP95,CDS,Cytoplasmic,cobQ,Cobyric acid synthase,,,Metabolism,Metabolism of cofactors and vitamins,Porphyrin metabolism,CobB/CobQ family. CobQ subfamily,Cofactor biosynthesis; adenosylcobalamin biosynthesis,Cobalamin biosynthesis;Glutamine amidotransferase;Reference proteome
g0267,886684,Rv0256c,P9WI47,CDS,Extracellular,PPE2,PPE family protein PPE2,,,,,,mycobacterial PPE family,,Host cytoplasm;Host nucleus;Reference proteome;Secreted;Virulence
g0268,3205110,Rv0257,L7N694,CDS,Extracellular,,hypothetical protein,,,,,,,,Reference proteome
g0269,886654,Rv0258c,P95215,CDS,Cytoplasmic,,Tetracyclin repressor-like C-terminal domain-containing protein,,,,,,,,Reference proteome
g0270,886657,Rv0259c,P95216,CDS,Cytoplasmic,,Sirohydrochlorin chelatase,,,,,,,,Lyase;Metal-binding;Reference proteome
g0271,886651,Rv0260c,P95217,CDS,Cytoplasmic,,transcriptional regulator,,,Metabolism,Metabolism of cofactors and vitamins,Porphyrin metabolism,,,DNA-binding;Reference proteome
g0272,886663,Rv0261c,P95218,CDS,Plasma Membrane,narK3,nitrate/nitrite transporter,signaling and cellular processes,Transporters,Metabolism,Energy metabolism,Nitrogen metabolism,major facilitator superfamily. Nitrate/nitrite porter (TC 2.A.1.8) family,,Cell inner membrane;Cell membrane;Membrane;Nitrate assimilation;Reference proteome;Transmembrane;Transmembrane helix;Transport
g0273,886648,Rv0262c,P9WQG9,CDS,Cytoplasmic,aac,Aminoglycoside 2'-N-acetyltransferase,signaling and cellular processes,Antimicrobial resistance genes,,,,AAC(2')-I acetyltransferase family,,3D-structure;Acyltransferase;Antibiotic resistance;Reference proteome;Transferase
g0274,886659,Rv0263c,P95220,CDS,Cytoplasmic,,Carboxyltransferase domain-containing protein,,,,,,,,ATP-binding;Hydrolase;Nucleotide-binding;Reference proteome
g0275,886646,Rv0264c,P95221,CDS,Cytoplasmic,,Carboxyltransferase domain-containing protein,,,,,,,,ATP-binding;Hydrolase;Nucleotide-binding;Reference proteome
g0276,886650,Rv0265c,L7N6B2,CDS,Plasma Membrane,fecB2,iron ABC transporter substrate-binding lipoprotein,signaling and cellular processes,Transporters,,,,bacterial solute-binding protein 8 family,,3D-structure;Lipoprotein;Reference proteome;Signal;Transport
g0277,886642,Rv0266c,P95223,CDS,Cytoplasmic,oplA,5-oxoprolinase OplA,,,Metabolism,Metabolism of other amino acids,Glutathione metabolism,oxoprolinase family,,Reference proteome
g0278,886644,Rv0267,P95224,CDS,Plasma Membrane,narU,Nitrate/nitrite transporter,signaling and cellular processes,Transporters,Metabolism,Energy metabolism,Nitrogen metabolism,major facilitator superfamily. Nitrate/nitrite porter (TC 2.A.1.8) family,,Cell inner membrane;Cell membrane;Membrane;Nitrate assimilation;Reference proteome;Transmembrane;Transmembrane helix;Transport
g0279,886647,Rv0268c,P95225,CDS,Cytoplasmic,,Putative antitoxin Rv0268c,,,,,,phD/YefM antitoxin family,,Coiled coil;Reference proteome;Toxin-antitoxin system
g0280,886640,Rv0269c,P95226,CDS,Cytoplasmic,,DNA ligase D polymerase domain-containing protein,,,,,,,,Reference proteome
g0281,886637,Rv0270,P95227,CDS,Cytoplasmic,fadD2,Long-chain-fatty-acid--CoA ligase FadD13,,,,,,ATP-dependent AMP-binding enzyme family,,Ligase;Reference proteome
g0282,886641,Rv0271c,P95228,CDS,Cytoplasmic,fadE6,acyl-CoA dehydrogenase FadE6,,,,,,acyl-CoA dehydrogenase family,,FAD;Flavoprotein;Oxidoreductase;Reference proteome
g0283,886635,Rv0272c,P95229,CDS,Cytoplasmic,,Alpha/beta hydrolase,,,,,,,,Reference proteome
g0284,886633,Rv0273c,O86342,CDS,Cytoplasmic,,transcriptional regulator,,,,,,,,DNA-binding;Reference proteome
g0285,886631,Rv0274,O53680,CDS,Cytoplasmic,,hypothetical protein,,,,,,extradiol ring-cleavage dioxygenase family,,Aromatic hydrocarbons catabolism;Dioxygenase;Iron;Metal-binding;Oxidoreductase;Reference proteome
g0286,886629,Rv0275c,L7N6A2,CDS,Cytoplasmic,,transcriptional regulator,,,,,,,,DNA-binding;Reference proteome
g0287,886627,Rv0276,O53682,CDS,Plasma Membrane,,ER-bound oxygenase mpaB/mpaB'/Rubber oxygenase catalytic domain-containing protein,,,,,,,,Reference proteome
g0288,,Rv0277A,P0CW33,misc_feature,Cytoplasmic,vapB25,,,,,,,,,Reference proteome;Toxin-antitoxin system
g0289,886625,Rv0277c,P9WF85,CDS,Cytoplasmic,vapC25,Ribonuclease VapC25,signaling and cellular processes,Prokaryotic defense system,,,,PINc/VapC protein family,,Hydrolase;Magnesium;Metal-binding;Nuclease;Reference proteome;Toxin-antitoxin system
g0290,886623,Rv0278c,P9WIG3,CDS,Extracellular,PE_PGRS3,PE-PGRS family protein PE_PGRS3,,,,,,mycobacterial PE family. PGRS subfamily,,Cell outer membrane;Cell wall;Membrane;Reference proteome;Repeat;Secreted;Virulence
g0291,886621,Rv0279c,L0T4W6,CDS,Extracellular,PE_PGRS4,PE-PGRS family protein PE_PGRS4,,,,,,mycobacterial PE family. PGRS subfamily,,Reference proteome;Repeat
g0292,886619,Rv0280,P9WI45,CDS,Extracellular,PPE3,Uncharacterized PPE family protein PPE3,,,,,,mycobacterial PPE family,,Reference proteome
g0293,886618,Rv0281,P9WFI9,CDS,Cytoplasmic,,Putative S-adenosyl-L-methionine-dependent methyltransferase Rv0281,,,,,,UPF0677 family,,Methyltransferase;Reference proteome;S-adenosyl-L-methionine;Transferase
g0294,886613,Rv0282,P9WPI3,CDS,Cytoplasmic,eccA3,ESX-3 secretion system protein EccA3,signaling and cellular processes,Secretion system,,,,CbxX/CfxQ family,,ATP-binding;Cytoplasm;Nucleotide-binding;Reference proteome
g0295,886645,Rv0283,P9WNR3,CDS,Plasma Membrane,eccB3,ESX-3 secretion system ATPase EccB3,signaling and cellular processes,Secretion system,,,,EccB family,,ATP-binding;Cell inner membrane;Cell membrane;Hydrolase;Membrane;Nucleotide-binding;Reference proteome;Transmembrane;Transmembrane helix;Transport
g0296,886611,Rv0284,P9WNA9,CDS,Plasma Membrane,eccC3,ESX-3 secretion system protein EccC3,signaling and cellular processes,Secretion system,,,,,,3D-structure;ATP-binding;Cell inner membrane;Cell membrane;Membrane;Nucleotide-binding;Reference proteome;Repeat;Transmembrane;Transmembrane helix;Transport
g0297,886608,Rv0285,L7N695,CDS,Extracellular,PE5,PE family immunomodulator PE5,,,,,,mycobacterial PE family,,3D-structure;Reference proteome;Secreted;Virulence
g0298,886607,Rv0286,P9WI43,CDS,Extracellular,PPE4,PPE family protein PPE4,,,,,,mycobacterial PPE family,,3D-structure;Cell membrane;Membrane;Reference proteome;Transmembrane;Transmembrane helix
g0299,886604,Rv0287,O53692,CDS,Extracellular,esxG,ESAT-6-like protein EsxG,signaling and cellular processes,Secretion system,Human Diseases,Infectious disease: bacterial,Tuberculosis,WXG100 family. CFP-10 subfamily,,3D-structure;Acetylation;Reference proteome;Secreted;Virulence
g0300,886603,Rv0288,P9WNK3,CDS,Extracellular,esxH,ESAT-6-like protein EsxH,signaling and cellular processes,Secretion system,Human Diseases,Infectious disease: bacterial,Tuberculosis,WXG100 family. ESAT-6 subfamily,,3D-structure;Direct protein sequencing;Metal-binding;Reference proteome;Secreted;Virulence;Zinc
g0301,886602,Rv0289,P9WJC7,CDS,Cytoplasmic,espG3,ESX-3 secretion-associated protein EspG3,signaling and cellular processes,Secretion system,,,,EspG family,,3D-structure;Chaperone;Cytoplasm;Reference proteome
g0302,886599,Rv0290,P9WNQ3,CDS,Plasma Membrane,eccD3,ESX-3 secretion system protein EccD3,signaling and cellular processes,Secretion system,,,,EccD/Snm4 family,,Cell inner membrane;Cell membrane;Membrane;Reference proteome;Transmembrane;Transmembrane helix;Transport
g0303,886615,Rv0291,O53695,CDS,Plasma Membrane,mycP3,Mycosin-3,metabolism; genetic information processing; signaling and cellular processes,Peptidases and inhibitors; Chaperones and folding catalysts; Secretion system,,,,peptidase S8 family,,Cell membrane;Hydrolase;Membrane;Protease;Reference proteome;Serine protease;Signal;Transmembrane;Transmembrane helix
g0304,886601,Rv0292,P9WJE5,CDS,Plasma Membrane,eccE3,ESX-3 secretion system protein EccE3,signaling and cellular processes,Secretion system,,,,EccE family,,Cell inner membrane;Cell membrane;Membrane;Reference proteome;Transmembrane;Transmembrane helix;Transport
g0305,886594,Rv0293c,O53697,CDS,Plasma Membrane,,hypothetical protein,,,,,,AB hydrolase superfamily. FUS2 hydrolase family,,Hydrolase;Reference proteome
g0306,886593,Rv0294,P9WGA3,CDS,Cytoplasmic,tam,Probable trans-aconitate 2-methyltransferase,,,,,,methyltransferase superfamily. Tam family,,Cytoplasm;Methyltransferase;Reference proteome;S-adenosyl-L-methionine;Transferase
g0307,886596,Rv0295c,O53699,CDS,Cytoplasmic,stf0,Trehalose 2-sulfotransferase,,,,,,Stf0 sulfotransferase family,Glycolipid metabolism,Carbohydrate metabolism;Reference proteome;Transferase
g0308,886600,Rv0296c,Q6MX51,CDS,Cytoplasmic,atsG,sulfatase,,,,,,sulfatase family,,Hydrolase;Metal-binding;Reference proteome
g0309,885981,Rv0297,Q6MX50,CDS,Extracellular,PE_PGRS5,PE-PGRS family protein PE_PGRS5,,,,,,mycobacterial PE family. PGRS subfamily,,Host endoplasmic reticulum;Reference proteome;Virulence
g0310,886590,Rv0298,P9WJ09,CDS,Cytoplasmic,,Antitoxin Rv0298,,,,,,,,3D-structure;Reference proteome;Toxin-antitoxin system
g0311,886598,Rv0299,O07226,CDS,Cytoplasmic,,Toxin Rv0299,,,,,,,,Reference proteome;Toxin-antitoxin system
g0312,886588,Rv0300,O07227,CDS,Cytoplasmic,vapB2,Antitoxin VapB2,signaling and cellular processes,Prokaryotic defense system,,,,,,3D-structure;Reference proteome;Toxin-antitoxin system
g0313,886586,Rv0301,P9WFB9,CDS,Cytoplasmic,vapC2,Ribonuclease VapC2,signaling and cellular processes,Prokaryotic defense system,,,,PINc/VapC protein family,,3D-structure;Hydrolase;Magnesium;Metal-binding;Nuclease;Reference proteome;Toxin-antitoxin system
g0314,886584,Rv0302,O07229,CDS,Cytoplasmic,,transcriptional regulator,,,,,,,,3D-structure;DNA-binding;Reference proteome;Repressor;Transcription;Transcription regulation
g0315,886581,Rv0303,O07230,CDS,Cytoplasmic,,dehydrogenase/reductase,,,,,,short-chain dehydrogenases/reductases (SDR) family,,Oxidoreductase;Reference proteome
g0316,886592,Rv0304c,Q6MX49,CDS,Extracellular,PPE5,PPE family protein PPE5,,,,,,,,Reference proteome
g0317,885978,Rv0305c,Q6MX48,CDS,Extracellular,PPE6,PPE family protein PPE6,,,,,,mycobacterial PPE family,,Reference proteome
g0318,886577,Rv0306,O07233,CDS,Cytoplasmic,,oxidoreductase,,,Metabolism,Metabolism of cofactors and vitamins,Riboflavin metabolism,,,Flavoprotein;FMN;Oxidoreductase;Reference proteome
g0319,886580,Rv0307c,O07234,CDS,Cytoplasmic,,hypothetical protein,,,,,,,,Reference proteome
g0320,886583,Rv0308,O07235,CDS,Plasma Membrane,,integral membrane protein,,,,,,,,Membrane;Reference proteome;Transmembrane;Transmembrane helix
g0321,886574,Rv0309,O07236,CDS,Extracellular,,hypothetical protein,,,,,,,Cell wall biogenesis; peptidoglycan biosynthesis,Cell shape;Cell wall biogenesis/degradation;Peptidoglycan synthesis;Reference proteome;Signal
g0322,886570,Rv0310c,O07237,CDS,Cytoplasmic,,hypothetical protein,,,,,,,,Reference proteome
g0323,886579,Rv0311,O07238,CDS,Cytoplasmic,,hypothetical protein,,,,,,,,Reference proteome
g0324,886566,Rv0312,O07239,CDS,Plasma Membrane,,hypothetical protein,,,,,,,,ATP-binding;Chaperone;Membrane;Nucleotide-binding;Reference proteome;Transmembrane;Transmembrane helix
g0325,886572,Rv0313,P9WL03,CDS,Cytoplasmic,,Uncharacterized protein Rv0313,,,,,,,,Reference proteome
g0326,886564,Rv0314c,O07241,CDS,Plasma Membrane,,membrane protein,,,,,,,,Membrane;Reference proteome;Transmembrane;Transmembrane helix
g0327,886563,Rv0315,O07242,CDS,Extracellular,,"beta-1,3-glucanase",,,,,,glycosyl hydrolase 16 family,,3D-structure;Calcium;Metal-binding;Reference proteome;Signal
g0328,886560,Rv0316,O07243,CDS,Cytoplasmic,,muconolactone isomerase,,,,,,,,Isomerase;Reference proteome
g0329,886559,Rv0317c,O07244,CDS,Cytoplasmic,glpQ2,Probable glycerophosphodiester phosphodiesterase 2,,,Metabolism,Lipid metabolism,Glycerophospholipid metabolism,glycerophosphoryl diester phosphodiesterase family,,Direct protein sequencing;Hydrolase;Metal-binding;Reference proteome
g0330,886576,Rv0318c,Q6MX47,CDS,Plasma Membrane,,integral membrane protein,signaling and cellular processes,Transporters,,,,,,Membrane;Reference proteome;Transmembrane;Transmembrane helix
g0331,886555,Rv0319,P9WIJ5,CDS,Cytoplasmic,pcp,Pyrrolidone-carboxylate peptidase,metabolism,Peptidases and inhibitors,,,,peptidase C15 family,,Cytoplasm;Hydrolase;Protease;Reference proteome;Thiol protease
g0332,886553,Rv0320,O07246,CDS,Extracellular,,hypothetical protein,,,,,,,,Reference proteome
g0333,886552,Rv0321,P9WP17,CDS,Cytoplasmic,dcd,"dCTP deaminase, dUMP-forming",,,Metabolism,Nucleotide metabolism,Pyrimidine metabolism,dCTP deaminase family,Pyrimidine metabolism; dUMP biosynthesis; dUMP from dCTP,3D-structure;Hydrolase;Nucleotide metabolism;Nucleotide-binding;Reference proteome
g0334,886550,Rv0322,O07248,CDS,Cytoplasmic,udgA,UDP-glucose 6-dehydrogenase,,,Metabolism,Carbohydrate metabolism; Glycan biosynthesis and metabolism,Pentose and glucuronate interconversions; Ascorbate and aldarate metabolism; Amino sugar and nucleotide sugar metabolism; Biosynthesis of various nucleotide sugars,UDP-glucose/GDP-mannose dehydrogenase family,Nucleotide-sugar biosynthesis; UDP-alpha-D-glucuronate biosynthesis; UDP-alpha-D-glucuronate from UDP-alpha-D-glucose,NAD;Oxidoreductase;Reference proteome
g0335,886557,Rv0323c,L0T643,CDS,Cytoplasmic,,hypothetical protein,,,,,,,,Reference proteome;Zinc
g0336,886548,Rv0324,O08446,CDS,Cytoplasmic,,HTH-type transcriptional regulator Rv0324,,,,,,,,Antibiotic resistance;DNA-binding;Reference proteome;Transcription;Transcription regulation
g0337,886546,Rv0325,O07250,CDS,Cytoplasmic,,hypothetical protein,,,,,,,,Reference proteome
g0338,886544,Rv0326,O07251,CDS,Cytoplasmic,,Methyltransferase domain-containing protein,,,,,,,,Reference proteome
g0339,886538,Rv0327c,P9WPN1,CDS,Plasma Membrane,cyp135A1,Putative cytochrome P450 135A1,metabolism,Cytochrome P450,,,,cytochrome P450 family,,Heme;Iron;Metal-binding;Monooxygenase;Oxidoreductase;Reference proteome
g0340,886542,Rv0328,O07252,CDS,Cytoplasmic,,transcriptional regulator,,,,,,,,DNA-binding;Reference proteome;Repressor;Transcription;Transcription regulation
g0341,886536,Rv0329c,O07253,CDS,Cytoplasmic,,Methyltransferase type 11 domain-containing protein,,,,,,,,Methyltransferase;Reference proteome;Transferase
g0342,886540,Rv0330c,O07254,CDS,Cytoplasmic,,HTH tetR-type domain-containing protein,,,,,,,,DNA-binding;Reference proteome;Transcription;Transcription regulation
g0343,886534,Rv0331,O07255,CDS,Cytoplasmic,,dehydrogenase/reductase,,,Metabolism,Energy metabolism,Sulfur metabolism,,,Reference proteome
g0344,886532,Rv0332,O07256,CDS,Cytoplasmic,,hypothetical protein,,,,,,,,Reference proteome
g0345,886528,Rv0333,O33273,CDS,Cytoplasmic,,SnoaL-like domain-containing protein,,,,,,,,Reference proteome
g0346,886568,Rv0334,P9WH13,CDS,Cytoplasmic,rmlA,Glucose-1-phosphate thymidylyltransferase,,,Metabolism,Glycan biosynthesis and metabolism; Metabolism of terpenoids and polyketides; Biosynthesis of other secondary metabolites,Amino sugar and nucleotide sugar metabolism; Biosynthesis of various nucleotide sugars; Polyketide sugar unit biosynthesis; Streptomycin biosynthesis; Acarbose and validamycin biosynthesis,glucose-1-phosphate thymidylyltransferase family,Carbohydrate biosynthesis; dTDP-L-rhamnose biosynthesis,3D-structure;Magnesium;Metal-binding;Nucleotidyltransferase;Phosphoprotein;Reference proteome;Transferase
g0347,886527,Rv0335c,L7N648,CDS,Extracellular,PE6,PE family protein PE6,,,,,,mycobacterial PE family,,Cell wall;Host mitochondrion;Host nucleus;Reference proteome;Secreted;Signal;Virulence
g0348,886524,Rv0336,O33266,CDS,Cytoplasmic,,hypothetical protein,,,,,,,,Reference proteome
g0349,886522,Rv0337c,P9WQ91,CDS,Cytoplasmic,aspC,Alanine aminotransferase,metabolism,Amino acid related enzymes,Metabolism,Amino acid metabolism,"Alanine, aspartate and glutamate metabolism; Valine, leucine and isoleucine biosynthesis; Arginine biosynthesis",class-I pyridoxal-phosphate-dependent aminotransferase family,,Aminotransferase;Cytoplasm;Pyridoxal phosphate;Reference proteome;Transferase
g0350,886520,Rv0338c,O33268,CDS,Plasma Membrane,,iron-sulfur-binding reductase,,,,,,,,4Fe-4S;Iron;Iron-sulfur;Membrane;Metal-binding;Oxidoreductase;Reference proteome;Transmembrane;Transmembrane helix
g0351,886516,Rv0339c,O33269,CDS,Cytoplasmic,,transcriptional regulator,,,,,,,,DNA-binding;Reference proteome;Transcription;Transcription regulation
g0352,886514,Rv0340,O33270,CDS,Extracellular,,hypothetical protein,,,,,,,,Reference proteome
g0353,886518,Rv0341,P9WJ97,CDS,Extracellular,iniB,Isoniazid-induced protein IniB,,,,,,,,Reference proteome
g0354,886510,Rv0342,P9WJ99,CDS,Cytoplasmic,iniA,Isoniazid-induced protein IniA,,,,,,,,Antibiotic resistance;Cell membrane;Coiled coil;Membrane;Reference proteome;Transmembrane;Transmembrane helix
g0355,886508,Rv0343,P9WJ95,CDS,Cytoplasmic,iniC,Isoniazid-induced protein IniC,,,,,,,,Reference proteome
g0356,886512,Rv0344c,O06295,CDS,Plasma Membrane,lpqJ,lipoprotein LpqJ,,,,,,,,Lipoprotein;Reference proteome;Signal
g0357,886505,Rv0345,O06296,CDS,Cytoplasmic,,MobA-like NTP transferase domain-containing protein,,,Metabolism,Metabolism of cofactors and vitamins,Folate biosynthesis,,,Reference proteome
g0358,886530,Rv0346c,P9WQM7,CDS,Plasma Membrane,ansP2,L-asparagine permease 2,signaling and cellular processes,Transporters,,,,amino acid-polyamine-organocation (APC) superfamily. Amino acid transporter (AAT) (TC 2.A.3.1) family,,Amino-acid transport;Cell membrane;Membrane;Reference proteome;Transmembrane;Transmembrane helix;Transport
g0359,886501,Rv0347,O06298,CDS,Cytoplasmic,,membrane protein,,,,,,,,Membrane;Reference proteome;Transmembrane;Transmembrane helix
g0360,886500,Rv0348,O06299,CDS,Cytoplasmic,,transcriptional regulator,,,,,,,,Reference proteome
g0361,886506,Rv0349,O06300,CDS,Cytoplasmic,,hypothetical protein,,,,,,,,Reference proteome
g0362,885946,Rv0350,P9WMJ9,CDS,Cytoplasmic,dnaK,Chaperone protein DnaK,genetic information processing; signaling and cellular processes,Messenger RNA biogenesis; Chaperones and folding catalysts; Mitochondrial biogenesis; Exosome,Genetic Information Processing; Human Diseases,"Folding, sorting and degradation; Infectious disease: bacterial",RNA degradation; Tuberculosis,heat shock protein 70 family,,3D-structure;ATP-binding;Chaperone;Cytoplasm;Nucleotide-binding;Phosphoprotein;Reference proteome;Secreted;Stress response
g0363,886497,Rv0351,P9WMT5,CDS,Cytoplasmic,grpE,Protein GrpE,genetic information processing,Chaperones and folding catalysts; Mitochondrial biogenesis,,,,GrpE family,,3D-structure;Acetylation;Chaperone;Cytoplasm;Reference proteome;Stress response
g0364,886495,Rv0352,P9WNV9,CDS,Cytoplasmic,dnaJ1,Chaperone protein DnaJ 1,genetic information processing,Chaperones and folding catalysts; Mitochondrial biogenesis,,,,DnaJ family,,Chaperone;Cytoplasm;DNA replication;Metal-binding;Reference proteome;Repeat;Stress response;Zinc;Zinc-finger
g0365,885929,Rv0353,O06302,CDS,Cytoplasmic,hspR,heat shock protein transcriptional repressor HspR,genetic information processing,Transcription factors,,,,,,Coiled coil;DNA-binding;Reference proteome;Stress response
g0366,886498,Rv0354c,L0T545,CDS,Plasma Membrane,PPE7,PPE family protein PPE7,,,,,,,,Reference proteome
g0367,886491,Rv0355c,I6Y7L4,CDS,Plasma Membrane,PPE8,PPE family protein PPE8,,,,,,mycobacterial PPE family,,Reference proteome
g0368,886490,Rv0356c,O06307,CDS,Cytoplasmic,,Acyl-coenzyme A thioesterase THEM4,,,,,,THEM4/THEM5 thioesterase family,,Apoptosis;Cell membrane;Cell projection;Cytoplasm;Fatty acid metabolism;Hydrolase;Lipid metabolism;Membrane;Reference proteome;Transit peptide
g0369,886484,Rv0357c,P9WHN3,CDS,Cytoplasmic,purA,Adenylosuccinate synthetase,,,Metabolism,Nucleotide metabolism; Amino acid metabolism,"Purine metabolism; Alanine, aspartate and glutamate metabolism",adenylosuccinate synthetase family,Purine metabolism; AMP biosynthesis via de novo pathway; AMP from IMP,Acetylation;Cytoplasm;GTP-binding;Ligase;Magnesium;Metal-binding;Nucleotide-binding;Purine biosynthesis;Reference proteome
g0370,886493,Rv0358,O06308,CDS,Cytoplasmic,,hypothetical protein,,,,,,,,Reference proteome
g0371,886482,Rv0359,L0T550,CDS,Plasma Membrane,rip2,Putative zinc metalloprotease Rip2,,,,,,peptidase M50B family,,Cell membrane;Hydrolase;Membrane;Metal-binding;Metalloprotease;Protease;Reference proteome;Transmembrane;Transmembrane helix;Zinc
g0372,886480,Rv0360c,O06310,CDS,Cytoplasmic,,hypothetical protein,,,,,,,,Reference proteome
g0373,886478,Rv0361,O06311,CDS,Plasma Membrane,,membrane protein,,,,,,,,Membrane;Reference proteome;Transmembrane;Transmembrane helix
g0374,886476,Rv0362,O06312,CDS,Plasma Membrane,mgtE,Magnesium transporter MgtE,signaling and cellular processes,Transporters,,,,SLC41A transporter family,,CBS domain;Cell membrane;Magnesium;Membrane;Metal-binding;Reference proteome;Transmembrane;Transmembrane helix;Transport
g0375,886474,Rv0363c,P9WQA3,CDS,Cytoplasmic,fba,Fructose-bisphosphate aldolase,,,Metabolism,Carbohydrate metabolism; Energy metabolism,Glycolysis / Gluconeogenesis; Pentose phosphate pathway; Fructose and mannose metabolism; Carbon fixation by Calvin cycle; Methane metabolism,class II fructose-bisphosphate aldolase family,Carbohydrate degradation; glycolysis; D-glyceraldehyde 3-phosphate and glycerone phosphate from D-glucose,3D-structure;Glycolysis;Lyase;Metal-binding;Reference proteome;Zinc
g0376,886473,Rv0364,P9WP09,CDS,Plasma Membrane,,Uncharacterized membrane protein Rv0364,,,,,,DedA family,,Cell membrane;Membrane;Reference proteome;Transmembrane;Transmembrane helix
g0377,886487,Rv0365c,O06315,CDS,Extracellular,,hypothetical protein,,,,,,,,Reference proteome
g0378,886471,Rv0366c,O53701,CDS,Cytoplasmic,,UDP-N-acetylglucosamine kinase,,,,,,zeta toxin family,,ATP-binding;Nucleotide-binding;Reference proteome
g0379,886468,Rv0367c,O53702,CDS,Cytoplasmic,,ParD-like antitoxin of type II toxin-antitoxin system,,,,,,,,Reference proteome
g0380,886469,Rv0368c,O53703,CDS,Cytoplasmic,,VWFA domain-containing protein,,,,,,,,Reference proteome
g0381,886485,Rv0369c,O53704,CDS,Plasma Membrane,,membrane oxidoreductase,,,,,,,,Membrane;Reference proteome;Transmembrane;Transmembrane helix
g0382,886465,Rv0370c,O53705,CDS,Cytoplasmic,,oxidoreductase,,,,,,,,Reference proteome
g0383,886463,Rv0371c,I6WY86,CDS,Cytoplasmic,,MobA-like NTP transferase domain-containing protein,,,Metabolism,Metabolism of cofactors and vitamins,Folate biosynthesis,,,Reference proteome
g0384,886460,Rv0372c,O53707,CDS,Cytoplasmic,,Carbon monoxide dehydrogenase,,,,,,,,Reference proteome
g0385,886472,Rv0373c,O53708,CDS,Cytoplasmic,,carbon monoxyde dehydrogenase large subunit,,,,,,,,3D-structure;Molybdenum;Oxidoreductase;Reference proteome
g0386,886462,Rv0374c,O53709,CDS,Cytoplasmic,,carbon monoxyde dehydrogenase small subunit,,,,,,,Alkaloid degradation; nicotine degradation,2Fe-2S;3D-structure;Iron;Iron-sulfur;Metal-binding;Oxidoreductase;Reference proteome
g0387,886456,Rv0375c,I6Y7N2,CDS,Cytoplasmic,,carbon monoxyde dehydrogenase medium subunit,,,,,,,,3D-structure;FAD;Flavoprotein;Nucleotide-binding;Oxidoreductase;Reference proteome
g0388,886454,Rv0376c,O53711,CDS,Cytoplasmic,,XshC-Cox1 family protein,,,,,,,,Reference proteome
g0389,886452,Rv0377,P9WMF7,CDS,Cytoplasmic,,Uncharacterized HTH-type transcriptional regulator Rv0377,,,,,,LysR transcriptional regulatory family,,DNA-binding;Reference proteome;Transcription;Transcription regulation
g0390,886450,Rv0378,O53713,CDS,Extracellular,,hypothetical protein,,,,,,,,Reference proteome
g0391,886449,Rv0379,Q6MX43,CDS,Cytoplasmic,secE2,Calcium dodecin,,,,,,dodecin family,,3D-structure;Calcium;Metal-binding;Reference proteome
g0392,886446,Rv0380c,O53715,CDS,Cytoplasmic,,RNA methyltransferase,,,,,,,,Methyltransferase;Reference proteome;Transferase
g0393,886444,Rv0381c,O53716,CDS,Extracellular,,Lipoprotein,,,,,,,,Reference proteome
g0394,886443,Rv0382c,P9WHK9,CDS,Cytoplasmic,pyrE,Orotate phosphoribosyltransferase,,,Metabolism,Nucleotide metabolism,Pyrimidine metabolism,purine/pyrimidine phosphoribosyltransferase family. PyrE subfamily,Pyrimidine metabolism; UMP biosynthesis via de novo pathway; UMP from orotate,3D-structure;Glycosyltransferase;Magnesium;Pyrimidine biosynthesis;Reference proteome;Transferase
g0395,886458,Rv0383c,O53718,CDS,Plasma Membrane,ttfA,Trehalose monomycolate transport factor A,,,,,,TtfA family,,Cell inner membrane;Cell membrane;Cell wall biogenesis/degradation;DNA-binding;Lipid transport;Membrane;Reference proteome;Transmembrane;Transmembrane helix;Transport
g0396,886440,Rv0384c,P9WPD1,CDS,Cytoplasmic,clpB,Chaperone protein ClpB,genetic information processing,Chaperones and folding catalysts,,,,ClpA/ClpB family,,3D-structure;ATP-binding;Chaperone;Coiled coil;Cytoplasm;Nucleotide-binding;Reference proteome;Repeat;Stress response
g0397,886441,Rv0385,Q7ARS9,CDS,Cytoplasmic,,nitric oxide dioxygenase,,,,,,globin family; In the C-terminal section; belongs to the flavoprotein pyridine nucleotide cytochrome reductase family,,2Fe-2S;Heme;Iron;Iron-sulfur;Metal-binding;Monooxygenase;NAD;NADP;Oxidoreductase;Oxygen transport;Reference proteome;Transport
g0398,886030,Rv0386,O53720,CDS,Cytoplasmic,,transcriptional regulator,,,,,,,,DNA-binding;Reference proteome;Transcription;Transcription regulation
g0399,,Rv0387c,L0T6I4,CDS,Extracellular,,PPE family C-terminal domain-containing protein,,,,,,,,Reference proteome
g0400,,Rv0388c,L0T6B3,CDS,Extracellular,PPE9,PPE family protein PPE9,,,,,,mycobacterial PPE family,,Reference proteome
g0401,886032,Rv0389,P95197,CDS,Cytoplasmic,purT,Phosphoribosylglycinamide formyltransferase 2,,,Metabolism,Nucleotide metabolism,Purine metabolism,,,3D-structure;ATP-binding;Ligase;Magnesium;Metal-binding;Nucleotide-binding;Purine biosynthesis;Reference proteome
g0402,886433,Rv0390,P95198,CDS,Cytoplasmic,,hypothetical protein,,,,,,,,3D-structure;Reference proteome
g0403,886431,Rv0391,P9WGB5,CDS,Cytoplasmic,metZ,O-succinylhomoserine sulfhydrylase,,,Metabolism,Energy metabolism; Amino acid metabolism,Sulfur metabolism; Cysteine and methionine metabolism,trans-sulfuration enzymes family. MetZ subfamily,Amino-acid biosynthesis; L-methionine biosynthesis via de novo pathway; L-homocysteine from O-succinyl-L-homoserine,3D-structure;Amino-acid biosynthesis;Methionine biosynthesis;Pyridoxal phosphate;Reference proteome;Transferase
g0404,886430,Rv0392c,P95200,CDS,Plasma Membrane,ndhA,Type II NADH:quinone oxidoreductase NdhA,,,Metabolism,Energy metabolism,Oxidative phosphorylation,NADH dehydrogenase family,,Cell inner membrane;Cell membrane;FAD;Flavoprotein;Membrane;NAD;Oxidoreductase;Reference proteome;Transmembrane;Transmembrane helix
g0405,886428,Rv0393,P95201,CDS,Cytoplasmic,,hypothetical protein,,,,,,,,Reference proteome
g0406,886435,Rv0394c,P95202,CDS,Cytoplasmic,,hypothetical protein,,,,,,,,Membrane;Reference proteome;Transmembrane;Transmembrane helix
g0407,886425,Rv0395,P95203,CDS,Extracellular,,hypothetical protein,,,,,,,,Reference proteome
g0408,886423,Rv0396,P95204,CDS,Cytoplasmic,,hypothetical protein,,,,,,,,Reference proteome
g0409,886421,Rv0397,P95205,CDS,Cytoplasmic,,hypothetical protein,,,,,,,,Reference proteome
g0410,14515846,Rv0397A,I6Y3N9,CDS,Extracellular,,hypothetical protein,,,,,,,,Reference proteome;Signal
g0411,886419,Rv0398c,P95206,CDS,Extracellular,,hypothetical protein,,,,,,,,3D-structure;Reference proteome;Signal
g0412,886416,Rv0399c,P95207,CDS,Extracellular,lpqK,lipoprotein LpqK,,,,,,,,Lipoprotein;Reference proteome;Signal
g0413,886427,Rv0400c,P95208,CDS,Cytoplasmic,fadE7,acyl-CoA dehydrogenase FadE7,,,Metabolism,Lipid metabolism; Amino acid metabolism; Xenobiotics biodegradation and metabolism,Fatty acid degradation; Lysine degradation; Tryptophan metabolism; Benzoate degradation,acyl-CoA dehydrogenase family,,FAD;Flavoprotein;Oxidoreductase;Reference proteome;Transit peptide
g0414,886438,Rv0401,P95210,CDS,Plasma Membrane,,transmembrane protein,,,,,,,,Membrane;Reference proteome;Transmembrane;Transmembrane helix
g0415,886413,Rv0402c,P9WJV9,CDS,Plasma Membrane,mmpL1,Probable transport protein MmpL1,,,,,,resistance-nodulation-cell division (RND) (TC 2.A.6) family. MmpL subfamily,,Cell membrane;Membrane;Reference proteome;Transmembrane;Transmembrane helix;Transport
g0416,886411,Rv0403c,P9WJT5,CDS,Plasma Membrane,mmpS1,Probable transport accessory protein MmpS1,,,,,,MmpS family,,Cell membrane;Membrane;Reference proteome;Transmembrane;Transmembrane helix
g0417,886409,Rv0404,P9WQ57,CDS,Cytoplasmic,fadD30,Probable long-chain-fatty-acid--AMP ligase FadD30,,,,,,ATP-dependent AMP-binding enzyme family,Lipid metabolism; fatty acid biosynthesis,ATP-binding;Fatty acid metabolism;Ligase;Lipid metabolism;Nucleotide-binding;Reference proteome
g0418,886407,Rv0405,O86335,CDS,Cytoplasmic,pks6,membrane bound polyketide synthase,,,,,,,Lipid metabolism,Acyltransferase;Fatty acid metabolism;Lipid metabolism;Multifunctional enzyme;Phosphopantetheine;Phosphoprotein;Reference proteome;Transferase
g0419,886403,Rv0406c,O86336,CDS,Cytoplasmic,,beta lactamase-like protein,,,,,,,,Reference proteome
g0420,886418,Rv0407,P9WNE1,CDS,Cytoplasmic,fgd1,F420-dependent glucose-6-phosphate dehydrogenase,,,,,,F420-dependent glucose-6-phosphate dehydrogenase family,,3D-structure;Carbohydrate metabolism;Oxidoreductase;Reference proteome
g0421,886401,Rv0408,P9WHP1,CDS,Cytoplasmic,pta,Phosphate acetyltransferase,,,Metabolism,Carbohydrate metabolism; Energy metabolism; Metabolism of other amino acids,Pyruvate metabolism; Propanoate metabolism; Other carbon fixation pathways; Methane metabolism; Taurine and hypotaurine metabolism,In the N-terminal section; belongs to the CobB/CobQ family; In the C-terminal section; belongs to the phosphate acetyltransferase and butyryltransferase family,Metabolic intermediate biosynthesis; acetyl-CoA biosynthesis; acetyl-CoA from acetate,Acyltransferase;Cytoplasm;Reference proteome;Transferase
g0422,886399,Rv0409,P9WQH1,CDS,Cytoplasmic,ackA,Acetate kinase,,,Metabolism,Carbohydrate metabolism; Energy metabolism; Metabolism of other amino acids,Pyruvate metabolism; Propanoate metabolism; Other carbon fixation pathways; Methane metabolism; Taurine and hypotaurine metabolism,acetokinase family,Metabolic intermediate biosynthesis; acetyl-CoA biosynthesis; acetyl-CoA from acetate,ATP-binding;Cytoplasm;Kinase;Magnesium;Metal-binding;Nucleotide-binding;Reference proteome;Transferase
g0423,886397,Rv0410c,P9WI73,CDS,Cytoplasmic,pknG,Serine/threonine-protein kinase PknG,metabolism,Protein kinases,Human Diseases,Infectious disease: bacterial,Tuberculosis,protein kinase superfamily. Ser/Thr protein kinase family,,3D-structure;Antibiotic resistance;ATP-binding;Cell membrane;Cytoplasm;Direct protein sequencing;Kinase;Membrane;Nucleotide-binding;Phosphoprotein;Reference proteome;Serine/threonine-protein kinase;TPR repeat;Transferase;Virulence
g0424,886393,Rv0411c,P96257,CDS,Plasma Membrane,glnH,glutamine-binding lipoprotein GlnH,signaling and cellular processes,Transporters,,,,bacterial solute-binding protein 3 family,,3D-structure;Lipoprotein;Reference proteome;Signal;Transport
g0425,886415,Rv0412c,P96258,CDS,Plasma Membrane,,membrane protein,,,,,,,,Membrane;Reference proteome;Transmembrane;Transmembrane helix
g0426,886405,Rv0413,P9WIX9,CDS,Cytoplasmic,mutT3,Putative 8-oxo-dGTP diphosphatase 3,genetic information processing,DNA repair and recombination proteins,,,,Nudix hydrolase family,,DNA damage;DNA repair;DNA replication;Hydrolase;Magnesium;Manganese;Metal-binding;Mutator protein;Reference proteome
g0427,886391,Rv0414c,P9WG75,CDS,Cytoplasmic,thiE,Thiamine-phosphate synthase,,,Metabolism,Metabolism of cofactors and vitamins,Thiamine metabolism,thiamine-phosphate synthase family,Cofactor biosynthesis; thiamine diphosphate biosynthesis; thiamine phosphate from 4-amino-2-methyl-5-diphosphomethylpyrimidine and 4-methyl-5-(2-phosphoethyl)-thiazole,3D-structure;Magnesium;Metal-binding;Reference proteome;Thiamine biosynthesis;Transferase
g0428,886390,Rv0415,P96261,CDS,Cytoplasmic,thiO,glycine oxidase,,,Metabolism,Metabolism of cofactors and vitamins,Thiamine metabolism,,Cofactor biosynthesis; thiamine diphosphate biosynthesis,Oxidoreductase;Reference proteome;Thiamine biosynthesis
g0429,886395,Rv0416,P96262,CDS,Cytoplasmic,thiS,sulfur carrier protein ThiS,,,Genetic Information Processing,"Folding, sorting and degradation",Sulfur relay system,,,Reference proteome
g0430,886396,Rv0417,P9WG73,CDS,Cytoplasmic,thiG,Thiazole synthase,,,Metabolism,Metabolism of cofactors and vitamins,Thiamine metabolism,ThiG family,Cofactor biosynthesis; thiamine diphosphate biosynthesis,3D-structure;Cytoplasm;Reference proteome;Schiff base;Thiamine biosynthesis;Transferase
g0431,886381,Rv0418,P96264,CDS,Plasma Membrane,lpqL,Probable lipoprotein aminopeptidase LpqL,,,,,,peptidase M28 family. M28A subfamily,,Aminopeptidase;Cell membrane;Hydrolase;Lipoprotein;Membrane;Metal-binding;Palmitate;Protease;Reference proteome;Signal;Zinc
g0432,886388,Rv0419,P96265,CDS,Plasma Membrane,lpqM,lipoprotein peptidase LpqM,,,,,,,,Lipoprotein;Membrane;Reference proteome;Transmembrane;Transmembrane helix
g0433,886383,Rv0420c,P96266,CDS,Plasma Membrane,,transmembrane protein,,,,,,,,Membrane;Reference proteome;Transmembrane;Transmembrane helix
g0434,886377,Rv0421c,P96267,CDS,Cytoplasmic,,KANL3/Tex30 alpha/beta hydrolase-like domain-containing protein,,,,,,,,Reference proteome
g0435,886375,Rv0422c,P9WG77,CDS,Cytoplasmic,thiD,Hydroxymethylpyrimidine/phosphomethylpyrimidine kinase,,,Metabolism,Metabolism of cofactors and vitamins,Thiamine metabolism,ThiD family,Cofactor biosynthesis; thiamine diphosphate biosynthesis; 4-amino-2-methyl-5-diphosphomethylpyrimidine from 5-amino-1-(5-phospho-D-ribosyl)imidazole; Cofactor biosynthesis; thiamine diphosphate biosynthesis; 4-amino-2-methyl-5-diphosphomethylpyrimidine from 5-amino-1-(5-phospho-D-ribosyl)imidazole,ATP-binding;Direct protein sequencing;Kinase;Nucleotide-binding;Reference proteome;Thiamine biosynthesis;Transferase
g0436,886379,Rv0423c,P9WG79,CDS,Cytoplasmic,thiC,Phosphomethylpyrimidine synthase,,,Metabolism,Metabolism of cofactors and vitamins,Thiamine metabolism,ThiC family,Cofactor biosynthesis; thiamine diphosphate biosynthesis,4Fe-4S;Iron;Iron-sulfur;Lyase;Metal-binding;Reference proteome;S-adenosyl-L-methionine;Thiamine biosynthesis;Zinc
g0437,886374,Rv0424c,P96270,CDS,Plasma Membrane,,hypothetical protein,,,,,,,,Reference proteome
g0438,886373,Rv0425c,P96271,CDS,Plasma Membrane,ctpH,Probable cation-transporting ATPase I,,,,,,cation transport ATPase (P-type) (TC 3.A.3) family,,ATP-binding;Cell membrane;Magnesium;Membrane;Metal-binding;Nucleotide-binding;Reference proteome;Translocase;Transmembrane;Transmembrane helix
g0439,886387,Rv0426c,P96272,CDS,Extracellular,,transmembrane protein,,,,,,,,Membrane;Reference proteome;Transmembrane;Transmembrane helix
g0440,886370,Rv0427c,P96273,CDS,Cytoplasmic,xthA,exodeoxyribonuclease III protein XthA,genetic information processing,DNA repair and recombination proteins,Genetic Information Processing,Replication and repair,Base excision repair,DNA repair enzymes AP/ExoA family,,Endonuclease;Hydrolase;Magnesium;Manganese;Metal-binding;Nuclease;Reference proteome
g0441,886368,Rv0428c,P96274,CDS,Cytoplasmic,,Probable histone acetyltransferase Rv0428c,,,Metabolism,Amino acid metabolism,Arginine biosynthesis,,,Acyltransferase;Reference proteome;Transferase
g0442,886366,Rv0429c,P9WIJ3,CDS,Cytoplasmic,def,Peptide deformylase,,,,,,polypeptide deformylase family,,3D-structure;Hydrolase;Iron;Metal-binding;Protein biosynthesis;Reference proteome
g0443,886364,Rv0430,P96276,CDS,Cytoplasmic,,DUF3263 domain-containing protein,,,,,,,,Reference proteome
g0444,886362,Rv0431,P96277,CDS,Plasma Membrane,virR,Vesiculogenesis and immune response regulator,,,,,,,,Cell inner membrane;Cell membrane;Cytoplasm;Membrane;Reference proteome;Virulence
g0445,886358,Rv0432,P9WGE9,CDS,Plasma Membrane,sodC,Superoxide dismutase [Cu-Zn],,,Cellular Processes,Transport and catabolism,Peroxisome,Cu-Zn superoxide dismutase family,,3D-structure;Antioxidant;Cell membrane;Copper;Disulfide bond;Lipoprotein;Membrane;Metal-binding;Oxidoreductase;Palmitate;Reference proteome;Signal;Zinc
g0446,886356,Rv0433,P9WPK9,CDS,Cytoplasmic,,Putative glutamate--cysteine ligase 2,,,Metabolism,Metabolism of other amino acids,Glutathione metabolism,glutamate--cysteine ligase type 2 family. YbdK subfamily,,ATP-binding;Ligase;Nucleotide-binding;Reference proteome
g0447,886360,Rv0434,P96280,CDS,Cytoplasmic,,Lon N-terminal domain-containing protein,,,,,,,,Reference proteome
g0448,886352,Rv0435c,P96281,CDS,Cytoplasmic,,ATPase,,,,,,AAA ATPase family,,ATP-binding;Nucleotide-binding;Reference proteome;Repeat
g0449,886385,Rv0436c,P9WPG1,CDS,Plasma Membrane,pssA,CDP-diacylglycerol--serine O-phosphatidyltransferase,,,Metabolism,Lipid metabolism; Amino acid metabolism,"Glycerophospholipid metabolism; Glycine, serine and threonine metabolism",CDP-alcohol phosphatidyltransferase class-I family,,Cell membrane;Lipid biosynthesis;Lipid metabolism;Membrane;Phospholipid biosynthesis;Phospholipid metabolism;Reference proteome;Transferase;Transmembrane;Transmembrane helix
g0450,886350,Rv0437c,P9WHQ5,CDS,Plasma Membrane,psd,Phosphatidylserine decarboxylase proenzyme,,,Metabolism,Lipid metabolism,Glycerophospholipid metabolism,phosphatidylserine decarboxylase family. PSD-A subfamily,Phospholipid metabolism; phosphatidylethanolamine biosynthesis; phosphatidylethanolamine from CDP-diacylglycerol,Cell membrane;Decarboxylase;Lipid biosynthesis;Lipid metabolism;Lyase;Membrane;Phospholipid biosynthesis;Phospholipid metabolism;Pyruvate;Reference proteome;Zymogen
g0451,886348,Rv0438c,P9WJQ5,CDS,Cytoplasmic,moaE2,Molybdopterin molybdenumtransferase 2,,,Metabolism,Metabolism of cofactors and vitamins,Folate biosynthesis,MoeA family,Cofactor biosynthesis; molybdopterin biosynthesis,Magnesium;Metal-binding;Molybdenum;Molybdenum cofactor biosynthesis;Reference proteome;Transferase
g0452,886342,Rv0439c,O53726,CDS,Cytoplasmic,,dehydrogenase/reductase,,,,,,,,Oxidoreductase;Reference proteome
g0453,886354,Rv0440,P9WPE7,CDS,Cytoplasmic,groEL2,Chaperonin GroEL 2,genetic information processing; signaling and cellular processes,Messenger RNA biogenesis; Chaperones and folding catalysts; Mitochondrial biogenesis; Exosome,Genetic Information Processing; Human Diseases,"Folding, sorting and degradation; Infectious disease: bacterial",RNA degradation; Tuberculosis,chaperonin (HSP60) family,,3D-structure;ATP-binding;Cell wall;Chaperone;Host mitochondrion;Isomerase;Isopeptide bond;Nucleotide-binding;Reference proteome;Secreted;Ubl conjugation;Virulence
g0454,886344,Rv0441c,P9WKW3,CDS,Cytoplasmic,,Uncharacterized protein Rv0441c,,,,,,,,Reference proteome
g0455,886340,Rv0442c,P9WI41,CDS,Extracellular,PPE10,PPE family protein PPE10,,,,,,mycobacterial PPE family,,Reference proteome;Secreted
g0456,886336,Rv0443,O53728,CDS,Cytoplasmic,,hypothetical protein,,,,,,,,3D-structure;Metal-binding;Reference proteome;Zinc
g0457,886346,Rv0444c,P9WGX5,CDS,Plasma Membrane,rskA,Anti-sigma-K factor RskA,,,,,,anti-sigma-K factor family,,3D-structure;Acetylation;Cell membrane;Membrane;Reference proteome;Transcription;Transcription regulation;Transmembrane;Transmembrane helix
g0458,886334,Rv0445c,P9WGH7,CDS,Cytoplasmic,sigK,ECF RNA polymerase sigma factor SigK,genetic information processing,Transcription machinery,,,,sigma-70 factor family. ECF subfamily,,3D-structure;DNA-binding;Reference proteome;Sigma factor;Transcription;Transcription regulation
g0459,886332,Rv0446c,O53731,CDS,Plasma Membrane,,transmembrane protein,,,,,,,,Membrane;Reference proteome;Transmembrane;Transmembrane helix
g0460,886330,Rv0447c,O53732,CDS,Cytoplasmic,ufaA1,Tuberculostearic acid methyltransferase UfaA1,,,,,,CFA/CMAS family,Lipid metabolism; fatty acid biosynthesis,Cell wall biogenesis/degradation;Lipid biosynthesis;Lipid metabolism;Methyltransferase;Reference proteome;S-adenosyl-L-methionine;Transferase
g0461,886328,Rv0448c,O53733,CDS,Plasma Membrane,,DUF1365 domain-containing protein,,,,,,,,Reference proteome
g0462,886326,Rv0449c,O53734,CDS,Plasma Membrane,,Amine oxidase domain-containing protein,,,,,,,,Reference proteome
g0463,886323,Rv0450c,P9WJV3,CDS,Plasma Membrane,mmpL4,Siderophore exporter MmpL4,,,,,,resistance-nodulation-cell division (RND) (TC 2.A.6) family. MmpL subfamily,,3D-structure;Cell inner membrane;Cell membrane;Membrane;Reference proteome;Transmembrane;Transmembrane helix;Transport;Virulence
g0464,886321,Rv0451c,P9WJS9,CDS,Plasma Membrane,mmpS4,Siderophore export accessory protein MmpS4,,,,,,MmpS family,,3D-structure;Cell inner membrane;Cell membrane;Membrane;Reference proteome;Transmembrane;Transmembrane helix;Virulence
g0465,886319,Rv0452,O53737,CDS,Cytoplasmic,,transcriptional regulator,,,,,,,,DNA-binding;Reference proteome
g0466,886317,Rv0453,P9WI39,CDS,Extracellular,PPE11,PPE family protein PPE11,,,,,,mycobacterial PPE family,,Cell wall;Reference proteome;Secreted;Virulence
g0467,,Rv0454,O86364,CDS,Extracellular,,Conserved hypothetical protein,,,,,,,,Reference proteome
g0468,886314,Rv0455c,O53740,CDS,Extracellular,,hypothetical protein,,,,,,,,3D-structure;Reference proteome;Signal
g0469,3205039,Rv0456A,Q6MX40,CDS,Cytoplasmic,mazF1,Probable endoribonuclease MazF1,signaling and cellular processes,Prokaryotic defense system,,,,PemK/MazF family,,Endonuclease;Hydrolase;Nuclease;Reference proteome;Toxin-antitoxin system
g0470,14515889,Rv0456B,P0CL57,CDS,Plasma Membrane,mazE1,Probable antitoxin MazE1,signaling and cellular processes,Prokaryotic defense system,,,,,,Reference proteome;Toxin-antitoxin system
g0471,886312,Rv0456c,O07179,CDS,Cytoplasmic,echA2,enoyl-CoA hydratase EchA2,,,,,,enoyl-CoA hydratase/isomerase family,,Fatty acid metabolism;Lipid metabolism;Lyase;Reference proteome
g0472,886310,Rv0457c,O07178,CDS,Extracellular,,peptidase,metabolism,Peptidases and inhibitors,,,,,,Hydrolase;Protease;Reference proteome;Serine protease
g0473,886306,Rv0458,P9WNY1,CDS,Cytoplasmic,,Probable aldehyde dehydrogenase,,,Metabolism,Carbohydrate metabolism,Glycolysis / Gluconeogenesis; Pyruvate metabolism,aldehyde dehydrogenase family,,Acetylation;NAD;Oxidoreductase;Reference proteome
g0474,886372,Rv0459,O53744,CDS,Cytoplasmic,,DUF779 domain-containing protein,,,,,,,,Reference proteome
g0475,886304,Rv0460,O53745,CDS,Plasma Membrane,,hypothetical protein,,,,,,,,Membrane;Reference proteome;Transmembrane;Transmembrane helix
g0476,886302,Rv0461,I6X961,CDS,Plasma Membrane,,Protein Rv0461,,,,,,,,Cell membrane;Direct protein sequencing;Membrane;Reference proteome;Transmembrane;Transmembrane helix
g0477,886300,Rv0462,P9WHH9,CDS,Cytoplasmic,lpdC,Dihydrolipoyl dehydrogenase,signaling and cellular processes,Exosome,Metabolism,Carbohydrate metabolism; Amino acid metabolism; Metabolism of cofactors and vitamins,"Glycolysis / Gluconeogenesis; Citrate cycle (TCA cycle); Pyruvate metabolism; Glyoxylate and dicarboxylate metabolism; Propanoate metabolism; Glycine, serine and threonine metabolism; Valine, leucine and isoleucine degradation; Lysine degradation; Tryptophan metabolism; Lipoic acid metabolism; One carbon pool by folate",class-I pyridine nucleotide-disulfide oxidoreductase family,,3D-structure;Antioxidant;Cytoplasm;Disulfide bond;FAD;Flavoprotein;NAD;Oxidoreductase;Redox-active center;Reference proteome;Virulence
g0478,886299,Rv0463,O53748,CDS,Plasma Membrane,,membrane protein,,,,,,,,Membrane;Reference proteome;Transmembrane;Transmembrane helix
g0479,886296,Rv0464c,O53749,CDS,Plasma Membrane,,hypothetical protein,,,,,,,,Reference proteome
g0480,886320,Rv0465c,P9WMI1,CDS,Cytoplasmic,ramB,HTH-type transcriptional regulator RamB,genetic information processing,Transcription factors,,,,short-chain fatty acyl-CoA assimilation regulator (ScfR) family,,DNA-binding;Reference proteome;Repressor;Transcription;Transcription regulation
g0481,886294,Rv0466,O53751,CDS,Cytoplasmic,,hypothetical protein,,,,,,,,Reference proteome
g0482,886291,Rv0467,P9WKK7,CDS,Cytoplasmic,icl,Isocitrate lyase,,,Metabolism,Carbohydrate metabolism,Glyoxylate and dicarboxylate metabolism; Propanoate metabolism,isocitrate lyase/PEP mutase superfamily. Isocitrate lyase family,Carbohydrate metabolism; glyoxylate cycle; (S)-malate from isocitrate,3D-structure;Glyoxylate bypass;Isopeptide bond;Lyase;Magnesium;Manganese;Metal-binding;Reference proteome;Tricarboxylic acid cycle;Ubl conjugation
g0483,886288,Rv0468,P9WNP7,CDS,Cytoplasmic,fadB2,3-hydroxybutyryl-CoA dehydrogenase,,,Metabolism,Carbohydrate metabolism; Amino acid metabolism; Xenobiotics biodegradation and metabolism,Butanoate metabolism; Phenylalanine metabolism; Benzoate degradation,3-hydroxyacyl-CoA dehydrogenase family,Lipid metabolism; butanoate metabolism,3D-structure;Fatty acid metabolism;Lipid metabolism;NADP;Oxidoreductase;Reference proteome
g0484,886286,Rv0469,Q6MX39,CDS,Cytoplasmic,umaA,S-adenosylmethionine-dependent methyltransferase UmaA,,,Metabolism,Lipid metabolism,Mycolic acid biosynthesis,CFA/CMAS family,,3D-structure;Cytoplasm;Lipid metabolism;Methyltransferase;Reference proteome;S-adenosyl-L-methionine;Transferase
g0485,3205059,Rv0470A,L7N651,CDS,Plasma Membrane,,"1,4-dihydroxy-2-naphthoate prenyltransferase",,,,,,,,Membrane;Reference proteome;Transmembrane;Transmembrane helix
g0486,886284,Rv0470c,P9WPB3,CDS,Cytoplasmic,pcaA,Cyclopropane mycolic acid synthase 3,,,Metabolism,Lipid metabolism,Mycolic acid biosynthesis,CFA/CMAS family,Lipid metabolism; mycolic acid biosynthesis,3D-structure;Acetylation;Cytoplasm;Lipid biosynthesis;Lipid metabolism;Methyltransferase;Phosphoprotein;Reference proteome;S-adenosyl-L-methionine;Transferase
g0487,886280,Rv0471c,O53756,CDS,Plasma Membrane,,"1,4-dihydroxy-2-naphthoate prenyltransferase",,,,,,,,Reference proteome
g0488,886308,Rv0472c,P9WMD9,CDS,Cytoplasmic,,Uncharacterized HTH-type transcriptional regulator Rv0472c,,,,,,,,DNA-binding;Reference proteome;Transcription;Transcription regulation
g0489,886279,Rv0473,I6Y3V3,CDS,Plasma Membrane,,transmembrane protein,,,,,,,,Membrane;Reference proteome;Transmembrane;Transmembrane helix
g0490,886276,Rv0474,P9WMH9,CDS,Cytoplasmic,,Uncharacterized HTH-type transcriptional regulator Rv0474,,,,,,,,DNA-binding;Reference proteome;Transcription;Transcription regulation
g0491,886272,Rv0475,P9WIP9,CDS,Cell wall & surface,hbhA,Heparin-binding hemagglutinin,signaling and cellular processes,Glycosaminoglycan binding proteins,,,,To M.leprae HbhA,,Cell adhesion;Direct protein sequencing;Glycoprotein;Hemagglutinin;Heparin-binding;Reference proteome;Virulence
g0492,886282,Rv0476,P9WKW1,CDS,Plasma Membrane,,Uncharacterized protein Rv0476,,,,,,To M.leprae ML2453,,Membrane;Reference proteome;Signal;Transmembrane;Transmembrane helix
g0493,886273,Rv0477,P9WKV9,CDS,Extracellular,,Uncharacterized protein Rv0477,,,,,,To M.leprae ML2452,,Reference proteome;Signal
g0494,888425,Rv0478,P9WP03,CDS,Cytoplasmic,deoC,Deoxyribose-phosphate aldolase,,,Metabolism,Carbohydrate metabolism,Pentose phosphate pathway,DeoC/FbaB aldolase family. DeoC type 1 subfamily,Carbohydrate degradation; 2-deoxy-D-ribose 1-phosphate degradation; D-glyceraldehyde 3-phosphate and acetaldehyde from 2-deoxy-alpha-D-ribose 1-phosphate,Cytoplasm;Lyase;Reference proteome;Schiff base
g0495,885535,Rv0479c,P9WKV7,CDS,Plasma Membrane,,Uncharacterized protein Rv0479c,,,,,,,,Cell membrane;Membrane;Reference proteome;Transmembrane;Transmembrane helix
g0496,887163,Rv0480c,P9WJ01,CDS,Cytoplasmic,,Hydrolase Rv0480c,,,,,,carbon-nitrogen hydrolase superfamily. NIT1/NIT2 family,,Hydrolase;Reference proteome
g0497,887161,Rv0481c,P9WKV5,CDS,Cytoplasmic,,Uncharacterized protein Rv0481c,,,,,,,,Reference proteome
g0498,887169,Rv0482,P9WJL9,CDS,Cytoplasmic,murB,UDP-N-acetylenolpyruvoylglucosamine reductase,metabolism,Peptidoglycan biosynthesis and degradation proteins,Metabolism,Glycan biosynthesis and metabolism,Amino sugar and nucleotide sugar metabolism; Peptidoglycan biosynthesis,MurB family,Cell wall biogenesis; peptidoglycan biosynthesis,3D-structure;Cell cycle;Cell division;Cell shape;Cell wall biogenesis/degradation;Cytoplasm;FAD;Flavoprotein;NADP;Oxidoreductase;Peptidoglycan synthesis;Reference proteome
g0499,887167,Rv0483,P9WKV3,CDS,Plasma Membrane,lprQ,"L,D-transpeptidase 5",,,,,,,Cell wall biogenesis; peptidoglycan biosynthesis,3D-structure;Acyltransferase;Cell shape;Cell wall biogenesis/degradation;Peptidoglycan synthesis;Reference proteome;Transferase
g0500,887158,Rv0484c,P9WGR5,CDS,Cytoplasmic,,Uncharacterized oxidoreductase Rv0484c,,,,,,short-chain dehydrogenases/reductases (SDR) family,,Oxidoreductase;Reference proteome
g0501,887170,Rv0485,P9WKV1,CDS,Cytoplasmic,,Transcriptional regulator Rv0485,,,,,,ROK (NagC/XylR) family,,Activator;DNA-binding;Reference proteome;Repressor;Transcription;Transcription regulation
g0502,887160,Rv0486,P9WMY7,CDS,Cytoplasmic,mshA,D-inositol 3-phosphate glycosyltransferase,,,,,,glycosyltransferase group 1 family. MshA subfamily,,Glycosyltransferase;Magnesium;Metal-binding;Reference proteome;Transferase
g0503,887162,Rv0487,P9WKU9,CDS,Cytoplasmic,,Uncharacterized protein Rv0487,,,,,,To M.leprae ML2442,,Reference proteome
g0504,887171,Rv0488,P9WK33,CDS,Plasma Membrane,,Putative amino-acid transporter Rv0488,signaling and cellular processes,Transporters,,,,LysE/ArgO transporter (TC 2.A.75) family,,Amino-acid transport;Cell membrane;Membrane;Reference proteome;Transmembrane;Transmembrane helix;Transport
g0505,887183,Rv0489,P9WIC9,CDS,Cytoplasmic,gpmA,"2,3-bisphosphoglycerate-dependent phosphoglycerate mutase",genetic information processing; signaling and cellular processes,Membrane trafficking; Exosome,Metabolism,Carbohydrate metabolism; Energy metabolism; Amino acid metabolism,"Glycolysis / Gluconeogenesis; Methane metabolism; Glycine, serine and threonine metabolism",phosphoglycerate mutase family. BPG-dependent PGAM subfamily,Carbohydrate degradation; glycolysis; pyruvate from D-glyceraldehyde 3-phosphate,3D-structure;Gluconeogenesis;Glycolysis;Isomerase;Reference proteome
g0506,887185,Rv0490,P9WGK5,CDS,Plasma Membrane,senX3,Sensor-like histidine kinase SenX3,metabolism; signaling and cellular processes,Protein kinases; Two-component system,Environmental Information Processing,Signal transduction,Two-component system,,,ATP-binding;Cell membrane;Kinase;Membrane;Nucleotide-binding;Phosphoprotein;Reference proteome;Stress response;Transferase;Transmembrane;Transmembrane helix;Two-component regulatory system;Virulence
g0507,887195,Rv0491,P9WGL9,CDS,Cytoplasmic,regX3,Sensory transduction protein RegX3,signaling and cellular processes,Two-component system,Environmental Information Processing,Signal transduction,Two-component system,,,3D-structure;DNA-binding;Phosphoprotein;Reference proteome;Stress response;Transcription;Transcription regulation;Two-component regulatory system;Virulence
g0508,3205069,Rv0492A,Q6MX36,CDS,Plasma Membrane,,hypothetical protein,,,,,,,,Membrane;Reference proteome;Transmembrane;Transmembrane helix
g0509,887199,Rv0492c,P9WMV7,CDS,Cytoplasmic,,Uncharacterized GMC-type oxidoreductase Rv0492c,,,,,,GMC oxidoreductase family,,FAD;Flavoprotein;Oxidoreductase;Reference proteome
g0510,887200,Rv0493c,P9WKU7,CDS,Cytoplasmic,,Uncharacterized protein Rv0493c,,,,,,,,Reference proteome
g0511,887166,Rv0494,P9WMG7,CDS,Cytoplasmic,,Uncharacterized HTH-type transcriptional regulator Rv0494,,,,,,,,DNA-binding;Reference proteome;Transcription;Transcription regulation
g0512,887198,Rv0495c,P9WKU5,CDS,Cytoplasmic,,Probable redox regulatory protein Rv0495c,,,,,,Rv0495c family,,Reference proteome
g0513,887234,Rv0496,P9WHV5,CDS,Cytoplasmic,ppx1,Exopolyphosphatase 1,,,Metabolism,Nucleotide metabolism,Purine metabolism,GppA/Ppx family,,Direct protein sequencing;Hydrolase;Manganese;Reference proteome
g0514,887240,Rv0497,P9WKU3,CDS,Plasma Membrane,,Uncharacterized protein Rv0497,,,,,,To M.leprae ML2433,,Acetylation;Cell membrane;Membrane;Reference proteome;Transmembrane;Transmembrane helix
g0515,887238,Rv0498,P9WKU1,CDS,Cytoplasmic,,Uncharacterized protein Rv0498,,,,,,To M.leprae ML2432 and S.coelicolor SCO3347,,Reference proteome;Signal
g0516,887243,Rv0499,P9WKT9,CDS,Cytoplasmic,,Uncharacterized protein Rv0499,,,,,,,,Reference proteome
g0517,887256,Rv0500,P9WHU7,CDS,Cytoplasmic,proC,Pyrroline-5-carboxylate reductase,,,Metabolism,Amino acid metabolism,Arginine and proline metabolism,pyrroline-5-carboxylate reductase family,Amino-acid biosynthesis; L-proline biosynthesis; L-proline from L-glutamate 5-semialdehyde,Amino-acid biosynthesis;Cytoplasm;NADP;Oxidoreductase;Proline biosynthesis;Reference proteome
g0518,3205035,Rv0500A,P9WKT7,CDS,Cytoplasmic,,Putative DNA-binding protein Rv0500A,,,,,,,,DNA-binding;Reference proteome
g0519,,Rv0500B,P9WKT5,CDS,Cytoplasmic,rpsW,Small ribosomal subunit protein bS22,,,,,,bacterial ribosomal protein bS22 family,,3D-structure;Reference proteome;Ribonucleoprotein;Ribosomal protein;RNA-binding;rRNA-binding
g0520,887228,Rv0501,P9WKT3,CDS,Plasma Membrane,galE2,Uncharacterized protein Rv0501,,,Metabolism,Carbohydrate metabolism; Glycan biosynthesis and metabolism,Galactose metabolism; Amino sugar and nucleotide sugar metabolism,NAD(P)-dependent epimerase/dehydratase family,,Reference proteome
g0521,887260,Rv0502,P9WKT1,CDS,Plasma Membrane,,Uncharacterized protein Rv0502,,,,,,To M.leprae ML2427,,Reference proteome
g0522,887264,Rv0503c,P9WPB5,CDS,Cytoplasmic,cmaA2,Cyclopropane mycolic acid synthase 2,,,Metabolism,Lipid metabolism,Mycolic acid biosynthesis,CFA/CMAS family,Lipid metabolism; mycolic acid biosynthesis,3D-structure;Acetylation;Cytoplasm;Direct protein sequencing;Lipid biosynthesis;Lipid metabolism;Methyltransferase;Reference proteome;S-adenosyl-L-methionine;Transferase
g0523,887268,Rv0504c,P9WFK3,CDS,Cytoplasmic,,UPF0336 protein Rv0504c,metabolism,Lipid biosynthesis proteins,Metabolism,Lipid metabolism,Mycolic acid biosynthesis,UPF0336 family,,3D-structure;Acetylation;Reference proteome
g0524,887270,Rv0505c,P9WGJ3,CDS,Plasma Membrane,serB1,Phosphoserine phosphatase SerB1,,,,,,HAD-like hydrolase superfamily. SerB family,,Cell membrane;Hydrolase;Magnesium;Membrane;Metal-binding;Reference proteome;Transmembrane;Transmembrane helix
g0525,887279,Rv0506,P9WJT3,CDS,Plasma Membrane,mmpS2,Probable transport accessory protein MmpS2,,,,,,MmpS family,,Cell membrane;Membrane;Reference proteome;Transmembrane;Transmembrane helix
g0526,887248,Rv0507,P9WJV7,CDS,Plasma Membrane,mmpL2,Probable transport protein MmpL2,,,,,,resistance-nodulation-cell division (RND) (TC 2.A.6) family. MmpL subfamily,,Cell membrane;Membrane;Reference proteome;Transmembrane;Transmembrane helix;Transport
g0527,887301,Rv0508,P9WKS9,CDS,Cytoplasmic,,Uncharacterized protein Rv0508,,,,,,,,Reference proteome
g0528,887292,Rv0509,P9WMP7,CDS,Cytoplasmic,hemA,Glutamyl-tRNA reductase,,,Metabolism,Metabolism of cofactors and vitamins,Porphyrin metabolism,glutamyl-tRNA reductase family,Porphyrin-containing compound metabolism; protoporphyrin-IX biosynthesis; 5-aminolevulinate from L-glutamyl-tRNA(Glu),NADP;Oxidoreductase;Porphyrin biosynthesis;Reference proteome
g0529,887306,Rv0510,P9WMP3,CDS,Cytoplasmic,hemC,Porphobilinogen deaminase,,,Metabolism,Metabolism of cofactors and vitamins,Porphyrin metabolism,HMBS family,Porphyrin-containing compound metabolism; protoporphyrin-IX biosynthesis; coproporphyrinogen-III from 5-aminolevulinate,Porphyrin biosynthesis;Reference proteome;Transferase
g0530,887280,Rv0511,Q6MX34,CDS,Cytoplasmic,hemD,uroporphyrin-III C-methyltransferase,,,Metabolism,Metabolism of cofactors and vitamins,Porphyrin metabolism,,,Methyltransferase;Porphyrin biosynthesis;Reference proteome;S-adenosyl-L-methionine;Transferase
g0531,887312,Rv0512,P9WMP5,CDS,Cytoplasmic,hemB,Delta-aminolevulinic acid dehydratase,signaling and cellular processes,Exosome,Metabolism,Metabolism of cofactors and vitamins,Porphyrin metabolism,ALAD family,Porphyrin-containing compound metabolism; protoporphyrin-IX biosynthesis; coproporphyrinogen-III from 5-aminolevulinate,Heme biosynthesis;Lyase;Magnesium;Metal-binding;Porphyrin biosynthesis;Reference proteome
g0532,887307,Rv0513,O33358,CDS,Plasma Membrane,,transmembrane protein,,,,,,,,Membrane;Reference proteome;Transmembrane;Transmembrane helix
g0533,887319,Rv0514,O33359,CDS,Plasma Membrane,,transmembrane protein,,,,,,,,Membrane;Reference proteome;Transmembrane;Transmembrane helix
g0534,887322,Rv0515,O33360,CDS,Cytoplasmic,,hypothetical protein,,,,,,,,Reference proteome
g0535,887324,Rv0516c,O33361,CDS,Cytoplasmic,OprA,Osmosensory protein A,,,,,,anti-sigma-factor antagonist family,,Phosphoprotein;Reference proteome;Stress response
g0536,887323,Rv0517,O33362,CDS,Plasma Membrane,,acyltransferase,,,,,,,,Acyltransferase;Membrane;Reference proteome;Transferase;Transmembrane;Transmembrane helix
g0537,887321,Rv0518,O33363,CDS,Plasma Membrane,,GDSL lipase Rv0518,,,,,,'GDSL' lipolytic enzyme family,,Cell wall;Hydrolase;Lipid degradation;Lipid metabolism;Reference proteome;Secreted;Serine esterase;Signal
g0538,887334,Rv0519c,O33364,CDS,Extracellular,,Acyl-CoA:diacylglycerol acyltransferase,,,,,,mycobacterial A85 antigen family,,Acyltransferase;Reference proteome;Secreted;Transferase
g0539,,Rv0520,O33365,CDS,Cytoplasmic,,Possible methyltransferase/methylase (fragment),,,,,,,,Methyltransferase;Reference proteome;Transferase
g0540,,Rv0521,L7N6C0,CDS,Cytoplasmic,,Possible methyltransferase/methylase (fragment),,,,,,,,Methyltransferase;Reference proteome;Transferase
g0541,886261,Rv0522,L7N6B9,CDS,Plasma Membrane,gabP,GABA permease GabP,signaling and cellular processes,Transporters,,,,amino acid-polyamine-organocation (APC) superfamily. Amino acid transporter (AAT) (TC 2.A.3.1) family,,Amino-acid transport;Membrane;Reference proteome;Transmembrane;Transmembrane helix;Transport
g0542,887341,Rv0523c,O06389,CDS,Plasma Membrane,,hypothetical protein,,,,,,,,Reference proteome
g0543,887349,Rv0524,P9WMN9,CDS,Cytoplasmic,hemL,"Glutamate-1-semialdehyde 2,1-aminomutase",metabolism,Amino acid related enzymes,Metabolism,Metabolism of cofactors and vitamins,Porphyrin metabolism,class-III pyridoxal-phosphate-dependent aminotransferase family. HemL subfamily,Porphyrin-containing compound metabolism; protoporphyrin-IX biosynthesis; 5-aminolevulinate from L-glutamyl-tRNA(Glu),Cytoplasm;Isomerase;Porphyrin biosynthesis;Pyridoxal phosphate;Reference proteome
g0544,887358,Rv0525,O06391,CDS,Plasma Membrane,,Uncharacterized protein Rv0525,,,,,,,,Isopeptide bond;Reference proteome;Ubl conjugation
g0545,887339,Rv0526,O06392,CDS,Plasma Membrane,,thioredoxin,,,,,,,,Cytochrome c-type biogenesis;Disulfide bond;Redox-active center;Reference proteome;Signal;Signal-anchor;Transmembrane
g0546,887362,Rv0527,L7N671,CDS,Plasma Membrane,ccdA,cytochrome C-type biogenesis protein CcdA,signaling and cellular processes,Transporters,,,,,,Membrane;Reference proteome;Transmembrane;Transmembrane helix
g0547,887372,Rv0528,O06394,CDS,Plasma Membrane,,transmembrane protein,,,,,,,,Cytochrome c-type biogenesis;Membrane;Reference proteome;Transmembrane;Transmembrane helix
g0548,887380,Rv0529,O06393,CDS,Plasma Membrane,ccsA,cytochrome C-type biogenesis protein CcsA,,,,,,,,Cytochrome c-type biogenesis;Membrane;Reference proteome;Transmembrane;Transmembrane helix
g0549,887385,Rv0530,O06396,CDS,Cytoplasmic,,hypothetical protein,,,,,,,,Reference proteome
g0550,14515848,Rv0530A,V5QPR5,CDS,Plasma Membrane,,hypothetical protein,,,,,,,,Reference proteome
g0551,887376,Rv0531,O06397,CDS,Plasma Membrane,,membrane protein,,,,,,,,Membrane;Reference proteome;Transmembrane;Transmembrane helix
g0552,887391,Rv0532,L0T3X8,CDS,Extracellular,PE_PGRS6,PE-PGRS family protein PE_PGRS6,,,,,,,,Reference proteome
g0553,887381,Rv0533c,P9WNG3,CDS,Cytoplasmic,fabH,Mycobacterial beta-ketoacyl-[acyl-carrier-protein] synthase III,metabolism,Lipid biosynthesis proteins,Metabolism,Lipid metabolism,Mycolic acid biosynthesis,thiolase-like superfamily. FabH family,Lipid metabolism; fatty acid biosynthesis; Lipid metabolism; mycolic acid biosynthesis,3D-structure;Acetylation;Acyltransferase;Cytoplasm;Fatty acid biosynthesis;Fatty acid metabolism;Lipid biosynthesis;Lipid metabolism;Multifunctional enzyme;Phosphoprotein;Reference proteome;Transferase
g0554,887408,Rv0534c,P9WIP3,CDS,Plasma Membrane,menA,"1,4-dihydroxy-2-naphthoate octaprenyltransferase",metabolism,Prenyltransferases,Metabolism,Metabolism of cofactors and vitamins,Ubiquinone and other terpenoid-quinone biosynthesis,MenA family. Type 1 subfamily,"Quinol/quinone metabolism; menaquinone biosynthesis; menaquinol from 1,4-dihydroxy-2-naphthoate",Cell membrane;Magnesium;Membrane;Menaquinone biosynthesis;Reference proteome;Transferase;Transmembrane;Transmembrane helix
g0555,887430,Rv0535,O06401,CDS,Cytoplasmic,mtnP,S-methyl-5'-thioadenosine phosphorylase,,,Metabolism,Amino acid metabolism,Cysteine and methionine metabolism,PNP/MTAP phosphorylase family. MTAP subfamily,Amino-acid biosynthesis; L-methionine biosynthesis via salvage pathway; S-methyl-5-thio-alpha-D-ribose 1-phosphate from S-methyl-5'-thioadenosine (phosphorylase route),Glycosyltransferase;Purine salvage;Reference proteome;Transferase
g0556,887457,Rv0536,L7N670,CDS,Cytoplasmic,galE3,UDP-glucose 4-epimerase GalE,,,Metabolism,Metabolism of terpenoids and polyketides,Polyketide sugar unit biosynthesis,,,Reference proteome
g0557,887465,Rv0537c,O06403,CDS,Plasma Membrane,,integral membrane protein,,,,,,,,Membrane;Reference proteome;Transmembrane;Transmembrane helix
g0558,887473,Rv0538,O06404,CDS,Extracellular,,membrane protein,,,,,,,,Membrane;Reference proteome;Transmembrane;Transmembrane helix
g0559,887476,Rv0539,P9WMY1,CDS,Plasma Membrane,,Uncharacterized glycosyltransferase Rv0539,,,,,,glycosyltransferase 2 family,,Glycosyltransferase;Reference proteome;Transferase
g0560,887489,Rv0540,O06406,CDS,Cytoplasmic,,Glycosyltransferase involved in cell wall biogenesis,,,,,,,,Reference proteome
g0561,887416,Rv0541c,O06407,CDS,Plasma Membrane,,integral membrane protein,,,Metabolism,Glycan biosynthesis and metabolism,Lipoarabinomannan (LAM) biosynthesis,,,Membrane;Reference proteome;Transmembrane;Transmembrane helix
g0562,887507,Rv0542c,P9WQ39,CDS,Cytoplasmic,menE,Probable 2-succinylbenzoate--CoA ligase,,,Metabolism,Metabolism of cofactors and vitamins,Ubiquinone and other terpenoid-quinone biosynthesis,ATP-dependent AMP-binding enzyme family. MenE subfamily,"Quinol/quinone metabolism; 1,4-dihydroxy-2-naphthoate biosynthesis; 1,4-dihydroxy-2-naphthoate from chorismate; Quinol/quinone metabolism; menaquinone biosynthesis",ATP-binding;Direct protein sequencing;Ligase;Menaquinone biosynthesis;Nucleotide-binding;Reference proteome
g0563,887494,Rv0543c,O06409,CDS,Cytoplasmic,,hypothetical protein,,,,,,,,Reference proteome
g0564,887511,Rv0544c,O06410,CDS,Plasma Membrane,,transmembrane protein,,,,,,,,Membrane;Reference proteome;Transmembrane;Transmembrane helix
g0565,887517,Rv0545c,P9WIA7,CDS,Plasma Membrane,pit,Probable low-affinity inorganic phosphate transporter,,,,,,inorganic phosphate transporter (PiT) (TC 2.A.20) family. Pit subfamily,,Cell membrane;Membrane;Phosphate transport;Reference proteome;Symport;Transmembrane;Transmembrane helix;Transport
g0566,887509,Rv0546c,O06412,CDS,Cytoplasmic,,hypothetical protein,,,,,,,,Reference proteome
g0567,887527,Rv0547c,O06413,CDS,Plasma Membrane,,Fatty acyl-CoA reductase Rv0547c,,,,,,short-chain dehydrogenases/reductases (SDR) family,,Host mitochondrion;Lipid metabolism;NADP;Oxidoreductase;Reference proteome;Virulence
g0568,887529,Rv0548c,P9WNP5,CDS,Cytoplasmic,menB,"1,4-dihydroxy-2-naphthoyl-CoA synthase",,,Metabolism,Metabolism of cofactors and vitamins,Ubiquinone and other terpenoid-quinone biosynthesis,enoyl-CoA hydratase/isomerase family. MenB subfamily,"Quinol/quinone metabolism; 1,4-dihydroxy-2-naphthoate biosynthesis; 1,4-dihydroxy-2-naphthoate from chorismate; Quinol/quinone metabolism; menaquinone biosynthesis",3D-structure;Lyase;Menaquinone biosynthesis;Reference proteome
g0569,887534,Rv0549c,P9WFB7,CDS,Cytoplasmic,vapC3,Ribonuclease VapC3,signaling and cellular processes,Prokaryotic defense system,,,,PINc/VapC protein family,,Hydrolase;Magnesium;Metal-binding;Nuclease;Reference proteome;Toxin-antitoxin system
g0570,887515,Rv0550c,P9WJ59,CDS,Cytoplasmic,vapB3,Antitoxin VapB3,signaling and cellular processes,Prokaryotic defense system,,,,,,Reference proteome;Toxin-antitoxin system
g0571,887526,Rv0551c,O06417,CDS,Cytoplasmic,fadD8,Medium/long-chain-fatty-acid--CoA ligase FadD8,metabolism,Lipid biosynthesis proteins,,,,ATP-dependent AMP-binding enzyme family,Lipid metabolism; fatty acid metabolism,3D-structure;ATP-binding;Fatty acid metabolism;Ligase;Lipid metabolism;Nucleotide-binding;Reference proteome
g0572,887537,Rv0552,O06418,CDS,Cytoplasmic,,hypothetical protein,,,,,,,,Reference proteome
g0573,887544,Rv0553,P9WJP3,CDS,Cytoplasmic,menC,o-succinylbenzoate synthase,,,Metabolism,Metabolism of cofactors and vitamins,Ubiquinone and other terpenoid-quinone biosynthesis,mandelate racemase/muconate lactonizing enzyme family. MenC type 1 subfamily,"Quinol/quinone metabolism; 1,4-dihydroxy-2-naphthoate biosynthesis; 1,4-dihydroxy-2-naphthoate from chorismate; Quinol/quinone metabolism; menaquinone biosynthesis",Lyase;Magnesium;Menaquinone biosynthesis;Metal-binding;Reference proteome
g0574,887535,Rv0554,P9WNH1,CDS,Cytoplasmic,bpoC,Putative non-heme bromoperoxidase BpoC,,,,,,AB hydrolase superfamily,,3D-structure;Oxidoreductase;Peroxidase;Reference proteome
g0575,887554,Rv0555,P9WK11,CDS,Cytoplasmic,menD,2-succinyl-5-enolpyruvyl-6-hydroxy-3-cyclohexene-1-carboxylate synthase,,,Metabolism,Metabolism of cofactors and vitamins,Ubiquinone and other terpenoid-quinone biosynthesis,TPP enzyme family. MenD subfamily,"Quinol/quinone metabolism; 1,4-dihydroxy-2-naphthoate biosynthesis; 1,4-dihydroxy-2-naphthoate from chorismate; Quinol/quinone metabolism; menaquinone biosynthesis",3D-structure;Magnesium;Manganese;Menaquinone biosynthesis;Metal-binding;Reference proteome;Thiamine pyrophosphate;Transferase
g0576,887551,Rv0556,O06422,CDS,Plasma Membrane,,transmembrane protein,,,,,,,,Membrane;Reference proteome;Transmembrane;Transmembrane helix
g0577,887609,Rv0557,P9WMY5,CDS,Cytoplasmic,mgtA,GDP-mannose-dependent alpha-mannosyltransferase,metabolism,Glycosyltransferases,,,,glycosyltransferase group 1 family. Glycosyltransferase 4 subfamily,Phospholipid metabolism; phosphatidylinositol metabolism,Glycosyltransferase;Lipid biosynthesis;Lipid metabolism;Phospholipid biosynthesis;Phospholipid metabolism;Reference proteome;Transferase;Virulence
g0578,887591,Rv0558,P9WFR3,CDS,Cytoplasmic,menG,Demethylmenaquinone methyltransferase,,,Metabolism,Metabolism of cofactors and vitamins,Ubiquinone and other terpenoid-quinone biosynthesis,class I-like SAM-binding methyltransferase superfamily. MenG/UbiE family,"Quinol/quinone metabolism; menaquinone biosynthesis; menaquinol from 1,4-dihydroxy-2-naphthoate",Menaquinone biosynthesis;Methyltransferase;Reference proteome;S-adenosyl-L-methionine;Transferase
g0579,887569,Rv0559c,P9WKL3,CDS,Extracellular,,Uncharacterized protein Rv0559c,,,,,,,,Reference proteome;Signal
g0580,887637,Rv0560c,P9WKL5,CDS,Cytoplasmic,htm,2-heptyl-1-hydroxyquinolin-4(1H)-one methyltransferase,,,,,,methyltransferase superfamily,,3D-structure;Cytoplasm;Methyltransferase;Reference proteome;S-adenosyl-L-methionine;Transferase
g0581,887638,Rv0561c,P9WNY9,CDS,Plasma Membrane,menJ,Menaquinone reductase,,,,,,geranylgeranyl reductase family,Quinol/quinone metabolism; menaquinone biosynthesis,FAD;Flavoprotein;Menaquinone biosynthesis;Oxidoreductase;Reference proteome;Virulence
g0582,887647,Rv0562,O06428,CDS,Cytoplasmic,grcC1,Nonaprenyl diphosphate synthase,,,,,,FPP/GGPP synthase family,Isoprenoid biosynthesis; farnesyl diphosphate biosynthesis; farnesyl diphosphate from geranyl diphosphate and isopentenyl diphosphate; Isoprenoid biosynthesis; geranylgeranyl diphosphate biosynthesis; geranylgeranyl diphosphate from farnesyl diphosphate and isopentenyl diphosphate,3D-structure;Lipid biosynthesis;Lipid metabolism;Magnesium;Metal-binding;Reference proteome;Transferase
g0583,887649,Rv0563,P9WHS5,CDS,Plasma Membrane,htpX,Protease HtpX homolog,metabolism,Peptidases and inhibitors,,,,peptidase M48B family,,Cell membrane;Hydrolase;Membrane;Metal-binding;Metalloprotease;Protease;Reference proteome;Transmembrane;Transmembrane helix;Zinc
g0584,887651,Rv0564c,P9WN75,CDS,Cytoplasmic,gpsA1,Glycerol-3-phosphate dehydrogenase [NAD(P)+] 1,,,Metabolism,Lipid metabolism,Glycerophospholipid metabolism,NAD-dependent glycerol-3-phosphate dehydrogenase family,Membrane lipid metabolism; glycerophospholipid metabolism,Cytoplasm;Lipid biosynthesis;Lipid metabolism;NAD;NADP;Nucleotide-binding;Oxidoreductase;Phospholipid biosynthesis;Phospholipid metabolism;Reference proteome
g0585,887662,Rv0565c,O53762,CDS,Plasma Membrane,,monooxygenase,,,,,,FAD-binding monooxygenase family,,FAD;Flavoprotein;Monooxygenase;Oxidoreductase;Reference proteome
g0586,887633,Rv0566c,P9WFK9,CDS,Cytoplasmic,,Nucleotide-binding protein Rv0566c,,,,,,YajQ family,,Nucleotide-binding;Reference proteome
g0587,887667,Rv0567,O53764,CDS,Cytoplasmic,,methyltransferase/methylase,,,,,,,,Methyltransferase;Reference proteome;S-adenosyl-L-methionine;Transferase
g0588,887654,Rv0568,P9WPM9,CDS,Cytoplasmic,cyp135B1,Putative cytochrome P450 135B1,metabolism,Cytochrome P450,,,,cytochrome P450 family,,Heme;Iron;Metal-binding;Monooxygenase;Oxidoreductase;Reference proteome
g0589,887678,Rv0569,P9WM83,CDS,Cytoplasmic,,Uncharacterized protein Rv0569,,,,,,,,Reference proteome
g0590,887666,Rv0570,P9WH77,CDS,Cytoplasmic,nrdZ,Vitamin B12-dependent ribonucleoside-diphosphate reductase,genetic information processing,DNA repair and recombination proteins,Metabolism,Nucleotide metabolism,Purine metabolism; Pyrimidine metabolism,ribonucleoside diphosphate reductase class-2 family,,ATP-binding;Cobalamin;Cobalt;Deoxyribonucleotide synthesis;Disulfide bond;DNA synthesis;Nucleotide-binding;Oxidoreductase;Reference proteome
g0591,887710,Rv0571c,P9WHK1,CDS,Cytoplasmic,,Putative phosphoribosyl transferase Rv0571c,,,,,,In the N-terminal section; belongs to the purine/pyrimidine phosphoribosyltransferase family; In the C-terminal section; belongs to the dienelactone hydrolase family,,Reference proteome;Transferase
g0592,,Rv0572A,P0DMM4,CDS,Cytoplasmic,,Uncharacterized protein Rv0572A,,,,,,,,Reference proteome
g0593,887696,Rv0572c,P9WM81,CDS,Cytoplasmic,,Uncharacterized protein Rv0572c,,,,,,,,Reference proteome
g0594,887716,Rv0573c,P9WJI7,CDS,Cytoplasmic,pncB2,Nicotinate phosphoribosyltransferase pncB2,,,Metabolism,Metabolism of cofactors and vitamins,Nicotinate and nicotinamide metabolism,NAPRTase family,Cofactor biosynthesis; NAD(+) biosynthesis; nicotinate D-ribonucleotide from nicotinate,Ligase;Phosphoprotein;Pyridine nucleotide biosynthesis;Reference proteome;Transferase
g0595,887721,Rv0574c,P9WM79,CDS,Cytoplasmic,,Probable polyglutamine synthesis accessory protein Rv0574c,,,,,,CapA family,,Reference proteome;Stress response
g0596,887720,Rv0575c,O53772,CDS,Cytoplasmic,,oxidoreductase,,,,,,,,Reference proteome
g0597,887717,Rv0576,O53773,CDS,Cytoplasmic,,transcriptional regulator,,,,,,AHA1 family,,DNA-binding;Reference proteome;Transcription;Transcription regulation
g0598,887732,Rv0577,P9WIR3,CDS,Extracellular,cfp32,Putative glyoxylase CFP32,,,,,,,,3D-structure;Direct protein sequencing;Reference proteome;Repeat;Secreted;Virulence
g0599,887725,Rv0578c,Q6MX28,CDS,Extracellular,PE_PGRS7,PE-PGRS family protein PE_PGRS7,,,,,,,,Reference proteome
g0600,887738,Rv0579,O53776,CDS,Cytoplasmic,,Twitching motility protein PilT,,,,,,,,Reference proteome
g0601,887712,Rv0580c,O53777,CDS,Plasma Membrane,,hypothetical protein,,,,,,,,Reference proteome
g0602,887739,Rv0581,O53778,CDS,Cytoplasmic,vapB26,Antitoxin VapB26,signaling and cellular processes,Prokaryotic defense system,,,,,,3D-structure;Reference proteome;Toxin-antitoxin system
g0603,887747,Rv0582,O53779,CDS,Cytoplasmic,vapC26,Ribonuclease VapC26,signaling and cellular processes,Prokaryotic defense system,,,,PINc/VapC protein family,,3D-structure;Hydrolase;Magnesium;Metal-binding;Nuclease;Reference proteome;Toxin-antitoxin system
g0604,887733,Rv0583c,O53780,CDS,Plasma Membrane,lpqN,Lipoprotein LpqN,,,,,,,,3D-structure;Cell membrane;Cell wall biogenesis/degradation;Lipoprotein;Membrane;Palmitate;Reference proteome;Secreted;Signal;Virulence
g0605,887752,Rv0584,O86365,CDS,Extracellular,,Uncharacterized glycosidase Rv0584,,,,,,glycosyl hydrolase 92 family,,Glycosidase;Hydrolase;Reference proteome;Signal
g0606,887753,Rv0585c,O53781,CDS,Plasma Membrane,,integral membrane protein,,,,,,,,Cell membrane;Membrane;Reference proteome;Transmembrane;Transmembrane helix
g0607,887754,Rv0586,P9WMG5,CDS,Cytoplasmic,mce2R,HTH-type transcriptional regulator Mce2R,,,,,,,,DNA-binding;Reference proteome;Repressor;Transcription;Transcription regulation
g0608,887755,Rv0587,I6Y870,CDS,Plasma Membrane,yrbE2A,hypothetical protein,signaling and cellular processes,Transporters,Environmental Information Processing,Membrane transport,ABC transporters,,,Membrane;Reference proteome;Transmembrane;Transmembrane helix
g0609,887761,Rv0588,O07790,CDS,Plasma Membrane,yrbE2B,hypothetical protein,signaling and cellular processes,Transporters,Environmental Information Processing,Membrane transport,ABC transporters,,,Membrane;Reference proteome;Transmembrane;Transmembrane helix
g0610,887745,Rv0589,Q79FY7,CDS,Plasma Membrane,mce2A,Mce family protein Mce2A,signaling and cellular processes,Transporters,Environmental Information Processing,Membrane transport,ABC transporters,,,Membrane;Reference proteome;Transmembrane;Transmembrane helix
g0611,,Rv0590,O07788,CDS,Plasma Membrane,mce2B,Mce-family protein Mce2B,,,,,,,,Membrane;Reference proteome;Transmembrane;Transmembrane helix
g0612,,Rv0590A,I6X9D2,CDS,Cytoplasmic,,Mce-family related protein,,,,,,,,Reference proteome
g0613,887770,Rv0591,O07787,CDS,Plasma Membrane,mce2C,Mce family protein Mce2C,signaling and cellular processes,Transporters,Environmental Information Processing,Membrane transport,ABC transporters,,,Reference proteome
g0614,887786,Rv0592,I6WYT7,CDS,Plasma Membrane,mce2D,Mce family protein Mce2D,signaling and cellular processes,Transporters,Environmental Information Processing,Membrane transport,ABC transporters,,,Reference proteome
g0615,887829,Rv0593,I6Y461,CDS,Plasma Membrane,lprL,Mce family lipoprotein LprL,signaling and cellular processes,Transporters,Environmental Information Processing,Membrane transport,ABC transporters,,,Lipoprotein;Reference proteome
g0616,887797,Rv0594,O07784,CDS,Plasma Membrane,mce2F,Mce family protein Mce2F,signaling and cellular processes,Transporters,Environmental Information Processing,Membrane transport,ABC transporters,,,Membrane;Reference proteome;Transmembrane;Transmembrane helix
g0617,887835,Rv0595c,O07783,CDS,Cytoplasmic,vapC4,Ribonuclease VapC4,signaling and cellular processes,Prokaryotic defense system,,,,PINc/VapC protein family,,Hydrolase;Magnesium;Metal-binding;Nuclease;Reference proteome;RNA-binding;Secreted;Toxin-antitoxin system
g0618,887846,Rv0596c,P9WF21,CDS,Cytoplasmic,vapB4,Antitoxin VapB4,signaling and cellular processes,Prokaryotic defense system,,,,phD/YefM antitoxin family,,Reference proteome;Toxin-antitoxin system
g0619,887853,Rv0597c,I6WYU2,CDS,Cytoplasmic,,ATP-binding protein,,,,,,,,Reference proteome
g0620,887861,Rv0598c,P9WF83,CDS,Cytoplasmic,vapC27,Ribonuclease VapC27,signaling and cellular processes,Prokaryotic defense system,,,,PINc/VapC protein family,,Hydrolase;Magnesium;Metal-binding;Nuclease;Reference proteome;Secreted;Toxin-antitoxin system
g0621,887856,Rv0599c,O07779,CDS,Cytoplasmic,vapB27,Antitoxin VapB27,signaling and cellular processes,Prokaryotic defense system,,,,VapB family,,DNA-binding;Reference proteome;Toxin-antitoxin system
g0622,887847,Rv0600c,O07778,CDS,Cytoplasmic,,Sensor histidine kinase component HK1,metabolism; signaling and cellular processes,Protein kinases; Two-component system,,,,,,ATP-binding;Kinase;Nucleotide-binding;Reference proteome;Transferase;Two-component regulatory system
g0623,887868,Rv0601c,O07777,CDS,Plasma Membrane,,Sensor histidine kinase component HK2,,,,,,,,Cell membrane;Kinase;Membrane;Phosphoprotein;Reference proteome;Transferase;Transmembrane;Transmembrane helix;Two-component regulatory system
g0624,887870,Rv0602c,O07776,CDS,Cytoplasmic,tcrA,Transcriptional regulatory protein TcrA,,,,,,,,Cytoplasm;DNA-binding;Phosphoprotein;Reference proteome;Transcription;Transcription regulation;Two-component regulatory system
g0625,887863,Rv0603,O07775,CDS,Plasma Membrane,,hypothetical protein,,,,,,,,3D-structure;Reference proteome;Signal
g0626,887879,Rv0604,I6X9E2,CDS,Plasma Membrane,lpqO,lipoprotein LpqO,,,,,,,,Lipoprotein;Reference proteome;Signal
g0627,887872,Rv0605,I6Y890,CDS,Cytoplasmic,,IS1536 family serine type transposase,,,,,,,,DNA integration;DNA recombination;DNA-binding;Reference proteome
g0628,,Rv0606,O07772,CDS,Cytoplasmic,,Possible transposase (fragment),,,,,,,,Reference proteome
g0629,887883,Rv0607,O07771,CDS,Cytoplasmic,,hypothetical protein,,,,,,,,Reference proteome
g0630,887895,Rv0608,P9WJ39,CDS,Cytoplasmic,vapB28,Antitoxin VapB28,signaling and cellular processes,Prokaryotic defense system,,,,,,Reference proteome;Toxin-antitoxin system
g0631,887896,Rv0609,P9WF81,CDS,Cytoplasmic,vapC28,Ribonuclease VapC28,signaling and cellular processes,Prokaryotic defense system,,,,PINc/VapC protein family,,Hydrolase;Magnesium;Metal-binding;Nuclease;Reference proteome;Toxin-antitoxin system
g0632,3205046,Rv0609A,Q79FY5,CDS,Extracellular,,hypothetical protein,,,,,,,,Reference proteome
g0633,,Rv0609B,P0DN33,CDS,Cytoplasmic,,Uncharacterized protein Rv0609B,,,,,,,,Reference proteome
g0634,887890,Rv0610c,I6Y481,CDS,Cytoplasmic,,hypothetical protein,,,,,,,,Reference proteome
g0635,887906,Rv0611c,I6XVR9,CDS,Cytoplasmic,,DUF4926 domain-containing protein,,,,,,,,Reference proteome
g0636,887908,Rv0612,I6X9E8,CDS,Cytoplasmic,,hypothetical protein,,,,,,,,Reference proteome
g0637,887913,Rv0613c,I6Y897,CDS,Cytoplasmic,,hypothetical protein,,,,,,,,Reference proteome
g0638,887914,Rv0614,O07763,CDS,Extracellular,,Galactose-1-phosphate uridylyltransferase,,,,,,,,Reference proteome
g0639,887920,Rv0615,O07762,CDS,Plasma Membrane,,integral membrane protein,,,,,,,,Membrane;Reference proteome;Transmembrane;Transmembrane helix
g0640,14515850,Rv0616A,P9WJ37,CDS,Cytoplasmic,vapB29,Putative antitoxin VapB29,signaling and cellular processes,Prokaryotic defense system,,,,,,Reference proteome;Toxin-antitoxin system
g0641,,Rv0616c,O07761,CDS,Extracellular,,Hypothetical protein,,,,,,,,Reference proteome
g0642,887926,Rv0617,P9WF79,CDS,Cytoplasmic,vapC29,Ribonuclease VapC29,signaling and cellular processes,Prokaryotic defense system,,,,PINc/VapC protein family,,Hydrolase;Magnesium;Metal-binding;Nuclease;Reference proteome;Toxin-antitoxin system
g0643,,Rv0618,Q79FY4,CDS,Cytoplasmic,galTa,Galactose-1-phosphate uridylyltransferase,,,,,,,,Carbohydrate metabolism;Nucleotidyltransferase;Reference proteome;Transferase
g0644,,Rv0619,Q79FY3,CDS,Cytoplasmic,galTb,Galactose-1-phosphate uridylyltransferase,,,,,,,,Carbohydrate metabolism;Galactose metabolism;Nucleotidyltransferase;Reference proteome;Transferase
g0645,887936,Rv0620,P9WN63,CDS,Cytoplasmic,galK,Galactokinase,signaling and cellular processes,Exosome,Metabolism,Carbohydrate metabolism; Glycan biosynthesis and metabolism,Galactose metabolism; Amino sugar and nucleotide sugar metabolism,GHMP kinase family. GalK subfamily,Carbohydrate metabolism; galactose metabolism,ATP-binding;Carbohydrate metabolism;Cytoplasm;Galactose metabolism;Kinase;Magnesium;Metal-binding;Nucleotide-binding;Reference proteome;Transferase
g0646,887901,Rv0621,I6X9F4,CDS,Plasma Membrane,,membrane protein,,,,,,,,Membrane;Reference proteome;Transmembrane;Transmembrane helix
g0647,887942,Rv0622,P96912,CDS,Plasma Membrane,,membrane protein,,,,,,,,Membrane;Reference proteome;Transmembrane;Transmembrane helix
g0648,887970,Rv0623,P9WJ35,CDS,Cytoplasmic,vapB30,Antitoxin VapB30,signaling and cellular processes,Prokaryotic defense system,,,,,,3D-structure;Reference proteome;Toxin-antitoxin system
g0649,887951,Rv0624,P9WF77,CDS,Cytoplasmic,vapC30,Ribonuclease VapC30,signaling and cellular processes,Prokaryotic defense system,,,,PINc/VapC protein family,,3D-structure;Hydrolase;Magnesium;Metal-binding;Nuclease;Reference proteome;Toxin-antitoxin system
g0650,887967,Rv0625c,P9WFS5,CDS,Plasma Membrane,,TVP38/TMEM64 family membrane protein Rv0625c,,,,,,TVP38/TMEM64 family,,Acetylation;Cell membrane;Membrane;Reference proteome;Transmembrane;Transmembrane helix
g0651,887996,Rv0626,P9WF19,CDS,Cytoplasmic,vapB5,Putative antitoxin VapB5,signaling and cellular processes,Prokaryotic defense system,,,,phD/YefM antitoxin family,,3D-structure;Reference proteome;Toxin-antitoxin system
g0652,887991,Rv0627,P96917,CDS,Cytoplasmic,vapC5,Ribonuclease VapC5,signaling and cellular processes,Prokaryotic defense system,,,,PINc/VapC protein family,,3D-structure;Hydrolase;Magnesium;Metal-binding;Nuclease;Reference proteome;Secreted;Toxin-antitoxin system
g0653,887986,Rv0628c,P9WKS7,CDS,Cytoplasmic,,Uncharacterized protein Rv0628c,,,,,,To M.tuberculosis Rv0874c,,Cell membrane;Membrane;Reference proteome;Transmembrane;Transmembrane helix
g0654,887999,Rv0629c,P9WHJ1,CDS,Cytoplasmic,recD,RecBCD enzyme subunit RecD,genetic information processing,DNA repair and recombination proteins,Genetic Information Processing,Replication and repair,Homologous recombination,RecD family,,ATP-binding;DNA damage;DNA repair;DNA-binding;Exonuclease;Helicase;Hydrolase;Isomerase;Nuclease;Nucleotide-binding;Reference proteome
g0655,888004,Rv0630c,P9WMQ3,CDS,Cytoplasmic,recB,RecBCD enzyme subunit RecB,genetic information processing,DNA repair and recombination proteins,Genetic Information Processing,Replication and repair,Homologous recombination,helicase family. UvrD subfamily,,ATP-binding;DNA damage;DNA repair;DNA-binding;Exonuclease;Helicase;Hydrolase;Isomerase;Magnesium;Metal-binding;Nuclease;Nucleotide-binding;Reference proteome
g0656,888008,Rv0631c,P9WIQ5,CDS,Cytoplasmic,recC,RecBCD enzyme subunit RecC,genetic information processing,DNA repair and recombination proteins,Genetic Information Processing,Replication and repair,Homologous recombination,RecC family,,ATP-binding;DNA damage;DNA repair;DNA-binding;Exonuclease;Helicase;Hydrolase;Nuclease;Nucleotide-binding;Reference proteome
g0657,888015,Rv0632c,I6Y8B5,CDS,Cytoplasmic,echA3,enoyl-CoA hydratase EchA3,,,,,,enoyl-CoA hydratase/isomerase family,,3D-structure;Lipid metabolism;Lyase;Reference proteome
g0658,888001,Rv0633c,P96923,CDS,Plasma Membrane,,hypothetical protein,,,,,,,,Membrane;Reference proteome;Transmembrane;Transmembrane helix
g0659,3205041,Rv0634A,P9WKS5,CDS,Cytoplasmic,,Uncharacterized protein Rv0634A,,,,,,,,Direct protein sequencing;Reference proteome
g0660,3205042,Rv0634B,P9WH95,CDS,Cytoplasmic,rpmG2,Large ribosomal subunit protein bL33B,genetic information processing,Ribosome,Genetic Information Processing,Translation,Ribosome,bacterial ribosomal protein bL33 family,,3D-structure;Reference proteome;Ribonucleoprotein;Ribosomal protein;RNA-binding;rRNA-binding
g0661,888016,Rv0634c,I6Y4A5,CDS,Cytoplasmic,,glyoxalase II,,,,,,,,Hydrolase;Metal-binding;Reference proteome;Zinc
g0662,888032,Rv0635,P9WFK1,CDS,Cytoplasmic,hadA,UPF0336 protein Rv0635,metabolism,Lipid biosynthesis proteins,Metabolism,Lipid metabolism,Mycolic acid biosynthesis,UPF0336 family,,3D-structure;Reference proteome
g0663,888031,Rv0636,I6WYY7,CDS,Cytoplasmic,hadB,(3R)-hydroxyacyl-ACP dehydratase subunit HadB,metabolism,Lipid biosynthesis proteins,Metabolism,Lipid metabolism,Mycolic acid biosynthesis,enoyl-CoA hydratase/isomerase family,,3D-structure;Reference proteome
g0664,888019,Rv0637,P9WFJ9,CDS,Cytoplasmic,hadC,UPF0336 protein Rv0637,metabolism,Lipid biosynthesis proteins,Metabolism,Lipid metabolism,Mycolic acid biosynthesis,UPF0336 family,,3D-structure;Reference proteome
g0665,888042,Rv0638,P9WGN7,CDS,Plasma Membrane,secE,Protein translocase subunit SecE,signaling and cellular processes,Secretion system,Genetic Information Processing; Environmental Information Processing; Cellular Processes,"Folding, sorting and degradation; Membrane transport; Cellular community - prokaryotes",Protein export; Bacterial secretion system; Quorum sensing,SecE/SEC61-gamma family,,Cell membrane;Membrane;Protein transport;Reference proteome;Translocation;Transmembrane;Transmembrane helix;Transport
g0666,888039,Rv0639,P9WIU9,CDS,Cytoplasmic,nusG,Transcription termination/antitermination protein NusG,genetic information processing,Transcription machinery; Ribosome biogenesis,,,,NusG family,,3D-structure;Reference proteome;Transcription;Transcription antitermination;Transcription regulation;Transcription termination
g0667,888045,Rv0640,P9WHE5,CDS,Extracellular,rplK,Large ribosomal subunit protein uL11,genetic information processing,Ribosome,Genetic Information Processing,Translation,Ribosome,universal ribosomal protein uL11 family,,Isopeptide bond;Methylation;Reference proteome;Ribonucleoprotein;Ribosomal protein;RNA-binding;rRNA-binding;Ubl conjugation
g0668,888043,Rv0641,P9WHC7,CDS,Extracellular,rplA,Large ribosomal subunit protein uL1,genetic information processing,Ribosome,Genetic Information Processing,Translation,Ribosome,universal ribosomal protein uL1 family,,3D-structure;Reference proteome;Repressor;Ribonucleoprotein;Ribosomal protein;RNA-binding;rRNA-binding;Translation regulation;tRNA-binding
g0669,888056,Rv0642c,Q79FX8,CDS,Cytoplasmic,mmaA4,Hydroxymycolate synthase MmaA4,,,Metabolism,Lipid metabolism,Mycolic acid biosynthesis,CFA/CMAS family,Lipid metabolism; mycolic acid biosynthesis,3D-structure;Lipid biosynthesis;Lipid metabolism;Methyltransferase;Reference proteome;S-adenosyl-L-methionine;Transferase
g0670,888058,Rv0643c,P0CH91,CDS,Cytoplasmic,mmaA3,Methoxy mycolic acid synthase MmaA3,,,Metabolism,Lipid metabolism,Mycolic acid biosynthesis,CFA/CMAS family,Lipid metabolism; mycolic acid biosynthesis,Lipid biosynthesis;Lipid metabolism;Methyltransferase;Reference proteome;S-adenosyl-L-methionine;Transferase
g0671,888061,Rv0644c,Q79FX6,CDS,Cytoplasmic,mmaA2,Cyclopropane mycolic acid synthase MmaA2,,,Metabolism,Lipid metabolism,Mycolic acid biosynthesis,CFA/CMAS family,Lipid metabolism; mycolic acid biosynthesis,3D-structure;Acetylation;Lipid biosynthesis;Lipid metabolism;Methyltransferase;Reference proteome;S-adenosyl-L-methionine;Transferase
g0672,888060,Rv0645c,P9WPB1,CDS,Cytoplasmic,mmaA1,Mycolic acid methyltransferase MmaA1,,,Metabolism,Lipid metabolism,Mycolic acid biosynthesis,CFA/CMAS family,Lipid metabolism; mycolic acid biosynthesis,3D-structure;Lipid biosynthesis;Lipid metabolism;Methyltransferase;Reference proteome;S-adenosyl-L-methionine;Transferase
g0673,888065,Rv0646c,P96935,CDS,Plasma Membrane,lipG,lipase/esterase LipG,,,,,,,,Reference proteome
g0674,888070,Rv0647c,P9WQI1,CDS,Plasma Membrane,,Uncharacterized protein Rv0647c,,,,,,protein kinase superfamily. ADCK protein kinase family,,Reference proteome
g0675,888048,Rv0648,P96937,CDS,Extracellular,,alpha-mannosidase,,,,,,glycosyl hydrolase 38 family,,Glycosidase;Hydrolase;Metal-binding;Reference proteome
g0676,888079,Rv0649,Q79FX5,CDS,Cytoplasmic,fabD2,malonyl CoA-acyl carrier protein transacylase,metabolism,Lipid biosynthesis proteins,Metabolism,Lipid metabolism; Biosynthesis of other secondary metabolites,Fatty acid biosynthesis; Mycolic acid biosynthesis; Prodigiosin biosynthesis,,,Reference proteome
g0677,888082,Rv0650,I6Y8D3,CDS,Cytoplasmic,,sugar kinase,,,Metabolism,Carbohydrate metabolism; Glycan biosynthesis and metabolism; Biosynthesis of other secondary metabolites,"Glycolysis / Gluconeogenesis; Galactose metabolism; Starch and sucrose metabolism; Amino sugar and nucleotide sugar metabolism; Streptomycin biosynthesis; Neomycin, kanamycin and gentamicin biosynthesis",ROK (NagC/XylR) family,,Kinase;Reference proteome;Transferase
g0678,888049,Rv0651,P9WHE7,CDS,Extracellular,rplJ,Large ribosomal subunit protein uL10,genetic information processing,Ribosome,Genetic Information Processing,Translation,Ribosome,universal ribosomal protein uL10 family,,Reference proteome;Ribonucleoprotein;Ribosomal protein;RNA-binding;rRNA-binding
g0679,888078,Rv0652,P9WHE3,CDS,Cytoplasmic,rplL,Large ribosomal subunit protein bL12,genetic information processing,Ribosome,Genetic Information Processing,Translation,Ribosome,bacterial ribosomal protein bL12 family,,Reference proteome;Ribonucleoprotein;Ribosomal protein;RNA-binding;rRNA-binding
g0680,888087,Rv0653c,P96941,CDS,Cytoplasmic,,transcriptional regulator,,,,,,,,DNA-binding;Reference proteome;Transcription;Transcription regulation
g0681,888089,Rv0654,P9WPR5,CDS,Cytoplasmic,,Carotenoid cleavage oxygenase,,,,,,carotenoid oxygenase family,,Dioxygenase;Iron;Metal-binding;Oxidoreductase;Reference proteome
g0682,888081,Rv0655,P9WQL5,CDS,Plasma Membrane,mkl,Probable ribonucleotide transport ATP-binding protein mkl,signaling and cellular processes,Transporters,Environmental Information Processing,Membrane transport,ABC transporters,ABC transporter superfamily,,Acetylation;ATP-binding;Nucleotide-binding;Reference proteome;Transport
g0683,888106,Rv0656c,P9WFB5,CDS,Cytoplasmic,vapC6,Ribonuclease VapC6,signaling and cellular processes,Prokaryotic defense system,,,,PINc/VapC protein family,,Hydrolase;Magnesium;Metal-binding;Nuclease;Reference proteome;Toxin-antitoxin system
g0684,888077,Rv0657c,P9WJ57,CDS,Cytoplasmic,vapB6,Putative antitoxin VapB6,signaling and cellular processes,Prokaryotic defense system,,,,,,Reference proteome;Toxin-antitoxin system
g0685,888102,Rv0658c,O06781,CDS,Plasma Membrane,,integral membrane protein,metabolism,Peptidases and inhibitors,,,,,,Membrane;Reference proteome;Transmembrane;Transmembrane helix
g0686,888134,Rv0659c,P9WII1,CDS,Cytoplasmic,mazF2,Probable endoribonuclease MazF2,signaling and cellular processes,Prokaryotic defense system,,,,PemK/MazF family,,Endonuclease;Hydrolase;Nuclease;Reference proteome;Toxin-antitoxin system
g0687,888141,Rv0660c,O06779,CDS,Cytoplasmic,mazE2,Probable antitoxin MazE2,signaling and cellular processes,Prokaryotic defense system,,,,,,Reference proteome;Toxin-antitoxin system
g0688,888143,Rv0661c,P9WFB3,CDS,Cytoplasmic,vapC7,Ribonuclease VapC7,signaling and cellular processes,Prokaryotic defense system,,,,PINc/VapC protein family,,Hydrolase;Magnesium;Metal-binding;Nuclease;Reference proteome;Toxin-antitoxin system
g0689,888117,Rv0662c,O06777,CDS,Cytoplasmic,vapB7,Putative antitoxin VapB7,signaling and cellular processes,Prokaryotic defense system,,,,,,Reference proteome;Toxin-antitoxin system
g0690,888144,Rv0663,I6XVW9,CDS,Extracellular,atsD,arylsulfatase AtsD,,,,,,sulfatase family,,Calcium;Hydrolase;Metal-binding;Reference proteome
g0691,888146,Rv0664,O06775,CDS,Extracellular,vapB8,Putative antitoxin VapB8,signaling and cellular processes,Prokaryotic defense system,,,,,,Reference proteome;Toxin-antitoxin system
g0692,888149,Rv0665,P9WFB1,CDS,Cytoplasmic,vapC8,Ribonuclease VapC8,signaling and cellular processes,Prokaryotic defense system,,,,PINc/VapC protein family,,Hydrolase;Magnesium;Metal-binding;Nuclease;Reference proteome;Toxin-antitoxin system
g0693,888158,Rv0666,O06773,CDS,Extracellular,,membrane protein,,,,,,,,Reference proteome
g0694,888164,Rv0667,P9WGY9,CDS,Cytoplasmic,rpoB,DNA-directed RNA polymerase subunit beta,genetic information processing,Transcription machinery; DNA repair and recombination proteins,Genetic Information Processing,Transcription,RNA polymerase,RNA polymerase beta chain family,,3D-structure;Antibiotic resistance;DNA-directed RNA polymerase;Nucleotidyltransferase;Reference proteome;Transcription;Transferase
g0695,888177,Rv0668,P9WGY7,CDS,Cytoplasmic,rpoC,DNA-directed RNA polymerase subunit beta',genetic information processing,Transcription machinery; DNA repair and recombination proteins,Genetic Information Processing,Transcription,RNA polymerase,RNA polymerase beta' chain family,,3D-structure;DNA-directed RNA polymerase;Magnesium;Metal-binding;Nucleotidyltransferase;Reference proteome;Transcription;Transferase;Zinc
g0696,888181,Rv0669c,O06769,CDS,Cytoplasmic,,Neutral ceramidase,,,Metabolism,Lipid metabolism,Sphingolipid metabolism,neutral ceramidase family,,Hydrolase;Lipid metabolism;Magnesium;Metal-binding;Reference proteome;Zinc
g0697,888190,Rv0670,P9WQ13,CDS,Cytoplasmic,end,Probable endonuclease 4,genetic information processing,DNA repair and recombination proteins,Genetic Information Processing,Replication and repair,Base excision repair,AP endonuclease 2 family,,3D-structure;DNA damage;DNA repair;Endonuclease;Hydrolase;Metal-binding;Nuclease;Reference proteome;Zinc
g0698,888194,Rv0671,I6XVY0,CDS,Extracellular,lpqP,lipoprotein LpqP,,,,,,,,Hydrolase;Lipoprotein;Reference proteome;Signal
g0699,888198,Rv0672,I6X9J0,CDS,Cytoplasmic,fadE8,acyl-CoA dehydrogenase FadE8,,,,,,acyl-CoA dehydrogenase family,,FAD;Flavoprotein;Oxidoreductase;Reference proteome
g0700,888175,Rv0673,I6Y8F2,CDS,Cytoplasmic,echA4,enoyl-CoA hydratase EchA4,,,,,,enoyl-CoA hydratase/isomerase family,,Lyase;Reference proteome
g0701,888203,Rv0674,I6WZ26,CDS,Cytoplasmic,,"PaaX domain-containing protein, C-domain protein",genetic information processing,Transcription factors,,,,,,Reference proteome;Signal
g0702,888222,Rv0675,I6Y4E8,CDS,Cytoplasmic,echA5,enoyl-CoA hydratase EchA5,,,,,,enoyl-CoA hydratase/isomerase family,,3D-structure;Fatty acid metabolism;Lipid metabolism;Lyase;Reference proteome
g0703,888219,Rv0676c,P9WJV1,CDS,Plasma Membrane,mmpL5,Siderophore exporter MmpL5,,,,,,resistance-nodulation-cell division (RND) (TC 2.A.6) family. MmpL subfamily,,3D-structure;Cell inner membrane;Cell membrane;Membrane;Reference proteome;Transmembrane;Transmembrane helix;Transport
g0704,888233,Rv0677c,P9WJS7,CDS,Plasma Membrane,mmpS5,Siderophore export accessory protein MmpS5,,,,,,MmpS family,,3D-structure;Cell inner membrane;Cell membrane;Membrane;Reference proteome;Transmembrane;Transmembrane helix;Virulence
g0705,888235,Rv0678,I6Y8F7,CDS,Cytoplasmic,mmpR5,HTH-type transcriptional regulator MmpR5,,,,,,,,3D-structure;DNA-binding;Reference proteome;Repressor;Transcription;Transcription regulation
g0706,888230,Rv0679c,I6WZ30,CDS,Plasma Membrane,,hypothetical protein,,,,,,,,Reference proteome;Signal
g0707,888229,Rv0680c,I6Y4F1,CDS,Extracellular,,transmembrane protein,,,,,,,,Membrane;Reference proteome;Signal;Transmembrane
g0708,888239,Rv0681,O53789,CDS,Cytoplasmic,,Uncharacterized HTH-type transcriptional regulator Rv0681,,,,,,,,Direct protein sequencing;DNA-binding;Phosphoprotein;Reference proteome;Transcription;Transcription regulation
g0709,888259,Rv0682,P9WH63,CDS,Cytoplasmic,rpsL,Small ribosomal subunit protein uS12,genetic information processing,Ribosome,Genetic Information Processing,Translation,Ribosome,universal ribosomal protein uS12 family,,3D-structure;Antibiotic resistance;Reference proteome;Ribonucleoprotein;Ribosomal protein;RNA-binding;rRNA-binding;tRNA-binding
g0710,888245,Rv0683,P9WH29,CDS,Extracellular,rpsG,Small ribosomal subunit protein uS7,genetic information processing,Ribosome,Genetic Information Processing,Translation,Ribosome,universal ribosomal protein uS7 family,,3D-structure;Reference proteome;Ribonucleoprotein;Ribosomal protein;RNA-binding;rRNA-binding;tRNA-binding
g0711,888240,Rv0684,P9WNM7,CDS,Cytoplasmic,fusA,Elongation factor G,genetic information processing,Translation factors; Mitochondrial biogenesis,,,,TRAFAC class translation factor GTPase superfamily. Classic translation factor GTPase family. EF-G/EF-2 subfamily,,3D-structure;Cytoplasm;Elongation factor;GTP-binding;Isopeptide bond;Nucleotide-binding;Protein biosynthesis;Reference proteome;Ubl conjugation
g0712,888262,Rv0685,P9WNN1,CDS,Cytoplasmic,tuf,Elongation factor Tu,genetic information processing; signaling and cellular processes,Translation factors; Mitochondrial biogenesis; Exosome,,,,TRAFAC class translation factor GTPase superfamily. Classic translation factor GTPase family. EF-Tu/EF-1A subfamily,,3D-structure;Cytoplasm;Elongation factor;GTP-binding;Hydrolase;Magnesium;Metal-binding;Nucleotide-binding;Protein biosynthesis;Reference proteome
g0713,888271,Rv0686,I6XVZ6,CDS,Plasma Membrane,,membrane protein,,,,,,,,Membrane;Reference proteome;Transmembrane;Transmembrane helix
g0714,888279,Rv0687,P9WGS7,CDS,Cytoplasmic,,Uncharacterized NAD-dependent oxidoreductase Rv0687,,,,,,short-chain dehydrogenases/reductases (SDR) family,,NAD;Oxidoreductase;Reference proteome
g0715,888280,Rv0688,P95034,CDS,Cytoplasmic,,ferredoxin reductase,,,,,,,,FAD;Flavoprotein;Oxidoreductase;Reference proteome
g0716,888283,Rv0689c,I6WZ39,CDS,Cytoplasmic,,hypothetical protein,,,,,,,,Reference proteome
g0717,888292,Rv0690c,I6Y4G1,CDS,Cytoplasmic,,DUF2332 domain-containing protein,,,,,,,,Reference proteome
g0718,14515851,Rv0691A,P9WJ81,CDS,Cytoplasmic,mftA,Mycofactocin precursor peptide,,,,,,mycofactocin precursor peptide family,,Reference proteome
g0719,888296,Rv0691c,P9WMB7,CDS,Cytoplasmic,mftR,Putative mycofactocin biosynthesis transcriptional regulator MftR,genetic information processing,Transcription factors,,,,,,3D-structure;DNA-binding;Reference proteome;Transcription;Transcription regulation
g0720,888285,Rv0692,P95038,CDS,Cytoplasmic,mftB,Peptide chaperone MftB,,,,,,peptide chaperone MftB family,,Reference proteome
g0721,888302,Rv0693,P9WJ79,CDS,Cytoplasmic,mftC,Mycofactocin maturase MftC,,,,,,radical SAM superfamily. MftC family,,4Fe-4S;Iron;Iron-sulfur;Lyase;Metal-binding;Oxidoreductase;Reference proteome;S-adenosyl-L-methionine
g0722,888310,Rv0694,P9WND7,CDS,Plasma Membrane,mftD,Pre-mycofactocin synthase,,,,,,FMN-dependent alpha-hydroxy acid dehydrogenase family,,Flavoprotein;FMN;Oxidoreductase;Reference proteome
g0723,888314,Rv0695,P9WP59,CDS,Cytoplasmic,mftE,Mycofactocin precursor peptide peptidase,,,,,,creatininase superfamily,,Hydrolase;Iron;Metal-binding;Protease;Reference proteome;Zinc
g0724,888307,Rv0696,P9WMX1,CDS,Plasma Membrane,mftF,Pre-mycofactocin glycosyltransferase,,,,,,glycosyltransferase 2 family,,Cell membrane;Glycosyltransferase;Membrane;Reference proteome;Transferase;Transmembrane;Transmembrane helix
g0725,888316,Rv0697,I6Y8H4,CDS,Cytoplasmic,,dehydrogenase,,,,,,GMC oxidoreductase family,,FAD;Flavoprotein;Reference proteome
g0726,888327,Rv0698,P95044,CDS,Extracellular,,hypothetical protein,,,,,,,,Reference proteome
g0727,888335,Rv0699,P95046,CDS,Extracellular,,hypothetical protein,,,,,,,,Reference proteome
g0728,888331,Rv0700,P9WH67,CDS,Cytoplasmic,rpsJ,Small ribosomal subunit protein uS10,genetic information processing,Ribosome,Genetic Information Processing,Translation,Ribosome,universal ribosomal protein uS10 family,,3D-structure;Reference proteome;Ribonucleoprotein;Ribosomal protein;RNA-binding;rRNA-binding
g0729,888343,Rv0701,P9WH87,CDS,Cytoplasmic,rplC,Large ribosomal subunit protein uL3,genetic information processing,Ribosome,Genetic Information Processing,Translation,Ribosome,universal ribosomal protein uL3 family,,3D-structure;Reference proteome;Ribonucleoprotein;Ribosomal protein;RNA-binding;rRNA-binding
g0730,888345,Rv0702,P9WH85,CDS,Cytoplasmic,rplD,Large ribosomal subunit protein uL4,genetic information processing,Ribosome,Genetic Information Processing,Translation,Ribosome,universal ribosomal protein uL4 family,,3D-structure;Reference proteome;Ribonucleoprotein;Ribosomal protein;RNA-binding;rRNA-binding
g0731,888353,Rv0703,P9WHB9,CDS,Cytoplasmic,rplW,Large ribosomal subunit protein uL23,genetic information processing,Ribosome,Genetic Information Processing,Translation,Ribosome,universal ribosomal protein uL23 family,,3D-structure;Reference proteome;Ribonucleoprotein;Ribosomal protein;RNA-binding;rRNA-binding
g0732,888341,Rv0704,P9WHA5,CDS,Extracellular,rplB,Large ribosomal subunit protein uL2,genetic information processing,Ribosome,Genetic Information Processing,Translation,Ribosome,universal ribosomal protein uL2 family,,3D-structure;Reference proteome;Ribonucleoprotein;Ribosomal protein;RNA-binding;rRNA-binding
g0733,888356,Rv0705,P9WH45,CDS,Cytoplasmic,rpsS,Small ribosomal subunit protein uS19,genetic information processing,Ribosome,Genetic Information Processing,Translation,Ribosome,universal ribosomal protein uS19 family,,3D-structure;Reference proteome;Ribonucleoprotein;Ribosomal protein;RNA-binding;rRNA-binding
g0734,888359,Rv0706,P9WHC1,CDS,Extracellular,rplV,Large ribosomal subunit protein uL22,genetic information processing,Ribosome,Genetic Information Processing,Translation,Ribosome,universal ribosomal protein uL22 family,,3D-structure;Acetylation;Reference proteome;Ribonucleoprotein;Ribosomal protein;RNA-binding;rRNA-binding
g0735,888357,Rv0707,P9WH37,CDS,Extracellular,rpsC,Small ribosomal subunit protein uS3,genetic information processing,Ribosome,Genetic Information Processing,Translation,Ribosome,universal ribosomal protein uS3 family,,3D-structure;Reference proteome;Ribonucleoprotein;Ribosomal protein;RNA-binding;rRNA-binding
g0736,888377,Rv0708,P9WHD5,CDS,Extracellular,rplP,Large ribosomal subunit protein uL16,genetic information processing,Ribosome,Genetic Information Processing,Translation,Ribosome,universal ribosomal protein uL16 family,,3D-structure;Reference proteome;Ribonucleoprotein;Ribosomal protein;RNA-binding;rRNA-binding;tRNA-binding
g0737,888374,Rv0709,P9WHA7,CDS,Cytoplasmic,rpmC,Large ribosomal subunit protein uL29,genetic information processing,Ribosome,Genetic Information Processing,Translation,Ribosome,universal ribosomal protein uL29 family,,3D-structure;Reference proteome;Ribonucleoprotein;Ribosomal protein;RNA-binding;rRNA-binding
g0738,888391,Rv0710,P9WH51,CDS,Cytoplasmic,rpsQ,Small ribosomal subunit protein uS17,genetic information processing,Ribosome,Genetic Information Processing,Translation,Ribosome,universal ribosomal protein uS17 family,,3D-structure;Reference proteome;Ribonucleoprotein;Ribosomal protein;RNA-binding;rRNA-binding
g0739,888394,Rv0711,P95059,CDS,Cytoplasmic,atsA,arylsulfatase AtsA,,,,,,sulfatase family,,Calcium;Hydrolase;Metal-binding;Reference proteome
g0740,888346,Rv0712,I6Y8I5,CDS,Cytoplasmic,,Formylglycine-generating enzyme,,,Cellular Processes,Transport and catabolism,Lysosome biogenesis,sulfatase-modifying factor family,Protein modification; sulfatase oxidation,Copper;Metal-binding;Oxidoreductase;Reference proteome
g0741,888405,Rv0713,I6WZ58,CDS,Plasma Membrane,,transmembrane protein,,,,,,,,Membrane;Reference proteome;Transmembrane;Transmembrane helix
g0742,888411,Rv0714,P9WHD9,CDS,Extracellular,rplN,Large ribosomal subunit protein uL14,genetic information processing,Ribosome,Genetic Information Processing,Translation,Ribosome,universal ribosomal protein uL14 family,,3D-structure;Reference proteome;Ribonucleoprotein;Ribosomal protein;RNA-binding;rRNA-binding
g0743,888421,Rv0715,P9WHB7,CDS,Cytoplasmic,rplX,Large ribosomal subunit protein uL24,genetic information processing,Ribosome,Genetic Information Processing,Translation,Ribosome,universal ribosomal protein uL24 family,,3D-structure;Reference proteome;Ribonucleoprotein;Ribosomal protein;RNA-binding;rRNA-binding
g0744,888400,Rv0716,P9WH83,CDS,Cytoplasmic,rplE,Large ribosomal subunit protein uL5,genetic information processing,Ribosome,Genetic Information Processing,Translation,Ribosome,universal ribosomal protein uL5 family,,3D-structure;Reference proteome;Ribonucleoprotein;Ribosomal protein;RNA-binding;rRNA-binding;tRNA-binding
g0745,888414,Rv0717,P9WH57,CDS,Extracellular,rpsZ,Small ribosomal subunit protein uS14B,genetic information processing,Ribosome,Genetic Information Processing,Translation,Ribosome,universal ribosomal protein uS14 family. Zinc-binding uS14 subfamily,,3D-structure;Metal-binding;Reference proteome;Ribonucleoprotein;Ribosomal protein;RNA-binding;rRNA-binding;Zinc
g0746,888424,Rv0718,P9WH27,CDS,Cytoplasmic,rpsH,Small ribosomal subunit protein uS8,genetic information processing,Ribosome,Genetic Information Processing,Translation,Ribosome,universal ribosomal protein uS8 family,,3D-structure;Reference proteome;Ribonucleoprotein;Ribosomal protein;RNA-binding;rRNA-binding
g0747,888433,Rv0719,P9WH81,CDS,Extracellular,rplF,Large ribosomal subunit protein uL6,genetic information processing,Ribosome,Genetic Information Processing,Translation,Ribosome,universal ribosomal protein uL6 family,,3D-structure;Reference proteome;Ribonucleoprotein;Ribosomal protein;RNA-binding;rRNA-binding
g0748,888457,Rv0720,P9WHD1,CDS,Cytoplasmic,rplR,Large ribosomal subunit protein uL18,genetic information processing,Ribosome,Genetic Information Processing,Translation,Ribosome,universal ribosomal protein uL18 family,,3D-structure;Reference proteome;Ribonucleoprotein;Ribosomal protein;RNA-binding;rRNA-binding
g0749,888465,Rv0721,P9WH33,CDS,Cytoplasmic,rpsE,Small ribosomal subunit protein uS5,genetic information processing,Ribosome,Genetic Information Processing,Translation,Ribosome,universal ribosomal protein uS5 family,,3D-structure;Acetylation;Reference proteome;Ribonucleoprotein;Ribosomal protein;RNA-binding;rRNA-binding
g0750,888505,Rv0722,P9WHA3,CDS,Cytoplasmic,rpmD,Large ribosomal subunit protein uL30,genetic information processing,Ribosome,Genetic Information Processing,Translation,Ribosome,universal ribosomal protein uL30 family,,3D-structure;Reference proteome;Ribonucleoprotein;Ribosomal protein;RNA-binding;rRNA-binding
g0751,888531,Rv0723,P9WHD7,CDS,Extracellular,rplO,Large ribosomal subunit protein uL15,genetic information processing,Ribosome,Genetic Information Processing,Translation,Ribosome,universal ribosomal protein uL15 family,,3D-structure;Reference proteome;Ribonucleoprotein;Ribosomal protein;RNA-binding;rRNA-binding
g0752,888535,Rv0724,P95072,CDS,Cytoplasmic,sppA,protease IV SppA,metabolism,Peptidases and inhibitors,,,,peptidase S49 family,,Hydrolase;Membrane;Protease;Reference proteome;Serine protease
g0753,,Rv0724A,Q79FX1,CDS,Cytoplasmic,,SAM-dependent methyltransferase,,,,,,,,Reference proteome
g0754,888447,Rv0725c,P95073,CDS,Cytoplasmic,,S-adenosyl-L-methionine-dependent methyltransferase,,,,,,UPF0677 family,,Methyltransferase;Reference proteome;S-adenosyl-L-methionine;Transferase
g0755,888552,Rv0726c,P9WFI7,CDS,Cytoplasmic,,Putative S-adenosyl-L-methionine-dependent methyltransferase Rv0726c,,,,,,UPF0677 family,,Methyltransferase;Reference proteome;S-adenosyl-L-methionine;Transferase
g0756,888550,Rv0727c,P95075,CDS,Cytoplasmic,fucA,L-fuculose phosphate aldolase FucA,,,Metabolism,Carbohydrate metabolism,Pentose and glucuronate interconversions; Fructose and mannose metabolism,,,Lyase;Metal-binding;Reference proteome
g0757,888555,Rv0728c,I6WZ71,CDS,Cytoplasmic,serA2,D-3-phosphoglycerate dehydrogenase SerA,signaling and cellular processes,Exosome,Metabolism,Energy metabolism; Amino acid metabolism,"Methane metabolism; Glycine, serine and threonine metabolism; Cysteine and methionine metabolism",D-isomer specific 2-hydroxyacid dehydrogenase family,,Oxidoreductase;Reference proteome
g0758,888548,Rv0729,I6Y4K0,CDS,Cytoplasmic,xylB,D-xylulose kinase XylB,,,Metabolism,Carbohydrate metabolism,Pentose and glucuronate interconversions,FGGY kinase family,,Carbohydrate metabolism;Kinase;Reference proteome;Transferase;Xylose metabolism
g0759,888558,Rv0730,I6XW38,CDS,Cytoplasmic,,GCN5-like N-acetyltransferase,,,,,,,,Reference proteome
g0760,888556,Rv0731c,P9WFI5,CDS,Cytoplasmic,,Putative S-adenosyl-L-methionine-dependent methyltransferase Rv0731c,,,,,,UPF0677 family,,3D-structure;Methyltransferase;Reference proteome;S-adenosyl-L-methionine;Transferase
g0761,888559,Rv0732,P9WGN3,CDS,Plasma Membrane,secY,Protein translocase subunit SecY,signaling and cellular processes,Secretion system,Genetic Information Processing; Environmental Information Processing; Cellular Processes,"Folding, sorting and degradation; Membrane transport; Cellular community - prokaryotes",Protein export; Bacterial secretion system; Quorum sensing,SecY/SEC61-alpha family,,Cell membrane;Membrane;Protein transport;Reference proteome;Translocation;Transmembrane;Transmembrane helix;Transport
g0762,888567,Rv0733,P9WKF5,CDS,Cytoplasmic,adk,Adenylate kinase,signaling and cellular processes,Exosome,Metabolism,Nucleotide metabolism; Metabolism of cofactors and vitamins,Purine metabolism; Thiamine metabolism,adenylate kinase family,Purine metabolism; AMP biosynthesis via salvage pathway; AMP from ADP,3D-structure;ATP-binding;Cytoplasm;Direct protein sequencing;Isopeptide bond;Kinase;Nucleotide biosynthesis;Nucleotide-binding;Reference proteome;Transferase;Ubl conjugation
g0763,888564,Rv0734,P9WK21,CDS,Cytoplasmic,map-1,Methionine aminopeptidase 1,metabolism,Peptidases and inhibitors,,,,peptidase M24A family. Methionine aminopeptidase type 1 subfamily,,Aminopeptidase;Hydrolase;Metal-binding;Protease;Reference proteome
g0764,888609,Rv0735,P9WGH5,CDS,Cytoplasmic,sigL,ECF RNA polymerase sigma factor SigL,genetic information processing,Transcription machinery,,,,sigma-70 factor family. ECF subfamily,,3D-structure;DNA-binding;Reference proteome;Sigma factor;Transcription;Transcription regulation;Virulence
g0765,888611,Rv0736,P9WJ67,CDS,Plasma Membrane,rslA,Anti-sigma-L factor RslA,,,,,,zinc-associated anti-sigma factor (ZAS) superfamily,,3D-structure;Cell membrane;Membrane;Metal-binding;Reference proteome;Transcription;Transcription regulation;Transmembrane;Transmembrane helix;Virulence;Zinc
g0766,888619,Rv0737,I6Y8K3,CDS,Cytoplasmic,,transcriptional regulator,,,,,,,,Reference proteome
g0767,888620,Rv0738,P9WKS3,CDS,Cytoplasmic,,Uncharacterized protein Rv0738,,,,,,,,Reference proteome
g0768,888622,Rv0739,P9WKS1,CDS,Extracellular,,Uncharacterized protein Rv0739,,,,,,To M.tuberculosis Rv0025 and Rv0026,,Reference proteome
g0769,888638,Rv0740,O53803,CDS,Cytoplasmic,,Protein Rv0740,,,,,,,,Direct protein sequencing;Reference proteome
g0770,,Rv0741,I6X9N4,CDS,Cytoplasmic,,Probable transposase (fragment),,,,,,,,Reference proteome
g0771,888645,Rv0742,I6Y8K5,CDS,Extracellular,PE_PGRS8,PE-PGRS family protein PE_PGRS8,,,,,,mycobacterial PE family. PGRS subfamily,,Cell wall;Reference proteome;Secreted
g0772,888641,Rv0743c,I6WZ83,CDS,Cytoplasmic,,DUF6036 domain-containing protein,,,,,,,,Reference proteome
g0773,888648,Rv0744c,O53807,CDS,Cytoplasmic,,transcriptional regulator,,,,,,,,Reference proteome
g0774,888595,Rv0745,I6X9N8,CDS,Extracellular,,hypothetical protein,,,,,,,,Reference proteome
g0775,888664,Rv0746,Q79FW8,CDS,Extracellular,PE_PGRS9,PE-PGRS family protein PE_PGRS9,,,,,,,,Reference proteome
g0776,888662,Rv0747,P9WIG1,CDS,Extracellular,PE_PGRS10,Uncharacterized PE-PGRS family protein PE_PGRS10,,,,,,mycobacterial PE family. PGRS subfamily,,Reference proteome;Repeat
g0777,888682,Rv0748,O53811,CDS,Cytoplasmic,vapB31,Antitoxin VapB31,signaling and cellular processes,Prokaryotic defense system,,,,,,Reference proteome;Toxin-antitoxin system
g0778,888681,Rv0749,P9WF75,CDS,Cytoplasmic,vapC31,Ribonuclease VapC31,signaling and cellular processes,Prokaryotic defense system,,,,PINc/VapC protein family,,Hydrolase;Magnesium;Metal-binding;Nuclease;Reference proteome;Toxin-antitoxin system
g0779,3205052,Rv0749A,I6X9Q1,CDS,Plasma Membrane,,hypothetical protein,,,,,,,,Reference proteome
g0780,888688,Rv0750,O53813,CDS,Cytoplasmic,,hypothetical protein,,,,,,,,Reference proteome
g0781,888658,Rv0751c,P9WNY5,CDS,Cytoplasmic,mmsB,Probable 3-hydroxyisobutyrate dehydrogenase,,,Metabolism,Amino acid metabolism,"Valine, leucine and isoleucine degradation",HIBADH-related family,Amino-acid degradation; L-valine degradation,3D-structure;Branched-chain amino acid catabolism;NAD;Oxidoreductase;Reference proteome
g0782,888684,Rv0752c,I6Y4R2,CDS,Cytoplasmic,fadE9,acyl-CoA dehydrogenase FadE9,,,,,,acyl-CoA dehydrogenase family,,FAD;Flavoprotein;Oxidoreductase;Reference proteome
g0783,888707,Rv0753c,O53816,CDS,Cytoplasmic,mmsA,methylmalonate-semialdehyde dehydrogenase (CoA acylating),,,Metabolism,Carbohydrate metabolism; Amino acid metabolism; Metabolism of other amino acids,"Propanoate metabolism; Inositol phosphate metabolism; Valine, leucine and isoleucine degradation; beta-Alanine metabolism",,,NAD;Oxidoreductase;Reference proteome
g0784,888695,Rv0754,Q79FW5,CDS,Extracellular,PE_PGRS11,PE-PGRS family protein PE_PGRS11,,,,,,In the N-terminal section; belongs to the mycobacterial PE family. PGRS subfamily; In the C-terminal section; belongs to the phosphoglycerate mutase family,,Cell wall;Isomerase;Magnesium;Reference proteome;Secreted;Stress response;Virulence
g0785,,Rv0755A,Q79FW3,CDS,Cytoplasmic,,Putative transposase (fragment),,,,,,,,Reference proteome
g0786,888708,Rv0755c,P9WI37,CDS,Extracellular,PPE12,Uncharacterized PPE family protein PPE12,,,,,,mycobacterial PPE family,,Reference proteome
g0787,888730,Rv0756c,P71813,CDS,Cytoplasmic,,hypothetical protein,,,,,,,,Reference proteome
g0788,888772,Rv0757,P71814,CDS,Cytoplasmic,phoP,two component system response transcriptional positive regulator PhoP,signaling and cellular processes,Two-component system,,,,,,3D-structure;Calcium;DNA-binding;Metal-binding;Phosphoprotein;Reference proteome;Transcription;Transcription regulation;Two-component regulatory system
g0789,888775,Rv0758,P71815,CDS,Plasma Membrane,phoR,histidine kinase,metabolism; signaling and cellular processes,Protein kinases; Two-component system,,,,,,3D-structure;Kinase;Membrane;Phosphoprotein;Reference proteome;Transferase;Transmembrane;Transmembrane helix;Two-component regulatory system
g0790,888776,Rv0759c,P9WML3,CDS,Cytoplasmic,,Uncharacterized HIT-like protein Rv0759c,,,,,,,,Direct protein sequencing;Reference proteome
g0791,888784,Rv0760c,I6WZD7,CDS,Cytoplasmic,,hypothetical protein,,,Metabolism,Xenobiotics biodegradation and metabolism,Steroid degradation,,,Reference proteome
g0792,888738,Rv0761c,P9WQC7,CDS,Cytoplasmic,adhB,Alcohol dehydrogenase B,,,Metabolism,Carbohydrate metabolism; Energy metabolism; Lipid metabolism; Amino acid metabolism; Xenobiotics biodegradation and metabolism,Glycolysis / Gluconeogenesis; Pyruvate metabolism; Methane metabolism; Fatty acid degradation; Tyrosine metabolism; Chloroalkane and chloroalkene degradation; Naphthalene degradation,zinc-containing alcohol dehydrogenase family,,Cytoplasm;Metal-binding;NAD;Oxidoreductase;Reference proteome;Zinc
g0793,888807,Rv0762c,I6XW93,CDS,Cytoplasmic,,Nuclear transport factor 2 family protein,,,,,,,,Reference proteome
g0794,888814,Rv0763c,P71820,CDS,Cytoplasmic,fdx,Ferredoxin Fdx,,,,,,,,3D-structure;3Fe-4S;Electron transport;Iron;Iron-sulfur;Metal-binding;Reference proteome;Transport
g0795,888819,Rv0764c,P9WPP9,CDS,Cytoplasmic,cyp51,Sterol 14alpha-demethylase,metabolism,Cytochrome P450,Metabolism,Lipid metabolism,Steroid biosynthesis,cytochrome P450 family,,3D-structure;Cytoplasm;Heme;Iron;Lipid biosynthesis;Lipid metabolism;Metal-binding;Monooxygenase;Oxidoreductase;Reference proteome;Steroid biosynthesis;Steroid metabolism;Sterol biosynthesis;Sterol metabolism
g0796,888793,Rv0765c,I6WZD9,CDS,Cytoplasmic,,oxidoreductase,,,,,,short-chain dehydrogenases/reductases (SDR) family,,Oxidoreductase;Reference proteome
g0797,888834,Rv0766c,P9WPP5,CDS,Cytoplasmic,cyp123,Putative cytochrome P450 123,,,,,,cytochrome P450 family,,Heme;Iron;Metal-binding;Monooxygenase;Oxidoreductase;Reference proteome
g0798,888833,Rv0767c,P9WMD7,CDS,Cytoplasmic,,Uncharacterized HTH-type transcriptional regulator Rv0767c,,,,,,,,DNA-binding;Reference proteome;Repeat;Transcription;Transcription regulation
g0799,888832,Rv0768,I6X9R9,CDS,Cytoplasmic,aldA,aldehyde dehydrogenase AldA,,,Metabolism,Carbohydrate metabolism; Lipid metabolism; Amino acid metabolism; Metabolism of other amino acids; Metabolism of cofactors and vitamins; Metabolism of terpenoids and polyketides; Xenobiotics biodegradation and metabolism,"Glycolysis / Gluconeogenesis; Ascorbate and aldarate metabolism; Pyruvate metabolism; Fatty acid degradation; Glycerolipid metabolism; Valine, leucine and isoleucine degradation; Lysine degradation; Arginine and proline metabolism; Histidine metabolism; Tryptophan metabolism; beta-Alanine metabolism; Pantothenate and CoA biosynthesis; Limonene degradation; Chloroalkane and chloroalkene degradation",aldehyde dehydrogenase family,,Oxidoreductase;Reference proteome
g0800,888837,Rv0769,P9WGQ9,CDS,Cytoplasmic,,Uncharacterized oxidoreductase Rv0769,,,,,,short-chain dehydrogenases/reductases (SDR) family,,Oxidoreductase;Reference proteome
g0801,888868,Rv0770,P9WNY3,CDS,Cytoplasmic,,Uncharacterized oxidoreductase Rv0770,,,,,,HIBADH-related family,,NAD;Oxidoreductase;Reference proteome
g0802,888872,Rv0771,I6Y4S7,CDS,Cytoplasmic,,4-carboxymuconolactone decarboxylase,,,Metabolism,Xenobiotics biodegradation and metabolism,Benzoate degradation,,,Reference proteome
g0803,888873,Rv0772,P9WHM9,CDS,Cytoplasmic,purD,Phosphoribosylamine--glycine ligase,,,Metabolism,Nucleotide metabolism,Purine metabolism,GARS family,Purine metabolism; IMP biosynthesis via de novo pathway; N(1)-(5-phospho-D-ribosyl)glycinamide from 5-phospho-alpha-D-ribose 1-diphosphate,ATP-binding;Ligase;Magnesium;Manganese;Metal-binding;Nucleotide-binding;Purine biosynthesis;Reference proteome
g0804,888893,Rv0773c,I6X9S5,CDS,Cytoplasmic,ggtA,Glutathione hydrolase proenzyme,metabolism,Peptidases and inhibitors,Metabolism,Metabolism of other amino acids,Taurine and hypotaurine metabolism; Cyanoamino acid metabolism; Glutathione metabolism,gamma-glutamyltransferase family,Sulfur metabolism; glutathione metabolism,Acyltransferase;Glutathione biosynthesis;Hydrolase;Reference proteome;Transferase;Zymogen
g0805,888895,Rv0774c,I6Y8R4,CDS,Extracellular,,Acyl-CoA:diacylglycerol acyltransferase,,,,,,mycobacterial A85 antigen family,,Acyltransferase;Reference proteome;Secreted;Transferase
g0806,888899,Rv0775,P71830,CDS,Cytoplasmic,,HTH tetR-type domain-containing protein,,,,,,,,DNA-binding;Reference proteome
g0807,888918,Rv0776c,I6Y4S9,CDS,Cytoplasmic,,GTP pyrophosphokinase,,,,,,,,Reference proteome
g0808,888929,Rv0777,I6XWA1,CDS,Cytoplasmic,purB,Adenylosuccinate lyase,,,Metabolism,Nucleotide metabolism; Amino acid metabolism,"Purine metabolism; Alanine, aspartate and glutamate metabolism",lyase 1 family. Adenylosuccinate lyase subfamily,Purine metabolism; AMP biosynthesis via de novo pathway; AMP from IMP; Purine metabolism; IMP biosynthesis via de novo pathway; 5-amino-1-(5-phospho-D-ribosyl)imidazole-4-carboxamide from 5-amino-1-(5-phospho-D-ribosyl)imidazole-4-carboxylate,Lyase;Purine biosynthesis;Reference proteome
g0809,888913,Rv0778,P9WPN9,CDS,Cytoplasmic,cyp126,Putative cytochrome P450 126,,,,,,cytochrome P450 family,,3D-structure;Heme;Iron;Metal-binding;Monooxygenase;Oxidoreductase;Reference proteome
g0810,888941,Rv0779c,P71833,CDS,Plasma Membrane,,transmembrane protein,,,,,,,,Membrane;Reference proteome;Transmembrane;Transmembrane helix
g0811,888928,Rv0780,P9WHN1,CDS,Cytoplasmic,purC,Phosphoribosylaminoimidazole-succinocarboxamide synthase,,,Metabolism,Nucleotide metabolism,Purine metabolism,SAICAR synthetase family,Purine metabolism; IMP biosynthesis via de novo pathway; 5-amino-1-(5-phospho-D-ribosyl)imidazole-4-carboxamide from 5-amino-1-(5-phospho-D-ribosyl)imidazole-4-carboxylate,ATP-binding;Ligase;Nucleotide-binding;Purine biosynthesis;Reference proteome
g0812,,Rv0781,P71835,CDS,Extracellular,ptrBa,Probable protease II PtrBa [first part] (oligopeptidase B),,,,,,peptidase S9A family,,Hydrolase;Protease;Reference proteome
g0813,,Rv0782,P71834,CDS,Extracellular,ptrBb,Probable protease II PtrBb [second part] (oligopeptidase B),,,,,,peptidase S9A family,,Hydrolase;Protease;Reference proteome;Serine protease
g0814,885836,Rv0783c,P9WG89,CDS,Plasma Membrane,emrB,Multidrug resistance protein B homolog,signaling and cellular processes,Transporters,,,,major facilitator superfamily. EmrB family,,Cell membrane;Membrane;Reference proteome;Transmembrane;Transmembrane helix;Transport
g0815,885863,Rv0784,P71837,CDS,Cytoplasmic,,Deacetylase,,,,,,,,Reference proteome
g0816,885864,Rv0785,P71838,CDS,Cytoplasmic,,KsdD-like steroid dehydrogenase Rv0785,,,,,,FAD-dependent oxidoreductase 2 family,Lipid metabolism; steroid biosynthesis,FAD;Flavoprotein;Lipid degradation;Lipid metabolism;Oxidoreductase;Reference proteome;Steroid metabolism
g0817,885615,Rv0786c,P71839,CDS,Cytoplasmic,,Protein Rv0786c,,,,,,,,Direct protein sequencing;Reference proteome
g0818,885468,Rv0787,P71840,CDS,Extracellular,,"Metallo-beta-lactamase superfamily protein,putative",,,,,,,,Reference proteome
g0819,886264,Rv0787A,I6Y8S6,CDS,Cytoplasmic,purS,Phosphoribosylformylglycinamidine synthase subunit PurS,,,Metabolism,Nucleotide metabolism,Purine metabolism,PurS family,Purine metabolism; IMP biosynthesis via de novo pathway; 5-amino-1-(5-phospho-D-ribosyl)imidazole from N(2)-formyl-N(1)-(5-phospho-D-ribosyl)glycinamide,ATP-binding;Cytoplasm;Ligase;Nucleotide-binding;Purine biosynthesis;Reference proteome
g0820,885181,Rv0788,P9WHL5,CDS,Cytoplasmic,purQ,Phosphoribosylformylglycinamidine synthase subunit PurQ,,,Metabolism,Nucleotide metabolism; Amino acid metabolism; Metabolism of other amino acids,"Purine metabolism; Alanine, aspartate and glutamate metabolism; Arginine biosynthesis; D-Amino acid metabolism",,Purine metabolism; IMP biosynthesis via de novo pathway; 5-amino-1-(5-phospho-D-ribosyl)imidazole from N(2)-formyl-N(1)-(5-phospho-D-ribosyl)glycinamide,ATP-binding;Cytoplasm;Glutamine amidotransferase;Hydrolase;Ligase;Nucleotide-binding;Purine biosynthesis;Reference proteome
g0821,885153,Rv0789c,I6Y4U0,CDS,Cytoplasmic,,YbjN domain-containing protein,,,,,,,,Reference proteome
g0822,885253,Rv0790c,I6XWA9,CDS,Cytoplasmic,,Transglutaminase-like domain-containing protein,,,,,,,,Reference proteome
g0823,885273,Rv0791c,I6X9T8,CDS,Cytoplasmic,,hypothetical protein,,,,,,,,Flavoprotein;FMN;Monooxygenase;Oxidoreductase;Reference proteome
g0824,885142,Rv0792c,O86331,CDS,Cytoplasmic,,HTH-type transcriptional regulator Rv0792c,genetic information processing,Transcription factors,,,,,,DNA-binding;Reference proteome;Stress response;Transcription;Transcription regulation;Virulence
g0825,885497,Rv0793,O86332,CDS,Cytoplasmic,,Putative monooxygenase Rv0793,,,,,,,,3D-structure;Monooxygenase;Oxidoreductase;Reference proteome
g0826,885076,Rv0794c,I6Y4U4,CDS,Cytoplasmic,lpdB,oxidoreductase,,,,,,class-I pyridine nucleotide-disulfide oxidoreductase family,,FAD;Flavoprotein;NAD;Nucleotide-binding;Reference proteome
g0827,,Rv0795,P9WKH5,CDS,Cytoplasmic,,Insertion element IS6110 uncharacterized 12.0 kDa protein,,,,,,transposase 8 family,,Reference proteome;Transposable element
g0828,,Rv0796,P9WKH9,CDS,Cytoplasmic,,Putative transposase for insertion sequence element IS986/IS6110,,,,,,,,DNA recombination;DNA-binding;Reference proteome;Transposable element;Transposition
g0829,885476,Rv0797,O07182,CDS,Cytoplasmic,,insertion sequence element IS1547 transposase,,,,,,,,Reference proteome
g0830,885460,Rv0798c,I6WZG6,CDS,Cytoplasmic,enc,Type 1 encapsulin shell protein,,,,,,encapsulin family. Family 1 subfamily,,3D-structure;Cell membrane;Direct protein sequencing;Encapsulin nanocompartment;Membrane;Reference proteome;Secreted;Virulence
g0831,885388,Rv0799c,I6Y4U9,CDS,Cytoplasmic,dyp,Dye-decolorizing peroxidase,,,,,,DyP-type peroxidase family,,3D-structure;Encapsulin nanocompartment;Heme;Iron;Metal-binding;Oxidoreductase;Peroxidase;Reference proteome;Virulence
g0832,885461,Rv0800,P9WHT1,CDS,Cytoplasmic,apeB,Probable M18 family aminopeptidase 2,,,,,,peptidase M18 family,,Aminopeptidase;Hydrolase;Metal-binding;Metalloprotease;Protease;Reference proteome;Zinc
g0833,885376,Rv0801,O06633,CDS,Cytoplasmic,,hypothetical protein,,,,,,,,Reference proteome
g0834,885332,Rv0802c,P9WQG7,CDS,Cytoplasmic,,Acetyl- and succinyl-CoA transferase Rv0802c,,,,,,,,3D-structure;Acyltransferase;Reference proteome;Transferase
g0835,885358,Rv0803,P9WHL7,CDS,Cytoplasmic,purL,Phosphoribosylformylglycinamidine synthase subunit PurL,,,Metabolism,Nucleotide metabolism,Purine metabolism,FGAMS family,Purine metabolism; IMP biosynthesis via de novo pathway; 5-amino-1-(5-phospho-D-ribosyl)imidazole from N(2)-formyl-N(1)-(5-phospho-D-ribosyl)glycinamide,ATP-binding;Cytoplasm;Direct protein sequencing;Ligase;Magnesium;Metal-binding;Nucleotide-binding;Purine biosynthesis;Reference proteome
g0836,885330,Rv0804,I6Y4V2,CDS,Plasma Membrane,,CAAX prenyl protease 2/Lysostaphin resistance protein A-like domain-containing protein,metabolism,Peptidases and inhibitors,,,,,,Reference proteome
g0837,885326,Rv0805,P9WP65,CDS,Cytoplasmic,,cAMP/cGMP dual specificity phosphodiesterase Rv0805,,,Metabolism,Nucleotide metabolism,Purine metabolism,cyclic nucleotide phosphodiesterase class-III family,,3D-structure;cAMP;Cell membrane;Cell wall;cGMP;Cytoplasm;Hydrolase;Iron;Manganese;Membrane;Metal-binding;Nucleotide-binding;Phosphoprotein;Reference proteome;Secreted
g0838,885243,Rv0806c,P9WGD1,CDS,Cytoplasmic,cpsY,Exopolysaccharide phosphotransferase CpsY,,,,,,stealth family,,3D-structure;Exopolysaccharide synthesis;Reference proteome;Transferase
g0839,885272,Rv0807,I6Y8U3,CDS,Extracellular,,Bacterial SCP orthologue domain-containing protein,,,,,,,,Reference proteome
g0840,885085,Rv0808,P9WHQ7,CDS,Cytoplasmic,purF,Amidophosphoribosyltransferase,metabolism,Peptidases and inhibitors,Metabolism,Nucleotide metabolism; Amino acid metabolism,"Purine metabolism; Alanine, aspartate and glutamate metabolism",In the C-terminal section; belongs to the purine/pyrimidine phosphoribosyltransferase family,Purine metabolism; IMP biosynthesis via de novo pathway; N(1)-(5-phospho-D-ribosyl)glycinamide from 5-phospho-alpha-D-ribose 1-diphosphate,4Fe-4S;Glutamine amidotransferase;Glycosyltransferase;Iron;Iron-sulfur;Magnesium;Metal-binding;Purine biosynthesis;Reference proteome;Transferase
g0841,885134,Rv0809,I6Y4V6,CDS,Cytoplasmic,purM,Phosphoribosylformylglycinamidine cyclo-ligase,,,Metabolism,Nucleotide metabolism,Purine metabolism,AIR synthase family,Purine metabolism; IMP biosynthesis via de novo pathway; 5-amino-1-(5-phospho-D-ribosyl)imidazole from N(2)-formyl-N(1)-(5-phospho-D-ribosyl)glycinamide,ATP-binding;Cytoplasm;Ligase;Nucleotide-binding;Purine biosynthesis;Reference proteome
g0842,885410,Rv0810c,I6XWB9,CDS,Cytoplasmic,,DUF3073 domain-containing protein,,,,,,,,Reference proteome
g0843,885401,Rv0811c,I6X9V3,CDS,Cytoplasmic,,hypothetical protein,genetic information processing,Transfer RNA biogenesis,,,,,,Reference proteome;Transit peptide
g0844,885397,Rv0812,Q79FW0,CDS,Cytoplasmic,,Bifunctional aminodeoxychorismate lyase / D-amino acid transaminase,,,Metabolism,Metabolism of cofactors and vitamins,Folate biosynthesis,class-IV pyridoxal-phosphate-dependent aminotransferase family,Cofactor biosynthesis; tetrahydrofolate biosynthesis; 4-aminobenzoate from chorismate; Cell wall biogenesis; peptidoglycan biosynthesis,3D-structure;Aminotransferase;Cell shape;Folate biosynthesis;Lyase;Peptidoglycan synthesis;Pyridoxal phosphate;Reference proteome;Transferase
g0845,885395,Rv0813c,P9WFG9,CDS,Cytoplasmic,,Peroxynitrite isomerase 2,,,,,,nitrobindin family,Nitrogen metabolism,3D-structure;Acetylation;Heme;Iron;Isomerase;Metal-binding;Reference proteome
g0846,885435,Rv0814c,P0CG95,CDS,Plasma Membrane,sseC2,Uncharacterized protein Rv0814c,,,,,,,,Isopeptide bond;Reference proteome;Ubl conjugation
g0847,885449,Rv0815c,P9WHF9,CDS,Cytoplasmic,cysA1,Putative thiosulfate sulfurtransferase,,,Metabolism; Genetic Information Processing,"Energy metabolism; Amino acid metabolism; Folding, sorting and degradation",Sulfur metabolism; Cysteine and methionine metabolism; Sulfur relay system,,,3D-structure;Reference proteome;Repeat;Transferase
g0848,885087,Rv0816c,I6Y8V2,CDS,Plasma Membrane,thiX,thioredoxin ThiX,,,,,,thioredoxin family,,Redox-active center;Reference proteome
g0849,885440,Rv0817c,I6WZH9,CDS,Plasma Membrane,,hypothetical protein,,,,,,,,Reference proteome
g0850,885144,Rv0818,O53830,CDS,Cytoplasmic,,transcriptional regulator,,,,,,,,3D-structure;Activator;DNA-binding;Phosphoprotein;Reference proteome;Transcription;Transcription regulation;Two-component regulatory system
g0851,885251,Rv0819,P9WJM7,CDS,Cytoplasmic,mshD,Mycothiol acetyltransferase,,,,,,acetyltransferase family. MshD subfamily,,3D-structure;Acyltransferase;Reference proteome;Repeat;Transferase
g0852,885136,Rv0820,P9WQL1,CDS,Plasma Membrane,pstB1,Phosphate import ATP-binding protein PstB 1,signaling and cellular processes,Transporters,Environmental Information Processing,Membrane transport,ABC transporters,ABC transporter superfamily. Phosphate importer (TC 3.A.1.7) family,,ATP-binding;Cell membrane;Membrane;Nucleotide-binding;Phosphate transport;Reference proteome;Translocase;Transport
g0853,885270,Rv0821c,P9WI95,CDS,Cytoplasmic,phoU2,Phosphate-specific transport system accessory protein PhoU homolog 2,,,,,,PhoU family,,Cytoplasm;Pharmaceutical;Phosphate transport;Reference proteome;Transport
g0854,885374,Rv0822c,I6WZI4,CDS,Plasma Membrane,,hypothetical protein,,,,,,LytR/CpsA/Psr (LCP) family,,Reference proteome
g0855,885380,Rv0823c,P9WNS7,CDS,Cytoplasmic,dus,Probable tRNA-dihydrouridine synthase,,,,,,Dus family,,Flavoprotein;FMN;NADP;Oxidoreductase;Reference proteome;RNA-binding;tRNA processing;tRNA-binding
g0856,885444,Rv0824c,P9WNZ7,CDS,Cytoplasmic,desA1,Putative acyl-[acyl-carrier-protein] desaturase DesA1,metabolism,Lipid biosynthesis proteins,Metabolism,Lipid metabolism,Fatty acid biosynthesis; Mycolic acid biosynthesis; Biosynthesis of unsaturated fatty acids,fatty acid desaturase type 2 family,Lipid metabolism; fatty acid metabolism,Fatty acid biosynthesis;Fatty acid metabolism;Iron;Lipid biosynthesis;Lipid metabolism;Metal-binding;Oxidoreductase;Reference proteome
g0857,885354,Rv0825c,O53836,CDS,Cytoplasmic,,hypothetical protein,,,,,,,,DNA-binding;Reference proteome
g0858,885360,Rv0826,O53837,CDS,Plasma Membrane,,ER-bound oxygenase mpaB/mpaB'/Rubber oxygenase catalytic domain-containing protein,,,,,,,,Reference proteome
g0859,885375,Rv0827c,O53838,CDS,Cytoplasmic,kmtR,HTH-type transcriptional regulator KmtR,,,,,,,,DNA-binding;Reference proteome;Repressor;Transcription;Transcription regulation
g0860,885265,Rv0828c,O53839,CDS,Cytoplasmic,,deaminase,,,,,,,,Metal-binding;Reference proteome;Zinc
g0861,,Rv0829,O53840,CDS,Cytoplasmic,,Possible transposase (fragment),,,,,,,,DNA-binding;Reference proteome
g0862,885886,Rv0830,P9WFI3,CDS,Cytoplasmic,,Putative S-adenosyl-L-methionine-dependent methyltransferase Rv0830,,,,,,UPF0677 family,,Methyltransferase;Reference proteome;S-adenosyl-L-methionine;Transferase
g0863,885349,Rv0831c,O53842,CDS,Cytoplasmic,,hypothetical protein,,,,,,,,Reference proteome
g0864,885236,Rv0832,Q79FV8,CDS,Extracellular,PE_PGRS12,PE-PGRS family protein PE_PGRS12,,,,,,,,Reference proteome
g0865,885391,Rv0833,Q79FV7,CDS,Extracellular,PE_PGRS13,PE-PGRS family protein PE_PGRS13,,,,,,,,Reference proteome
g0866,885369,Rv0834c,Q79FV6,CDS,Extracellular,PE_PGRS14,PE-PGRS family protein PE_PGRS14,,,,,,,,Reference proteome
g0867,885883,Rv0835,O53846,CDS,Plasma Membrane,lpqQ,lipoprotein LpqQ,,,,,,,,Lipoprotein;Reference proteome;Signal
g0868,885356,Rv0836c,O53848,CDS,Cytoplasmic,,hypothetical protein,,,,,,,,Reference proteome
g0869,885109,Rv0837c,I6Y4Y1,CDS,Cytoplasmic,,hypothetical protein,,,,,,,,Reference proteome
g0870,885417,Rv0838,O53850,CDS,Extracellular,lpqR,D-alanyl-D-alanine dipeptidase,metabolism; signaling and cellular processes,Peptidases and inhibitors; Peptidoglycan biosynthesis and degradation proteins; Antimicrobial resistance genes,Environmental Information Processing; Human Diseases,Signal transduction; Drug resistance: antimicrobial,Two-component system; Vancomycin resistance,peptidase M15D family,,Cell wall biogenesis/degradation;Dipeptidase;Hydrolase;Lipoprotein;Metal-binding;Metalloprotease;Protease;Reference proteome;Signal;Zinc
g0871,885255,Rv0839,I6X9X6,CDS,Cytoplasmic,,Methyltransferase domain-containing protein,,,,,,,,Reference proteome
g0872,885611,Rv0840c,I6Y8X0,CDS,Cytoplasmic,pip,Proline iminopeptidase,metabolism,Peptidases and inhibitors,Metabolism,Amino acid metabolism,Arginine and proline metabolism,peptidase S33 family,,Aminopeptidase;Hydrolase;Protease;Reference proteome
g0873,3205068,Rv0841,I6WZK3,CDS,Plasma Membrane,,transmembrane protein,,,,,,,,Membrane;Reference proteome;Transmembrane;Transmembrane helix
g0874,885616,Rv0842,O53854,CDS,Plasma Membrane,,integral membrane protein,,,,,,,,Cell membrane;Membrane;Reference proteome;Transmembrane;Transmembrane helix;Transport
g0875,885554,Rv0843,I6XWE5,CDS,Cytoplasmic,,dehydrogenase,,,,,,,,Oxidoreductase;Reference proteome;Thiamine pyrophosphate
g0876,885603,Rv0844c,P9WGM5,CDS,Cytoplasmic,narL,Probable transcriptional regulatory protein NarL,signaling and cellular processes,Two-component system,Environmental Information Processing,Signal transduction,Two-component system,,,3D-structure;Cytoplasm;DNA-binding;Phosphoprotein;Reference proteome;Transcription;Transcription regulation;Two-component regulatory system
g0877,885218,Rv0845,O53857,CDS,Plasma Membrane,narS,Sensor histidine kinase NarS,metabolism; signaling and cellular processes,Protein kinases; Two-component system,,,,,,Cell membrane;Kinase;Membrane;Phosphoprotein;Reference proteome;Transferase;Transmembrane;Transmembrane helix;Two-component regulatory system
g0878,885207,Rv0846c,I6WZK7,CDS,Plasma Membrane,mmcO,Multicopper oxidase MmcO,,,Metabolism,Metabolism of cofactors and vitamins,Porphyrin metabolism,multicopper oxidase family,,Cell inner membrane;Cell membrane;Copper;Membrane;Metal-binding;Oxidoreductase;Periplasm;Reference proteome;Signal
g0879,885051,Rv0847,O53859,CDS,Extracellular,lpqS,Lipoprotein LpqS,,,,,,,,Cell membrane;Lipoprotein;Membrane;Palmitate;Reference proteome;Signal
g0880,885545,Rv0848,Q79FV4,CDS,Cytoplasmic,cysK2,S-sulfocysteine synthase,,,Metabolism,Amino acid metabolism,Cysteine and methionine metabolism,cysteine synthase/cystathionine beta-synthase family,Amino-acid biosynthesis; L-cysteine biosynthesis,Amino-acid biosynthesis;Cysteine biosynthesis;Pyridoxal phosphate;Reference proteome;Transferase
g0881,885111,Rv0849,P9WJX5,CDS,Plasma Membrane,,Uncharacterized MFS-type transporter Rv0849,signaling and cellular processes,Transporters,,,,major facilitator superfamily,,Cell membrane;Membrane;Reference proteome;Transmembrane;Transmembrane helix;Transport
g0882,,Rv0850,I6Y8X8,CDS,Cytoplasmic,,Putative transposase (fragment),,,,,,,,Reference proteome
g0883,885550,Rv0851c,O53863,CDS,Cytoplasmic,,short-chain type dehydrogenase/reductase,,,,,,short-chain dehydrogenases/reductases (SDR) family,,Oxidoreductase;Reference proteome
g0884,885044,Rv0852,I6Y4Z4,CDS,Cytoplasmic,fadD16,hypothetical protein,,,,,,,,Ligase;Reference proteome
g0885,885576,Rv0853c,P9WG37,CDS,Cytoplasmic,kdc,Alpha-keto-acid decarboxylase,,,,,,TPP enzyme family,,Allosteric enzyme;Decarboxylase;Lyase;Magnesium;Metal-binding;Reference proteome;Thiamine pyrophosphate
g0886,885127,Rv0854,I6X9Y7,CDS,Cytoplasmic,,hypothetical protein,,,,,,,,Reference proteome
g0887,885790,Rv0855,I6Y8Y0,CDS,Cytoplasmic,far,Alpha-methylacyl-CoA racemase,,,Metabolism; Cellular Processes,Xenobiotics biodegradation and metabolism; Transport and catabolism,Steroid degradation; Peroxisome,CoA-transferase III family,,Isomerase;Reference proteome
g0888,885783,Rv0856,O53868,CDS,Cytoplasmic,,Coenzyme Q-binding protein COQ10 START domain-containing protein,,,,,,,,Reference proteome
g0889,885078,Rv0857,I6Y4Z9,CDS,Cytoplasmic,,Cyclase,,,,,,,,Reference proteome
g0890,885784,Rv0858c,P9WPZ5,CDS,Cytoplasmic,dapC,Probable N-succinyldiaminopimelate aminotransferase DapC,metabolism,Amino acid related enzymes,Metabolism,Amino acid metabolism,Lysine biosynthesis,class-III pyridoxal-phosphate-dependent aminotransferase family,"Amino-acid biosynthesis; L-lysine biosynthesis via DAP pathway; LL-2,6-diaminopimelate from (S)-tetrahydrodipicolinate (succinylase route)",3D-structure;Amino-acid biosynthesis;Aminotransferase;Cytoplasm;Lysine biosynthesis;Pyridoxal phosphate;Reference proteome;Transferase
g0891,885774,Rv0859,O53871,CDS,Cytoplasmic,fadA,Putative acyltransferase Rv0859,signaling and cellular processes,Exosome,Metabolism; Environmental Information Processing,Carbohydrate metabolism; Energy metabolism; Lipid metabolism; Amino acid metabolism; Metabolism of terpenoids and polyketides; Xenobiotics biodegradation and metabolism; Signal transduction,"Pyruvate metabolism; Glyoxylate and dicarboxylate metabolism; Butanoate metabolism; Other carbon fixation pathways; Fatty acid degradation; Valine, leucine and isoleucine degradation; Lysine degradation; Tryptophan metabolism; Terpenoid backbone biosynthesis; Benzoate degradation; Two-component system",thiolase-like superfamily. Thiolase family,,3D-structure;Acyltransferase;Isopeptide bond;Reference proteome;Transferase;Ubl conjugation
g0892,885799,Rv0860,O53872,CDS,Cytoplasmic,fadB,fatty oxidation protein FadB,,,Metabolism,Carbohydrate metabolism; Lipid metabolism; Amino acid metabolism; Metabolism of other amino acids; Metabolism of terpenoids and polyketides; Xenobiotics biodegradation and metabolism,"Propanoate metabolism; Butanoate metabolism; Fatty acid degradation; Valine, leucine and isoleucine degradation; Lysine degradation; Tryptophan metabolism; beta-Alanine metabolism; Pinene, camphor and geraniol degradation; Benzoate degradation; Caprolactam degradation",3-hydroxyacyl-CoA dehydrogenase family; In the central section; belongs to the 3-hydroxyacyl-CoA dehydrogenase family,Lipid metabolism; butanoate metabolism; Lipid metabolism; fatty acid beta-oxidation,3D-structure;Fatty acid metabolism;Lipid degradation;Lipid metabolism;Lyase;Multifunctional enzyme;NAD;Nucleotide-binding;Oxidoreductase;Reference proteome
g0893,885425,Rv0861c,O53873,CDS,Cytoplasmic,XPB,DNA 3'-5' helicase XPB,genetic information processing,Transcription machinery; DNA repair and recombination proteins,Genetic Information Processing,Transcription; Replication and repair,Basal transcription factors; Nucleotide excision repair,helicase family. RAD25/XPB subfamily,,ATP-binding;Direct protein sequencing;DNA-binding;Helicase;Hydrolase;Isomerase;Magnesium;Manganese;Nucleotide-binding;Reference proteome
g0894,885413,Rv0862c,O53874,CDS,Cytoplasmic,,hypothetical protein,,,,,,,,Reference proteome
g0895,885423,Rv0863,I6XWF9,CDS,Extracellular,,hypothetical protein,,,,,,,,Reference proteome
g0896,885826,Rv0864,P9WJR7,CDS,Cytoplasmic,moaC2,Cyclic pyranopterin monophosphate synthase 2,,,Metabolism; Genetic Information Processing,"Metabolism of cofactors and vitamins; Folding, sorting and degradation",Folate biosynthesis; Sulfur relay system,MoaC family,Cofactor biosynthesis; molybdopterin biosynthesis,3D-structure;Lyase;Molybdenum cofactor biosynthesis;Reference proteome
g0897,885348,Rv0865,I6Y8Y8,CDS,Cytoplasmic,mog,molybdopterin biosynthesis protein,,,,,,,Cofactor biosynthesis; molybdopterin biosynthesis,Molybdenum cofactor biosynthesis;Reference proteome
g0898,885431,Rv0866,P9WJR1,CDS,Cytoplasmic,moaE2,Molybdopterin synthase catalytic subunit 2,,,Metabolism; Genetic Information Processing,"Metabolism of cofactors and vitamins; Folding, sorting and degradation",Folate biosynthesis; Sulfur relay system,MoaE family,Cofactor biosynthesis; molybdopterin biosynthesis,3D-structure;Molybdenum cofactor biosynthesis;Reference proteome;Transferase
g0899,885749,Rv0867c,P9WG31,CDS,Extracellular,rpfA,Resuscitation-promoting factor RpfA,,,,,,transglycosylase family. Rpf subfamily,,Hydrolase;Reference proteome;Repeat;Signal;Virulence
g0900,885763,Rv0868c,I6XWG2,CDS,Cytoplasmic,moaD2,Molybdopterin synthase sulfur carrier subunit,,,Genetic Information Processing,"Folding, sorting and degradation",Sulfur relay system,MoaD family,,3D-structure;Nucleotide-binding;Reference proteome
g0901,885773,Rv0869c,P9WJS1,CDS,Cytoplasmic,moaA2,"GTP 3',8-cyclase 2",,,Metabolism; Genetic Information Processing,"Metabolism of cofactors and vitamins; Folding, sorting and degradation",Folate biosynthesis; Sulfur relay system,radical SAM superfamily. MoaA family,Cofactor biosynthesis; molybdopterin biosynthesis,4Fe-4S;GTP-binding;Iron;Iron-sulfur;Lyase;Metal-binding;Molybdenum cofactor biosynthesis;Nucleotide-binding;Reference proteome;S-adenosyl-L-methionine
g0902,885709,Rv0870c,I6Y8Z3,CDS,Plasma Membrane,,integral membrane protein,,,,,,,,Membrane;Reference proteome;Transmembrane;Transmembrane helix
g0903,885725,Rv0871,I6WZM9,CDS,Cytoplasmic,cspB,cold shock-like protein CspB,,,,,,,,Reference proteome
g0904,885742,Rv0872c,Q79FV3,CDS,Extracellular,PE_PGRS15,PE-PGRS family protein PE_PGRS15,,,,,,,,Reference proteome
g0905,885636,Rv0873,P9WQF7,CDS,Cytoplasmic,fadE10,Probable acyl-CoA dehydrogenase FadE10,,,,,,acyl-CoA dehydrogenase family,,FAD;Flavoprotein;Oxidoreductase;Reference proteome
g0906,885658,Rv0874c,P9WKR9,CDS,Cytoplasmic,,Uncharacterized protein Rv0874c,,,,,,To M.tuberculosis Rv0628c,,Cell membrane;Membrane;Reference proteome;Transmembrane;Transmembrane helix
g0907,885669,Rv0875c,P9WKR7,CDS,Plasma Membrane,,Uncharacterized protein Rv0875c,,,,,,,,Reference proteome;Signal
g0908,885562,Rv0876c,P9WKR5,CDS,Plasma Membrane,,Uncharacterized protein Rv0876c,,,,,,To M.leprae ML2143,,Cell membrane;Membrane;Reference proteome;Transmembrane;Transmembrane helix
g0909,885601,Rv0877,P9WKR3,CDS,Cytoplasmic,,Uncharacterized protein Rv0877,,,,,,,,Acetylation;Reference proteome
g0910,885617,Rv0878c,P9WI35,CDS,Extracellular,PPE13,Uncharacterized PPE family protein PPE13,,,,,,mycobacterial PPE family,,Cell membrane;Membrane;Reference proteome;Repeat;Transmembrane;Transmembrane helix
g0911,885095,Rv0879c,P9WKR1,CDS,Plasma Membrane,,Uncharacterized protein Rv0879c,,,,,,,,Cell membrane;Membrane;Reference proteome;Transmembrane;Transmembrane helix
g0912,885205,Rv0880,P9WMF1,CDS,Cytoplasmic,,HTH-type transcriptional regulator Rv0880,,,,,,,,3D-structure;Antibiotic resistance;DNA-binding;Reference proteome;Transcription;Transcription regulation
g0913,885121,Rv0881,P9WFY3,CDS,Cytoplasmic,,Uncharacterized tRNA/rRNA methyltransferase Rv0881,,,,,,class IV-like SAM-binding methyltransferase superfamily. RNA methyltransferase TrmH family,,Methyltransferase;Reference proteome;Transferase
g0914,885248,Rv0882,P9WKQ9,CDS,Plasma Membrane,,Uncharacterized protein Rv0882,,,,,,,,Cell membrane;Membrane;Reference proteome;Signal;Transmembrane;Transmembrane helix
g0915,885139,Rv0883c,P9WKQ7,CDS,Cytoplasmic,,Uncharacterized protein Rv0883c,,,,,,,,Reference proteome
g0916,885140,Rv0884c,P9WQ73,CDS,Cytoplasmic,serC,Phosphoserine aminotransferase,metabolism,Amino acid related enzymes,Metabolism,Energy metabolism; Amino acid metabolism; Metabolism of cofactors and vitamins,"Methane metabolism; Glycine, serine and threonine metabolism; Cysteine and methionine metabolism; Vitamin B6 metabolism",class-V pyridoxal-phosphate-dependent aminotransferase family. SerC subfamily,Amino-acid biosynthesis; L-serine biosynthesis; L-serine from 3-phospho-D-glycerate; Cofactor biosynthesis; pyridoxine 5'-phosphate biosynthesis; pyridoxine 5'-phosphate from D-erythrose 4-phosphate,3D-structure;Acetylation;Amino-acid biosynthesis;Aminotransferase;Cytoplasm;Direct protein sequencing;Pyridoxal phosphate;Pyridoxine biosynthesis;Reference proteome;Serine biosynthesis;Transferase
g0917,885285,Rv0885,P9WKQ5,CDS,Plasma Membrane,,Uncharacterized protein Rv0885,,,,,,,,Cell membrane;Membrane;Reference proteome;Transmembrane;Transmembrane helix
g0918,885195,Rv0886,P9WJI1,CDS,Cytoplasmic,fprB,Probable ferredoxin/ferredoxin--NADP reductase,,,,,,In the C-terminal section; belongs to the ferredoxin--NADP reductase family,,4Fe-4S;Electron transport;FAD;Flavoprotein;Iron;Iron-sulfur;Metal-binding;NADP;Oxidoreductase;Reference proteome;Repeat;Transport
g0919,885113,Rv0887c,P9WKQ3,CDS,Cytoplasmic,,Uncharacterized protein Rv0887c,,,,,,,,Reference proteome
g0920,885210,Rv0888,P9WKQ1,CDS,Extracellular,spmT,Sphingomyelinase,,,Metabolism,Lipid metabolism,Sphingolipid metabolism,SpmT family,,Cell outer membrane;Cytolysis;Hemolysis;Hydrolase;Ion transport;Lipid degradation;Lipid metabolism;Membrane;Porin;Reference proteome;Signal;Transmembrane;Transmembrane beta strand;Transport
g0921,885466,Rv0889c,P9WPD3,CDS,Cytoplasmic,citA,Putative citrate synthase 2,,,Metabolism,Carbohydrate metabolism,Citrate cycle (TCA cycle); Glyoxylate and dicarboxylate metabolism,citrate synthase family,Carbohydrate metabolism; tricarboxylic acid cycle; isocitrate from oxaloacetate,3D-structure;Acetylation;Allosteric enzyme;Reference proteome;Transferase;Tricarboxylic acid cycle
g0922,885227,Rv0890c,P9WMG1,CDS,Cytoplasmic,,Putative HTH-type transcriptional regulator Rv0890c,,,,,,,,DNA-binding;Reference proteome;Transcription;Transcription regulation
g0923,885493,Rv0891c,P9WMV1,CDS,Cytoplasmic,,Uncharacterized protein Rv0891c,,,,,,adenylyl cyclase class-4/guanylyl cyclase family,,Reference proteome
g0924,885225,Rv0892,P9WNG1,CDS,Plasma Membrane,,Uncharacterized monooxygenase Rv0892,,,,,,FAD-binding monooxygenase family,,FAD;Flavoprotein;Monooxygenase;NADP;Oxidoreductase;Reference proteome
g0925,885477,Rv0893c,P9WFI1,CDS,Cytoplasmic,,Putative S-adenosyl-L-methionine-dependent methyltransferase Rv0893c,,,,,,UPF0677 family,,Methyltransferase;Reference proteome;S-adenosyl-L-methionine;Transferase
g0926,885199,Rv0894,P9WKP9,CDS,Cytoplasmic,,Uncharacterized protein Rv0894,,,,,,,,ATP-binding;Nucleotide-binding;Reference proteome
g0927,885481,Rv0895,P9WKA3,CDS,Cytoplasmic,,Putative diacyglycerol O-acyltransferase Rv0895,,,Metabolism,Lipid metabolism,"Cutin, suberine and wax biosynthesis; Glycerolipid metabolism",long-chain O-acyltransferase family,Glycerolipid metabolism; triacylglycerol biosynthesis,Acyltransferase;Glycerol metabolism;Lipid biosynthesis;Lipid metabolism;Reference proteome;Transferase
g0928,885208,Rv0896,P9WPD5,CDS,Cytoplasmic,gltA2,Citrate synthase 1,,,Metabolism,Carbohydrate metabolism,Citrate cycle (TCA cycle); Glyoxylate and dicarboxylate metabolism,citrate synthase family,Carbohydrate metabolism; tricarboxylic acid cycle; isocitrate from oxaloacetate,3D-structure;Allosteric enzyme;Isopeptide bond;Reference proteome;Transferase;Tricarboxylic acid cycle;Ubl conjugation
g0929,885641,Rv0897c,P9WKP7,CDS,Cytoplasmic,,Uncharacterized protein Rv0897c,,,,,,,,Cell membrane;Membrane;Reference proteome;Transmembrane;Transmembrane helix
g0930,885206,Rv0898c,P9WKP5,CDS,Cytoplasmic,,Uncharacterized protein Rv0898c,,,,,,,,Reference proteome
g0931,885286,Rv0899,P9WIU5,CDS,Plasma Membrane,arfA,Peptidoglycan-binding protein ArfA,signaling and cellular processes,Transporters,,,,outer membrane OOP (TC 1.B.6) superfamily. ArfA family,,3D-structure;Cell outer membrane;Cell wall;Disulfide bond;Ion transport;Membrane;Metal-binding;Reference proteome;Secreted;Transmembrane;Transmembrane helix;Transport;Zinc
g0932,885179,Rv0900,P9WJG7,CDS,Plasma Membrane,arfB,Uncharacterized membrane protein ArfB,,,,,,ArfB membrane protein family,,Cell membrane;Membrane;Reference proteome;Transmembrane;Transmembrane helix
g0933,885203,Rv0901,P9WJG5,CDS,Plasma Membrane,arfC,Uncharacterized membrane protein ArfC,,,,,,ArfC membrane protein family,,Cell membrane;Membrane;Reference proteome;Transmembrane;Transmembrane helix
g0934,885647,Rv0902c,P9WGK7,CDS,Plasma Membrane,prrB,Sensor-type histidine kinase PrrB,metabolism; signaling and cellular processes,Protein kinases; Two-component system,Environmental Information Processing,Signal transduction,Two-component system,,,3D-structure;ATP-binding;Cell membrane;Kinase;Membrane;Nucleotide-binding;Phosphoprotein;Reference proteome;Transferase;Transmembrane;Transmembrane helix;Two-component regulatory system
g0935,885209,Rv0903c,P9WGM1,CDS,Cytoplasmic,prrA,Transcriptional regulatory protein PrrA,signaling and cellular processes,Two-component system,Environmental Information Processing,Signal transduction,Two-component system,,,3D-structure;Cytoplasm;DNA-binding;Magnesium;Metal-binding;Phosphoprotein;Reference proteome;Transcription;Transcription regulation;Two-component regulatory system
g0936,885279,Rv0904c,P9WQH9,CDS,Cytoplasmic,accD3,Probable biotin-dependent acyl-coenzyme A carboxylase beta3 subunit,,,,,,AccD/PCCB family,,Reference proteome;Transferase
g0937,885825,Rv0905,P9WNP1,CDS,Cytoplasmic,echA6,Probable enoyl-CoA hydratase EchA6,,,,,,enoyl-CoA hydratase/isomerase family,,3D-structure;Fatty acid metabolism;Lipid metabolism;Lyase;Reference proteome
g0938,885150,Rv0906,P9WKP3,CDS,Plasma Membrane,,Uncharacterized protein Rv0906,,,,,,To K.pneumoniae RomA,,Reference proteome;Signal
g0939,885146,Rv0907,O05900,CDS,Extracellular,,hypothetical protein,,,,,,,,Reference proteome
g0940,885657,Rv0908,P9WPT1,CDS,Plasma Membrane,ctpE,Calcium-transporting ATPase CtpE,,,,,,cation transport ATPase (P-type) (TC 3.A.3) family,,ATP-binding;Calcium;Calcium transport;Cell membrane;Ion transport;Magnesium;Membrane;Metal-binding;Nucleotide-binding;Reference proteome;Translocase;Transmembrane;Transmembrane helix;Transport
g0941,885197,Rv0909,P9WJ07,CDS,Cytoplasmic,,Antitoxin Rv0909,,,,,,,,Reference proteome;Toxin-antitoxin system
g0942,885137,Rv0910,P9WJ05,CDS,Cytoplasmic,,Toxin Rv0910,,,,,,,,Reference proteome;Toxin-antitoxin system
g0943,885093,Rv0911,I6XA34,CDS,Cytoplasmic,,hypothetical protein,,,,,,,,Reference proteome
g0944,885103,Rv0912,O05904,CDS,Plasma Membrane,,transmembrane protein,,,,,,,,Membrane;Reference proteome;Transmembrane;Transmembrane helix
g0945,885042,Rv0913c,I6Y551,CDS,Cytoplasmic,,Dioxygenase,,,,,,carotenoid oxygenase family,,Dioxygenase;Iron;Metal-binding;Oxidoreductase;Reference proteome
g0946,885046,Rv0914c,I6XWJ8,CDS,Cytoplasmic,,lipid carrier protein or keto acyl-CoA thiolase,signaling and cellular processes,Exosome,Metabolism; Environmental Information Processing,Carbohydrate metabolism; Energy metabolism; Lipid metabolism; Amino acid metabolism; Metabolism of terpenoids and polyketides; Xenobiotics biodegradation and metabolism; Signal transduction,"Pyruvate metabolism; Glyoxylate and dicarboxylate metabolism; Butanoate metabolism; Other carbon fixation pathways; Fatty acid degradation; Valine, leucine and isoleucine degradation; Lysine degradation; Tryptophan metabolism; Terpenoid backbone biosynthesis; Benzoate degradation; Two-component system",,,Reference proteome
g0947,885069,Rv0915c,P9WI33,CDS,Extracellular,PPE14,Uncharacterized PPE family protein PPE14,,,,,,mycobacterial PPE family,,Reference proteome
g0948,885167,Rv0916c,I6Y936,CDS,Extracellular,PE7,PE family protein PE7,,,,,,,,Reference proteome
g0949,885172,Rv0917,P9WPR7,CDS,Plasma Membrane,betP,Uncharacterized transporter Rv0917,signaling and cellular processes,Transporters,,,,BCCT transporter (TC 2.A.15) family,,Cell membrane;Membrane;Reference proteome;Transmembrane;Transmembrane helix;Transport
g0950,885198,Rv0918,O05910,CDS,Cytoplasmic,tacA,Antitoxin TacA,,,,,,TacA antitoxin family,,DNA-binding;Reference proteome;Repressor;Toxin-antitoxin system;Transcription;Transcription regulation
g0951,885221,Rv0919,I6XA42,CDS,Cytoplasmic,tacT,tRNA-acetylating toxin,,,,,,acetyltransferase family. GNAT subfamily,,Acyltransferase;Reference proteome;Repressor;RNA-binding;Toxin-antitoxin system;Transcription;Transcription regulation;Transferase;tRNA-binding
g0952,885549,Rv0920c,I6Y941,CDS,Cytoplasmic,,Mutator family transposase,,,,,,transposase mutator family,,DNA recombination;DNA-binding;Reference proteome;Transposable element;Transposition
g0953,885557,Rv0921,I6WZS4,CDS,Cytoplasmic,,resolvase,,,,,,,,3D-structure;Reference proteome
g0954,885564,Rv0922,I6Y560,CDS,Cytoplasmic,,transposase,,,,,,In the C-terminal section; belongs to the transposase 35 family,,DNA recombination;DNA-binding;Reference proteome;Transposition
g0955,885568,Rv0923c,I6XWK6,CDS,Cytoplasmic,,Phage-related replication protein,,,,,,,,Lyase;Reference proteome
g0956,885569,Rv0924c,P9WIZ5,CDS,Plasma Membrane,mntH,Divalent metal cation transporter MntH,signaling and cellular processes,Transporters,,,,NRAMP family,,Cell membrane;Ion transport;Iron;Membrane;Reference proteome;Symport;Transmembrane;Transmembrane helix;Transport;Zinc
g0957,885570,Rv0925c,I6Y946,CDS,Cytoplasmic,,hypothetical protein,,,,,,,,Reference proteome
g0958,885387,Rv0926c,I6WZS8,CDS,Cytoplasmic,,"2,4-diaminopentanoate dehydrogenase C-terminal domain-containing protein",,,,,,,,Reference proteome
g0959,885571,Rv0927c,P9WGQ5,CDS,Cytoplasmic,,Uncharacterized oxidoreductase Rv0927c,,,Metabolism,Lipid metabolism,Secondary bile acid biosynthesis,short-chain dehydrogenases/reductases (SDR) family,,Oxidoreductase;Reference proteome
g0960,885366,Rv0928,P9WGT7,CDS,Plasma Membrane,pstS3,Phosphate-binding protein PstS 3,signaling and cellular processes,Transporters,Environmental Information Processing; Human Diseases,Membrane transport; Signal transduction; Infectious disease: bacterial,ABC transporters; Two-component system; Tuberculosis,PstS family,,3D-structure;Cell membrane;Lipoprotein;Membrane;Palmitate;Phosphate transport;Reference proteome;Signal;Stress response;Transport
g0961,885585,Rv0929,P9WG05,CDS,Plasma Membrane,pstC2,Phosphate transport system permease protein PstC 2,signaling and cellular processes,Transporters,Environmental Information Processing,Membrane transport,ABC transporters,binding-protein-dependent transport system permease family. CysTW subfamily,,Cell membrane;Membrane;Phosphate transport;Reference proteome;Transmembrane;Transmembrane helix;Transport
g0962,885589,Rv0930,P9WG11,CDS,Plasma Membrane,pstA1,Phosphate transport system permease protein PstA 1,signaling and cellular processes,Transporters,Environmental Information Processing,Membrane transport,ABC transporters,binding-protein-dependent transport system permease family. CysTW subfamily,,Cell membrane;Membrane;Phosphate transport;Reference proteome;Transmembrane;Transmembrane helix;Transport
g0963,885607,Rv0931c,P9WI79,CDS,Plasma Membrane,pknD,Serine/threonine-protein kinase PknD,metabolism,Protein kinases,,,,protein kinase superfamily. Ser/Thr protein kinase family,,3D-structure;Acetylation;ATP-binding;Cell membrane;Kinase;Membrane;Nucleotide-binding;Phosphoprotein;Reference proteome;Repeat;Serine/threonine-protein kinase;Transferase;Transmembrane;Transmembrane helix;Virulence
g0964,885613,Rv0932c,P9WGT9,CDS,Plasma Membrane,pstS2,Phosphate-binding protein PstS 2,signaling and cellular processes,Transporters,Environmental Information Processing; Human Diseases,Membrane transport; Signal transduction; Infectious disease: bacterial,ABC transporters; Two-component system; Tuberculosis,PstS family,,Cell membrane;Lipoprotein;Membrane;Palmitate;Phosphate transport;Reference proteome;Signal;Transport;Virulence
g0965,885653,Rv0933,P9WQK9,CDS,Plasma Membrane,pstB2,Phosphate import ATP-binding protein PstB 2,signaling and cellular processes,Transporters,Environmental Information Processing,Membrane transport,ABC transporters,ABC transporter superfamily. Phosphate importer (TC 3.A.1.7) family,,ATP-binding;Cell membrane;Membrane;Nucleotide-binding;Phosphate transport;Reference proteome;Translocase;Transport
g0966,885724,Rv0934,P9WGU1,CDS,Plasma Membrane,pstS1,Phosphate-binding protein PstS 1,signaling and cellular processes,Transporters,Environmental Information Processing; Human Diseases,Membrane transport; Signal transduction; Infectious disease: bacterial,ABC transporters; Two-component system; Tuberculosis,PstS family,,3D-structure;Cell adhesion;Cell membrane;Cell wall;Glycoprotein;Lipoprotein;Membrane;Palmitate;Phosphate transport;Reference proteome;Secreted;Signal;Transport;Virulence
g0967,885644,Rv0935,P9WG07,CDS,Plasma Membrane,pstC1,Phosphate transport system permease protein PstC 1,signaling and cellular processes,Transporters,Environmental Information Processing,Membrane transport,ABC transporters,binding-protein-dependent transport system permease family. CysTW subfamily,,Cell membrane;Membrane;Phosphate transport;Reference proteome;Transmembrane;Transmembrane helix;Transport
g0968,885756,Rv0936,P9WG09,CDS,Plasma Membrane,pstA2,Phosphate transport system permease protein PstA 2,signaling and cellular processes,Transporters,Environmental Information Processing,Membrane transport,ABC transporters,binding-protein-dependent transport system permease family. CysTW subfamily,,Cell membrane;Membrane;Phosphate transport;Reference proteome;Transmembrane;Transmembrane helix;Transport
g0969,885050,Rv0937c,P9WKD9,CDS,Cytoplasmic,mku,Non-homologous end joining protein Ku,genetic information processing,DNA repair and recombination proteins,Genetic Information Processing,Replication and repair,Non-homologous end-joining,prokaryotic Ku family,,DNA damage;DNA recombination;DNA repair;DNA-binding;Reference proteome
g0970,885561,Rv0938,P9WNV3,CDS,Cytoplasmic,ligD,Multifunctional non-homologous end joining DNA repair protein LigD,genetic information processing,DNA repair and recombination proteins,Genetic Information Processing,Replication and repair,Non-homologous end-joining,In the N-terminal section; belongs to the LigD polymerase family; In the central section; belongs to the LigD 3'-phosphoesterase family; In the C-terminal section; belongs to the ATP-dependent DNA ligase family,,3D-structure;ATP-binding;DNA damage;DNA recombination;DNA repair;DNA-binding;DNA-directed DNA polymerase;Exonuclease;Host-virus interaction;Hydrolase;Ligase;Manganese;Metal-binding;Multifunctional enzyme;Nuclease;Nucleotide-binding;Nucleotidyltransferase;Reference proteome;Transferase
g0971,885560,Rv0939,O86346,CDS,Cytoplasmic,,"bifunctional 2-hydroxyhepta-2,4-diene-1,7-dioate isomerase/cyclase/dehydrase",,,,,,,,Isomerase;Reference proteome
g0972,885412,Rv0940c,P9WKP1,CDS,Cytoplasmic,,Uncharacterized protein Rv0940c,,,,,,,,Reference proteome
g0973,885914,Rv0941c,P71568,CDS,Cytoplasmic,,STAS domain-containing protein,,,,,,,,Reference proteome
g0974,885913,Rv0942,P9WKN9,CDS,Extracellular,,Uncharacterized protein Rv0942,,,,,,,,Reference proteome
g0975,885889,Rv0943c,P9WKN7,CDS,Cytoplasmic,,Uncharacterized protein Rv0943c,,,,,,,,Reference proteome
g0976,885888,Rv0944,L0T864,CDS,Cytoplasmic,fpg2,Uncharacterized formamidopyrimidine-DNA glycosylase-like protein,genetic information processing,DNA repair and recombination proteins,Genetic Information Processing,Replication and repair,Base excision repair,,,Metal-binding;Reference proteome;Zinc;Zinc-finger
g0977,885629,Rv0945,P9WGR7,CDS,Plasma Membrane,,Uncharacterized oxidoreductase Rv0945,,,,,,short-chain dehydrogenases/reductases (SDR) family,,Oxidoreductase;Reference proteome
g0978,885533,Rv0946c,P9WN69,CDS,Cytoplasmic,pgi,Glucose-6-phosphate isomerase,signaling and cellular processes,Exosome,Metabolism,Carbohydrate metabolism; Glycan biosynthesis and metabolism,Glycolysis / Gluconeogenesis; Pentose phosphate pathway; Starch and sucrose metabolism; Amino sugar and nucleotide sugar metabolism,GPI family,Carbohydrate biosynthesis; gluconeogenesis; Carbohydrate degradation; glycolysis; D-glyceraldehyde 3-phosphate and glycerone phosphate from D-glucose,3D-structure;Acetylation;Cytoplasm;Gluconeogenesis;Glycolysis;Isomerase;Reference proteome
g0979,,Rv0947c,,misc_feature,,,,,,,,,,,
g0980,885485,Rv0948c,P9WIC1,CDS,Cytoplasmic,,Intracellular chorismate mutase,,,Metabolism,Amino acid metabolism,"Phenylalanine, tyrosine and tryptophan biosynthesis",,Metabolic intermediate biosynthesis; prephenate biosynthesis; prephenate from chorismate,3D-structure;Amino-acid biosynthesis;Aromatic amino acid biosynthesis;Cytoplasm;Isomerase;Reference proteome
g0981,885442,Rv0949,P9WMQ1,CDS,Cytoplasmic,uvrD1,ATP-dependent DNA helicase UvrD1,genetic information processing,DNA repair and recombination proteins,Genetic Information Processing,Replication and repair,Nucleotide excision repair; Mismatch repair,helicase family. UvrD subfamily,,3D-structure;Acetylation;ATP-binding;DNA damage;DNA repair;DNA-binding;Helicase;Hydrolase;Isomerase;Nucleotide-binding;Reference proteome
g0982,885438,Rv0950c,P71560,CDS,Extracellular,,M23ase beta-sheet core domain-containing protein,,,,,,,,Reference proteome
g0983,885434,Rv0951,P9WGC5,CDS,Cytoplasmic,sucC,Succinate--CoA ligase [ADP-forming] subunit beta,,,Metabolism,Carbohydrate metabolism; Energy metabolism,Citrate cycle (TCA cycle); Propanoate metabolism; C5-Branched dibasic acid metabolism; Other carbon fixation pathways,succinate/malate CoA ligase beta subunit family,Carbohydrate metabolism; tricarboxylic acid cycle; succinate from succinyl-CoA (ligase route),ATP-binding;Ligase;Magnesium;Metal-binding;Nucleotide-binding;Reference proteome;Tricarboxylic acid cycle
g0984,885426,Rv0952,P9WGC7,CDS,Cytoplasmic,sucD,Succinate--CoA ligase [ADP-forming] subunit alpha,,,Metabolism,Carbohydrate metabolism; Energy metabolism,Citrate cycle (TCA cycle); Propanoate metabolism; C5-Branched dibasic acid metabolism; Other carbon fixation pathways,succinate/malate CoA ligase alpha subunit family,Carbohydrate metabolism; tricarboxylic acid cycle; succinate from succinyl-CoA (ligase route),Ligase;Nucleotide-binding;Reference proteome;Tricarboxylic acid cycle
g0985,885419,Rv0953c,P9WKN5,CDS,Cytoplasmic,,Uncharacterized protein Rv0953c,,,,,,To M.tuberculosis Rv2161c and Rv3079c,,Reference proteome
g0986,885411,Rv0954,P9WIR9,CDS,Plasma Membrane,,34 kDa antigenic protein homolog,,,,,,To M.paratuberculosis 34 kDa antigenic protein,,Acetylation;Cell membrane;Membrane;Reference proteome;Transmembrane;Transmembrane helix
g0987,885408,Rv0955,P9WKN3,CDS,Plasma Membrane,,Uncharacterized protein Rv0955,,,,,,,,Cell membrane;Membrane;Reference proteome;Transmembrane;Transmembrane helix
g0988,885407,Rv0956,P9WHM5,CDS,Cytoplasmic,purN,Phosphoribosylglycinamide formyltransferase,,,Metabolism,Nucleotide metabolism; Metabolism of cofactors and vitamins,Purine metabolism; One carbon pool by folate,GART family,Purine metabolism; IMP biosynthesis via de novo pathway; N(2)-formyl-N(1)-(5-phospho-D-ribosyl)glycinamide from N(1)-(5-phospho-D-ribosyl)glycinamide (10-formyl THF route),3D-structure;Magnesium;Metal-binding;Purine biosynthesis;Reference proteome;Transferase
g0989,885406,Rv0957,P9WHM7,CDS,Cytoplasmic,purH,Bifunctional purine biosynthesis protein PurH,signaling and cellular processes,Exosome,Metabolism,Nucleotide metabolism; Metabolism of cofactors and vitamins,Purine metabolism; One carbon pool by folate,PurH family,Purine metabolism; IMP biosynthesis via de novo pathway; 5-formamido-1-(5-phospho-D-ribosyl)imidazole-4-carboxamide from 5-amino-1-(5-phospho-D-ribosyl)imidazole-4-carboxamide (10-formyl THF route); Purine metabolism; IMP biosynthesis via de novo pathway; IMP from 5-formamido-1-(5-phospho-D-ribosyl)imidazole-4-carboxamide,3D-structure;Hydrolase;Multifunctional enzyme;Purine biosynthesis;Reference proteome;Transferase
g0990,885405,Rv0958,P71552,CDS,Cytoplasmic,,magnesium chelatase,,,Metabolism,Metabolism of cofactors and vitamins,Porphyrin metabolism,,,Reference proteome
g0991,885329,Rv0959,P9WKN1,CDS,Cytoplasmic,,Uncharacterized protein Rv0959,,,,,,,,Reference proteome
g0992,14515852,Rv0959A,P9WJ55,CDS,Cytoplasmic,vapB9,Putative antitoxin VapB9,signaling and cellular processes,Prokaryotic defense system,,,,,,Reference proteome;Toxin-antitoxin system
g0993,885158,Rv0960,P9WFA9,CDS,Cytoplasmic,vapC9,Ribonuclease VapC9,signaling and cellular processes,Prokaryotic defense system,,,,PINc/VapC protein family,,Hydrolase;Magnesium;Metal-binding;Nuclease;Reference proteome;Toxin-antitoxin system
g0994,885173,Rv0961,P9WKM9,CDS,Plasma Membrane,,Uncharacterized protein Rv0961,,,,,,,,Cell membrane;Membrane;Reference proteome;Transmembrane;Transmembrane helix
g0995,885177,Rv0962c,P9WK39,CDS,Plasma Membrane,lprP,Uncharacterized lipoprotein LprP,,,,,,To M.bovis LprP,,Cell membrane;Lipoprotein;Membrane;Palmitate;Reference proteome;Signal
g0996,885184,Rv0963c,P9WKM7,CDS,Extracellular,,Uncharacterized protein Rv0963c,,,,,,,,Reference proteome
g0997,885186,Rv0964c,P9WKM5,CDS,Extracellular,,Uncharacterized protein Rv0964c,,,,,,,,Reference proteome
g0998,885230,Rv0965c,P9WKM3,CDS,Extracellular,,Uncharacterized protein Rv0965c,,,,,,To M.tuberculosis Rv2798c,,Reference proteome
g0999,885043,Rv0966c,P9WKM1,CDS,Plasma Membrane,,Uncharacterized protein Rv0966c,,,,,,,,Reference proteome
g1000,885312,Rv0967,P9WP49,CDS,Cytoplasmic,csoR,Copper-sensing transcriptional repressor CsoR,genetic information processing,Transcription factors,,,,CsoR family,,3D-structure;Copper;Cytoplasm;DNA-binding;Metal-binding;Reference proteome;Repressor;Transcription;Transcription regulation
g1001,885052,Rv0968,P9WKL9,CDS,Cytoplasmic,,Uncharacterized protein Rv0968,,,,,,To M.tuberculosis Rv1991c and Rv3269,,Reference proteome
g1002,885254,Rv0969,P9WPS3,CDS,Plasma Membrane,ctpV,Probable copper-exporting P-type ATPase V,,,,,,cation transport ATPase (P-type) (TC 3.A.3) family. Type IB subfamily,,ATP-binding;Cell membrane;Copper;Copper transport;Ion transport;Magnesium;Membrane;Metal-binding;Nucleotide-binding;Reference proteome;Translocase;Transmembrane;Transmembrane helix;Transport
g1003,885242,Rv0970,P9WKL7,CDS,Plasma Membrane,,Uncharacterized protein Rv0970,,,,,,,,Cell membrane;Membrane;Reference proteome;Transmembrane;Transmembrane helix
g1004,885308,Rv0971c,P71540,CDS,Cytoplasmic,echA7,enoyl-CoA hydratase EchA7,,,,,,enoyl-CoA hydratase/isomerase family,,Reference proteome
g1005,885237,Rv0972c,P9WQG3,CDS,Cytoplasmic,fadE12,Acyl-CoA dehydrogenase FadE12,,,,,,acyl-CoA dehydrogenase family,,FAD;Flavoprotein;Oxidoreductase;Reference proteome
g1006,885922,Rv0973c,P71538,CDS,Cytoplasmic,accA2,Biotin-dependent 3-methylcrotonyl-coenzyme A carboxylase alpha1 subunit,,,,,,,,ATP-binding;Biotin;Ligase;Nucleotide-binding;Reference proteome
g1007,886064,Rv0974c,O86318,CDS,Cytoplasmic,accD2,Probable biotin-dependent acyl-coenzyme A carboxylase beta2 subunit,,,,,,AccD/PCCB family,,Reference proteome;Transferase
g1008,885856,Rv0975c,O86319,CDS,Cytoplasmic,fadE13,acyl-CoA dehydrogenase FadE13,,,Metabolism,Lipid metabolism; Amino acid metabolism,"Fatty acid degradation; Valine, leucine and isoleucine degradation",acyl-CoA dehydrogenase family,,FAD;Flavoprotein;Oxidoreductase;Reference proteome
g1009,885860,Rv0976c,O86320,CDS,Cytoplasmic,,Exopolyphosphatase,,,,,,,,Reference proteome
g1010,885264,Rv0977,Q79FU3,CDS,Cell wall & surface,PE_PGRS16,PE-PGRS family protein PE_PGRS16,,,,,,mycobacterial PE family. PGRS subfamily,,3D-structure;Metal-binding;Reference proteome;Zinc
g1011,885077,Rv0978c,Q79FU2,CDS,Extracellular,PE_PGRS17,PE-PGRS family protein PE_PGRS17,,,,,,mycobacterial PE family. PGRS subfamily,,Reference proteome;Repeat;Virulence
g1012,3205057,Rv0979A,P9WH99,CDS,Cytoplasmic,rpmF,Large ribosomal subunit protein bL32,genetic information processing,Ribosome,Genetic Information Processing,Translation,Ribosome,bacterial ribosomal protein bL32 family,,3D-structure;Reference proteome;Ribonucleoprotein;Ribosomal protein;RNA-binding;rRNA-binding
g1013,885063,Rv0979c,O53892,CDS,Cytoplasmic,,hypothetical protein,,,,,,,,Reference proteome
g1014,885327,Rv0980c,Q79FU0,CDS,Extracellular,PE_PGRS18,PE-PGRS family protein PE_PGRS18,,,,,,mycobacterial PE family. PGRS subfamily,,Cell wall;Reference proteome;Repeat;Secreted;Virulence
g1015,885038,Rv0981,P9WGM9,CDS,Cytoplasmic,mprA,Response regulator MprA,signaling and cellular processes,Two-component system,Environmental Information Processing,Signal transduction,Two-component system,,,Activator;Cytoplasm;DNA-binding;Phosphoprotein;Reference proteome;Repressor;Stress response;Transcription;Transcription regulation;Two-component regulatory system;Virulence
g1016,885062,Rv0982,P9WGL1,CDS,Plasma Membrane,mprB,Signal transduction histidine-protein kinase/phosphatase MprB,metabolism; signaling and cellular processes,Protein kinases; Two-component system,Environmental Information Processing,Signal transduction,Two-component system,,,ATP-binding;Cell membrane;Hydrolase;Kinase;Magnesium;Manganese;Membrane;Nucleotide-binding;Phosphoprotein;Protein phosphatase;Reference proteome;Stress response;Transferase;Transmembrane;Transmembrane helix;Two-component regulatory system;Virulence
g1017,885382,Rv0983,O53896,CDS,Plasma Membrane,pepD,Serine protease PepD,metabolism,Peptidases and inhibitors,Environmental Information Processing,Signal transduction,Two-component system,peptidase S1C family,,3D-structure;Cell inner membrane;Cell membrane;Cell wall;Hydrolase;Membrane;Protease;Reference proteome;Secreted;Serine protease;Stress response;Transmembrane;Transmembrane helix
g1018,885378,Rv0984,O53897,CDS,Cytoplasmic,moaB2,MoaB/Mog domain-containing protein,,,,,,,Cofactor biosynthesis; molybdopterin biosynthesis,Molybdenum cofactor biosynthesis;Reference proteome
g1019,885368,Rv0985c,P9WJN5,CDS,Plasma Membrane,mscL,Large-conductance mechanosensitive channel,signaling and cellular processes,Transporters,,,,MscL family,,3D-structure;Cell membrane;Ion channel;Ion transport;Membrane;Reference proteome;Transmembrane;Transmembrane helix;Transport
g1020,885364,Rv0986,P9WQK1,CDS,Plasma Membrane,,Uncharacterized ABC transporter ATP-binding protein Rv0986,signaling and cellular processes,Transporters,,,,ABC transporter superfamily,,ATP-binding;Nucleotide-binding;Reference proteome;Transport
g1021,885363,Rv0987,O53900,CDS,Plasma Membrane,,Uncharacterized ABC transporter permease protein Rv0987,signaling and cellular processes,Transporters,,,,ABC-4 integral membrane protein family,,Cell membrane;Membrane;Reference proteome;Transmembrane;Transmembrane helix;Transport
g1022,885353,Rv0988,O86370,CDS,Plasma Membrane,,hypothetical protein,,,,,,,,Reference proteome
g1023,885355,Rv0989c,O05572,CDS,Cytoplasmic,grcC2,Dimethylallyltranstransferase,metabolism,Prenyltransferases,Metabolism,Metabolism of terpenoids and polyketides; Biosynthesis of other secondary metabolites,Terpenoid backbone biosynthesis; Biosynthesis of various other secondary metabolites,FPP/GGPP synthase family,Isoprenoid biosynthesis; geranyl diphosphate biosynthesis; geranyl diphosphate from dimethylallyl diphosphate and isopentenyl diphosphate,Lipid biosynthesis;Lipid metabolism;Magnesium;Metal-binding;Reference proteome;Transferase
g1024,885343,Rv0990c,O05573,CDS,Plasma Membrane,,SAF domain-containing protein,,,,,,,,Reference proteome
g1025,885350,Rv0991c,O05574,CDS,Extracellular,,hypothetical protein,,,,,,,,Reference proteome
g1026,885337,Rv0992c,O05575,CDS,Cytoplasmic,,5-formyltetrahydrofolate cyclo-ligase,,,Metabolism; Organismal Systems,Metabolism of cofactors and vitamins; Digestive system,One carbon pool by folate; Folate transport and metabolism,5-formyltetrahydrofolate cyclo-ligase family,,ATP-binding;Magnesium;Metal-binding;Nucleotide-binding;Reference proteome
g1027,885341,Rv0993,O05576,CDS,Cytoplasmic,galU,UTP--glucose-1-phosphate uridylyltransferase,,,Metabolism,Carbohydrate metabolism; Glycan biosynthesis and metabolism,Pentose and glucuronate interconversions; Galactose metabolism; Starch and sucrose metabolism; Amino sugar and nucleotide sugar metabolism; Biosynthesis of various nucleotide sugars,UDPGP type 2 family,,Nucleotidyltransferase;Reference proteome;Transferase
g1028,885404,Rv0994,P9WJQ7,CDS,Cytoplasmic,moeA1,Molybdopterin molybdenumtransferase 1,,,Metabolism,Metabolism of cofactors and vitamins,Folate biosynthesis,MoeA family,Cofactor biosynthesis; molybdopterin biosynthesis,Magnesium;Metal-binding;Molybdenum;Molybdenum cofactor biosynthesis;Reference proteome;Transferase
g1029,885399,Rv0995,O05578,CDS,Cytoplasmic,rimJ,ribosomal-protein-alanine acetyltransferase RimJ,genetic information processing,Ribosome biogenesis,,,,acetyltransferase family. RimJ subfamily,,Acyltransferase;Reference proteome;Transferase
g1030,885393,Rv0996,O05579,CDS,Plasma Membrane,,transmembrane protein,,,,,,,,Membrane;Reference proteome;Transmembrane;Transmembrane helix
g1031,885386,Rv0997,O05580,CDS,Cytoplasmic,,hypothetical protein,,,,,,,,Reference proteome
g1032,19394669,Rv0997a,,CDS,,,hypothetical protein,,,,,,,,
g1033,885385,Rv0998,O05581,CDS,Cytoplasmic,,Acetyltransferase Pat,,,,,,,,3D-structure;Acyltransferase;Magnesium;Metal-binding;Reference proteome;Transferase
g1034,886043,Rv0999,O05582,CDS,Plasma Membrane,,DUF5642 domain-containing protein,,,,,,,,Reference proteome
g1035,886266,Rv1000c,L7N6A4,CDS,Cytoplasmic,,Fe2OG dioxygenase domain-containing protein,,,,,,,,Reference proteome
g1036,888313,Rv1001,P9WQ05,CDS,Cytoplasmic,arcA,Arginine deiminase,,,Metabolism,Amino acid metabolism,Arginine biosynthesis,arginine deiminase family,Amino-acid degradation; L-arginine degradation via ADI pathway; carbamoyl phosphate from L-arginine,Arginine metabolism;Cytoplasm;Hydrolase;Reference proteome
g1037,887882,Rv1002c,P9WN05,CDS,Plasma Membrane,pmt,Polyprenol-phosphate-mannose--protein mannosyltransferase,metabolism,Glycosyltransferases,Metabolism,Glycan biosynthesis and metabolism,Mannose type O-glycan biosynthesis; Other types of O-glycan biosynthesis,glycosyltransferase 39 family,Protein modification; protein glycosylation,Cell membrane;Glycosyltransferase;Membrane;Reference proteome;Transferase;Transmembrane;Transmembrane helix
g1038,887935,Rv1003,P9WGW7,CDS,Cytoplasmic,rsmI,Ribosomal RNA small subunit methyltransferase I,genetic information processing,Ribosome biogenesis,,,,methyltransferase superfamily. RsmI family,,Cytoplasm;Methyltransferase;Reference proteome;rRNA processing;S-adenosyl-L-methionine;Transferase
g1039,886039,Rv1004c,O05589,CDS,Extracellular,,membrane protein,,,,,,,,Reference proteome
g1040,888205,Rv1005c,O05591,CDS,Cytoplasmic,pabB,para-aminobenzoate synthase component I,,,Metabolism,Metabolism of cofactors and vitamins,Folate biosynthesis,,,Reference proteome
g1041,888234,Rv1006,O05592,CDS,Extracellular,,Secreted protein,,,,,,,,Reference proteome
g1042,886050,Rv1007c,P9WFU5,CDS,Cytoplasmic,metG,Methionine--tRNA ligase,metabolism; genetic information processing,Amino acid related enzymes; Transfer RNA biogenesis,Metabolism; Genetic Information Processing,Metabolism of other amino acids; Translation,Selenocompound metabolism; Aminoacyl-tRNA biosynthesis,class-I aminoacyl-tRNA synthetase family. MetG type 2B subfamily,,3D-structure;Aminoacyl-tRNA synthetase;ATP-binding;Cytoplasm;Ligase;Nucleotide-binding;Protein biosynthesis;Reference proteome
g1043,886047,Rv1008,O08343,CDS,Cytoplasmic,tatD,Uncharacterized metal-dependent hydrolase TatD,,,,,,metallo-dependent hydrolases superfamily. TatD-type hydrolase family,,Hydrolase;Metal-binding;Reference proteome
g1044,886048,Rv1009,P9WG29,CDS,Plasma Membrane,rpfB,Resuscitation-promoting factor RpfB,,,,,,transglycosylase family. Rpf subfamily,,3D-structure;Cell membrane;Disulfide bond;Hydrolase;Lipoprotein;Membrane;Palmitate;Reference proteome;Signal;Virulence
g1045,888792,Rv1010,P9WH07,CDS,Cytoplasmic,ksgA,Ribosomal RNA small subunit methyltransferase A,genetic information processing,Ribosome biogenesis,,,,class I-like SAM-binding methyltransferase superfamily. rRNA adenine N(6)-methyltransferase family. RsmA subfamily,,Cytoplasm;Methyltransferase;Reference proteome;RNA-binding;rRNA processing;S-adenosyl-L-methionine;Transferase
g1046,886034,Rv1011,P9WKG7,CDS,Cytoplasmic,ispE,4-diphosphocytidyl-2-C-methyl-D-erythritol kinase,,,Metabolism,Metabolism of terpenoids and polyketides,Terpenoid backbone biosynthesis,GHMP kinase family. IspE subfamily,Isoprenoid biosynthesis; isopentenyl diphosphate biosynthesis via DXP pathway; isopentenyl diphosphate from 1-deoxy-D-xylulose 5-phosphate,3D-structure;ATP-binding;Direct protein sequencing;Isoprene biosynthesis;Kinase;Nucleotide-binding;Reference proteome;Transferase
g1047,886045,Rv1012,O05597,CDS,Extracellular,,hypothetical protein,,,,,,,,Reference proteome
g1048,886035,Rv1013,O05598,CDS,Cytoplasmic,pks16,Putative ligase Rv1013,metabolism,Lipid biosynthesis proteins,,,,ATP-dependent AMP-binding enzyme family,,Isopeptide bond;Ligase;Reference proteome;Ubl conjugation
g1049,886037,Rv1014c,P9WHN7,CDS,Cytoplasmic,pth,Peptidyl-tRNA hydrolase,genetic information processing,Translation factors,,,,PTH family,,3D-structure;Cytoplasm;Hydrolase;Reference proteome;RNA-binding;tRNA-binding
g1050,885992,Rv1015c,P9WHB5,CDS,Cytoplasmic,rplY,Large ribosomal subunit protein bL25,genetic information processing,Ribosome,Genetic Information Processing,Translation,Ribosome,bacterial ribosomal protein bL25 family. CTC subfamily,,3D-structure;Reference proteome;Ribonucleoprotein;Ribosomal protein;RNA-binding;rRNA-binding
g1051,886066,Rv1016c,P9WK59,CDS,Plasma Membrane,lpqT,Putative lipoprotein LpqT,,,,,,,,Cell membrane;Lipoprotein;Membrane;Palmitate;Reference proteome;Signal
g1052,885993,Rv1017c,P9WKE3,CDS,Cytoplasmic,prs,Ribose-phosphate pyrophosphokinase,,,Metabolism,Carbohydrate metabolism; Nucleotide metabolism,Pentose phosphate pathway; Purine metabolism,ribose-phosphate pyrophosphokinase family. Class I subfamily,Metabolic intermediate biosynthesis; 5-phospho-alpha-D-ribose 1-diphosphate biosynthesis; 5-phospho-alpha-D-ribose 1-diphosphate from D-ribose 5-phosphate (route I); Cell wall biogenesis; cell wall polysaccharide biosynthesis,Allosteric enzyme;ATP-binding;Cell wall biogenesis/degradation;Cytoplasm;Isopeptide bond;Kinase;Magnesium;Manganese;Metal-binding;Nucleotide biosynthesis;Nucleotide-binding;Reference proteome;Transferase;Ubl conjugation
g1053,886069,Rv1018c,P9WMN3,CDS,Cytoplasmic,glmU,Bifunctional protein GlmU,,,Metabolism,Glycan biosynthesis and metabolism,Amino sugar and nucleotide sugar metabolism; Biosynthesis of various nucleotide sugars,In the N-terminal section; belongs to the N-acetylglucosamine-1-phosphate uridyltransferase family; In the C-terminal section; belongs to the transferase hexapeptide repeat family,Nucleotide-sugar biosynthesis; UDP-N-acetyl-alpha-D-glucosamine biosynthesis; N-acetyl-alpha-D-glucosamine 1-phosphate from alpha-D-glucosamine 6-phosphate (route II); Nucleotide-sugar biosynthesis; UDP-N-acetyl-alpha-D-glucosamine biosynthesis; UDP-N-acetyl-alpha-D-glucosamine from N-acetyl-alpha-D-glucosamine 1-phosphate; Bacterial outer membrane biogenesis; LPS lipid A biosynthesis,3D-structure;Acetylation;Acyltransferase;Cell shape;Cell wall biogenesis/degradation;Cytoplasm;Isopeptide bond;Magnesium;Metal-binding;Multifunctional enzyme;Nucleotidyltransferase;Peptidoglycan synthesis;Reference proteome;Repeat;Transferase;Ubl conjugation
g1054,886056,Rv1019,P96381,CDS,Cytoplasmic,,transcriptional regulator,,,,,,,,DNA-binding;Reference proteome;Transcription;Transcription regulation
g1055,886077,Rv1020,P9WMQ5,CDS,Cytoplasmic,mfd,Transcription-repair-coupling factor,genetic information processing,DNA repair and recombination proteins,Genetic Information Processing,Replication and repair,Nucleotide excision repair,In the N-terminal section; belongs to the UvrB family; In the C-terminal section; belongs to the helicase family. RecG subfamily,,3D-structure;ATP-binding;Cytoplasm;DNA damage;DNA repair;DNA-binding;Helicase;Hydrolase;Nucleotide-binding;Reference proteome
g1056,886052,Rv1021,P96379,CDS,Cytoplasmic,mazG,Nucleoside triphosphate pyrophosphohydrolase,,,Metabolism,Nucleotide metabolism; Metabolism of cofactors and vitamins,Purine metabolism; Pyrimidine metabolism; Nicotinate and nicotinamide metabolism; Pantothenate and CoA biosynthesis,nucleoside triphosphate pyrophosphohydrolase family,,3D-structure;ATP-binding;Hydrolase;Magnesium;Metal-binding;Nucleotide-binding;Reference proteome
g1057,886076,Rv1022,P96378,CDS,Extracellular,lpqU,lipoprotein LpqU,,,,,,,,Lipoprotein;Reference proteome;Signal
g1058,886062,Rv1023,P9WNL1,CDS,Cytoplasmic,eno,Enolase,genetic information processing; signaling and cellular processes,Messenger RNA biogenesis; Exosome,Metabolism; Genetic Information Processing; Cellular Processes,"Carbohydrate metabolism; Energy metabolism; Folding, sorting and degradation; Cell motility",Glycolysis / Gluconeogenesis; Methane metabolism; RNA degradation; Cytoskeleton in muscle cells,enolase family,Carbohydrate degradation; glycolysis; pyruvate from D-glyceraldehyde 3-phosphate,3D-structure;Acetylation;Cytoplasm;Glycolysis;Lyase;Magnesium;Metal-binding;Methylation;Phosphoprotein;Reference proteome;Secreted
g1059,886059,Rv1024,P96376,CDS,Plasma Membrane,,membrane protein,,,,,,,,Reference proteome
g1060,886042,Rv1025,P96375,CDS,Cytoplasmic,,hypothetical protein,,,,,,,,Reference proteome
g1061,886089,Rv1026,P96374,CDS,Cytoplasmic,ppx2,Exopolyphosphatase 2,,,Metabolism,Nucleotide metabolism,Purine metabolism,GppA/Ppx family,,Hydrolase;Reference proteome
g1062,886046,Rv1027c,P9WGN1,CDS,Cytoplasmic,kdpE,Transcriptional regulatory protein KdpE,signaling and cellular processes,Two-component system,Environmental Information Processing; Cellular Processes,Signal transduction; Cellular community - prokaryotes,Two-component system; Quorum sensing,,,Cytoplasm;DNA-binding;Phosphoprotein;Reference proteome;Transcription;Transcription regulation;Two-component regulatory system
g1063,3205056,Rv1028A,Q79FT7,CDS,Plasma Membrane,kdpF,membrane protein KdpF,,,,,,,,Membrane;Reference proteome;Transmembrane;Transmembrane helix
g1064,886084,Rv1028c,P9WGL3,CDS,Plasma Membrane,kdpD,Sensor protein KdpD,metabolism; signaling and cellular processes,Protein kinases; Two-component system,Environmental Information Processing,Signal transduction,Two-component system,In the central section; belongs to the universal stress protein A family,,ATP-binding;Cell membrane;Kinase;Membrane;Nucleotide-binding;Phosphoprotein;Reference proteome;Transferase;Transmembrane;Transmembrane helix;Two-component regulatory system
g1065,887414,Rv1029,P9WKF3,CDS,Plasma Membrane,kdpA,Potassium-transporting ATPase potassium-binding subunit,,,Environmental Information Processing,Signal transduction,Two-component system,KdpA family,,Cell membrane;Ion transport;Membrane;Potassium;Potassium transport;Reference proteome;Transmembrane;Transmembrane helix;Transport
g1066,887343,Rv1030,P9WPU3,CDS,Plasma Membrane,kdpB,Potassium-transporting ATPase ATP-binding subunit,,,Environmental Information Processing,Signal transduction,Two-component system,cation transport ATPase (P-type) (TC 3.A.3) family. Type IA subfamily,,ATP-binding;Cell membrane;Ion transport;Magnesium;Membrane;Metal-binding;Nucleotide-binding;Phosphoprotein;Potassium;Potassium transport;Reference proteome;Translocase;Transmembrane;Transmembrane helix;Transport
g1067,886008,Rv1031,P9WKF1,CDS,Plasma Membrane,kdpC,Potassium-transporting ATPase KdpC subunit,,,Environmental Information Processing,Signal transduction,Two-component system,KdpC family,,ATP-binding;Cell membrane;Ion transport;Membrane;Nucleotide-binding;Potassium;Potassium transport;Reference proteome;Transmembrane;Transmembrane helix;Transport
g1068,887790,Rv1032c,P96368,CDS,Plasma Membrane,trcS,Sensor histidine kinase TrcS,metabolism; signaling and cellular processes,Protein kinases; Two-component system,Environmental Information Processing,Signal transduction,Two-component system,,,ATP-binding;Calcium;Cell membrane;Kinase;Manganese;Membrane;Nucleotide-binding;Phosphoprotein;Reference proteome;Transferase;Transmembrane;Transmembrane helix;Two-component regulatory system
g1069,887957,Rv1033c,L7N689,CDS,Cytoplasmic,trcR,Transcriptional regulatory protein TrcR,signaling and cellular processes,Two-component system,Environmental Information Processing,Signal transduction,Two-component system,,,Activator;DNA-binding;Phosphoprotein;Reference proteome;Repressor;Transcription;Transcription regulation;Two-component regulatory system
g1070,,Rv1034c,I6X043,CDS,Extracellular,,Probable transposase (fragment),,,,,,,,Reference proteome
g1071,,Rv1035c,P96366,CDS,Cytoplasmic,,Probable transposase (fragment),,,,,,,,Coiled coil;Reference proteome
g1072,,Rv1036c,P96365,CDS,Cytoplasmic,,Probable IS1560 transposase (fragment),,,,,,,,Reference proteome
g1073,888299,Rv1037c,P0DOA6,CDS,Extracellular,esxI,ESAT-6-like protein EsxI,signaling and cellular processes,Secretion system,Human Diseases,Infectious disease: bacterial,Tuberculosis,WXG100 family. ESAT-6 subfamily,,Reference proteome;Secreted
g1074,888372,Rv1038c,P9WNJ9,CDS,Extracellular,esxJ,ESAT-6-like protein EsxJ,signaling and cellular processes,Secretion system,Human Diseases,Infectious disease: bacterial,Tuberculosis,WXG100 family. CFP-10 subfamily,,Reference proteome;Secreted
g1075,888477,Rv1039c,P9WI31,CDS,Extracellular,PPE15,PPE family protein PPE15,,,,,,mycobacterial PPE family,,3D-structure;Host mitochondrion;Reference proteome;Secreted;Virulence
g1076,888533,Rv1040c,L7N667,CDS,Extracellular,PE8,PE family protein PE8,,,,,,mycobacterial PE family,,3D-structure;Cell wall;Reference proteome;Secreted;Virulence
g1077,888546,Rv1041c,P96360,CDS,Extracellular,,IS2-like transposase,,,,,,,,Reference proteome
g1078,888607,Rv1042c,L0T897,CDS,Cytoplasmic,,IS2-like transposase,,,,,,,,Reference proteome
g1079,888634,Rv1043c,P96358,CDS,Cytoplasmic,,Serine protease,,,,,,,,Reference proteome
g1080,888712,Rv1044,P96357,CDS,Cytoplasmic,,AbiEi antitoxin N-terminal domain-containing protein,signaling and cellular processes,Prokaryotic defense system,,,,,,Reference proteome
g1081,888783,Rv1045,P96356,CDS,Cytoplasmic,,Nucleotidyl transferase AbiEii/AbiGii toxin family protein,signaling and cellular processes,Prokaryotic defense system,,,,,,3D-structure;Calcium;Metal-binding;Nucleotide-binding;Reference proteome
g1082,,Rv1046c,L0T8G6,CDS,Extracellular,,Hypothetical protein,,,,,,,,Reference proteome
g1083,886060,Rv1047,P96354,CDS,Cytoplasmic,,Mutator family transposase,,,,,,transposase mutator family,,DNA recombination;DNA-binding;Reference proteome;Transposable element;Transposition
g1084,885295,Rv1048c,P96353,CDS,Cytoplasmic,,hypothetical protein,,,,,,,,Reference proteome
g1085,886091,Rv1049,I6Y5H3,CDS,Cytoplasmic,,transcriptional repressor,,,,,,,,Reference proteome
g1086,887146,Rv1050,O53398,CDS,Plasma Membrane,,oxidoreductase,,,,,,short-chain dehydrogenases/reductases (SDR) family,,Oxidoreductase;Reference proteome
g1087,887142,Rv1051c,O53399,CDS,Cytoplasmic,,Helix-turn-helix domain-containing protein,,,,,,,,Reference proteome
g1088,888441,Rv1052,O53400,CDS,Cytoplasmic,,hypothetical protein,,,,,,,,Reference proteome
g1089,,Rv1053c,O53401,CDS,Cytoplasmic,,Hypothetical protein,,,,,,,,Reference proteome
g1090,,Rv1054,O53402,CDS,Cytoplasmic,,Probable integrase (fragment),,,,,,,,Reference proteome
g1091,,Rv1055,O53403,CDS,Cytoplasmic,,Possible integrase (fragment),,,,,,,,Reference proteome
g1092,887147,Rv1056,O53404,CDS,Cytoplasmic,,hypothetical protein,,,,,,,,Reference proteome
g1093,887135,Rv1057,O53405,CDS,Extracellular,,Seven-bladed beta-propeller protein Rv1057,,,,,,,,Reference proteome;Stress response;Virulence
g1094,887133,Rv1058,O53406,CDS,Cytoplasmic,fadD14,Long-chain-fatty-acid--CoA ligase FadD13,,,,,,ATP-dependent AMP-binding enzyme family,,Ligase;Reference proteome
g1095,886015,Rv1059,O53407,CDS,Cytoplasmic,,hypothetical protein,,,,,,,,NADP;Oxidoreductase;Reference proteome
g1096,887130,Rv1060,O53408,CDS,Cytoplasmic,,SRPBCC family protein,,,,,,,,Reference proteome
g1097,887136,Rv1061,O53409,CDS,Cytoplasmic,,hypothetical protein,,,,,,,,Glutamine amidotransferase;Reference proteome
g1098,887129,Rv1062,O53410,CDS,Cytoplasmic,,PNPLA domain-containing protein,,,,,,,,Hydrolase;Lipid degradation;Lipid metabolism;Reference proteome
g1099,887128,Rv1063c,P9WIY9,CDS,Cytoplasmic,,Uncharacterized NTE family protein Rv1063c,,,,,,NTE family,,Hydrolase;Lipid degradation;Lipid metabolism;Reference proteome
g1100,887126,Rv1064c,P9WK57,CDS,Plasma Membrane,lpqV,Putative lipoprotein LpqV,,,,,,,,Cell membrane;Lipoprotein;Membrane;Palmitate;Reference proteome;Signal
g1101,887125,Rv1065,O53413,CDS,Cytoplasmic,,Cysteine dioxygenase,,,,,,cysteine dioxygenase family,,Dioxygenase;Iron;Metal-binding;Oxidoreductase;Reference proteome
g1102,887127,Rv1066,O53414,CDS,Cytoplasmic,,Rhodanese domain-containing protein,,,,,,,,Reference proteome
g1103,887122,Rv1067c,Q79FT3,CDS,Extracellular,PE_PGRS19,PE-PGRS family protein PE_PGRS19,,,,,,,,Reference proteome
g1104,887123,Rv1068c,P9WIF9,CDS,Extracellular,PE_PGRS20,Uncharacterized PE-PGRS family protein PE_PGRS20,,,,,,mycobacterial PE family. PGRS subfamily,,Reference proteome
g1105,887120,Rv1069c,O53417,CDS,Plasma Membrane,,hypothetical protein,,,,,,,,Membrane;Reference proteome;Transmembrane;Transmembrane helix
g1106,887117,Rv1070c,P9WNN9,CDS,Cytoplasmic,echA8,Probable enoyl-CoA hydratase EchA8,,,Metabolism,Carbohydrate metabolism; Lipid metabolism; Amino acid metabolism; Metabolism of other amino acids; Metabolism of terpenoids and polyketides; Xenobiotics biodegradation and metabolism,"Propanoate metabolism; Butanoate metabolism; Fatty acid degradation; Valine, leucine and isoleucine degradation; Lysine degradation; Phenylalanine metabolism; Tryptophan metabolism; beta-Alanine metabolism; Pinene, camphor and geraniol degradation; Benzoate degradation; Aminobenzoate degradation; Caprolactam degradation",enoyl-CoA hydratase/isomerase family,,3D-structure;Fatty acid metabolism;Lipid metabolism;Lyase;Reference proteome
g1107,887116,Rv1071c,O53419,CDS,Cytoplasmic,echA9,3-hydroxyisobutyryl-CoA hydrolase,,,,,,,,Hydrolase;Reference proteome
g1108,887114,Rv1072,O53420,CDS,Plasma Membrane,,transmembrane protein,,,,,,,,Membrane;Reference proteome;Transmembrane;Transmembrane helix
g1109,887132,Rv1073,O53421,CDS,Cytoplasmic,,"Cullin, a subunit of E3 ubiquitin ligase",,,,,,,,Reference proteome
g1110,887113,Rv1074c,O53422,CDS,Cytoplasmic,fadA3,beta-ketoacyl CoA thiolase FadA,signaling and cellular processes,Exosome,Metabolism; Environmental Information Processing,Carbohydrate metabolism; Energy metabolism; Lipid metabolism; Amino acid metabolism; Metabolism of terpenoids and polyketides; Xenobiotics biodegradation and metabolism; Signal transduction,"Pyruvate metabolism; Glyoxylate and dicarboxylate metabolism; Butanoate metabolism; Other carbon fixation pathways; Fatty acid degradation; Valine, leucine and isoleucine degradation; Lysine degradation; Tryptophan metabolism; Terpenoid backbone biosynthesis; Benzoate degradation; Two-component system",thiolase-like superfamily. Thiolase family,,Acyltransferase;Reference proteome;Transferase
g1111,887110,Rv1075c,O53423,CDS,Plasma Membrane,,GDSL-like esterase Rv1075c,,,,,,'GDSL' lipolytic enzyme family,,Hydrolase;Reference proteome;Serine esterase;Signal
g1112,887112,Rv1076,O53424,CDS,Extracellular,lipU,Esterase LipU,,,,,,'GDXG' lipolytic enzyme family,,Hydrolase;Reference proteome;Secreted
g1113,887108,Rv1077,P9WP51,CDS,Cytoplasmic,cbs,Probable cystathionine beta-synthase Rv1077,,,Metabolism,Amino acid metabolism; Metabolism of cofactors and vitamins,"Glycine, serine and threonine metabolism; Cysteine and methionine metabolism; One carbon pool by folate",cysteine synthase/cystathionine beta-synthase family,,3D-structure;Isopeptide bond;Lyase;Pyridoxal phosphate;Reference proteome;Ubl conjugation
g1114,887111,Rv1078,P9WIM7,CDS,Plasma Membrane,pra,Proline-rich antigen homolog,,,,,,mycobacterial Pra family,,Cell membrane;Direct protein sequencing;Membrane;Reference proteome;Repeat;Transmembrane;Transmembrane helix
g1115,,Rv1078A,P0DV55,CDS,Extracellular,,Protein Rv1078A,,,,,,,,Cytoplasm;Direct protein sequencing;Reference proteome
g1116,887103,Rv1079,P9WGB7,CDS,Cytoplasmic,metB,Cystathionine gamma-synthase,,,Metabolism,Energy metabolism; Amino acid metabolism; Metabolism of other amino acids,Sulfur metabolism; Cysteine and methionine metabolism; Selenocompound metabolism,trans-sulfuration enzymes family,Amino-acid biosynthesis; L-methionine biosynthesis via de novo pathway; L-cystathionine from O-succinyl-L-homoserine,Amino-acid biosynthesis;Cytoplasm;Methionine biosynthesis;Pyridoxal phosphate;Reference proteome;Transferase
g1117,887115,Rv1080c,P9WMT9,CDS,Cytoplasmic,greA,Transcription elongation factor GreA,genetic information processing,Transcription machinery,,,,GreA/GreB family,,Acetylation;Coiled coil;DNA-binding;Reference proteome;Transcription;Transcription regulation
g1118,887102,Rv1081c,O53429,CDS,Plasma Membrane,,membrane protein,,,,,,,,Membrane;Reference proteome;Transmembrane;Transmembrane helix
g1119,887101,Rv1082,P9WJN1,CDS,Cytoplasmic,mca,Mycothiol S-conjugate amidase,,,,,,MshB deacetylase family. Mca subfamily,,Detoxification;Hydrolase;Iron;Metal-binding;Reference proteome
g1120,887100,Rv1083,O53431,CDS,Plasma Membrane,,Transmembrane protein,,,,,,,,Membrane;Reference proteome;Transmembrane;Transmembrane helix
g1121,887098,Rv1084,O53432,CDS,Cytoplasmic,,hypothetical protein,,,,,,,,Reference proteome
g1122,887107,Rv1085c,P9WFN7,CDS,Plasma Membrane,,UPF0073 membrane protein Rv1085c,signaling and cellular processes,Bacterial toxins,,,,UPF0073 (Hly-III) family,,Cell membrane;Membrane;Reference proteome;Transmembrane;Transmembrane helix
g1123,887097,Rv1086,P9WFF5,CDS,Cytoplasmic,,"(2Z,6E)-farnesyl diphosphate synthase",metabolism,Prenyltransferases,Metabolism,Metabolism of terpenoids and polyketides,Terpenoid backbone biosynthesis,UPP synthase family. Z-FPP synthase subfamily,,3D-structure;Cell membrane;Cytoplasm;Magnesium;Membrane;Metal-binding;Reference proteome;Transferase
g1124,887094,Rv1087,Q79FT0,CDS,Extracellular,PE_PGRS21,PE-PGRS family protein PE_PGRS21,,,,,,,,Reference proteome
g1125,,Rv1087A,L7N654,CDS,Cytoplasmic,,"(2Z,6E)-farnesyl diphosphate synthase",,,,,,,,Reference proteome;Transferase
g1126,887096,Rv1088,Q79FS8,CDS,Extracellular,PE9,PE family protein PE9,,,,,,mycobacterial PE family,,Cell wall;Reference proteome;Secreted;Virulence
g1127,19394670,Rv1088a,,CDS,,,hypothetical protein,,,,,,,,
g1128,,Rv1089,L0T5T4,CDS,Extracellular,PE10,PE family protein PE10,,,,,,mycobacterial PE family,,Cell wall;Reference proteome;Secreted;Virulence
g1129,,Rv1089A,Q79FS6,CDS,Extracellular,celA2a,"Probable cellulase CelA2a (endo-1,4-beta-glucanase) (endoglucanase) (carboxymethyl cellulase)",,,,,,,,Reference proteome
g1130,,Rv1090,O53438,CDS,Extracellular,Cel12b,Probable cellulase Cel12b,,,,,,glycosyl hydrolase 12 (cellulase H) family,,Carbohydrate metabolism;Glycosidase;Hydrolase;Polysaccharide degradation;Reference proteome
g1131,885258,Rv1091,Q79FS5,CDS,Extracellular,PE_PGRS22,PE-PGRS family protein PE_PGRS22,,,,,,,,Reference proteome
g1132,885120,Rv1092c,P9WPA7,CDS,Cytoplasmic,coaA,Pantothenate kinase,,,Metabolism,Metabolism of cofactors and vitamins,Pantothenate and CoA biosynthesis,prokaryotic pantothenate kinase family,Cofactor biosynthesis; coenzyme A biosynthesis; CoA from (R)-pantothenate,3D-structure;ATP-binding;Coenzyme A biosynthesis;Cytoplasm;Kinase;Nucleotide-binding;Reference proteome;Transferase
g1133,885338,Rv1093,P9WGI9,CDS,Cytoplasmic,glyA1,Serine hydroxymethyltransferase 1,,,Metabolism; Organismal Systems,Carbohydrate metabolism; Energy metabolism; Amino acid metabolism; Metabolism of other amino acids; Metabolism of cofactors and vitamins; Digestive system,"Glyoxylate and dicarboxylate metabolism; Methane metabolism; Glycine, serine and threonine metabolism; Cyanoamino acid metabolism; One carbon pool by folate; Folate transport and metabolism",SHMT family,One-carbon metabolism; tetrahydrofolate interconversion; Amino-acid biosynthesis; glycine biosynthesis; glycine from L-serine,3D-structure;Amino-acid biosynthesis;Cytoplasm;Direct protein sequencing;One-carbon metabolism;Pyridoxal phosphate;Reference proteome;Transferase
g1134,885339,Rv1094,P9WNZ5,CDS,Cytoplasmic,desA2,Putative acyl-[acyl-carrier-protein] desaturase DesA2,metabolism,Lipid biosynthesis proteins,Metabolism,Lipid metabolism,Fatty acid biosynthesis; Mycolic acid biosynthesis; Biosynthesis of unsaturated fatty acids,fatty acid desaturase type 2 family,Lipid metabolism; fatty acid metabolism,3D-structure;Acetylation;Fatty acid biosynthesis;Fatty acid metabolism;Iron;Isopeptide bond;Lipid biosynthesis;Lipid metabolism;Metal-binding;Oxidoreductase;Reference proteome;Ubl conjugation
g1135,,Rv1094.5,P0DXE9,CDS,Extracellular,phoAT,Probable antitoxin PhoAT,,,,,,PhoAT antitoxin family,,Reference proteome;Toxin-antitoxin system
g1136,885592,Rv1095,O53443,CDS,Cytoplasmic,phoH2,Protein PhoH2,,,,,,In the N-terminal section; belongs to the PINc/VapC protein family; In the C-terminal section; belongs to the PhoH family,,ATP-binding;GTP-binding;Hydrolase;Isomerase;Magnesium;Metal-binding;Nuclease;Nucleotide-binding;Reference proteome;Toxin-antitoxin system
g1137,885949,Rv1096,O53444,CDS,Extracellular,,glycosyl hydrolase,,,,,,,,Hydrolase;Membrane;Metal-binding;Reference proteome;Transmembrane;Transmembrane helix
g1138,885962,Rv1097c,O53445,CDS,Plasma Membrane,,hypothetical protein,,,,,,,,Membrane;Reference proteome;Transmembrane;Transmembrane helix
g1139,885651,Rv1098c,P9WN93,CDS,Cytoplasmic,fumC,Fumarate hydratase class II,,,Metabolism,Carbohydrate metabolism; Energy metabolism,Citrate cycle (TCA cycle); Pyruvate metabolism; Other carbon fixation pathways,class-II fumarase/aspartase family. Fumarase subfamily,Carbohydrate metabolism; tricarboxylic acid cycle; (S)-malate from fumarate,3D-structure;Acetylation;Cytoplasm;Lyase;Reference proteome;Tricarboxylic acid cycle
g1140,885861,Rv1099c,P9WN21,CDS,Cytoplasmic,glpX,"Fructose-1,6-bisphosphatase class 2",,,Metabolism,Carbohydrate metabolism; Energy metabolism,Glycolysis / Gluconeogenesis; Pentose phosphate pathway; Fructose and mannose metabolism; Carbon fixation by Calvin cycle; Methane metabolism,FBPase class 2 family,Carbohydrate biosynthesis; gluconeogenesis,3D-structure;Acetylation;Carbohydrate metabolism;Cytoplasm;Direct protein sequencing;Gluconeogenesis;Hydrolase;Manganese;Metal-binding;Reference proteome
g1141,885852,Rv1100,O53448,CDS,Plasma Membrane,,hypothetical protein,,,,,,,,Membrane;Reference proteome;Transmembrane;Transmembrane helix
g1142,885482,Rv1101c,P9WFM3,CDS,Plasma Membrane,,Putative transport protein Rv1101c,,,,,,autoinducer-2 exporter (AI-2E) (TC 2.A.86) family,,Cell membrane;Membrane;Reference proteome;Transmembrane;Transmembrane helix;Transport
g1143,886001,Rv1102c,P9WIH9,CDS,Cytoplasmic,mazF3,Endoribonuclease MazF3,signaling and cellular processes,Prokaryotic defense system,,,,PemK/MazF family,,3D-structure;Endonuclease;Hydrolase;Nuclease;Reference proteome;Toxin-antitoxin system
g1144,885941,Rv1103c,O53451,CDS,Cytoplasmic,mazE3,Antitoxin MazE3,signaling and cellular processes,Prokaryotic defense system,,,,,,Reference proteome;Toxin-antitoxin system
g1145,,Rv1104,O53452,CDS,Extracellular,,Possible para-nitrobenzyl esterase (fragment),,,,,,,,Reference proteome
g1146,,Rv1105,O53453,CDS,Extracellular,,Possible para-nitrobenzyl esterase (fragment),,,,,,,,Reference proteome
g1147,886004,Rv1106c,P9WQP7,CDS,Cytoplasmic,,3 beta-hydroxysteroid dehydrogenase/Delta 5-->4-isomerase,,,Metabolism,Xenobiotics biodegradation and metabolism,Steroid degradation,3-beta-HSD family,Lipid metabolism; steroid biosynthesis,Cytoplasm;Isomerase;Lipid degradation;Lipid metabolism;Multifunctional enzyme;NAD;Oxidoreductase;Reference proteome;Steroid metabolism
g1148,886005,Rv1107c,P9WF29,CDS,Cytoplasmic,xseB,Exodeoxyribonuclease 7 small subunit,genetic information processing,DNA repair and recombination proteins,Genetic Information Processing,Replication and repair,Mismatch repair,XseB family,,Cytoplasm;Exonuclease;Hydrolase;Nuclease;Reference proteome
g1149,885984,Rv1108c,P9WF31,CDS,Cytoplasmic,xseA,Exodeoxyribonuclease 7 large subunit,genetic information processing,DNA repair and recombination proteins,Genetic Information Processing,Replication and repair,Mismatch repair,XseA family,,Cytoplasm;Exonuclease;Hydrolase;Nuclease;Reference proteome
g1150,885828,Rv1109c,P9WM59,CDS,Cytoplasmic,,Uncharacterized protein Rv1109c,,,,,,,,Reference proteome
g1151,885830,Rv1110,P9WKG1,CDS,Cytoplasmic,ispH2,4-hydroxy-3-methylbut-2-enyl diphosphate reductase 2,,,Metabolism,Metabolism of terpenoids and polyketides,Terpenoid backbone biosynthesis,IspH family,Isoprenoid biosynthesis; dimethylallyl diphosphate biosynthesis; dimethylallyl diphosphate from (2E)-4-hydroxy-3-methylbutenyl diphosphate; Isoprenoid biosynthesis; isopentenyl diphosphate biosynthesis via DXP pathway; isopentenyl diphosphate from 1-deoxy-D-xylulose 5-phosphate,4Fe-4S;Iron;Iron-sulfur;Isoprene biosynthesis;Metal-binding;Oxidoreductase;Reference proteome
g1152,885447,Rv1111c,O86351,CDS,Plasma Membrane,,DUF6542 domain-containing protein,,,,,,,,Membrane;Reference proteome;Transmembrane;Transmembrane helix
g1153,887151,Rv1112,O53459,CDS,Cytoplasmic,ychF,Ribosome-binding ATPase YchF,genetic information processing,Ribosome biogenesis,,,,TRAFAC class OBG-HflX-like GTPase superfamily. OBG GTPase family. YchF/OLA1 subfamily,,ATP-binding;Magnesium;Metal-binding;Nucleotide-binding;Reference proteome
g1154,885450,Rv1113,P9WJ33,CDS,Extracellular,vapB32,Antitoxin VapB32,signaling and cellular processes,Prokaryotic defense system,,,,,,Reference proteome;Secreted;Toxin-antitoxin system
g1155,885490,Rv1114,P9WF73,CDS,Cytoplasmic,vapC32,Ribonuclease VapC32,signaling and cellular processes,Prokaryotic defense system,,,,PINc/VapC protein family,,Hydrolase;Magnesium;Metal-binding;Nuclease;Reference proteome;Toxin-antitoxin system
g1156,885951,Rv1115,O06567,CDS,Extracellular,,hypothetical protein,,,,,,,,Membrane;Reference proteome;Transmembrane;Transmembrane helix
g1157,885969,Rv1116,O06568,CDS,Cytoplasmic,,hypothetical protein,,,,,,,,Reference proteome
g1158,,Rv1116A,L7N6A9,CDS,Extracellular,,PE family protein,,,,,,,,Reference proteome
g1159,885847,Rv1117,O06569,CDS,Cytoplasmic,,hypothetical protein,,,,,,,,Reference proteome
g1160,888936,Rv1118c,O06570,CDS,Cytoplasmic,,hypothetical protein,,,,,,,,Reference proteome
g1161,885853,Rv1119c,O06571,CDS,Cytoplasmic,,hypothetical protein,,,,,,,,Reference proteome
g1162,885633,Rv1120c,O06572,CDS,Cytoplasmic,,Guanylate cyclase domain-containing protein,,,,,,adenylyl cyclase class-3 family,,Reference proteome
g1163,885817,Rv1121,P9WN71,CDS,Cytoplasmic,zwf1,Glucose-6-phosphate 1-dehydrogenase 1,signaling and cellular processes,Exosome,Metabolism,Carbohydrate metabolism; Metabolism of other amino acids,Pentose phosphate pathway; Glutathione metabolism,glucose-6-phosphate dehydrogenase family,Carbohydrate degradation; pentose phosphate pathway; D-ribulose 5-phosphate from D-glucose 6-phosphate (oxidative stage),Carbohydrate metabolism;Glucose metabolism;NADP;Oxidoreductase;Reference proteome
g1164,885820,Rv1122,O06574,CDS,Cytoplasmic,gnd2,6-phosphogluconate dehydrogenase (decarboxylating),,,Metabolism,Carbohydrate metabolism; Metabolism of other amino acids,Pentose phosphate pathway; Glutathione metabolism,6-phosphogluconate dehydrogenase family,,3D-structure;Gluconate utilization;Oxidoreductase;Reference proteome
g1165,885965,Rv1123c,O06575,CDS,Cytoplasmic,bpoB,peroxidase BpoB,,,,,,,,Oxidoreductase;Peroxidase;Reference proteome
g1166,886022,Rv1124,O06576,CDS,Plasma Membrane,ephC,epoxide hydrolase EphC,,,,,,,,Hydrolase;Reference proteome
g1167,886021,Rv1125,O06577,CDS,Cytoplasmic,,O-acyltransferase WSD1 C-terminal domain-containing protein,,,,,,,,Reference proteome
g1168,885845,Rv1126c,O06578,CDS,Cytoplasmic,,hypothetical protein,,,,,,,,Reference proteome
g1169,885956,Rv1127c,O06579,CDS,Cytoplasmic,ppdK,"pyruvate, phosphate dikinase PpdK",,,Metabolism,Carbohydrate metabolism; Energy metabolism,Glycolysis / Gluconeogenesis; Pyruvate metabolism; Carbon fixation by Calvin cycle; Other carbon fixation pathways,,,Pyruvate;Reference proteome
g1170,885849,Rv1128c,P9WM57,CDS,Cytoplasmic,,Uncharacterized protein Rv1128c,,,,,,Rv1128c/1148c/1588c/1702c/1945/3466 family,,Reference proteome
g1171,885963,Rv1129c,O06581,CDS,Cytoplasmic,prpR,HTH-type transcriptional regulator PrpR,genetic information processing,Transcription factors,,,,short-chain fatty acyl-CoA assimilation regulator (ScfR) family,Organic acid metabolism; propanoate degradation; Steroid metabolism; cholesterol metabolism,3D-structure;Activator;DNA-binding;Reference proteome;Repressor;Transcription;Transcription regulation
g1172,885843,Rv1130,O06582,CDS,Cytoplasmic,prpD,2-methylcitrate dehydratase,,,Metabolism,Carbohydrate metabolism,Propanoate metabolism,PrpD family,Organic acid metabolism; propanoate degradation; Carbohydrate metabolism; tricarboxylic acid cycle; isocitrate from oxaloacetate,Cholesterol metabolism;Lipid metabolism;Lyase;Reference proteome;Steroid metabolism;Sterol metabolism;Tricarboxylic acid cycle
g1173,888949,Rv1131,I6Y9Q3,CDS,Cytoplasmic,prpC,2-methylcitrate synthase,,,Metabolism,Carbohydrate metabolism,Citrate cycle (TCA cycle); Glyoxylate and dicarboxylate metabolism; Propanoate metabolism,citrate synthase family,Organic acid metabolism; propanoate degradation; Carbohydrate metabolism; tricarboxylic acid cycle; isocitrate from oxaloacetate,3D-structure;Reference proteome;Transferase;Tricarboxylic acid cycle
g1174,885824,Rv1132,O06583,CDS,Plasma Membrane,,hypothetical protein,,,,,,,,Membrane;Reference proteome;Transmembrane;Transmembrane helix
g1175,888947,Rv1133c,P9WK07,CDS,Cytoplasmic,metE,5-methyltetrahydropteroyltriglutamate--homocysteine methyltransferase,,,Metabolism,Amino acid metabolism; Metabolism of other amino acids,Cysteine and methionine metabolism; Selenocompound metabolism,vitamin-B12 independent methionine synthase family,Amino-acid biosynthesis; L-methionine biosynthesis via de novo pathway; L-methionine from L-homocysteine (MetE route),Amino-acid biosynthesis;Metal-binding;Methionine biosynthesis;Methyltransferase;Reference proteome;Repeat;Transferase;Zinc
g1176,885983,Rv1134,O06534,CDS,Cytoplasmic,,hypothetical protein,,,,,,,,Reference proteome
g1177,,Rv1135A,L7N682,CDS,Cytoplasmic,,Possible acetyl-CoA acetyltransferase (acetoacetyl-CoA thiolase),,,,,,,,Reference proteome
g1178,885131,Rv1135c,P9WI29,CDS,Extracellular,PPE16,Uncharacterized PPE family protein PPE16,,,,,,mycobacterial PPE family,,Reference proteome;Signal
g1179,,Rv1136,O06536,CDS,Cytoplasmic,,Possible enoyl-CoA hydratase,,,,,,enoyl-CoA hydratase/isomerase family,,Lyase;Reference proteome
g1180,,Rv1137c,O06537,CDS,Extracellular,,Hypothetical protein,,,,,,,,Reference proteome
g1181,19394671,Rv1138a,,CDS,,,hypothetical protein,,,,,,,,
g1182,885119,Rv1138c,O06538,CDS,Plasma Membrane,,oxidoreductase,,,,,,,,Reference proteome
g1183,885110,Rv1139c,O06539,CDS,Plasma Membrane,,hypothetical protein,metabolism,Polyketide biosynthesis proteins,,,,,,Membrane;Reference proteome;Transmembrane;Transmembrane helix
g1184,885117,Rv1140,O06540,CDS,Plasma Membrane,,integral membrane protein,metabolism,Peptidases and inhibitors,,,,,,Membrane;Reference proteome;Transmembrane;Transmembrane helix
g1185,886024,Rv1141c,O06541,CDS,Cytoplasmic,echA11,enoyl-CoA hydratase EchA11,,,,,,enoyl-CoA hydratase/isomerase family,,Reference proteome
g1186,885458,Rv1142c,O06542,CDS,Cytoplasmic,echA10,enoyl-CoA hydratase EchA10,,,,,,enoyl-CoA hydratase/isomerase family,,Reference proteome
g1187,885067,Rv1143,O06543,CDS,Cytoplasmic,mcr,Alpha-methylacyl-CoA racemase,,,Metabolism; Cellular Processes,Xenobiotics biodegradation and metabolism; Transport and catabolism,Steroid degradation; Peroxisome,CoA-transferase III family,,3D-structure;Isomerase;Lipid metabolism;Reference proteome
g1188,885932,Rv1144,P9WGQ7,CDS,Cytoplasmic,,Uncharacterized oxidoreductase Rv1144,,,,,,short-chain dehydrogenases/reductases (SDR) family,,3D-structure;Oxidoreductase;Reference proteome
g1189,885798,Rv1145,O06545,CDS,Plasma Membrane,mmpL13a,transmembrane transport protein,,,,,,resistance-nodulation-cell division (RND) (TC 2.A.6) family. MmpL subfamily,,Cell membrane;Membrane;Reference proteome;Transmembrane;Transmembrane helix
g1190,885575,Rv1146,O06546,CDS,Plasma Membrane,mmpL13b,transmembrane transport protein,,,,,,resistance-nodulation-cell division (RND) (TC 2.A.6) family. MmpL subfamily,,Cell membrane;Membrane;Reference proteome;Transmembrane;Transmembrane helix
g1191,885471,Rv1147,O06547,CDS,Cytoplasmic,,hypothetical protein,,,,,,,,Reference proteome
g1192,885451,Rv1148c,P9WM55,CDS,Cytoplasmic,,Uncharacterized protein Rv1148c,,,,,,Rv1128c/1148c/1588c/1702c/1945/3466 family,,Reference proteome
g1193,885164,Rv1149,L0T897,CDS,Cytoplasmic,,transposase,,,,,,,,Reference proteome
g1194,,Rv1150,,misc_feature,,,,,,,,,,,
g1195,886026,Rv1151c,P9WGG3,CDS,Cytoplasmic,cobB,NAD-dependent protein deacylase,,,Metabolism,Metabolism of cofactors and vitamins,Nicotinate and nicotinamide metabolism,sirtuin family. Class III subfamily,,ADP-ribosylation;Cytoplasm;DNA damage;DNA repair;Metal-binding;NAD;Reference proteome;Transferase;Zinc
g1196,885985,Rv1152,O06550,CDS,Cytoplasmic,,HTH-type transcriptional regulator Rv1152,,,,,,,,Cell wall;Cytoplasm;DNA-binding;Reference proteome;Secreted;Transcription;Transcription regulation
g1197,885994,Rv1153c,O06551,CDS,Plasma Membrane,omt,O-methyltransferase,,,,,,,,Methyltransferase;Reference proteome;Transferase
g1198,885991,Rv1154c,O06552,CDS,Cytoplasmic,,DUF1697 domain-containing protein,,,,,,,,Reference proteome
g1199,885604,Rv1155,O06553,CDS,Cytoplasmic,,F420H(2)-dependent reductase Rv1155,,,,,,F420H(2)-dependent biliverdin reductase family,,3D-structure;Oxidoreductase;Reference proteome
g1200,19394672,Rv1155a,A0A089QKZ7,CDS,Cytoplasmic,,Uncharacterized protein Rv1155A,,,,,,,,Reference proteome
g1201,885593,Rv1156,O06554,CDS,Cytoplasmic,,hypothetical protein,,,,,,,,Reference proteome
g1202,885878,Rv1157c,O06555,CDS,Extracellular,,hypothetical protein,,,,,,,,Reference proteome;Signal
g1203,888930,Rv1158c,O06556,CDS,Extracellular,,hypothetical protein,,,,,,,,Reference proteome;Signal
g1204,885899,Rv1159,P9WN01,CDS,Plasma Membrane,pimE,Polyprenol-phosphate-mannose-dependent alpha-(1-2)-phosphatidylinositol pentamannoside mannosyltransferase,metabolism,Glycosyltransferases,Metabolism,Glycan biosynthesis and metabolism,Lipoarabinomannan (LAM) biosynthesis,glycosyltransferase 87 family,Phospholipid metabolism; phosphatidylinositol metabolism,Cell membrane;Lipid biosynthesis;Lipid metabolism;Membrane;Phospholipid biosynthesis;Phospholipid metabolism;Reference proteome;Transferase;Transmembrane;Transmembrane helix
g1205,3205109,Rv1159A,P9WI93,CDS,Cytoplasmic,,Putative pterin-4-alpha-carbinolamine dehydratase,signaling and cellular processes,Exosome,Metabolism,Metabolism of cofactors and vitamins,Folate biosynthesis,pterin-4-alpha-carbinolamine dehydratase family,,Acetylation;Lyase;Reference proteome
g1206,888485,Rv1160,P9WIY1,CDS,Cytoplasmic,mutT2,Putative 8-oxo-dGTP diphosphatase 2,genetic information processing,DNA repair and recombination proteins,,,,Nudix hydrolase family,,DNA damage;DNA repair;DNA replication;Hydrolase;Magnesium;Manganese;Metal-binding;Mutator protein;Reference proteome
g1207,885573,Rv1161,P9WJQ3,CDS,Extracellular,narG,Nitrate reductase alpha subunit,signaling and cellular processes,Transporters,Metabolism; Environmental Information Processing,Energy metabolism; Signal transduction,Nitrogen metabolism; Two-component system,prokaryotic molybdopterin-containing oxidoreductase family,,4Fe-4S;Acetylation;Cell membrane;Electron transport;Iron;Iron-sulfur;Membrane;Metal-binding;Molybdenum;Nitrate assimilation;Oxidoreductase;Reference proteome;Transport
g1208,888265,Rv1162,O06560,CDS,Extracellular,narH,nitrate reductase subunit beta,signaling and cellular processes,Transporters,Metabolism; Environmental Information Processing,Energy metabolism; Signal transduction,Nitrogen metabolism; Two-component system,,,4Fe-4S;Electron transport;Iron;Iron-sulfur;Metal-binding;Reference proteome;Repeat;Transport
g1209,885890,Rv1163,O06561,CDS,Cytoplasmic,narJ,nitrate reductase subunit delta,,,Environmental Information Processing,Signal transduction,Two-component system,,,Nitrate assimilation;Reference proteome
g1210,888935,Rv1164,O06562,CDS,Plasma Membrane,narI,Nitrate reductase-like protein NarX,signaling and cellular processes,Transporters,Metabolism; Environmental Information Processing,Energy metabolism; Signal transduction,Nitrogen metabolism; Two-component system,In the C-terminal section; belongs to the nitrate reductase gamma subunit family; In the N-terminal section; belongs to the nitrate reductase alpha subunit family; In the central section; belongs to the NarJ/NarW family,,Cell membrane;Electron transport;Heme;Iron;Membrane;Metal-binding;Molybdenum;Nitrate assimilation;Oxidoreductase;Reference proteome;Transmembrane;Transmembrane helix;Transport
g1211,886038,Rv1165,O06563,CDS,Cytoplasmic,typA,Large ribosomal subunit assembly factor BipA,,,,,,TRAFAC class translation factor GTPase superfamily. Classic translation factor GTPase family. BipA subfamily,,Cytoplasm;Elongation factor;GTP-binding;Hydrolase;Nucleotide-binding;Protein biosynthesis;Reference proteome;Ribosome biogenesis;RNA-binding;rRNA-binding;tRNA-binding
g1212,886036,Rv1166,P9WGU7,CDS,Plasma Membrane,lpqW,Probable monoacyl phosphatidylinositol tetramannoside-binding protein LpqW,,,,,,bacterial solute-binding protein 5 family,Phospholipid metabolism; phosphatidylinositol metabolism,Lipid biosynthesis;Lipid metabolism;Phospholipid biosynthesis;Phospholipid metabolism;Reference proteome;Signal;Virulence
g1213,888758,Rv1167c,O50423,CDS,Cytoplasmic,,transcriptional regulator,,,,,,,,DNA-binding;Reference proteome;Transcription;Transcription regulation
g1214,885990,Rv1168c,P9WI27,CDS,Extracellular,PPE17,PPE family protein PPE17,,,,,,mycobacterial PPE family,,Cell wall;Reference proteome;Secreted;Virulence
g1215,885930,Rv1169c,Q79FR5,CDS,Extracellular,PE11,Esterase PE11,,,,,,mycobacterial PE family,,Cell wall;Cell wall biogenesis/degradation;Hydrolase;Reference proteome;Secreted;Virulence
g1216,885997,Rv1170,P9WJN3,CDS,Cytoplasmic,mshB,1D-myo-inositol 2-acetamido-2-deoxy-alpha-D-glucopyranoside deacetylase,,,,,,MshB deacetylase family,,3D-structure;Hydrolase;Metal-binding;Reference proteome;Zinc
g1217,885986,Rv1171,O50427,CDS,Plasma Membrane,,hypothetical protein,,,,,,,,Membrane;Reference proteome;Transmembrane;Transmembrane helix
g1218,885988,Rv1172c,L7N693,CDS,Extracellular,PE12,PE family protein PE12,,,,,,,,Reference proteome
g1219,886061,Rv1173,P9WP77,CDS,Cytoplasmic,fbiC,FO synthase,,,Metabolism,Energy metabolism,Methane metabolism,In the N-terminal section; belongs to the radical SAM superfamily. CofG family; In the C-terminal section; belongs to the radical SAM superfamily. CofH family,Cofactor biosynthesis; coenzyme F0 biosynthesis,4Fe-4S;Iron;Iron-sulfur;Lyase;Metal-binding;Reference proteome;S-adenosyl-L-methionine;Transferase
g1220,886082,Rv1174c,O50430,CDS,Extracellular,TB8.4,low molecular weight T-cell antigen,,,,,,,,Reference proteome;Signal
g1221,886053,Rv1175c,O50431,CDS,Cytoplasmic,fadH,"NADPH dependent 2,4-dienoyl-CoA reductase FadH",,,,,,In the N-terminal section; belongs to the NADH:flavin oxidoreductase/NADH oxidase family,,Flavoprotein;FMN;Iron;Iron-sulfur;Metal-binding;Oxidoreductase;Reference proteome
g1222,886080,Rv1176c,O50432,CDS,Cytoplasmic,,Probable transcriptional regulator Rv1176c,,,,,,PadR family,,3D-structure;Cytoplasm;DNA-binding;Reference proteome;Transcription;Transcription regulation
g1223,885869,Rv1177,O50433,CDS,Extracellular,fdxC,Ferredoxin,,,,,,,,3Fe-4S;4Fe-4S;Electron transport;Iron;Iron-sulfur;Metal-binding;Reference proteome;Repeat;Transport
g1224,886031,Rv1178,O50434,CDS,Cytoplasmic,,Probable aminotransferase Rv1178,,,,,,class-I pyridoxal-phosphate-dependent aminotransferase family,,Aminotransferase;Direct protein sequencing;Reference proteome;Transferase
g1225,886083,Rv1179c,O50435,CDS,Extracellular,,Helicase ATP-binding domain-containing protein,,,,,,,,Reference proteome
g1226,886055,Rv1180,A0A089QRB9,CDS,Cytoplasmic,msl3,Mycolipanoate synthase,metabolism,Lipid biosynthesis proteins,,,,,Lipid metabolism; fatty acid biosynthesis,Acyltransferase;Cell membrane;Direct protein sequencing;Lipoprotein;Membrane;Multifunctional enzyme;NADP;Palmitate;Phosphopantetheine;Phosphoprotein;Reference proteome;Signal;Transferase
g1227,886081,Rv1181,A0A089QRB9,CDS,Cytoplasmic,msl3,Mycolipanoate synthase,metabolism,Lipid biosynthesis proteins,,,,,Lipid metabolism; fatty acid biosynthesis,Acyltransferase;Cell membrane;Direct protein sequencing;Lipoprotein;Membrane;Multifunctional enzyme;NADP;Palmitate;Phosphopantetheine;Phosphoprotein;Reference proteome;Signal;Transferase
g1228,886072,Rv1182,P9WIK5,CDS,Cytoplasmic,papA3,Acyltransferase PapA3,,,,,,PapA acyltransferase family,,Acyltransferase;Reference proteome;Transferase
g1229,886068,Rv1183,P9WJU1,CDS,Plasma Membrane,mmpL10,Acyltrehalose exporter MmpL10,,,,,,resistance-nodulation-cell division (RND) (TC 2.A.6) family. MmpL subfamily,,Cell inner membrane;Cell membrane;Lipid transport;Membrane;Reference proteome;Transmembrane;Transmembrane helix;Transport
g1230,886063,Rv1184c,O50440,CDS,Plasma Membrane,chp2,Diacyltrehalose acyltransferase Chp2,,,,,,mycobacterial PPE family,,Acyltransferase;Cell inner membrane;Cell membrane;Lipid biosynthesis;Lipid metabolism;Membrane;Reference proteome;Transferase;Transmembrane;Transmembrane helix
g1231,886065,Rv1185c,P9WQ49,CDS,Cytoplasmic,fadD21,Putative fatty-acid--CoA ligase FadD21,metabolism,Lipid biosynthesis proteins,,,,ATP-dependent AMP-binding enzyme family,,Fatty acid metabolism;Isopeptide bond;Ligase;Lipid metabolism;Reference proteome;Ubl conjugation
g1232,886057,Rv1186c,O50442,CDS,Cytoplasmic,,hypothetical protein,,,,,,,,Reference proteome
g1233,886058,Rv1187,O50443,CDS,Cytoplasmic,rocA,L-glutamate gamma-semialdehyde dehydrogenase,,,Metabolism,Amino acid metabolism,"Alanine, aspartate and glutamate metabolism; Arginine and proline metabolism",aldehyde dehydrogenase family,Amino-acid degradation; L-proline degradation into L-glutamate; L-glutamate from L-proline,3D-structure;Metal-binding;NAD;Nucleotide-binding;Oxidoreductase;Proline metabolism;Reference proteome
g1234,886054,Rv1188,O50444,CDS,Cytoplasmic,,proline dehydrogenase,,,Metabolism,Amino acid metabolism,Arginine and proline metabolism,,Amino-acid degradation; L-proline degradation into L-glutamate; L-glutamate from L-proline,FAD;Flavoprotein;Nucleotide-binding;Oxidoreductase;Proline metabolism;Reference proteome
g1235,886079,Rv1189,P9WGH3,CDS,Cytoplasmic,sigI,Probable ECF RNA polymerase sigma factor SigI,genetic information processing,Transcription machinery,,,,sigma-70 factor family. ECF subfamily,,DNA-binding;Reference proteome;Sigma factor;Transcription;Transcription regulation
g1236,886049,Rv1190,O86348,CDS,Plasma Membrane,,AB hydrolase-1 domain-containing protein,,,,,,,,Reference proteome
g1237,886041,Rv1191,O05293,CDS,Plasma Membrane,,hypothetical protein,,,,,,,,Reference proteome
g1238,886007,Rv1192,O05294,CDS,Plasma Membrane,,Alpha/beta hydrolase,,,,,,,,Reference proteome
g1239,886074,Rv1193,O05295,CDS,Cytoplasmic,fadD36,fatty-acid--CoA ligase FadD36,metabolism,Lipid biosynthesis proteins,,,,ATP-dependent AMP-binding enzyme family,,Ligase;Reference proteome
g1240,886040,Rv1194c,O05296,CDS,Cytoplasmic,,hypothetical protein,,,,,,CdaR family,,Reference proteome
g1241,886044,Rv1195,Q79FR3,CDS,Extracellular,PE13,PE family protein PE13,,,,,,mycobacterial PE family,,Cell wall;Reference proteome;Secreted;Virulence
g1242,886073,Rv1196,L7N675,CDS,Extracellular,PPE18,PPE family protein PPE18,,,,,,mycobacterial PPE family,,Cell wall;Reference proteome;Secreted;Virulence
g1243,886051,Rv1197,P9WNJ7,CDS,Extracellular,esxK,ESAT-6-like protein EsxK,signaling and cellular processes,Secretion system,Human Diseases,Infectious disease: bacterial,Tuberculosis,WXG100 family. CFP-10 subfamily,,Reference proteome;Secreted
g1244,886090,Rv1198,P9WNJ5,CDS,Extracellular,esxL,ESAT-6-like protein EsxL,signaling and cellular processes,Secretion system,Human Diseases,Infectious disease: bacterial,Tuberculosis,WXG100 family. ESAT-6 subfamily,,Reference proteome;Secreted;Virulence
g1245,886092,Rv1199c,P60230,CDS,Cytoplasmic,,Transposase for insertion sequence element IS1081,,,,,,transposase mutator family,,DNA recombination;DNA-binding;Reference proteome;Transposable element;Transposition
g1246,886087,Rv1200,O05301,CDS,Plasma Membrane,,integral membrane transport protein,,,,,,,,Cell inner membrane;Cell membrane;Membrane;Reference proteome;Transmembrane;Transmembrane helix;Transport
g1247,886088,Rv1201c,P9WP21,CDS,Cytoplasmic,dapD,"2,3,4,5-tetrahydropyridine-2,6-dicarboxylate N-succinyltransferase",,,Metabolism,Amino acid metabolism,Lysine biosynthesis,type 2 tetrahydrodipicolinate N-succinyltransferase family,"Amino-acid biosynthesis; L-lysine biosynthesis via DAP pathway; LL-2,6-diaminopimelate from (S)-tetrahydrodipicolinate (succinylase route)",3D-structure;Acyltransferase;Amino-acid biosynthesis;Cytoplasm;Diaminopimelate biosynthesis;Lysine biosynthesis;Magnesium;Metal-binding;Reference proteome;Transferase
g1248,887386,Rv1202,P9WHS9,CDS,Cytoplasmic,dapE,Putative succinyl-diaminopimelate desuccinylase DapE,metabolism,Peptidases and inhibitors,Metabolism,Amino acid metabolism,Lysine biosynthesis,peptidase M20A family,"Amino-acid biosynthesis; L-lysine biosynthesis via DAP pathway; LL-2,6-diaminopimelate from (S)-tetrahydrodipicolinate (succinylase route)",Amino-acid biosynthesis;Cobalt;Diaminopimelate biosynthesis;Hydrolase;Lysine biosynthesis;Metal-binding;Reference proteome;Zinc
g1249,886086,Rv1203c,O05304,CDS,Cytoplasmic,,AAA family ATPase,,,,,,,,Reference proteome
g1250,887552,Rv1204c,O05305,CDS,Cytoplasmic,,AAA+ ATPase domain-containing protein,,,,,,,,Reference proteome
g1251,886075,Rv1205,O05306,CDS,Cytoplasmic,log,Cytokinin riboside 5'-monophosphate phosphoribohydrolase,,,,,,LOG family,,3D-structure;Cytokinin biosynthesis;Hydrolase;Isopeptide bond;Reference proteome;Ubl conjugation
g1252,887549,Rv1206,O05307,CDS,Cytoplasmic,fadD6,Medium/long-chain-fatty-acid--CoA ligase FadD6,metabolism,Lipid biosynthesis proteins,,,,ATP-dependent AMP-binding enzyme family,,ATP-binding;Fatty acid metabolism;Ligase;Lipid metabolism;Nucleotide-binding;Reference proteome
g1253,887447,Rv1207,P9WNC9,CDS,Cytoplasmic,folP2,Inactive dihydropteroate synthase 2,,,Metabolism,Metabolism of cofactors and vitamins,Folate biosynthesis,DHPS family,,3D-structure;Reference proteome
g1254,886085,Rv1208,P9WMW9,CDS,Cytoplasmic,gpgS,Glucosyl-3-phosphoglycerate synthase,metabolism,Glycosyltransferases,,,,glycosyltransferase 2 family,,3D-structure;Calcium;Cobalt;Glycosyltransferase;Iron;Magnesium;Manganese;Metal-binding;Reference proteome;Transferase
g1255,887600,Rv1209,O05310,CDS,Plasma Membrane,,hypothetical protein,,,,,,,,Membrane;Reference proteome;Transmembrane;Transmembrane helix
g1256,888035,Rv1210,O05311,CDS,Cytoplasmic,tagA,DNA-3-methyladenine glycosylase I TagA,genetic information processing,DNA repair and recombination proteins,Genetic Information Processing,Replication and repair,Base excision repair,,,Glycosidase;Hydrolase;Metal-binding;Reference proteome;Zinc
g1257,887990,Rv1211,O05312,CDS,Cytoplasmic,,hypothetical protein,,,,,,,,Reference proteome
g1258,887805,Rv1212c,P9WMZ1,CDS,Cytoplasmic,glgM,Alpha-maltose-1-phosphate synthase,metabolism,Glycosyltransferases,Metabolism,Carbohydrate metabolism,Starch and sucrose metabolism,glycosyltransferase group 1 family,Capsule biogenesis; capsule polysaccharide biosynthesis; Glycan biosynthesis; glycogen biosynthesis,Capsule biogenesis/degradation;Carbohydrate metabolism;Glycosyltransferase;Reference proteome;Transferase
g1259,887933,Rv1213,P9WN43,CDS,Cytoplasmic,glgC,Glucose-1-phosphate adenylyltransferase,,,Metabolism,Carbohydrate metabolism; Glycan biosynthesis and metabolism,Starch and sucrose metabolism; Amino sugar and nucleotide sugar metabolism,bacterial/plant glucose-1-phosphate adenylyltransferase family,Glycan biosynthesis; glycogen biosynthesis; Capsule biogenesis; capsule polysaccharide biosynthesis,ATP-binding;Capsule biogenesis/degradation;Carbohydrate metabolism;Glycogen biosynthesis;Glycogen metabolism;Nucleotide-binding;Nucleotidyltransferase;Reference proteome;Transferase
g1260,888362,Rv1214c,L7N6A7,CDS,Extracellular,PE14,PE family protein PE14,,,,,,,,Reference proteome;Signal
g1261,887684,Rv1215c,O05316,CDS,Cytoplasmic,,hypothetical protein,,,,,,,,Hydrolase;Reference proteome
g1262,888125,Rv1216c,O05317,CDS,Plasma Membrane,,integral membrane protein,,,,,,,,Membrane;Reference proteome;Transmembrane;Transmembrane helix
g1263,888401,Rv1217c,O05318,CDS,Plasma Membrane,,Multidrug efflux system permease protein Rv1217c,signaling and cellular processes,Transporters,,,,,,3D-structure;Antibiotic resistance;Cell inner membrane;Cell membrane;Membrane;Reference proteome;Transmembrane;Transmembrane helix
g1264,888518,Rv1218c,O86311,CDS,Plasma Membrane,,Multidrug efflux system ATP-binding protein Rv1218c,signaling and cellular processes,Transporters,,,,ABC transporter superfamily,,3D-structure;Antibiotic resistance;ATP-binding;Cell inner membrane;Cell membrane;Membrane;Nucleotide-binding;Reference proteome;Translocase;Transport
g1265,888582,Rv1219c,O86312,CDS,Cytoplasmic,raaS,HTH-type transcriptional regulatory protein RaaS,,,,,,,,3D-structure;DNA-binding;Reference proteome;Repressor;Transcription;Transcription regulation
g1266,888419,Rv1220c,P9WJZ7,CDS,Cytoplasmic,,Probable O-methyltransferase Rv1220c,,,,,,class I-like SAM-binding methyltransferase superfamily. Cation-dependent O-methyltransferase family,,3D-structure;Methyltransferase;Reference proteome;S-adenosyl-L-methionine;Transferase
g1267,888751,Rv1221,P9WGG7,CDS,Cytoplasmic,sigE,ECF RNA polymerase sigma factor SigE,genetic information processing,Transcription machinery,,,,sigma-70 factor family. ECF subfamily,,3D-structure;Alternative promoter usage;DNA-binding;Reference proteome;Sigma factor;Transcription;Transcription regulation
g1268,885196,Rv1222,L0T905,CDS,Cytoplasmic,rseA,Anti-sigma-E factor RseA,,,,,,zinc-associated anti-sigma factor (ZAS) superfamily,,Cytoplasm;Metal-binding;Phosphoprotein;Reference proteome;Transcription;Transcription regulation;Zinc
g1269,888912,Rv1223,O06291,CDS,Plasma Membrane,htrA1,Probable serine protease HtrA1,metabolism; genetic information processing,Peptidases and inhibitors; Chaperones and folding catalysts,Environmental Information Processing; Human Diseases,Signal transduction; Drug resistance: antimicrobial,Two-component system; Cationic antimicrobial peptide (CAMP) resistance,peptidase S1C family,,3D-structure;Cell inner membrane;Cell membrane;Hydrolase;Membrane;Protease;Reference proteome;Serine protease;Transmembrane;Transmembrane helix
g1270,887143,Rv1224,P9WG99,CDS,Plasma Membrane,tatB,Sec-independent protein translocase protein TatB,signaling and cellular processes,Secretion system,Genetic Information Processing; Environmental Information Processing,"Folding, sorting and degradation; Membrane transport",Protein export; Bacterial secretion system,TatB family,,Cell membrane;Membrane;Protein transport;Reference proteome;Translocation;Transmembrane;Transmembrane helix;Transport
g1271,887148,Rv1225c,O33221,CDS,Cytoplasmic,,Haloacid dehalogenase-like hydrolase domain-containing protein 2,,,,,,HAD-like hydrolase superfamily,,Magnesium;Metal-binding;Reference proteome
g1272,887144,Rv1226c,O33222,CDS,Plasma Membrane,,transmembrane protein,,,,,,,,Membrane;Reference proteome;Transmembrane;Transmembrane helix
g1273,885872,Rv1227c,O33223,CDS,Plasma Membrane,,transmembrane protein,,,,,,,,Membrane;Reference proteome;Transmembrane;Transmembrane helix
g1274,886013,Rv1228,O33224,CDS,Plasma Membrane,lpqX,lipoprotein LpqX,,,,,,,,Lipoprotein;Reference proteome;Signal
g1275,19394673,Rv1228a,,CDS,,,hypothetical protein,,,,,,,,
g1276,886067,Rv1229c,P9WJN7,CDS,Cytoplasmic,mrp,Iron-sulfur cluster carrier protein,genetic information processing,Chromosome and associated proteins; Mitochondrial biogenesis,,,,In the N-terminal section; belongs to the MIP18 family; In the C-terminal section; belongs to the Mrp/NBP35 ATP-binding proteins family,,ATP-binding;Hydrolase;Iron;Iron-sulfur;Metal-binding;Nucleotide-binding;Reference proteome
g1277,887134,Rv1230c,O86313,CDS,Extracellular,,membrane protein,,,,,,,,Developmental protein;Membrane;Reference proteome;Transmembrane;Transmembrane helix
g1278,887140,Rv1231c,O86314,CDS,Plasma Membrane,,membrane protein,,,,,,,,Membrane;Reference proteome;Transmembrane;Transmembrane helix
g1279,886014,Rv1232c,O86315,CDS,Cytoplasmic,,hypothetical protein,,,,,,,,CBS domain;Reference proteome
g1280,887131,Rv1233c,O86316,CDS,Plasma Membrane,,hypothetical protein,,,,,,,,Membrane;Reference proteome;Transmembrane;Transmembrane helix
g1281,887137,Rv1234,O50451,CDS,Plasma Membrane,,transmembrane protein,,,,,,,,Membrane;Reference proteome;Transmembrane;Transmembrane helix
g1282,887145,Rv1235,P9WGU9,CDS,Plasma Membrane,lpqY,Trehalose-binding lipoprotein LpqY,signaling and cellular processes,Transporters,Environmental Information Processing,Membrane transport,ABC transporters,bacterial solute-binding protein 1 family,,3D-structure;Cell inner membrane;Cell membrane;Disulfide bond;Lipoprotein;Membrane;Palmitate;Reference proteome;Signal;Sugar transport;Transport
g1283,887124,Rv1236,P9WG03,CDS,Plasma Membrane,sugA,Trehalose transport system permease protein SugA,signaling and cellular processes,Transporters,Environmental Information Processing,Membrane transport,ABC transporters,binding-protein-dependent transport system permease family,,3D-structure;Cell inner membrane;Cell membrane;Membrane;Reference proteome;Sugar transport;Transmembrane;Transmembrane helix;Transport
g1284,887121,Rv1237,P9WG01,CDS,Plasma Membrane,sugB,Trehalose transport system permease protein SugB,signaling and cellular processes,Transporters,Environmental Information Processing,Membrane transport,ABC transporters,binding-protein-dependent transport system permease family,,3D-structure;Cell inner membrane;Cell membrane;Membrane;Reference proteome;Sugar transport;Transmembrane;Transmembrane helix;Transport
g1285,887104,Rv1238,P9WQI3,CDS,Plasma Membrane,sugC,Trehalose import ATP-binding protein SugC,signaling and cellular processes,Transporters,Environmental Information Processing,Membrane transport,ABC transporters,ABC transporter superfamily,,3D-structure;ATP-binding;Cell inner membrane;Cell membrane;Membrane;Nucleotide-binding;Reference proteome;Sugar transport;Translocase;Transport
g1286,887106,Rv1239c,O50455,CDS,Plasma Membrane,corA,Magnesium transport protein CorA,signaling and cellular processes,Transporters,,,,CorA metal ion transporter (MIT) (TC 1.A.35) family,,Cell membrane;Ion transport;Magnesium;Membrane;Reference proteome;Transmembrane;Transmembrane helix;Transport
g1287,887119,Rv1240,P9WK13,CDS,Cytoplasmic,mdh,Malate dehydrogenase,,,Metabolism,Carbohydrate metabolism; Energy metabolism; Amino acid metabolism,Citrate cycle (TCA cycle); Pyruvate metabolism; Glyoxylate and dicarboxylate metabolism; Sulfoquinovose metabolism; Carbon fixation by Calvin cycle; Other carbon fixation pathways; Methane metabolism; Cysteine and methionine metabolism,LDH/MDH superfamily. MDH type 2 family,,3D-structure;NAD;Oxidoreductase;Reference proteome;Tricarboxylic acid cycle
g1288,887118,Rv1241,O50456,CDS,Cytoplasmic,vapB33,Antitoxin VapB33,signaling and cellular processes,Prokaryotic defense system,,,,,,Reference proteome;Toxin-antitoxin system
g1289,887095,Rv1242,P9WF69,CDS,Cytoplasmic,vapC33,Ribonuclease VapC33,signaling and cellular processes,Prokaryotic defense system,,,,PINc/VapC protein family,,Hydrolase;Magnesium;Metal-binding;Nuclease;Reference proteome;Toxin-antitoxin system
g1290,887109,Rv1243c,Q79FQ7,CDS,Extracellular,PE_PGRS23,PE-PGRS family protein PE_PGRS23,,,,,,,,Reference proteome
g1291,887093,Rv1244,O50459,CDS,Plasma Membrane,lpqZ,lipoprotein LpqZ,,,,,,,,Lipoprotein;Reference proteome;Signal
g1292,887091,Rv1245c,O50460,CDS,Plasma Membrane,,Putative oxidoreductase SadH,,,,,,short-chain dehydrogenases/reductases (SDR) family,,Oxidoreductase;Reference proteome
g1293,887099,Rv1246c,O50461,CDS,Cytoplasmic,relE,Toxin RelE,signaling and cellular processes,Prokaryotic defense system,,,,RelE toxin family,,DNA-binding;Hydrolase;Nuclease;Reference proteome;Repressor;Toxin-antitoxin system;Transcription;Transcription regulation
g1294,887086,Rv1247c,O50462,CDS,Cytoplasmic,relB,Antitoxin RelB,signaling and cellular processes,Prokaryotic defense system,,,,phD/YefM antitoxin family,,DNA-binding;Reference proteome;Repressor;Toxin-antitoxin system;Transcription;Transcription regulation
g1295,887084,Rv1248c,P9WIS5,CDS,Cytoplasmic,kgd,Multifunctional 2-oxoglutarate metabolism enzyme,,,Metabolism,Carbohydrate metabolism; Metabolism of cofactors and vitamins,Citrate cycle (TCA cycle); Glyoxylate and dicarboxylate metabolism; Lipoic acid metabolism,2-oxoacid dehydrogenase family. Kgd subfamily,Carbohydrate metabolism; tricarboxylic acid cycle; succinate from 2-oxoglutarate (transferase route); Carbohydrate metabolism; tricarboxylic acid cycle; succinyl-CoA from 2-oxoglutarate (dehydrogenase route),Acyltransferase;Allosteric enzyme;Coiled coil;Decarboxylase;Lyase;Magnesium;Metal-binding;Multifunctional enzyme;Oxidoreductase;Reference proteome;Thiamine pyrophosphate;Transferase;Tricarboxylic acid cycle
g1296,887077,Rv1249c,O50464,CDS,Plasma Membrane,,membrane protein,,,,,,,,Membrane;Reference proteome;Transmembrane;Transmembrane helix
g1297,887073,Rv1250,P9WG87,CDS,Plasma Membrane,,Uncharacterized MFS-type transporter Rv1250,,,,,,major facilitator superfamily. EmrB family,,Cell membrane;Membrane;Reference proteome;Transmembrane;Transmembrane helix;Transport
g1298,887080,Rv1251c,O50466,CDS,Cytoplasmic,,hypothetical protein,,,,,,,,ATP-binding;DNA damage;DNA repair;Exonuclease;Helicase;Hydrolase;Nuclease;Nucleotide-binding;Reference proteome
g1299,887064,Rv1252c,P9WK49,CDS,Plasma Membrane,lprE,Putative lipoprotein LprE,,,,,,,,Cell membrane;Lipoprotein;Membrane;Palmitate;Reference proteome;Signal
g1300,887069,Rv1253,P9WH05,CDS,Cytoplasmic,deaD,ATP-dependent RNA helicase DeaD,genetic information processing,Messenger RNA biogenesis; Ribosome biogenesis,Genetic Information Processing,"Folding, sorting and degradation",RNA degradation,DEAD box helicase family. DeaD/CsdA subfamily,,ATP-binding;Cytoplasm;Helicase;Hydrolase;Nucleotide-binding;Reference proteome;RNA-binding;Stress response
g1301,887076,Rv1254,Q11064,CDS,Plasma Membrane,,acyltransferase,,,,,,,,Acyltransferase;Membrane;Reference proteome;Transferase;Transmembrane;Transmembrane helix
g1302,887068,Rv1255c,P9WMD5,CDS,Cytoplasmic,,Uncharacterized HTH-type transcriptional regulator Rv1255c,,,,,,,,DNA-binding;Reference proteome;Repeat;Transcription;Transcription regulation
g1303,887059,Rv1256c,P9WPN5,CDS,Cytoplasmic,cyp130,Cytochrome P450 130,metabolism,Cytochrome P450,,,,cytochrome P450 family,,3D-structure;Heme;Iron;Metal-binding;Monooxygenase;Oxidoreductase;Reference proteome
g1304,887063,Rv1257c,Q11061,CDS,Cytoplasmic,,oxidoreductase,,,Metabolism,Carbohydrate metabolism,Glyoxylate and dicarboxylate metabolism,FAD-binding oxidoreductase/transferase type 4 family,,FAD;Flavoprotein;Oxidoreductase;Reference proteome
g1305,887056,Rv1258c,P9WJX9,CDS,Plasma Membrane,tap,Multidrug efflux pump Tap,,,,,,major facilitator superfamily. Drug:H(+) antiporter-3 (DHA3) (TC 2.A.1.21) family,,Antibiotic resistance;Cell inner membrane;Cell membrane;Membrane;Reference proteome;Transmembrane;Transmembrane helix;Transport
g1306,887047,Rv1259,P9WM53,CDS,Cytoplasmic,udgB,Type-5 uracil-DNA glycosylase,genetic information processing,DNA repair and recombination proteins,Genetic Information Processing,Replication and repair,Base excision repair,uracil-DNA glycosylase (UDG) superfamily. Type 5 (UDGb) family,,4Fe-4S;DNA damage;DNA repair;Hydrolase;Iron;Iron-sulfur;Metal-binding;Reference proteome
g1307,887044,Rv1260,P9WM51,CDS,Cytoplasmic,,Uncharacterized protein Rv1260,,,,,,,,Reference proteome
g1308,887055,Rv1261c,P9WP13,CDS,Plasma Membrane,,F420H(2)-dependent quinone reductase Rv1261c,,,,,,F420H(2)-dependent quinone reductase family,,Cell membrane;Membrane;Oxidoreductase;Reference proteome
g1309,887036,Rv1262c,P9WML1,CDS,Cytoplasmic,,Uncharacterized HIT-like protein Rv1262c,genetic information processing; signaling and cellular processes,Transfer RNA biogenesis; Exosome,,,,,,Reference proteome
g1310,887041,Rv1263,P9WQ97,CDS,Plasma Membrane,amiB2,Putative amidase AmiB2,,,Metabolism,Amino acid metabolism; Xenobiotics biodegradation and metabolism,Arginine and proline metabolism; Phenylalanine metabolism; Tryptophan metabolism; Aminobenzoate degradation; Styrene degradation,amidase family,,Hydrolase;Reference proteome
g1311,887035,Rv1264,P9WMU9,CDS,Cytoplasmic,,pH-sensitive adenylate cyclase Rv1264,,,Metabolism,Nucleotide metabolism,Purine metabolism,adenylyl cyclase class-4/guanylyl cyclase family,,3D-structure;Acetylation;ATP-binding;cAMP biosynthesis;Lipid-binding;Lyase;Magnesium;Manganese;Metal-binding;Nucleotide-binding;Reference proteome
g1312,887058,Rv1265,P9WM49,CDS,Cytoplasmic,,Uncharacterized protein Rv1265,,,,,,,,Reference proteome
g1313,887023,Rv1266c,P9WI71,CDS,Plasma Membrane,pknH,Serine/threonine-protein kinase PknH,metabolism,Protein kinases,,,,protein kinase superfamily. Ser/Thr protein kinase family,,3D-structure;ATP-binding;Cell membrane;Disulfide bond;Kinase;Membrane;Nucleotide-binding;Phosphoprotein;Reference proteome;Serine/threonine-protein kinase;Stress response;Transferase;Transmembrane;Transmembrane helix
g1314,887026,Rv1267c,P9WGJ9,CDS,Cytoplasmic,embR,Transcriptional regulatory protein EmbR,genetic information processing,Transcription factors,,,,AfsR/DnrI/RedD regulatory family,,3D-structure;DNA-binding;Phosphoprotein;Reference proteome;Transcription;Transcription regulation;Two-component regulatory system
g1315,887033,Rv1268c,P9WM47,CDS,Extracellular,,Uncharacterized protein Rv1268c,,,,,,,,Reference proteome;Signal
g1316,887039,Rv1269c,P9WM45,CDS,Extracellular,,Protein Rv1269c,,,,,,To M.tuberculosis Rv1813c,,Reference proteome;Signal
g1317,887017,Rv1270c,P9WK55,CDS,Plasma Membrane,lprA,Lipoprotein LprA,,,Human Diseases,Infectious disease: bacterial,Tuberculosis,LppX/LprAFG lipoprotein family,,Cell membrane;Glycoprotein;Lipid-binding;Lipoprotein;Membrane;Palmitate;Reference proteome;Signal
g1318,887019,Rv1271c,P9WM43,CDS,Extracellular,,Uncharacterized protein Rv1271c,,,,,,To M.tuberculosis Rv1291c,,Reference proteome;Signal
g1319,887021,Rv1272c,P9WQJ3,CDS,Plasma Membrane,,Drug eflux ATP-binding/permease protein Rv1272c,signaling and cellular processes,Transporters,,,,ABC transporter superfamily,,3D-structure;ATP-binding;Cell inner membrane;Cell membrane;Membrane;Nucleotide-binding;Reference proteome;Translocase;Transmembrane;Transmembrane helix;Transport
g1320,887025,Rv1273c,P9WQJ1,CDS,Plasma Membrane,,Drug eflux ATP-binding/permease protein Rv1273c,signaling and cellular processes,Transporters,Environmental Information Processing,Membrane transport,ABC transporters,ABC transporter superfamily,,3D-structure;ATP-binding;Cell inner membrane;Cell membrane;Membrane;Nucleotide-binding;Reference proteome;Translocase;Transmembrane;Transmembrane helix;Transport
g1321,887011,Rv1274,P9WK53,CDS,Plasma Membrane,lprB,Putative lipoprotein LprB,,,,,,,,Cell membrane;Lipoprotein;Membrane;Palmitate;Reference proteome;Signal
g1322,887014,Rv1275,O86337,CDS,Plasma Membrane,lprC,lipoprotein LprC,,,,,,,,Lipoprotein;Reference proteome;Signal
g1323,887000,Rv1276c,P9WGF9,CDS,Cytoplasmic,,Uncharacterized protein Rv1276c,,,,,,SixA phosphatase family,,Hydrolase;Reference proteome
g1324,887001,Rv1277,Q50699,CDS,Cytoplasmic,,Nuclease SbcCD subunit D,,,,,,SbcD family,,Exonuclease;Hydrolase;Nuclease;Reference proteome
g1325,887005,Rv1278,P9WM41,CDS,Cytoplasmic,,Uncharacterized protein Rv1278,,,,,,,,Reference proteome
g1326,887002,Rv1279,P9WMV5,CDS,Plasma Membrane,,Uncharacterized GMC-type oxidoreductase Rv1279,,,,,,GMC oxidoreductase family,,FAD;Flavoprotein;Oxidoreductase;Reference proteome
g1327,886985,Rv1280c,P9WGU5,CDS,Plasma Membrane,oppA,Oligopeptide-binding protein OppA,signaling and cellular processes,Transporters,Environmental Information Processing,Membrane transport,ABC transporters,bacterial solute-binding protein 5 family,,3D-structure;Peptide transport;Periplasm;Protein transport;Reference proteome;Transport
g1328,886997,Rv1281c,P9WQJ5,CDS,Plasma Membrane,oppD,Oligopeptide transport ATP-binding protein OppD,signaling and cellular processes,Transporters,Environmental Information Processing,Membrane transport,ABC transporters,ABC transporter superfamily,,3D-structure;4Fe-4S;ATP-binding;Cell inner membrane;Cell membrane;Iron;Iron-sulfur;Membrane;Metal-binding;Nucleotide-binding;Peptide transport;Protein transport;Reference proteome;Repeat;Translocase;Transport
g1329,886980,Rv1282c,P9WFZ9,CDS,Plasma Membrane,oppC,Oligopeptide transport system permease protein OppC,signaling and cellular processes,Transporters,Environmental Information Processing,Membrane transport,ABC transporters,binding-protein-dependent transport system permease family. OppBC subfamily,,3D-structure;Cell inner membrane;Cell membrane;Membrane;Peptide transport;Protein transport;Reference proteome;Transmembrane;Transmembrane helix;Transport
g1330,886981,Rv1283c,P9WFZ7,CDS,Plasma Membrane,oppB,Oligopeptide transport system permease protein OppB,signaling and cellular processes,Transporters,Environmental Information Processing,Membrane transport,ABC transporters,binding-protein-dependent transport system permease family. OppBC subfamily,,3D-structure;Cell inner membrane;Cell membrane;Membrane;Peptide transport;Protein transport;Reference proteome;Transmembrane;Transmembrane helix;Transport
g1331,886987,Rv1284,P9WPJ7,CDS,Cytoplasmic,mtcA1,Beta-carbonic anhydrase 1,,,Metabolism,Energy metabolism,Nitrogen metabolism,beta-class carbonic anhydrase family,,3D-structure;Acetylation;Lyase;Metal-binding;Reference proteome;Zinc
g1332,886979,Rv1285,P9WIK1,CDS,Cytoplasmic,cysD,Sulfate adenylyltransferase subunit 2,,,Metabolism,Energy metabolism; Nucleotide metabolism; Metabolism of other amino acids; Biosynthesis of other secondary metabolites,Sulfur metabolism; Purine metabolism; Selenocompound metabolism; Monobactam biosynthesis,PAPS reductase family. CysD subfamily,Sulfur metabolism; hydrogen sulfide biosynthesis; sulfite from sulfate,ATP-binding;Nucleotide-binding;Nucleotidyltransferase;Reference proteome;Transferase
g1333,886978,Rv1286,P9WNM5,CDS,Cytoplasmic,cysNC,Bifunctional enzyme CysN/CysC,,,Metabolism,Energy metabolism; Nucleotide metabolism; Metabolism of other amino acids; Biosynthesis of other secondary metabolites,Sulfur metabolism; Purine metabolism; Selenocompound metabolism; Monobactam biosynthesis,In the C-terminal section; belongs to the APS kinase family; In the N-terminal section; belongs to the TRAFAC class translation factor GTPase superfamily. Classic translation factor GTPase family. CysN/NodQ subfamily,Sulfur metabolism; hydrogen sulfide biosynthesis; sulfite from sulfate; Sulfur metabolism; hydrogen sulfide biosynthesis; sulfite from sulfate,3D-structure;ATP-binding;GTP-binding;Kinase;Multifunctional enzyme;Nucleotide-binding;Nucleotidyltransferase;Reference proteome;Transferase
g1334,886998,Rv1287,P9WME3,CDS,Cytoplasmic,,Putative HTH-type transcriptional regulator Rv1287,,,,,,,,DNA-binding;Reference proteome
g1335,886974,Rv1288,P9WM39,CDS,Extracellular,,Esterase Rv1288,,,,,,AB hydrolase superfamily,,Cell wall;Hydrolase;Lipid metabolism;Reference proteome;Repeat;Secreted;Serine esterase
g1336,886994,Rv1289,P9WM37,CDS,Cytoplasmic,,Uncharacterized protein Rv1289,,,,,,,,Reference proteome
g1337,3205114,Rv1290A,Q79FQ6,CDS,Extracellular,,hypothetical protein,,,,,,,,Reference proteome
g1338,886971,Rv1290c,P9WM35,CDS,Plasma Membrane,,Uncharacterized protein Rv1290c,,,,,,,,Cell membrane;Membrane;Reference proteome;Transmembrane;Transmembrane helix
g1339,886975,Rv1291c,P9WM33,CDS,Extracellular,,Uncharacterized protein Rv1291c,,,,,,To M.tuberculosis Rv1271c,,Reference proteome
g1340,886964,Rv1292,P9WFW5,CDS,Cytoplasmic,argS,Arginine--tRNA ligase,metabolism; genetic information processing,Amino acid related enzymes; Transfer RNA biogenesis; Mitochondrial biogenesis,Genetic Information Processing,Translation,Aminoacyl-tRNA biosynthesis,class-I aminoacyl-tRNA synthetase family,,Aminoacyl-tRNA synthetase;ATP-binding;Cytoplasm;Ligase;Nucleotide-binding;Protein biosynthesis;Reference proteome
g1341,886960,Rv1293,P9WIU7,CDS,Cytoplasmic,lysA,Diaminopimelate decarboxylase,,,Metabolism,Amino acid metabolism; Metabolism of other amino acids,Lysine biosynthesis; D-Amino acid metabolism,Orn/Lys/Arg decarboxylase class-II family. LysA subfamily,"Amino-acid biosynthesis; L-lysine biosynthesis via DAP pathway; L-lysine from DL-2,6-diaminopimelate",3D-structure;Amino-acid biosynthesis;Decarboxylase;Disulfide bond;Lyase;Lysine biosynthesis;Pyridoxal phosphate;Reference proteome
g1342,886962,Rv1294,P9WPX1,CDS,Cytoplasmic,hom,Homoserine dehydrogenase,,,Metabolism,Amino acid metabolism,"Glycine, serine and threonine metabolism; Cysteine and methionine metabolism; Lysine biosynthesis",homoserine dehydrogenase family,Amino-acid biosynthesis; L-methionine biosynthesis via de novo pathway; L-homoserine from L-aspartate; Amino-acid biosynthesis; L-threonine biosynthesis; L-threonine from L-aspartate,Amino-acid biosynthesis;Metal-binding;Methionine biosynthesis;NAD;NADP;Oxidoreductase;Reference proteome;Sodium;Threonine biosynthesis
g1343,886957,Rv1295,P9WG59,CDS,Cytoplasmic,thrC,Threonine synthase,,,Metabolism,Amino acid metabolism; Metabolism of cofactors and vitamins,"Glycine, serine and threonine metabolism; Vitamin B6 metabolism",threonine synthase family,Amino-acid biosynthesis; L-threonine biosynthesis; L-threonine from L-aspartate,3D-structure;Acetylation;Amino-acid biosynthesis;Isopeptide bond;Lyase;Pyridoxal phosphate;Reference proteome;Threonine biosynthesis;Ubl conjugation
g1344,886958,Rv1296,P9WKE7,CDS,Cytoplasmic,thrB,Homoserine kinase,,,Metabolism,Amino acid metabolism,"Glycine, serine and threonine metabolism; Cysteine and methionine metabolism",GHMP kinase family. Homoserine kinase subfamily,Amino-acid biosynthesis; L-threonine biosynthesis; L-threonine from L-aspartate,Amino-acid biosynthesis;ATP-binding;Cytoplasm;Kinase;Nucleotide-binding;Reference proteome;Threonine biosynthesis;Transferase
g1345,886952,Rv1297,P9WHF3,CDS,Cytoplasmic,rho,Transcription termination factor Rho,genetic information processing,Transcription machinery; Messenger RNA biogenesis,Genetic Information Processing,"Folding, sorting and degradation",RNA degradation,Rho family,,3D-structure;ATP-binding;Helicase;Hydrolase;Nucleotide-binding;Reference proteome;RNA-binding;Transcription;Transcription regulation;Transcription termination
g1346,886955,Rv1298,P9WHA1,CDS,Cytoplasmic,rpmE,Large ribosomal subunit protein bL31,genetic information processing,Ribosome,Genetic Information Processing,Translation,Ribosome,bacterial ribosomal protein bL31 family. Type A subfamily,,3D-structure;Metal-binding;Reference proteome;Ribonucleoprotein;Ribosomal protein;RNA-binding;rRNA-binding;Zinc
g1347,886948,Rv1299,P9WHG3,CDS,Cytoplasmic,prfA,Peptide chain release factor 1,genetic information processing,Translation factors,,,,prokaryotic/mitochondrial release factor family,,Acetylation;Cytoplasm;Methylation;Protein biosynthesis;Reference proteome
g1348,886950,Rv1300,P9WHV3,CDS,Cytoplasmic,prmC,Release factor glutamine methyltransferase,genetic information processing,Translation factors,,,,protein N5-glutamine methyltransferase family. PrmC subfamily,,Methyltransferase;Reference proteome;S-adenosyl-L-methionine;Transferase
g1349,886970,Rv1301,P9WGC9,CDS,Cytoplasmic,,Putative threonylcarbamoyl-AMP synthase,genetic information processing,Ribosome biogenesis; Transfer RNA biogenesis,,,,SUA5 family,,ATP-binding;Cytoplasm;Nucleotide-binding;Nucleotidyltransferase;Reference proteome;Transferase;tRNA processing
g1350,886947,Rv1302,P9WMW5,CDS,Plasma Membrane,wecA,Decaprenyl-phosphate N-acetylglucosaminephosphotransferase,metabolism,Glycosyltransferases; Lipopolysaccharide biosynthesis proteins,Metabolism,Glycan biosynthesis and metabolism,O-Antigen repeat unit biosynthesis; Teichoic acid biosynthesis; Arabinogalactan biosynthesis - Mycobacterium; Exopolysaccharide biosynthesis,glycosyltransferase 4 family. WecA subfamily,Cell wall biogenesis; cell wall polysaccharide biosynthesis,Cell membrane;Cell wall biogenesis/degradation;Glycosyltransferase;Magnesium;Manganese;Membrane;Reference proteome;Transferase;Transmembrane;Transmembrane helix
g1351,886944,Rv1303,P9WM31,CDS,Plasma Membrane,,Uncharacterized protein Rv1303,,,,,,To M.leprae ML1138,,Cell membrane;Membrane;Reference proteome;Transmembrane;Transmembrane helix
g1352,886941,Rv1304,P9WPV7,CDS,Plasma Membrane,atpB,ATP synthase subunit a,metabolism; genetic information processing,Photosynthesis proteins; Chaperones and folding catalysts,Metabolism,Energy metabolism,Oxidative phosphorylation,ATPase A chain family,,3D-structure;ATP synthesis;Cell membrane;CF(0);Hydrogen ion transport;Ion transport;Membrane;Reference proteome;Transmembrane;Transmembrane helix;Transport
g1353,886937,Rv1305,P9WPS1,CDS,Plasma Membrane,atpE,ATP synthase subunit c,metabolism,Photosynthesis proteins,Metabolism,Energy metabolism,Oxidative phosphorylation,ATPase C chain family,,3D-structure;ATP synthesis;Cell membrane;CF(0);Hydrogen ion transport;Ion transport;Lipid-binding;Membrane;Reference proteome;Transmembrane;Transmembrane helix;Transport
g1354,886939,Rv1306,P9WPV5,CDS,Plasma Membrane,atpF,ATP synthase subunit b,metabolism,Photosynthesis proteins,Metabolism,Energy metabolism,Oxidative phosphorylation,ATPase B chain family,,3D-structure;ATP synthesis;Cell membrane;CF(0);Hydrogen ion transport;Ion transport;Membrane;Reference proteome;Transmembrane;Transmembrane helix;Transport
g1355,886934,Rv1307,P9WPV3,CDS,Plasma Membrane,atpFH,ATP synthase subunit b-delta,metabolism,Photosynthesis proteins,Metabolism,Energy metabolism,Oxidative phosphorylation,In the N-terminal section; belongs to the ATPase B chain family; In the C-terminal section; belongs to the ATPase delta chain family,,3D-structure;ATP synthesis;Cell membrane;CF(0);CF(1);Hydrogen ion transport;Ion transport;Membrane;Multifunctional enzyme;Reference proteome;Transmembrane;Transmembrane helix;Transport
g1356,886936,Rv1308,P9WPU7,CDS,Cytoplasmic,atpA,ATP synthase subunit alpha,metabolism,Photosynthesis proteins,Metabolism,Energy metabolism,Oxidative phosphorylation,ATPase alpha/beta chains family,,3D-structure;ATP synthesis;ATP-binding;Cell membrane;CF(1);Hydrogen ion transport;Ion transport;Isopeptide bond;Membrane;Nucleotide-binding;Reference proteome;Translocase;Transport;Ubl conjugation
g1357,886929,Rv1309,P9WPU9,CDS,Cytoplasmic,atpG,ATP synthase gamma chain,metabolism,Photosynthesis proteins,Metabolism,Energy metabolism,Oxidative phosphorylation,ATPase gamma chain family,,3D-structure;ATP synthesis;Cell membrane;CF(1);Hydrogen ion transport;Ion transport;Membrane;Reference proteome;Transport
g1358,886932,Rv1310,P9WPU5,CDS,Cytoplasmic,atpD,ATP synthase subunit beta,metabolism,Photosynthesis proteins,Metabolism,Energy metabolism,Oxidative phosphorylation,ATPase alpha/beta chains family,,3D-structure;Acetylation;ATP synthesis;ATP-binding;Cell membrane;CF(1);Hydrogen ion transport;Ion transport;Membrane;Nucleotide-binding;Reference proteome;Translocase;Transport
g1359,886967,Rv1311,P9WPV1,CDS,Cytoplasmic,atpC,ATP synthase epsilon chain,metabolism,Photosynthesis proteins,Metabolism,Energy metabolism,Oxidative phosphorylation,ATPase epsilon chain family,,3D-structure;ATP synthesis;Cell membrane;CF(1);Direct protein sequencing;Hydrogen ion transport;Ion transport;Membrane;Reference proteome;Transport
g1360,886930,Rv1312,P9WM29,CDS,Plasma Membrane,,Uncharacterized protein Rv1312,,,,,,To M.leprae ML1147,,Membrane;Reference proteome;Transmembrane;Transmembrane helix
g1361,886922,Rv1313c,P9WKH7,CDS,Cytoplasmic,,Transposase for insertion sequence element IS1557,,,,,,transposase 12 family,,DNA recombination;DNA-binding;Reference proteome;Transposable element;Transposition
g1362,886925,Rv1314c,P9WP99,CDS,Cytoplasmic,,Corrinoid adenosyltransferase,,,Metabolism; Organismal Systems,Metabolism of cofactors and vitamins; Digestive system,Porphyrin metabolism; Cobalamin transport and metabolism,Cob(I)alamin adenosyltransferase family,"Cofactor biosynthesis; adenosylcobalamin biosynthesis; adenosylcobalamin from cob(II)yrinate a,c-diamide",3D-structure;ATP-binding;Cobalamin biosynthesis;Cytoplasm;Nucleotide-binding;Porphyrin biosynthesis;Reference proteome;Transferase
g1363,886921,Rv1315,P9WJM1,CDS,Cytoplasmic,murA,UDP-N-acetylglucosamine 1-carboxyvinyltransferase,metabolism,Peptidoglycan biosynthesis and degradation proteins,Metabolism,Glycan biosynthesis and metabolism,Amino sugar and nucleotide sugar metabolism; Peptidoglycan biosynthesis,EPSP synthase family. MurA subfamily,Cell wall biogenesis; peptidoglycan biosynthesis,Cell cycle;Cell division;Cell shape;Cell wall biogenesis/degradation;Cytoplasm;Isopeptide bond;Peptidoglycan synthesis;Reference proteome;Transferase;Ubl conjugation
g1364,886913,Rv1316c,P9WJW5,CDS,Cytoplasmic,ogt,Methylated-DNA--protein-cysteine methyltransferase,genetic information processing,DNA repair and recombination proteins,,,,MGMT family,,3D-structure;Cytoplasm;DNA damage;DNA repair;Methyltransferase;Reference proteome;Transferase
g1365,886916,Rv1317c,P9WJW3,CDS,Cytoplasmic,alkA,Probable bifunctional transcriptional activator/DNA repair enzyme AlkA,genetic information processing,Transcription factors; DNA repair and recombination proteins,Genetic Information Processing,Replication and repair,Base excision repair,In the C-terminal section; belongs to the alkylbase DNA glycosidase AlkA family,,Activator;DNA damage;DNA repair;DNA-binding;Hydrolase;Metal-binding;Methyltransferase;Multifunctional enzyme;Reference proteome;Transcription;Transcription regulation;Transferase;Zinc
g1366,886910,Rv1318c,P9WQ33,CDS,Plasma Membrane,,Uncharacterized protein Rv1318c,,,,,,adenylyl cyclase class-3 family,,Cell membrane;Membrane;Reference proteome;Transmembrane;Transmembrane helix
g1367,886911,Rv1319c,P9WQ31,CDS,Plasma Membrane,,Uncharacterized protein Rv1319c,,,,,,adenylyl cyclase class-3 family,,Cell membrane;Membrane;Reference proteome;Transmembrane;Transmembrane helix
g1368,886906,Rv1320c,P9WQ29,CDS,Plasma Membrane,,Uncharacterized protein Rv1320c,,,,,,adenylyl cyclase class-3 family,,Cell membrane;Membrane;Reference proteome;Transmembrane;Transmembrane helix
g1369,886908,Rv1321,P9WIY5,CDS,Cytoplasmic,nucS,Endonuclease NucS,,,,,,NucS endonuclease family,,Cytoplasm;DNA-binding;Endonuclease;Hydrolase;Nuclease;Reference proteome
g1370,886927,Rv1322,P9WM27,CDS,Cytoplasmic,,Uncharacterized protein Rv1322,,,,,,,,Reference proteome
g1371,3205097,Rv1322A,L7N6B1,CDS,Cytoplasmic,,hypothetical protein,,,Metabolism,Carbohydrate metabolism; Energy metabolism; Amino acid metabolism,"Glyoxylate and dicarboxylate metabolism; Propanoate metabolism; Other carbon fixation pathways; Valine, leucine and isoleucine degradation",methylmalonyl-CoA epimerase family,,3D-structure;Metal-binding;Reference proteome
g1372,886904,Rv1323,P9WG69,CDS,Cytoplasmic,fadA4,Probable acetyl-CoA acetyltransferase,signaling and cellular processes,Exosome,Metabolism; Environmental Information Processing,Carbohydrate metabolism; Energy metabolism; Lipid metabolism; Amino acid metabolism; Metabolism of terpenoids and polyketides; Xenobiotics biodegradation and metabolism; Signal transduction,"Pyruvate metabolism; Glyoxylate and dicarboxylate metabolism; Butanoate metabolism; Other carbon fixation pathways; Fatty acid degradation; Valine, leucine and isoleucine degradation; Lysine degradation; Tryptophan metabolism; Terpenoid backbone biosynthesis; Benzoate degradation; Two-component system",thiolase-like superfamily. Thiolase family,,Acyltransferase;Direct protein sequencing;Reference proteome;Transferase
g1373,886897,Rv1324,P9WG61,CDS,Cytoplasmic,,Uncharacterized protein Rv1324,genetic information processing,Chaperones and folding catalysts,,,,,,Reference proteome;Signal
g1374,886899,Rv1325c,P9WIF7,CDS,Extracellular,PE_PGRS24,Uncharacterized PE-PGRS family protein PE_PGRS24,,,,,,mycobacterial PE family. PGRS subfamily,,Reference proteome;Repeat
g1375,886893,Rv1326c,P9WN45,CDS,Cytoplasmic,glgB,"1,4-alpha-glucan branching enzyme GlgB",signaling and cellular processes,Exosome,Metabolism,Carbohydrate metabolism,Starch and sucrose metabolism,glycosyl hydrolase 13 family. GlgB subfamily,Glycan biosynthesis; glycogen biosynthesis; Capsule biogenesis; capsule polysaccharide biosynthesis,3D-structure;Capsule biogenesis/degradation;Carbohydrate metabolism;Disulfide bond;Glycogen biosynthesis;Glycogen metabolism;Glycosyltransferase;Reference proteome;Transferase
g1376,886895,Rv1327c,P9WQ17,CDS,Cytoplasmic,glgE,"Alpha-1,4-glucan:maltose-1-phosphate maltosyltransferase",,,Metabolism,Carbohydrate metabolism,Starch and sucrose metabolism,glycosyl hydrolase 13 family. GlgE subfamily,Glycan biosynthesis; glycogen biosynthesis,Carbohydrate metabolism;Glycogen biosynthesis;Glycogen metabolism;Glycosyltransferase;Reference proteome;Transferase
g1377,886886,Rv1328,P9WMW1,CDS,Cytoplasmic,glgP,Glycogen phosphorylase,,,Metabolism,Carbohydrate metabolism,Starch and sucrose metabolism,glycogen phosphorylase family,,Allosteric enzyme;Carbohydrate metabolism;Glycogen metabolism;Glycosyltransferase;Pyridoxal phosphate;Reference proteome;Transferase
g1378,886889,Rv1329c,P9WMR5,CDS,Cytoplasmic,dinG,ATP-dependent helicase DinG,genetic information processing,DNA repair and recombination proteins,,,,helicase family. DinG subfamily,,4Fe-4S;ATP-binding;DNA damage;DNA recombination;DNA repair;DNA-binding;Helicase;Hydrolase;Iron;Iron-sulfur;Isomerase;Metal-binding;Nucleotide-binding;Reference proteome
g1379,886884,Rv1330c,P9WJI9,CDS,Cytoplasmic,pncB1,Nicotinate phosphoribosyltransferase pncB1,,,Metabolism,Metabolism of cofactors and vitamins,Nicotinate and nicotinamide metabolism,NAPRTase family,Cofactor biosynthesis; NAD(+) biosynthesis; nicotinate D-ribonucleotide from nicotinate,Ligase;Phosphoprotein;Pyridine nucleotide biosynthesis;Reference proteome;Transferase
g1380,886891,Rv1331,P9WPC1,CDS,Cytoplasmic,clpS,ATP-dependent Clp protease adapter protein ClpS,,,,,,ClpS family,,3D-structure;Reference proteome
g1381,886901,Rv1332,P9WM25,CDS,Cytoplasmic,aosR,Oxidative stress regulator AosR,,,,,,AosR family,,Activator;Disulfide bond;Redox-active center;Reference proteome;Stress response;Transcription;Transcription regulation
g1382,886882,Rv1333,P9WM23,CDS,Cytoplasmic,,Uncharacterized aminopeptidase Rv1333,,,,,,peptidase S58 family,,Aminopeptidase;Cell membrane;Hydrolase;Membrane;Protease;Reference proteome;Transmembrane;Transmembrane helix
g1383,886875,Rv1334,P9WHS1,CDS,Cytoplasmic,mec,CysO-cysteine peptidase,,,Genetic Information Processing,"Folding, sorting and degradation",Sulfur relay system,peptidase M67A family,Amino-acid biosynthesis; L-cysteine biosynthesis,Amino-acid biosynthesis;Cysteine biosynthesis;Hydrolase;Metal-binding;Metalloprotease;Protease;Reference proteome;Zinc
g1384,886879,Rv1335,P9WP33,CDS,Cytoplasmic,cysO,Sulfur carrier protein CysO,,,Genetic Information Processing,"Folding, sorting and degradation",Sulfur relay system,sulfur carrier protein CysO family,Amino-acid biosynthesis; L-cysteine biosynthesis,3D-structure;Amino-acid biosynthesis;Cysteine biosynthesis;Reference proteome
g1385,886867,Rv1336,P9WP53,CDS,Cytoplasmic,cysM,O-phosphoserine sulfhydrylase,,,Genetic Information Processing,"Folding, sorting and degradation",Sulfur relay system,cysteine synthase/cystathionine beta-synthase family,Amino-acid biosynthesis; L-cysteine biosynthesis,3D-structure;Amino-acid biosynthesis;Cysteine biosynthesis;Pyridoxal phosphate;Reference proteome;Transferase
g1386,886870,Rv1337,P9WM21,CDS,Plasma Membrane,,Uncharacterized protein Rv1337,,,,,,To M.leprae ML1171,,Cell membrane;Membrane;Reference proteome;Transmembrane;Transmembrane helix
g1387,886866,Rv1338,P9WPW9,CDS,Cytoplasmic,murI,Glutamate racemase,metabolism,Peptidoglycan biosynthesis and degradation proteins,Metabolism,Metabolism of other amino acids,D-Amino acid metabolism,aspartate/glutamate racemases family,Cell wall biogenesis; peptidoglycan biosynthesis,3D-structure;Cell shape;Cell wall biogenesis/degradation;Isomerase;Peptidoglycan synthesis;Reference proteome
g1388,886972,Rv1339,P9WGC1,CDS,Cytoplasmic,,Uncharacterized protein Rv1339,,,,,,AtsA family,,Reference proteome
g1389,886864,Rv1340,P9WGZ7,CDS,Cytoplasmic,rph,Ribonuclease PH,genetic information processing,Transfer RNA biogenesis,,,,RNase PH family,,3D-structure;Nucleotidyltransferase;Reference proteome;RNA-binding;rRNA processing;Transferase;tRNA processing;tRNA-binding
g1390,886861,Rv1341,P9WMR7,CDS,Cytoplasmic,,dITP/XTP pyrophosphatase,,,Metabolism,Nucleotide metabolism; Xenobiotics biodegradation and metabolism,Purine metabolism; Drug metabolism - other enzymes,HAM1 NTPase family,,Hydrolase;Magnesium;Metal-binding;Nucleotide metabolism;Nucleotide-binding;Reference proteome
g1391,886862,Rv1342c,P9WM19,CDS,Plasma Membrane,,Uncharacterized protein Rv1342c,,,,,,To M.leprae ML1176,,Acetylation;Cell membrane;Membrane;Reference proteome;Transmembrane;Transmembrane helix
g1392,886852,Rv1343c,P9WK51,CDS,Plasma Membrane,lprD,Putative lipoprotein LprD,,,,,,To M.leprae ML1177,,Cell membrane;Lipoprotein;Membrane;Palmitate;Reference proteome;Signal;Transmembrane;Transmembrane helix
g1393,886848,Rv1344,P9WQF1,CDS,Cytoplasmic,mbtL,Acyl carrier protein MbtL,,,Metabolism,Lipid metabolism; Biosynthesis of other secondary metabolites,Fatty acid biosynthesis; Mycolic acid biosynthesis; Biosynthesis of various antibiotics,,Siderophore biosynthesis; mycobactin biosynthesis,Cytoplasm;Phosphopantetheine;Phosphoprotein;Reference proteome
g1394,886855,Rv1345,P9WQ41,CDS,Cytoplasmic,mbtM,Medium/long-chain-fatty-acid--[acyl-carrier-protein] ligase MbtM,,,Metabolism,Lipid metabolism,Fatty acid degradation,ATP-dependent AMP-binding enzyme family,Siderophore biosynthesis; mycobactin biosynthesis,ATP-binding;Ligase;Nucleotide-binding;Reference proteome
g1395,886844,Rv1346,P9WQF9,CDS,Cytoplasmic,mbtN,Acyl-[acyl-carrier-protein] dehydrogenase MbtN,,,,,,acyl-CoA dehydrogenase family,Siderophore biosynthesis; mycobactin biosynthesis,3D-structure;FAD;Flavoprotein;Oxidoreductase;Reference proteome
g1396,886846,Rv1347c,P9WK15,CDS,Cytoplasmic,mbtK,Lysine N-acyltransferase MbtK,,,,,,lysine N-acyltransferase MbtK family,Siderophore biosynthesis; mycobactin biosynthesis,3D-structure;Acyltransferase;Reference proteome;Transferase
g1397,886853,Rv1348,P9WQJ9,CDS,Plasma Membrane,irtA,Mycobactin import ATP-binding/permease protein IrtA,signaling and cellular processes,Transporters,Environmental Information Processing,Membrane transport,ABC transporters,ABC transporter superfamily. Siderophore-Fe(3+) uptake transporter (SIUT) (TC 3.A.1.21) family,,3D-structure;ATP-binding;Cell inner membrane;Cell membrane;FAD;Flavoprotein;Membrane;Nucleotide-binding;Reference proteome;Translocase;Transmembrane;Transmembrane helix;Transport
g1398,886834,Rv1349,P9WQJ7,CDS,Plasma Membrane,irtB,Mycobactin import ATP-binding/permease protein IrtB,signaling and cellular processes,Transporters,Environmental Information Processing,Membrane transport,ABC transporters,ABC transporter superfamily. Siderophore-Fe(3+) uptake transporter (SIUT) (TC 3.A.1.21) family,,3D-structure;ATP-binding;Cell inner membrane;Cell membrane;Membrane;Nucleotide-binding;Reference proteome;Translocase;Transmembrane;Transmembrane helix;Transport
g1399,886837,Rv1350,P9WGR9,CDS,Cytoplasmic,fabG2,Uncharacterized oxidoreductase Rv1350,metabolism,Lipid biosynthesis proteins,Metabolism,Lipid metabolism; Metabolism of cofactors and vitamins; Biosynthesis of other secondary metabolites,Fatty acid biosynthesis; Biotin metabolism; Prodigiosin biosynthesis,short-chain dehydrogenases/reductases (SDR) family,,NAD;Oxidoreductase;Reference proteome
g1400,886831,Rv1351,P9WM17,CDS,Extracellular,,Uncharacterized protein Rv1351,,,,,,,,Reference proteome
g1401,886833,Rv1352,P9WM15,CDS,Extracellular,,Uncharacterized protein Rv1352,,,,,,,,Reference proteome;Signal
g1402,886827,Rv1353c,P9WMD3,CDS,Cytoplasmic,,HTH-type transcriptional repressor Rv1353c,,,,,,,,Cytoplasm;DNA-binding;Reference proteome;Repressor;Transcription;Transcription regulation
g1403,886829,Rv1354c,P9WM13,CDS,Cytoplasmic,,Uncharacterized protein Rv1354c,,,,,,,,Reference proteome
g1404,886839,Rv1355c,P9WM11,CDS,Cytoplasmic,moeY,Uncharacterized protein Rv1355c,,,,,,,,Reference proteome
g1405,886850,Rv1356c,P9WM09,CDS,Cytoplasmic,,Uncharacterized protein Rv1356c,,,,,,,,Reference proteome
g1406,886815,Rv1357c,P9WM07,CDS,Cytoplasmic,,Uncharacterized protein Rv1357c,,,,,,,,Cell membrane;Membrane;Reference proteome;Transmembrane;Transmembrane helix
g1407,886817,Rv1358,Q11028,CDS,Cytoplasmic,,transcriptional regulator,,,,,,,,DNA-binding;Reference proteome;Transcription;Transcription regulation
g1408,886841,Rv1359,P9WM05,CDS,Cytoplasmic,,Uncharacterized protein Rv1359,,,,,,To class-3 of adenylyl cyclases,,Reference proteome
g1409,886813,Rv1360,P9WM03,CDS,Cytoplasmic,,Uncharacterized protein Rv1360,,,,,,,,Reference proteome;Signal
g1410,886819,Rv1361c,P9WI25,CDS,Extracellular,PPE19,PPE family protein PPE19,,,,,,mycobacterial PPE family,,Reference proteome;Secreted;Virulence
g1411,886809,Rv1362c,P9WM01,CDS,Plasma Membrane,,Uncharacterized protein Rv1362c,signaling and cellular processes,Transporters,,,,To M.tuberculosis Rv1363c,,Membrane;Reference proteome;Transmembrane;Transmembrane helix
g1412,886811,Rv1363c,P9WLZ9,CDS,Plasma Membrane,,Uncharacterized protein Rv1363c,signaling and cellular processes,Transporters,,,,To M.tuberculosis Rv1362c,,Membrane;Reference proteome;Transmembrane;Transmembrane helix
g1413,886802,Rv1364c,P9WLZ7,CDS,Cytoplasmic,,Multidomain regulatory protein Rv1364c,,,,,,,,3D-structure;ATP-binding;Hydrolase;Kinase;Magnesium;Manganese;Metal-binding;Nucleotide-binding;Phosphoprotein;Protein phosphatase;Reference proteome;Serine/threonine-protein kinase;Transferase
g1414,886794,Rv1365c,P9WGE3,CDS,Cytoplasmic,rsfA,Anti-sigma-F factor antagonist RsfA,,,,,,anti-sigma-factor antagonist family,,Disulfide bond;Reference proteome;Transcription;Transcription regulation
g1415,886805,Rv1366,P9WLZ5,CDS,Cytoplasmic,,Uncharacterized protein Rv1366,,,,,,,,Reference proteome
g1416,14515857,Rv1366A,V5QQR7,CDS,Cytoplasmic,,hypothetical protein,,,,,,,,Reference proteome
g1417,886793,Rv1367c,P9WLZ3,CDS,Cytoplasmic,,Protein Rv1367c,,,,,,,,Direct protein sequencing;Reference proteome
g1418,886798,Rv1368,P9WK47,CDS,Plasma Membrane,lprF,Putative diacylated glycolipid transporter LprF,,,,,,LppX/LprAFG lipoprotein family,,Cell membrane;Glycoprotein;Lipid transport;Lipid-binding;Lipoprotein;Membrane;Palmitate;Reference proteome;Signal;Transport
g1419,,Rv1369c,P9WKH9,CDS,Cytoplasmic,,Putative transposase for insertion sequence element IS986/IS6110,,,,,,,,DNA recombination;DNA-binding;Reference proteome;Transposable element;Transposition
g1420,,Rv1370c,P9WKH5,CDS,Cytoplasmic,,Insertion element IS6110 uncharacterized 12.0 kDa protein,,,,,,transposase 8 family,,Reference proteome;Transposable element
g1421,886800,Rv1371,P71799,CDS,Plasma Membrane,,membrane protein,,,,,,,,Membrane;Reference proteome;Transmembrane;Transmembrane helix
g1422,886797,Rv1372,P9WPF1,CDS,Cytoplasmic,pks18,Alpha-pyrone synthesis polyketide synthase-like Pks18,metabolism,Polyketide biosynthesis proteins,,,,thiolase-like superfamily. Chalcone/stilbene synthases family,Lipid metabolism; fatty acid biosynthesis,3D-structure;Acyltransferase;Fatty acid metabolism;Lipid metabolism;Reference proteome;Transferase
g1423,886781,Rv1373,P9WGB9,CDS,Cytoplasmic,,Glycolipid sulfotransferase Rv1373,,,,,,sulfotransferase 1 family,,Reference proteome;Transferase
g1424,886783,Rv1374c,P71802,CDS,Extracellular,,hypothetical protein,,,,,,,,Reference proteome
g1425,886778,Rv1375,P9WF27,CDS,Cytoplasmic,,Uncharacterized protein Rv1375,,,,,,,,Reference proteome
g1426,886777,Rv1376,P71804,CDS,Cytoplasmic,,TfuA-like core domain-containing protein,,,,,,,,Reference proteome
g1427,886775,Rv1377c,P71805,CDS,Cytoplasmic,,transferase,,,,,,,,Methyltransferase;Reference proteome;S-adenosyl-L-methionine;Transferase
g1428,886773,Rv1378c,P71806,CDS,Cytoplasmic,,HNH nuclease domain-containing protein,,,,,,,,Reference proteome
g1429,886769,Rv1379,P9WHK3,CDS,Cytoplasmic,pyrR,Bifunctional protein PyrR,genetic information processing,Transcription factors,Metabolism,Nucleotide metabolism,Pyrimidine metabolism,purine/pyrimidine phosphoribosyltransferase family. PyrR subfamily,,3D-structure;Glycosyltransferase;Reference proteome;Transcription;Transcription regulation;Transferase
g1430,886771,Rv1380,P9WIT7,CDS,Cytoplasmic,pyrB,Aspartate carbamoyltransferase catalytic subunit,,,Metabolism,Nucleotide metabolism; Amino acid metabolism,"Pyrimidine metabolism; Alanine, aspartate and glutamate metabolism",aspartate/ornithine carbamoyltransferase superfamily. ATCase family,Pyrimidine metabolism; UMP biosynthesis via de novo pathway; (S)-dihydroorotate from bicarbonate,Pyrimidine biosynthesis;Reference proteome;Transferase
g1431,886765,Rv1381,P9WHL3,CDS,Cytoplasmic,pyrC,Dihydroorotase,,,Metabolism,Nucleotide metabolism,Pyrimidine metabolism,metallo-dependent hydrolases superfamily. DHOase family. Class I DHOase subfamily,Pyrimidine metabolism; UMP biosynthesis via de novo pathway; (S)-dihydroorotate from bicarbonate,Hydrolase;Metal-binding;Pyrimidine biosynthesis;Reference proteome;Zinc
g1432,886767,Rv1382,P71810,CDS,Plasma Membrane,,hypothetical protein,,,,,,,,Membrane;Reference proteome;Transmembrane;Transmembrane helix
g1433,886761,Rv1383,P9WPK5,CDS,Cytoplasmic,carA,Carbamoyl phosphate synthase small chain,,,Metabolism,Nucleotide metabolism; Amino acid metabolism,"Pyrimidine metabolism; Alanine, aspartate and glutamate metabolism; Arginine biosynthesis",CarA family,Amino-acid biosynthesis; L-arginine biosynthesis; carbamoyl phosphate from bicarbonate; Pyrimidine metabolism; UMP biosynthesis via de novo pathway; (S)-dihydroorotate from bicarbonate,Amino-acid biosynthesis;Arginine biosynthesis;ATP-binding;Glutamine amidotransferase;Ligase;Nucleotide-binding;Pyrimidine biosynthesis;Reference proteome
g1434,886253,Rv1384,P9WPK3,CDS,Cytoplasmic,carB,Carbamoyl phosphate synthase large chain,,,Metabolism,Nucleotide metabolism; Amino acid metabolism,"Pyrimidine metabolism; Alanine, aspartate and glutamate metabolism; Arginine biosynthesis",CarB family,Amino-acid biosynthesis; L-arginine biosynthesis; carbamoyl phosphate from bicarbonate; Pyrimidine metabolism; UMP biosynthesis via de novo pathway; (S)-dihydroorotate from bicarbonate,Amino-acid biosynthesis;Arginine biosynthesis;ATP-binding;Ligase;Magnesium;Manganese;Metal-binding;Nucleotide-binding;Pyrimidine biosynthesis;Reference proteome;Repeat
g1435,886763,Rv1385,P9WIU3,CDS,Cytoplasmic,pyrF,Orotidine 5'-phosphate decarboxylase,,,Metabolism,Nucleotide metabolism,Pyrimidine metabolism,OMP decarboxylase family. Type 2 subfamily,Pyrimidine metabolism; UMP biosynthesis via de novo pathway; UMP from orotate,Decarboxylase;Lyase;Pyrimidine biosynthesis;Reference proteome
g1436,886757,Rv1386,P9WIH1,CDS,Extracellular,PE15,PE family immunomodulator PE15,,,,,,mycobacterial PE family,,Reference proteome;Secreted;Virulence
g1437,886784,Rv1387,P9WI23,CDS,Extracellular,PPE20,Uncharacterized PPE family protein PPE20,,,,,,mycobacterial PPE family,,Reference proteome;Secreted
g1438,886751,Rv1388,P71658,CDS,Cytoplasmic,mihF,Integration host factor,,,,,,actinobacterial IHF (aIHF) family,,3D-structure;Activator;Cytoplasm;Direct protein sequencing;DNA condensation;DNA-binding;Reference proteome;Repressor;Transcription;Transcription regulation
g1439,886787,Rv1389,P9WKE9,CDS,Cytoplasmic,gmk,Guanylate kinase,,,Metabolism,Nucleotide metabolism,Purine metabolism,guanylate kinase family,,3D-structure;Acetylation;ATP-binding;Cytoplasm;Kinase;Nucleotide-binding;Reference proteome;Transferase
g1440,886754,Rv1390,P9WGY5,CDS,Cytoplasmic,rpoZ,DNA-directed RNA polymerase subunit omega,genetic information processing,Transcription machinery; DNA repair and recombination proteins,Genetic Information Processing,Transcription,RNA polymerase,RNA polymerase subunit omega family,,3D-structure;DNA-directed RNA polymerase;Nucleotidyltransferase;Reference proteome;Transcription;Transferase
g1441,886749,Rv1391,P9WNZ1,CDS,Cytoplasmic,coaBC,Coenzyme A biosynthesis bifunctional protein CoaBC,,,Metabolism,Metabolism of cofactors and vitamins,Pantothenate and CoA biosynthesis,In the N-terminal section; belongs to the HFCD (homo-oligomeric flavin containing Cys decarboxylase) superfamily; In the C-terminal section; belongs to the PPC synthetase family,Cofactor biosynthesis; coenzyme A biosynthesis; CoA from (R)-pantothenate; Cofactor biosynthesis; coenzyme A biosynthesis; CoA from (R)-pantothenate,Decarboxylase;Flavoprotein;FMN;Ligase;Lyase;Magnesium;Metal-binding;Multifunctional enzyme;Reference proteome
g1442,886741,Rv1392,P9WGV1,CDS,Cytoplasmic,metK,S-adenosylmethionine synthase,,,Metabolism,Amino acid metabolism; Metabolism of cofactors and vitamins; Biosynthesis of other secondary metabolites,Cysteine and methionine metabolism; One carbon pool by folate; Biosynthesis of various plant secondary metabolites,AdoMet synthase family,Amino-acid biosynthesis; S-adenosyl-L-methionine biosynthesis; S-adenosyl-L-methionine from L-methionine,3D-structure;ATP-binding;Cytoplasm;Isopeptide bond;Magnesium;Metal-binding;Nucleotide-binding;One-carbon metabolism;Potassium;Reference proteome;Transferase;Ubl conjugation
g1443,886743,Rv1393c,P71662,CDS,Plasma Membrane,,monoxygenase,,,,,,FAD-binding monooxygenase family,,FAD;Flavoprotein;Monooxygenase;NADP;Oxidoreductase;Reference proteome
g1444,886738,Rv1394c,P9WPN3,CDS,Plasma Membrane,cyp132,Putative cytochrome P450 132,,,,,,cytochrome P450 family,,Heme;Iron;Metal-binding;Monooxygenase;Oxidoreductase;Reference proteome
g1445,886251,Rv1395,P9WMJ1,CDS,Cytoplasmic,,Uncharacterized HTH-type transcriptional regulator Rv1395,,,,,,,,DNA-binding;Reference proteome;Transcription;Transcription regulation
g1446,886745,Rv1396c,P71664,CDS,Extracellular,PE_PGRS25,PE-PGRS family protein PE_PGRS25,,,,,,,,Reference proteome
g1447,886736,Rv1397c,P9WFA7,CDS,Cytoplasmic,vapC10,Ribonuclease VapC10,signaling and cellular processes,Prokaryotic defense system,,,,PINc/VapC protein family,,Hydrolase;Magnesium;Metal-binding;Nuclease;Reference proteome;Toxin-antitoxin system
g1448,886759,Rv1398c,P9WLZ1,CDS,Cytoplasmic,vapB10,Putative antitoxin VapB10,signaling and cellular processes,Prokaryotic defense system,,,,,,Reference proteome;Toxin-antitoxin system
g1449,886731,Rv1399c,P9WK87,CDS,Cytoplasmic,nlhH,Carboxylesterase NlhH,,,,,,'GDXG' lipolytic enzyme family,,Acetylation;Hydrolase;Reference proteome;Serine esterase
g1450,886728,Rv1400c,P71668,CDS,Cytoplasmic,lipI,Esterase LipI,,,,,,'GDXG' lipolytic enzyme family,,Hydrolase;Reference proteome
g1451,886733,Rv1401,P9WG51,CDS,Plasma Membrane,,Lysoplasmalogenase,,,,,,TMEM86 family,,Cell membrane;Direct protein sequencing;Hydrolase;Lipid metabolism;Membrane;Reference proteome;Transmembrane;Transmembrane helix;Virulence
g1452,886716,Rv1402,P9WMQ9,CDS,Cytoplasmic,priA,Probable replication restart protein PriA,genetic information processing,DNA repair and recombination proteins,Genetic Information Processing,Replication and repair,Homologous recombination,helicase family. PriA subfamily,,ATP-binding;DNA replication;DNA-binding;Metal-binding;Nucleotide-binding;Primosome;Reference proteome;Zinc
g1453,886717,Rv1403c,P9WLY9,CDS,Cytoplasmic,,Uncharacterized protein Rv1403c,,,,,,To M.tuberculosis Rv1405c,,Reference proteome;Signal
g1454,886712,Rv1404,P71672,CDS,Cytoplasmic,,transcriptional regulator,,,,,,,,3D-structure;DNA-binding;Reference proteome;Transcription;Transcription regulation
g1455,886714,Rv1405c,P9WLY7,CDS,Cytoplasmic,,Uncharacterized protein Rv1405c,,,,,,To M.tuberculosis Rv1403c,,Reference proteome;Signal
g1456,886706,Rv1406,P9WND3,CDS,Cytoplasmic,fmt,Methionyl-tRNA formyltransferase,,,Genetic Information Processing,Translation,Aminoacyl-tRNA biosynthesis,Fmt family,,Protein biosynthesis;Reference proteome;Transferase
g1457,886720,Rv1407,P9WGX3,CDS,Cytoplasmic,fmu,Putative methyltransferase Rv1407,genetic information processing,Ribosome biogenesis,,,,class I-like SAM-binding methyltransferase superfamily. RsmB/NOP family,,Methyltransferase;Reference proteome;RNA-binding;S-adenosyl-L-methionine;Transferase
g1458,886702,Rv1408,P9WI51,CDS,Cytoplasmic,rpe,Ribulose-phosphate 3-epimerase,,,Metabolism,Carbohydrate metabolism; Energy metabolism,Pentose phosphate pathway; Pentose and glucuronate interconversions; Carbon fixation by Calvin cycle,ribulose-phosphate 3-epimerase family,Carbohydrate degradation,Carbohydrate metabolism;Isomerase;Metal-binding;Reference proteome
g1459,886721,Rv1409,P9WPH1,CDS,Cytoplasmic,ribD,Riboflavin biosynthesis protein RibD,,,Metabolism; Cellular Processes,Metabolism of cofactors and vitamins; Cellular community - prokaryotes,Riboflavin metabolism; Quorum sensing,In the N-terminal section; belongs to the cytidine and deoxycytidylate deaminase family; In the C-terminal section; belongs to the HTP reductase family,Cofactor biosynthesis; riboflavin biosynthesis; 5-amino-6-(D-ribitylamino)uracil from GTP; Cofactor biosynthesis; riboflavin biosynthesis; 5-amino-6-(D-ribitylamino)uracil from GTP,Hydrolase;Metal-binding;Multifunctional enzyme;NADP;Oxidoreductase;Reference proteome;Riboflavin biosynthesis;Zinc
g1460,886709,Rv1410c,P9WJY3,CDS,Plasma Membrane,,Triacylglyceride transporter Rv1410c,signaling and cellular processes,Transporters,,,,major facilitator superfamily. P55 (TC 2.A.1.3.34) family,,Antibiotic resistance;Cell inner membrane;Cell membrane;Isomerase;Lipid transport;Lipid-binding;Membrane;Reference proteome;Transmembrane;Transmembrane helix;Transport;Virulence
g1461,886700,Rv1411c,P9WK45,CDS,Plasma Membrane,lprG,Lipoarabinomannan carrier protein LprG,,,Human Diseases,Infectious disease: bacterial,Tuberculosis,LppX/LprAFG lipoprotein family,,3D-structure;Antibiotic resistance;Cell inner membrane;Cell membrane;Cell wall;Glycoprotein;Lipid transport;Lipid-binding;Lipoprotein;Membrane;Palmitate;Reference proteome;Secreted;Signal;Transport;Virulence
g1462,886690,Rv1412,P9WK35,CDS,Cytoplasmic,ribE,Riboflavin synthase,,,Metabolism,Metabolism of cofactors and vitamins,Riboflavin metabolism,,Cofactor biosynthesis; riboflavin biosynthesis; riboflavin from 2-hydroxy-3-oxobutyl phosphate and 5-amino-6-(D-ribitylamino)uracil,Reference proteome;Repeat;Riboflavin biosynthesis;Transferase
g1463,886692,Rv1413,P9WLY5,CDS,Cytoplasmic,,Uncharacterized protein Rv1413,,,,,,,,Reference proteome
g1464,886696,Rv1414,P9WLY3,CDS,Cytoplasmic,,Uncharacterized protein Rv1414,,,,,,,,Reference proteome
g1465,886694,Rv1415,P9WHF1,CDS,Cytoplasmic,ribBA,Riboflavin biosynthesis protein RibBA,,,Metabolism,Metabolism of cofactors and vitamins,Riboflavin metabolism; Folate biosynthesis,In the N-terminal section; belongs to the DHBP synthase family; In the C-terminal section; belongs to the GTP cyclohydrolase II family,Cofactor biosynthesis; riboflavin biosynthesis; 2-hydroxy-3-oxobutyl phosphate from D-ribulose 5-phosphate; Cofactor biosynthesis; riboflavin biosynthesis; 5-amino-6-(D-ribitylamino)uracil from GTP,GTP-binding;Hydrolase;Lyase;Magnesium;Manganese;Metal-binding;Multifunctional enzyme;Nucleotide-binding;Reference proteome;Riboflavin biosynthesis;Zinc
g1466,886681,Rv1416,P9WHE9,CDS,Cytoplasmic,ribH,"6,7-dimethyl-8-ribityllumazine synthase",,,Metabolism,Metabolism of cofactors and vitamins,Riboflavin metabolism,DMRL synthase family,Cofactor biosynthesis; riboflavin biosynthesis; riboflavin from 2-hydroxy-3-oxobutyl phosphate and 5-amino-6-(D-ribitylamino)uracil,3D-structure;Reference proteome;Riboflavin biosynthesis;Transferase
g1467,886704,Rv1417,P9WLY1,CDS,Plasma Membrane,,Uncharacterized protein Rv1417,,,,,,,,Cell membrane;Membrane;Reference proteome;Transmembrane;Transmembrane helix
g1468,886687,Rv1418,P9WK43,CDS,Extracellular,lprH,Putative lipoprotein LprH,,,,,,,,Cell membrane;Lipoprotein;Membrane;Palmitate;Reference proteome;Signal;Transmembrane;Transmembrane helix
g1469,886683,Rv1419,P9WLX9,CDS,Extracellular,,Uncharacterized protein Rv1419,,,,,,,,Lectin;Membrane;Reference proteome;Transmembrane;Transmembrane helix
g1470,886672,Rv1420,P9WFC5,CDS,Cytoplasmic,uvrC,UvrABC system protein C,genetic information processing,DNA repair and recombination proteins,Genetic Information Processing,Replication and repair,Nucleotide excision repair,UvrC family,,Cytoplasm;DNA damage;DNA excision;DNA repair;Excision nuclease;Reference proteome;SOS response
g1471,886676,Rv1421,P9WFQ3,CDS,Cytoplasmic,,Nucleotide-binding protein Rv1421,genetic information processing,Messenger RNA biogenesis,,,,RapZ-like family,,3D-structure;ATP-binding;GTP-binding;Nucleotide-binding;Reference proteome
g1472,886670,Rv1422,P9WMU5,CDS,Cytoplasmic,,Putative gluconeogenesis factor,,,,,,gluconeogenesis factor family,,Cytoplasm;Phosphoprotein;Reference proteome
g1473,886674,Rv1423,P9WF45,CDS,Cytoplasmic,whiA,Probable cell division protein WhiA,genetic information processing,Chromosome and associated proteins,,,,WhiA family,,Cell cycle;Cell division;Direct protein sequencing;DNA-binding;Reference proteome
g1474,886685,Rv1424c,P9WLX7,CDS,Plasma Membrane,,Uncharacterized protein Rv1424c,,,,,,,,Reference proteome
g1475,886668,Rv1425,P9WKC1,CDS,Plasma Membrane,,Putative diacyglycerol O-acyltransferase Rv1425,,,Metabolism,Lipid metabolism,"Cutin, suberine and wax biosynthesis; Glycerolipid metabolism",long-chain O-acyltransferase family,Glycerolipid metabolism; triacylglycerol biosynthesis,Acyltransferase;Glycerol metabolism;Lipid biosynthesis;Lipid metabolism;Reference proteome;Transferase
g1476,886660,Rv1426c,O06832,CDS,Plasma Membrane,lipO,esterase LipO,,,,,,'GDXG' lipolytic enzyme family,,Hydrolase;Membrane;Reference proteome;Transmembrane;Transmembrane helix
g1477,886679,Rv1427c,O06831,CDS,Cytoplasmic,fadD12,Long-chain-fatty-acid--CoA ligase FadD13,,,,,,ATP-dependent AMP-binding enzyme family,,Ligase;Reference proteome
g1478,886656,Rv1428c,O06830,CDS,Plasma Membrane,,Phospholipid/glycerol acyltransferase domain-containing protein,,,,,,,,Reference proteome
g1479,886658,Rv1429,O06829,CDS,Cytoplasmic,,hypothetical protein,,,,,,CdaR family,,Reference proteome
g1480,886652,Rv1430,L7N697,CDS,Plasma Membrane,PE16,Esterase PE16,,,,,,mycobacterial PE family,,Hydrolase;Membrane;Reference proteome;Serine esterase;Transmembrane;Transmembrane helix
g1481,886662,Rv1431,O06827,CDS,Plasma Membrane,,hypothetical protein,,,,,,,,Membrane;Reference proteome;Transmembrane;Transmembrane helix
g1482,886643,Rv1432,O06826,CDS,Plasma Membrane,,dehydrogenase,,,,,,,,Reference proteome
g1483,886649,Rv1433,O06825,CDS,Extracellular,,"Probable L,D-transpeptidase 3",,,,,,,Cell wall biogenesis; peptidoglycan biosynthesis,3D-structure;Acyltransferase;Cell shape;Cell wall biogenesis/degradation;Peptidoglycan synthesis;Reference proteome;Transferase
g1484,886634,Rv1434,O06824,CDS,Extracellular,,hypothetical protein,,,,,,,,Reference proteome
g1485,886653,Rv1435c,O06823,CDS,Extracellular,,hypothetical protein,,,,,,,,Reference proteome;Signal
g1486,886632,Rv1436,P9WN83,CDS,Cytoplasmic,gap,Glyceraldehyde-3-phosphate dehydrogenase,genetic information processing; signaling and cellular processes,Membrane trafficking; Exosome,Metabolism,Carbohydrate metabolism; Energy metabolism,Glycolysis / Gluconeogenesis; Carbon fixation by Calvin cycle,glyceraldehyde-3-phosphate dehydrogenase family,Carbohydrate degradation; glycolysis; pyruvate from D-glyceraldehyde 3-phosphate,3D-structure;Cytoplasm;Glycolysis;NAD;Nucleotide-binding;Oxidoreductase;Reference proteome
g1487,886636,Rv1437,P9WID1,CDS,Cytoplasmic,pgk,Phosphoglycerate kinase,signaling and cellular processes,Exosome,Metabolism,Carbohydrate metabolism; Energy metabolism,Glycolysis / Gluconeogenesis; Carbon fixation by Calvin cycle,phosphoglycerate kinase family,Carbohydrate degradation; glycolysis; pyruvate from D-glyceraldehyde 3-phosphate,ATP-binding;Cytoplasm;Glycolysis;Kinase;Nucleotide-binding;Reference proteome;Transferase
g1488,886628,Rv1438,P9WG43,CDS,Cytoplasmic,tpiA,Triosephosphate isomerase,signaling and cellular processes,Exosome,Metabolism,Carbohydrate metabolism; Energy metabolism,Glycolysis / Gluconeogenesis; Fructose and mannose metabolism; Inositol phosphate metabolism; Carbon fixation by Calvin cycle,triosephosphate isomerase family,Carbohydrate biosynthesis; gluconeogenesis; Carbohydrate degradation; glycolysis; D-glyceraldehyde 3-phosphate from glycerone phosphate,3D-structure;Cytoplasm;Gluconeogenesis;Glycolysis;Isomerase;Reference proteome
g1489,886630,Rv1439c,O06820,CDS,Cytoplasmic,,SnoaL-like domain-containing protein,,,,,,,,Reference proteome
g1490,886624,Rv1440,P9WGN5,CDS,Plasma Membrane,secG,Probable protein-export membrane protein SecG,signaling and cellular processes,Secretion system,Genetic Information Processing; Environmental Information Processing; Cellular Processes,"Folding, sorting and degradation; Membrane transport; Cellular community - prokaryotes",Protein export; Bacterial secretion system; Quorum sensing,SecG family,,Cell membrane;Membrane;Protein transport;Reference proteome;Translocation;Transmembrane;Transmembrane helix;Transport
g1491,886626,Rv1441c,Q79FP3,CDS,Cell wall & surface,PE_PGRS26,PE-PGRS family protein PE_PGRS26,,,,,,mycobacterial PE family. PGRS subfamily,,Reference proteome
g1492,886620,Rv1442,O06817,CDS,Cytoplasmic,bisC,biotin sulfoxide reductase BisC,signaling and cellular processes,Transporters,Metabolism,Metabolism of cofactors and vitamins,Biotin metabolism,prokaryotic molybdopterin-containing oxidoreductase family,,Metal-binding;Molybdenum;Oxidoreductase;Reference proteome
g1493,886622,Rv1443c,O06816,CDS,Plasma Membrane,,Ligand-binding SRPBCC domain-containing protein,,,,,,,,Reference proteome
g1494,886616,Rv1444c,O06815,CDS,Cytoplasmic,,ATPase,,,,,,,,Coiled coil;Reference proteome
g1495,886617,Rv1445c,P9WQP5,CDS,Cytoplasmic,pgl,6-phosphogluconolactonase,,,Metabolism,Carbohydrate metabolism,Pentose phosphate pathway,glucosamine/galactosamine-6-phosphate isomerase family. 6-phosphogluconolactonase subfamily,Carbohydrate degradation; pentose phosphate pathway; D-ribulose 5-phosphate from D-glucose 6-phosphate (oxidative stage),3D-structure;Hydrolase;Reference proteome
g1496,886612,Rv1446c,O06813,CDS,Cytoplasmic,opcA,OXPP cycle protein OpcA,,,,,,,,Reference proteome
g1497,886614,Rv1447c,P9WN73,CDS,Cytoplasmic,zwf2,Glucose-6-phosphate 1-dehydrogenase 2,signaling and cellular processes,Exosome,Metabolism,Carbohydrate metabolism; Metabolism of other amino acids,Pentose phosphate pathway; Glutathione metabolism,glucose-6-phosphate dehydrogenase family,Carbohydrate degradation; pentose phosphate pathway; D-ribulose 5-phosphate from D-glucose 6-phosphate (oxidative stage),Carbohydrate metabolism;Glucose metabolism;NADP;Oxidoreductase;Reference proteome
g1498,886606,Rv1448c,P9WG33,CDS,Cytoplasmic,tal,Transaldolase,,,Metabolism,Carbohydrate metabolism; Energy metabolism,Pentose phosphate pathway; Carbon fixation by Calvin cycle,transaldolase family. Type 2 subfamily,Carbohydrate degradation; pentose phosphate pathway; D-glyceraldehyde 3-phosphate and beta-D-fructose 6-phosphate from D-ribose 5-phosphate and D-xylulose 5-phosphate (non-oxidative stage),Cytoplasm;Pentose shunt;Reference proteome;Schiff base;Transferase
g1499,886638,Rv1449c,P9WG25,CDS,Cytoplasmic,tkt,Transketolase,,,Metabolism,Carbohydrate metabolism; Energy metabolism; Metabolism of terpenoids and polyketides,Pentose phosphate pathway; Carbon fixation by Calvin cycle; Biosynthesis of ansamycins,transketolase family,,3D-structure;Acetylation;Calcium;Magnesium;Metal-binding;Reference proteome;Thiamine pyrophosphate;Transferase
g1500,886605,Rv1450c,Q79FP2,CDS,Cell wall & surface,PE_PGRS27,PE-PGRS family protein PE_PGRS27,,,,,,,,Reference proteome
g1501,886666,Rv1451,P9WFR7,CDS,Plasma Membrane,ctaB,Protoheme IX farnesyltransferase,metabolism; genetic information processing,Prenyltransferases; Mitochondrial biogenesis,Metabolism,Energy metabolism; Metabolism of cofactors and vitamins,Oxidative phosphorylation; Porphyrin metabolism,UbiA prenyltransferase family. Protoheme IX farnesyltransferase subfamily,Porphyrin-containing compound metabolism; heme O biosynthesis; heme O from protoheme,Cell membrane;Heme biosynthesis;Membrane;Reference proteome;Transferase;Transmembrane;Transmembrane helix
g1502,886595,Rv1452c,Q79FP1,CDS,Extracellular,PE_PGRS28,PE-PGRS family protein PE_PGRS28,,,,,,,,Reference proteome
g1503,886610,Rv1453,O06807,CDS,Cytoplasmic,,transcriptional activator protein,,,,,,CdaR family,,Reference proteome
g1504,886589,Rv1454c,O53146,CDS,Cytoplasmic,qor,quinone reductase,,,,,,,,3D-structure;NADP;Nucleotide-binding;Oxidoreductase;Reference proteome
g1505,886597,Rv1455,O53147,CDS,Cytoplasmic,,hypothetical protein,,,,,,,,Reference proteome
g1506,886591,Rv1456c,O53148,CDS,Plasma Membrane,,antibiotic ABC transporter permease,genetic information processing,Mitochondrial biogenesis,Metabolism; Environmental Information Processing,Energy metabolism; Metabolism of cofactors and vitamins; Signal transduction,Oxidative phosphorylation; Porphyrin metabolism; Two-component system,,Porphyrin-containing compound metabolism,Cell membrane;Disulfide bond;Heme biosynthesis;Iron;Membrane;Metal-binding;Oxidoreductase;Reference proteome;Transmembrane;Transmembrane helix
g1507,886587,Rv1457c,O86349,CDS,Plasma Membrane,,antibiotic ABC transporter permease,signaling and cellular processes,Transporters,,,,,,Antibiotic resistance;Membrane;Reference proteome;Transmembrane;Transmembrane helix
g1508,886582,Rv1458c,O53149,CDS,Plasma Membrane,,antibiotic ABC transporter ATP-binding protein,signaling and cellular processes,Transporters,,,,,,Antibiotic resistance;ATP-binding;Cell membrane;Membrane;Nucleotide-binding;Reference proteome;Translocase;Transport
g1509,886585,Rv1459c,O53150,CDS,Plasma Membrane,,Alpha-(1->6)-mannopyranosyltransferase Rv1459c,metabolism,Glycosyltransferases,Metabolism,Glycan biosynthesis and metabolism,Lipoarabinomannan (LAM) biosynthesis,MptA/B family,,Glycosyltransferase;Membrane;Reference proteome;Transferase;Transmembrane;Transmembrane helix
g1510,886573,Rv1460,O53151,CDS,Cytoplasmic,,transcriptional regulator,,,,,,,,Reference proteome
g1511,886609,Rv1461,P9WFP7,CDS,Cytoplasmic,,Iron-sulfur cluster assembly SufBD family protein Rv1461,,,,,,iron-sulfur cluster assembly SufBD family,,Autocatalytic cleavage;Endonuclease;Hydrolase;Intron homing;Nuclease;Protein splicing;Reference proteome
g1512,886567,Rv1462,P9WFP5,CDS,Cytoplasmic,,Iron-sulfur cluster assembly SufBD family protein Rv1462,,,,,,iron-sulfur cluster assembly SufBD family,,Acetylation;Reference proteome
g1513,886571,Rv1463,O53154,CDS,Cytoplasmic,,ABC transporter ATP-binding protein,signaling and cellular processes,Transporters,,,,ABC transporter superfamily. Ycf16 family,,ATP-binding;Nucleotide-binding;Reference proteome
g1514,886565,Rv1464,P9WQ69,CDS,Cytoplasmic,csd,Probable cysteine desulfurase,,,Metabolism,Metabolism of other amino acids,Selenocompound metabolism,class-V pyridoxal-phosphate-dependent aminotransferase family. Csd subfamily,,3D-structure;Acetylation;Pyridoxal phosphate;Reference proteome;Transferase
g1515,886569,Rv1465,O53156,CDS,Cytoplasmic,,nitrogen fixation related protein,,,,,,,,2Fe-2S;3D-structure;Iron;Iron-sulfur;Metal-binding;Reference proteome;Zinc
g1516,886561,Rv1466,O53157,CDS,Cytoplasmic,,hypothetical protein,,,,,,,,Reference proteome
g1517,886562,Rv1467c,O53158,CDS,Cytoplasmic,fadE15,Broad-specificity linear acyl-CoA dehydrogenase FadE5,,,,,,acyl-CoA dehydrogenase family,Lipid metabolism; fatty acid metabolism,FAD;Fatty acid metabolism;Flavoprotein;Lipid metabolism;Oxidoreductase;Reference proteome
g1518,886556,Rv1468c,Q79FP0,CDS,Extracellular,PE_PGRS29,Ubiquitin-binding protein Rv1468c,,,,,,mycobacterial PE family. PGRS subfamily,,Cell wall;Reference proteome;Secreted;Virulence
g1519,886578,Rv1469,P9WPT3,CDS,Plasma Membrane,ctpD,Probable cobalt/nickel-exporting P-type ATPase,,,,,,cation transport ATPase (P-type) (TC 3.A.3) family. Type IB subfamily,,ATP-binding;Cell membrane;Cobalt;Magnesium;Membrane;Metal-binding;Nickel;Nucleotide-binding;Phosphoprotein;Reference proteome;Translocase;Transmembrane;Transmembrane helix
g1520,886558,Rv1470,O53161,CDS,Cytoplasmic,trxA,thioredoxin TrxA,,,,,,,,Reference proteome
g1521,886554,Rv1471,L7N664,CDS,Cytoplasmic,trxB1,Thioredoxin,,,Metabolism,Metabolism of other amino acids,Selenocompound metabolism,thioredoxin family,,Disulfide bond;Electron transport;Redox-active center;Reference proteome;Transport
g1522,886547,Rv1472,P9WNN7,CDS,Cytoplasmic,echA12,Probable enoyl-CoA hydratase EchA12,,,Metabolism,Carbohydrate metabolism; Lipid metabolism; Amino acid metabolism; Metabolism of other amino acids; Metabolism of terpenoids and polyketides; Xenobiotics biodegradation and metabolism,"Propanoate metabolism; Butanoate metabolism; Fatty acid degradation; Valine, leucine and isoleucine degradation; Lysine degradation; Phenylalanine metabolism; Tryptophan metabolism; beta-Alanine metabolism; Pinene, camphor and geraniol degradation; Benzoate degradation; Aminobenzoate degradation; Caprolactam degradation",enoyl-CoA hydratase/isomerase family,,Fatty acid metabolism;Lipid metabolism;Lyase;Reference proteome
g1523,886549,Rv1473,O53164,CDS,Cytoplasmic,,macrolide ABC transporter ATP-binding protein,,,,,,,,ATP-binding;Coiled coil;Nucleotide-binding;Reference proteome;Repeat
g1524,3205054,Rv1473A,L7N691,CDS,Cytoplasmic,,transcriptional regulator,,,,,,,,Reference proteome
g1525,886543,Rv1474c,O53165,CDS,Cytoplasmic,,HTH-type transcriptional repressor Rv1474c,genetic information processing,Transcription factors,,,,,,DNA-binding;Reference proteome;Repressor;Transcription;Transcription regulation
g1526,886545,Rv1475c,O53166,CDS,Cytoplasmic,acn,Aconitate hydratase A,,,Metabolism,Carbohydrate metabolism; Energy metabolism,Citrate cycle (TCA cycle); Glyoxylate and dicarboxylate metabolism; Propanoate metabolism; Other carbon fixation pathways,aconitase/IPM isomerase family,Carbohydrate metabolism; tricarboxylic acid cycle; isocitrate from oxaloacetate; Organic acid metabolism; propanoate degradation,Iron;Iron-sulfur;Lyase;Metal-binding;Reference proteome;RNA-binding;Tricarboxylic acid cycle
g1527,886539,Rv1476,O53167,CDS,Plasma Membrane,,Membrane protein Rv1476,,,,,,,,Membrane;Reference proteome;Transmembrane;Transmembrane helix
g1528,886541,Rv1477,O53168,CDS,Extracellular,ripA,Peptidoglycan endopeptidase RipA,metabolism,Peptidases and inhibitors; Peptidoglycan biosynthesis and degradation proteins,,,,peptidase C40 family,,3D-structure;Cell wall biogenesis/degradation;Hydrolase;Protease;Reference proteome;Secreted;Signal;Thiol protease
g1529,886535,Rv1478,P9WHU5,CDS,Extracellular,ripB,Peptidoglycan endopeptidase RipB,metabolism,Peptidases and inhibitors; Peptidoglycan biosynthesis and degradation proteins,,,,peptidase C40 family,,3D-structure;Cell wall biogenesis/degradation;Hydrolase;Protease;Reference proteome;Signal;Thiol protease
g1530,886537,Rv1479,Q79FN7,CDS,Cytoplasmic,moxR1,Chaperone MoxR1,,,,,,MoxR family,,ATP-binding;Chaperone;Nucleotide-binding;Reference proteome;Virulence
g1531,886531,Rv1480,P9WLX5,CDS,Cytoplasmic,,Uncharacterized protein Rv1480,,,,,,To M.avium MAV169,,Reference proteome
g1532,886533,Rv1481,P9WFJ7,CDS,Plasma Membrane,,UPF0353 protein Rv1481,signaling and cellular processes,Transporters,,,,UPF0353 family,,Cell membrane;Membrane;Reference proteome;Transmembrane;Transmembrane helix
g1533,886526,Rv1482c,P71763,CDS,Cytoplasmic,,"Cullin, a subunit of E3 ubiquitin ligase",,,,,,,,Reference proteome
g1534,886551,Rv1483,P9WGT3,CDS,Cytoplasmic,mabA,3-oxoacyl-[acyl-carrier-protein] reductase MabA,metabolism,Lipid biosynthesis proteins,Metabolism,Lipid metabolism,Mycolic acid biosynthesis,short-chain dehydrogenases/reductases (SDR) family,Lipid metabolism; mycolic acid biosynthesis,3D-structure;Acetylation;Cell wall;Fatty acid biosynthesis;Fatty acid metabolism;Lipid biosynthesis;Lipid metabolism;NADP;Oxidoreductase;Phosphoprotein;Reference proteome;Secreted
g1535,886523,Rv1484,P9WGR1,CDS,Cytoplasmic,inhA,Enoyl-[acyl-carrier-protein] reductase [NADH],metabolism,Lipid biosynthesis proteins,Metabolism,Lipid metabolism,Mycolic acid biosynthesis,short-chain dehydrogenases/reductases (SDR) family. FabI subfamily,Lipid metabolism; mycolic acid biosynthesis,3D-structure;Antibiotic resistance;Fatty acid biosynthesis;Fatty acid metabolism;Lipid biosynthesis;Lipid metabolism;NAD;Oxidoreductase;Phosphoprotein;Reference proteome
g1536,886525,Rv1485,P9WNE3,CDS,Cytoplasmic,cpfC,Coproporphyrin III ferrochelatase,,,Metabolism,Metabolism of cofactors and vitamins,Porphyrin metabolism,ferrochelatase family,Porphyrin-containing compound metabolism; protoheme biosynthesis,2Fe-2S;Cytoplasm;Heme biosynthesis;Iron;Iron-sulfur;Lyase;Metal-binding;Porphyrin biosynthesis;Reference proteome
g1537,886519,Rv1486c,P9WLX3,CDS,Cytoplasmic,,Uncharacterized protein Rv1486c,,,,,,"To M.bovis Mb1522c, M.leprae ML1804 and M.avium MAV321",,Reference proteome
g1538,886521,Rv1487,P71767,CDS,Plasma Membrane,,hypothetical protein,,,,,,,,Membrane;Reference proteome;Transmembrane;Transmembrane helix
g1539,886515,Rv1488,P9WPR9,CDS,Plasma Membrane,,Uncharacterized protein Rv1488,,,,,,band 7/mec-2 family,,Membrane;Reference proteome;Transmembrane;Transmembrane helix
g1540,3205064,Rv1489,L7N692,CDS,Plasma Membrane,,hypothetical protein,,,,,,,,Membrane;Reference proteome;Transmembrane;Transmembrane helix
g1541,3205065,Rv1489A,L7N6A8,CDS,Extracellular,,hypothetical protein,,,,,,,,Reference proteome
g1542,886511,Rv1490,P9WLX1,CDS,Plasma Membrane,,Uncharacterized protein Rv1490,,,,,,,,Cell membrane;Membrane;Reference proteome;Transmembrane;Transmembrane helix
g1543,886513,Rv1491c,P9WFS3,CDS,Plasma Membrane,,TVP38/TMEM64 family membrane protein Rv1491c,,,,,,TVP38/TMEM64 family,,Cell membrane;Membrane;Reference proteome;Transmembrane;Transmembrane helix
g1544,886507,Rv1492,P9WJK7,CDS,Cytoplasmic,mutA,Probable methylmalonyl-CoA mutase small subunit,,,Metabolism; Organismal Systems,Carbohydrate metabolism; Energy metabolism; Amino acid metabolism; Digestive system,"Glyoxylate and dicarboxylate metabolism; Propanoate metabolism; Other carbon fixation pathways; Valine, leucine and isoleucine degradation; Cobalamin transport and metabolism",methylmalonyl-CoA mutase family,Metabolic intermediate metabolism; propanoyl-CoA degradation; succinyl-CoA from propanoyl-CoA,3D-structure;Cobalamin;Cobalt;Isomerase;Reference proteome
g1545,886509,Rv1493,P9WJK5,CDS,Cytoplasmic,mutB,Probable methylmalonyl-CoA mutase large subunit,,,Metabolism; Organismal Systems,Carbohydrate metabolism; Energy metabolism; Amino acid metabolism; Digestive system,"Glyoxylate and dicarboxylate metabolism; Propanoate metabolism; Other carbon fixation pathways; Valine, leucine and isoleucine degradation; Cobalamin transport and metabolism",methylmalonyl-CoA mutase family,,3D-structure;Cobalamin;Cobalt;Isomerase;Metal-binding;Reference proteome
g1546,886502,Rv1494,P9WJ91,CDS,Cytoplasmic,mazE4,Probable antitoxin MazE4,signaling and cellular processes,Prokaryotic defense system,,,,,,3D-structure;Reference proteome;Toxin-antitoxin system
g1547,886504,Rv1495,P9WII5,CDS,Cytoplasmic,mazF4,Endoribonuclease MazF4,signaling and cellular processes,Prokaryotic defense system,,,,PemK/MazF family,,3D-structure;Endonuclease;Hydrolase;Nuclease;Reference proteome;Toxin-antitoxin system
g1548,886496,Rv1496,P9WPZ1,CDS,Cytoplasmic,,Probable GTPase Rv1496,,,Organismal Systems,Digestive system,Cobalamin transport and metabolism,SIMIBI class G3E GTPase family. ArgK/MeaB subfamily,,3D-structure;ATP-binding;Chaperone;Direct protein sequencing;GTP-binding;Hydrolase;Nucleotide-binding;Reference proteome
g1549,886575,Rv1497,P71778,CDS,Plasma Membrane,lipL,Esterase/beta-lactamase LipL,,,,,,beta-lactamase family,,Cell membrane;Cell wall;Hydrolase;Membrane;Reference proteome;Secreted
g1550,3205040,Rv1498A,I6XY36,CDS,Cytoplasmic,,hypothetical protein,,,,,,,,Reference proteome
g1551,886503,Rv1498c,P9WLW9,CDS,Cytoplasmic,,Uncharacterised methyltransferase Rv1498c,,,,,,methyltransferase superfamily,,Direct protein sequencing;Methyltransferase;Reference proteome;Transferase
g1552,886494,Rv1499,P71780,CDS,Extracellular,,hypothetical protein,,,,,,,,Reference proteome
g1553,886492,Rv1500,P9WMX5,CDS,Plasma Membrane,pimF,Putative glycosyltransferases,,,,,,glycosyltransferase 2 family,,Cell membrane;Glycosyltransferase;Membrane;Reference proteome;Transferase;Transmembrane;Transmembrane helix
g1554,886499,Rv1501,P9WI91,CDS,Cytoplasmic,,Uncharacterized protein Rv1501,,,,,,PhyH family,,Reference proteome
g1555,886486,Rv1502,P9WLW7,CDS,Cytoplasmic,,Uncharacterized protein Rv1502,,,,,,,,Reference proteome
g1556,,Rv1503c,L0T8G4,CDS,Cytoplasmic,,"dTDP-4-amino-4,6-dideoxygalactose transaminase",,,,,,,,Reference proteome
g1557,,Rv1504c,L0T6V0,CDS,Cytoplasmic,,Aminotransferase class I/II-fold pyridoxal phosphate-dependent enzyme,,,,,,,,Reference proteome
g1558,886483,Rv1505c,P71784,CDS,Cytoplasmic,,Transferase,,,,,,,,Reference proteome
g1559,886479,Rv1506c,P71785,CDS,Cytoplasmic,,Putative methyltransferase Rv1506c,,,,,,methyltransferase superfamily,,Lipid biosynthesis;Lipid metabolism;Methyltransferase;Reference proteome;Transferase
g1560,3205095,Rv1507A,L7N6B6,CDS,Cytoplasmic,,hypothetical protein,,,,,,,,Reference proteome
g1561,886477,Rv1507c,P9WLW5,CDS,Cytoplasmic,,Uncharacterized protein Rv1507c,,,,,,,,Reference proteome
g1562,3205096,Rv1508A,Q79FN0,CDS,Extracellular,,NAD(P)-binding domain-containing protein,,,,,,,,Lyase;Reference proteome
g1563,886078,Rv1508c,P71787,CDS,Plasma Membrane,,membrane protein,,,,,,glycosyltransferase 87 family,,Cell membrane;Membrane;Reference proteome;Transferase;Transmembrane;Transmembrane helix
g1564,886475,Rv1509,P9WLW3,CDS,Cytoplasmic,,Uncharacterized protein Rv1509,,,,,,,,Reference proteome
g1565,886466,Rv1510,P9WLW1,CDS,Plasma Membrane,,Uncharacterized protein Rv1510,,,,,,To M.tuberculosis Rv3630 and M.bovis Mb3654,,Cell membrane;Membrane;Reference proteome;Transmembrane;Transmembrane helix
g1566,886529,Rv1511,P71790,CDS,Cytoplasmic,gmdA,"GDP-mannose 4,6-dehydratase",,,Metabolism,Carbohydrate metabolism; Glycan biosynthesis and metabolism,Fructose and mannose metabolism; Biosynthesis of various nucleotide sugars,"NAD(P)-dependent epimerase/dehydratase family. GDP-mannose 4,6-dehydratase subfamily",,Lyase;NADP;Reference proteome
g1567,886461,Rv1512,P71791,CDS,Cytoplasmic,epiA,GDP-L-fucose synthase,,,Metabolism,Carbohydrate metabolism; Glycan biosynthesis and metabolism,Fructose and mannose metabolism; Biosynthesis of various nucleotide sugars,NAD(P)-dependent epimerase/dehydratase family. Fucose synthase subfamily,Nucleotide-sugar biosynthesis; GDP-L-fucose biosynthesis via de novo pathway; GDP-L-fucose from GDP-alpha-D-mannose,Isomerase;Multifunctional enzyme;NADP;Oxidoreductase;Reference proteome
g1568,886464,Rv1513,P71792,CDS,Cytoplasmic,,hypothetical protein,,,,,,,,Reference proteome
g1569,886457,Rv1514c,P9WMX9,CDS,Cytoplasmic,,Uncharacterized glycosyltransferase Rv1514c,,,,,,glycosyltransferase 2 family,,Glycosyltransferase;Reference proteome;Transferase
g1570,886459,Rv1515c,P71794,CDS,Plasma Membrane,,Methyltransferase type 11 domain-containing protein,,,,,,,,Reference proteome
g1571,886455,Rv1516c,P71795,CDS,Cytoplasmic,,sugar transferase,,,,,,,,Reference proteome;Transferase
g1572,886467,Rv1517,P71796,CDS,Plasma Membrane,,hypothetical protein,,,,,,,,Membrane;Reference proteome;Transmembrane;Transmembrane helix
g1573,886451,Rv1518,P9WLV9,CDS,Plasma Membrane,,Uncharacterized protein Rv1518,,,,,,,,Membrane;Reference proteome;Transmembrane;Transmembrane helix
g1574,886453,Rv1519,P9WLV7,CDS,Extracellular,,Uncharacterized protein Rv1519,,,,,,To M.tuberculosis Rv3402c,,Reference proteome
g1575,886447,Rv1520,P9WLV5,CDS,Plasma Membrane,,Uncharacterized protein Rv1520,,,,,,,,Reference proteome
g1576,886448,Rv1521,P9WQ45,CDS,Cytoplasmic,fadD25,Putative fatty-acid--CoA ligase fadD25,,,,,,ATP-dependent AMP-binding enzyme family,,Cell membrane;Fatty acid metabolism;Ligase;Lipid metabolism;Membrane;Reference proteome;Transmembrane;Transmembrane helix
g1577,886445,Rv1522c,P9WJT7,CDS,Plasma Membrane,mmpL12,Probable transport protein MmpL12,,,,,,resistance-nodulation-cell division (RND) (TC 2.A.6) family. MmpL subfamily,,Cell inner membrane;Cell membrane;Lipid transport;Membrane;Reference proteome;Transmembrane;Transmembrane helix;Transport
g1578,886489,Rv1523,Q50584,CDS,Cytoplasmic,,methyltransferase,,,,,,methyltransferase superfamily. Phthiotriol/phenolphthiotriol dimycocerosates methyltransferase family,,Lipid biosynthesis;Lipid metabolism;Methyltransferase;Reference proteome;Transferase
g1579,885814,Rv1524,P9WN07,CDS,Cytoplasmic,,Uncharacterized glycosyltransferase Rv1524,,,,,,glycosyltransferase 28 family,,Glycosyltransferase;Reference proteome;Transferase
g1580,886470,Rv1525,P9WLV3,CDS,Cytoplasmic,wbbL2,Uncharacterized protein Rv1525,,,,,,,,Reference proteome
g1581,886434,Rv1526c,P9WLV1,CDS,Cytoplasmic,,Uncharacterized protein Rv1526c,,,,,,To M.leprae L518_C2_147 and M.tuberculosis Rv1524,,Reference proteome
g1582,886442,Rv1527c,O53901,CDS,Cytoplasmic,pks5,Mycocerosic acid synthase-like polyketide synthase,metabolism,Lipid biosynthesis proteins,,,,,Lipid metabolism; fatty acid biosynthesis,Acyltransferase;Cell membrane;Fatty acid metabolism;Lipid metabolism;Lipoprotein;Membrane;Multifunctional enzyme;NADP;Oxidoreductase;Palmitate;Phosphopantetheine;Phosphoprotein;Reference proteome;Signal;Transferase;Virulence
g1583,886028,Rv1528c,O53902,CDS,Extracellular,papA4,polyketide synthase associated protein PapA,,,,,,,,Reference proteome
g1584,886432,Rv1529,O53903,CDS,Cytoplasmic,fadD24,fatty-acid--CoA ligase FadD24,,,,,,ATP-dependent AMP-binding enzyme family,,Fatty acid metabolism;Ligase;Lipid metabolism;Reference proteome
g1585,886426,Rv1530,P9WQC3,CDS,Cytoplasmic,adh,Probable alcohol dehydrogenase adh,,,Metabolism,Carbohydrate metabolism; Lipid metabolism; Amino acid metabolism; Xenobiotics biodegradation and metabolism,Glycolysis / Gluconeogenesis; Pyruvate metabolism; Fatty acid degradation; Tyrosine metabolism; Chloroalkane and chloroalkene degradation; Naphthalene degradation,zinc-containing alcohol dehydrogenase family,,Metal-binding;NAD;Oxidoreductase;Reference proteome;Zinc
g1586,886437,Rv1531,O53905,CDS,Cytoplasmic,,hypothetical protein,,,,,,,,Reference proteome
g1587,886422,Rv1532c,O06178,CDS,Cytoplasmic,,Thioesterase domain-containing protein,,,,,,thioesterase PaaI family,,Hydrolase;Reference proteome
g1588,886424,Rv1533,O06179,CDS,Cytoplasmic,,Putative monooxygenase Rv1533,,,,,,nitronate monooxygenase family,,Flavoprotein;FMN;Monooxygenase;Oxidoreductase;Reference proteome
g1589,886420,Rv1534,O08377,CDS,Cytoplasmic,,transcriptional regulator,,,,,,,,DNA-binding;Reference proteome;Transcription;Transcription regulation
g1590,886429,Rv1535,O06180,CDS,Cytoplasmic,,hypothetical protein,,,,,,,,Reference proteome
g1591,886412,Rv1536,P9WFV3,CDS,Cytoplasmic,ileS,Isoleucine--tRNA ligase,metabolism; genetic information processing,Amino acid related enzymes; Transfer RNA biogenesis,Genetic Information Processing,Translation,Aminoacyl-tRNA biosynthesis,class-I aminoacyl-tRNA synthetase family. IleS type 2 subfamily,,Aminoacyl-tRNA synthetase;Antibiotic resistance;ATP-binding;Cytoplasm;Ligase;Metal-binding;Nucleotide-binding;Protein biosynthesis;Reference proteome;Zinc
g1592,886414,Rv1537,P9WNT3,CDS,Cytoplasmic,dinB1,DNA polymerase IV 1,genetic information processing,DNA repair and recombination proteins,,,,DNA polymerase type-Y family,,3D-structure;Cytoplasm;DNA damage;DNA repair;DNA replication;DNA-binding;DNA-directed DNA polymerase;Magnesium;Metal-binding;Mutator protein;Nucleotidyltransferase;Reference proteome;Transferase
g1593,886410,Rv1538c,P9WPX5,CDS,Cytoplasmic,ansA,L-asparaginase,,,Metabolism,Amino acid metabolism; Metabolism of other amino acids,"Alanine, aspartate and glutamate metabolism; Cyanoamino acid metabolism",asparaginase 1 family,,Hydrolase;Reference proteome;Secreted
g1594,886408,Rv1539,P9WK99,CDS,Plasma Membrane,lspA,Lipoprotein signal peptidase,metabolism,Peptidases and inhibitors,Genetic Information Processing,"Folding, sorting and degradation",Protein export,peptidase A8 family,Protein modification; lipoprotein biosynthesis (signal peptide cleavage),Aspartyl protease;Cell membrane;Hydrolase;Membrane;Protease;Reference proteome;Transmembrane;Transmembrane helix
g1595,886404,Rv1540,P9WHQ3,CDS,Cytoplasmic,,Uncharacterized RNA pseudouridine synthase Rv1540,genetic information processing,Ribosome biogenesis,,,,pseudouridine synthase RluA family,,Isomerase;Reference proteome;RNA-binding
g1596,886406,Rv1541c,P9WK41,CDS,Plasma Membrane,lprI,Lipoprotein LprI,,,,,,In the C-terminal section; belongs to the MliC family,,Cell membrane;Cell wall;Glycoprotein;Lipoprotein;Membrane;Palmitate;Reference proteome;Secreted;Signal
g1597,886402,Rv1542c,P9WN25,CDS,Cytoplasmic,glbN,Group 1 truncated hemoglobin GlbN,,,,,,truncated hemoglobin family. Group I subfamily,,3D-structure;Heme;Iron;Metal-binding;Oxygen transport;Reference proteome;Transport
g1598,886400,Rv1543,P9WGS1,CDS,Plasma Membrane,,Uncharacterized oxidoreductase Rv1543,,,,,,short-chain dehydrogenases/reductases (SDR) family,,Oxidoreductase;Reference proteome
g1599,886417,Rv1544,Q10782,CDS,Cytoplasmic,,ketoacyl reductase,,,,,,short-chain dehydrogenases/reductases (SDR) family,,Oxidoreductase;Reference proteome
g1600,886398,Rv1545,P9WLU9,CDS,Extracellular,,Uncharacterized protein Rv1545,,,,,,,,Reference proteome
g1601,886394,Rv1546,P9WLU7,CDS,Cytoplasmic,,Uncharacterized protein Rv1546,,,,,,,,3D-structure;Reference proteome
g1602,886392,Rv1547,P9WNT7,CDS,Cytoplasmic,dnaE1,DNA polymerase III subunit alpha,genetic information processing,DNA replication proteins; DNA repair and recombination proteins,Genetic Information Processing,Replication and repair,DNA replication; Mismatch repair; Homologous recombination,DNA polymerase type-C family. DnaE subfamily,,3D-structure;Cytoplasm;DNA replication;DNA-directed DNA polymerase;Nucleotidyltransferase;Reference proteome;Transferase
g1603,886384,Rv1548c,P9WI21,CDS,Extracellular,PPE21,Uncharacterized PPE family protein PPE21,,,,,,mycobacterial PPE family,,Cell membrane;Membrane;Reference proteome;Transmembrane;Transmembrane helix
g1604,,Rv1549,P9WLU5,CDS,Cytoplasmic,fadD11.1,Uncharacterized protein Rv1549,,,,,,,,Reference proteome
g1605,886380,Rv1550,P9WQ53,CDS,Cytoplasmic,fadD11,Putative fatty-acid--CoA ligase fadD11,,,,,,ATP-dependent AMP-binding enzyme family,,Cell membrane;Fatty acid metabolism;Ligase;Lipid metabolism;Membrane;Reference proteome;Transmembrane;Transmembrane helix
g1606,886382,Rv1551,P9WI59,CDS,Plasma Membrane,plsB1,Putative acyltransferase plsB1,metabolism,Lipid biosynthesis proteins,Metabolism,Lipid metabolism,Glycerolipid metabolism; Glycerophospholipid metabolism,GPAT/DAPAT family,,Acyltransferase;Cell membrane;Membrane;Reference proteome;Transferase
g1607,886376,Rv1552,P9WN91,CDS,Cytoplasmic,frdA,Fumarate reductase flavoprotein subunit,,,Metabolism; Environmental Information Processing,Carbohydrate metabolism; Energy metabolism; Signal transduction,Citrate cycle (TCA cycle); Pyruvate metabolism; Butanoate metabolism; Oxidative phosphorylation; Other carbon fixation pathways; Two-component system,FAD-dependent oxidoreductase 2 family. FRD/SDH subfamily,,Cell membrane;Electron transport;FAD;Flavoprotein;Membrane;Nucleotide-binding;Oxidoreductase;Reference proteome;Transport
g1608,886378,Rv1553,P9WN89,CDS,Plasma Membrane,frdB,Fumarate reductase iron-sulfur subunit,,,Metabolism; Environmental Information Processing,Carbohydrate metabolism; Energy metabolism; Signal transduction,Citrate cycle (TCA cycle); Pyruvate metabolism; Butanoate metabolism; Oxidative phosphorylation; Other carbon fixation pathways; Two-component system,succinate dehydrogenase/fumarate reductase iron-sulfur protein family,,2Fe-2S;3Fe-4S;4Fe-4S;Cell membrane;Electron transport;Iron;Iron-sulfur;Membrane;Metal-binding;Oxidoreductase;Reference proteome;Transport;Tricarboxylic acid cycle
g1609,886371,Rv1554,P9WNB7,CDS,Plasma Membrane,frdC,Fumarate reductase subunit C,,,Metabolism; Environmental Information Processing,Carbohydrate metabolism; Energy metabolism; Signal transduction,Citrate cycle (TCA cycle); Pyruvate metabolism; Butanoate metabolism; Oxidative phosphorylation; Other carbon fixation pathways; Two-component system,FrdC family,,Cell membrane;Membrane;Reference proteome;Transmembrane;Transmembrane helix
g1610,886389,Rv1555,P9WNB5,CDS,Plasma Membrane,frdD,Fumarate reductase subunit D,,,Metabolism; Environmental Information Processing,Carbohydrate metabolism; Energy metabolism; Signal transduction,Citrate cycle (TCA cycle); Pyruvate metabolism; Butanoate metabolism; Oxidative phosphorylation; Other carbon fixation pathways; Two-component system,FrdD family,,Cell membrane;Membrane;Reference proteome;Transmembrane;Transmembrane helix
g1611,886367,Rv1556,P9WMD1,CDS,Cytoplasmic,,Uncharacterized HTH-type transcriptional regulator Rv1556,,,,,,,,DNA-binding;Reference proteome;Repeat;Transcription;Transcription regulation
g1612,886033,Rv1557,P9WJU9,CDS,Plasma Membrane,mmpL6,Probable transport protein MmpL6,,,,,,resistance-nodulation-cell division (RND) (TC 2.A.6) family. MmpL subfamily,,Cell membrane;Membrane;Reference proteome;Transmembrane;Transmembrane helix;Transport
g1613,886363,Rv1558,P9WP11,CDS,Cytoplasmic,,F420H(2)-dependent quinone reductase Rv1558,,,,,,F420H(2)-dependent quinone reductase family,,3D-structure;Oxidoreductase;Reference proteome
g1614,886365,Rv1559,P9WG95,CDS,Cytoplasmic,ilvA,L-threonine dehydratase biosynthetic IlvA,,,Metabolism,Amino acid metabolism,"Glycine, serine and threonine metabolism; Valine, leucine and isoleucine biosynthesis",serine/threonine dehydratase family,Amino-acid biosynthesis; L-isoleucine biosynthesis; 2-oxobutanoate from L-threonine,Acetylation;Amino-acid biosynthesis;Branched-chain amino acid biosynthesis;Isoleucine biosynthesis;Lyase;Pyridoxal phosphate;Reference proteome
g1615,886359,Rv1560,P9WLU3,CDS,Cytoplasmic,vapB11,Antitoxin VapB11,signaling and cellular processes,Prokaryotic defense system,,,,,,3D-structure;Reference proteome;Toxin-antitoxin system
g1616,886361,Rv1561,P9WFA5,CDS,Cytoplasmic,vapC11,Ribonuclease VapC11,signaling and cellular processes,Prokaryotic defense system,,,,PINc/VapC protein family,,3D-structure;Hydrolase;Magnesium;Metal-binding;Nuclease;Reference proteome;Toxin-antitoxin system
g1617,886355,Rv1562c,P9WQ23,CDS,Cytoplasmic,treZ,Malto-oligosyltrehalose trehalohydrolase,,,Metabolism,Carbohydrate metabolism,Starch and sucrose metabolism,glycosyl hydrolase 13 family,Glycan biosynthesis; trehalose biosynthesis,Carbohydrate metabolism;Cytoplasm;Glycosidase;Hydrolase;Reference proteome
g1618,886357,Rv1563c,P9WQ21,CDS,Cytoplasmic,treY,Putative maltooligosyl trehalose synthase,,,Metabolism,Carbohydrate metabolism,Starch and sucrose metabolism,glycosyl hydrolase 13 family,,Isomerase;Reference proteome
g1619,886353,Rv1564c,P9WQ25,CDS,Cytoplasmic,glgX,Glycogen operon protein GlgX homolog,,,Metabolism,Carbohydrate metabolism,Starch and sucrose metabolism,glycosyl hydrolase 13 family,,Glycosidase;Hydrolase;Reference proteome
g1620,886351,Rv1565c,O06625,CDS,Plasma Membrane,,acyltransferase,,,,,,,,Membrane;Reference proteome;Transmembrane;Transmembrane helix
g1621,886347,Rv1566c,O06624,CDS,Extracellular,ripD,Peptidoglycan-binding protein RipD,,,,,,peptidase C40 family,,3D-structure;Reference proteome;Repeat;Signal
g1622,886349,Rv1567c,O06623,CDS,Plasma Membrane,,membrane protein,,,,,,,,Membrane;Reference proteome;Transmembrane;Transmembrane helix
g1623,886343,Rv1568,P9WQ81,CDS,Cytoplasmic,bioA,Adenosylmethionine-8-amino-7-oxononanoate aminotransferase,metabolism,Amino acid related enzymes,Metabolism,Metabolism of cofactors and vitamins,Biotin metabolism,class-III pyridoxal-phosphate-dependent aminotransferase family. BioA subfamily,"Cofactor biosynthesis; biotin biosynthesis; 7,8-diaminononanoate from 8-amino-7-oxononanoate (SAM route)",3D-structure;Aminotransferase;Biotin biosynthesis;Cytoplasm;Pyridoxal phosphate;Reference proteome;S-adenosyl-L-methionine;Transferase
g1624,886345,Rv1569,P9WQ87,CDS,Cytoplasmic,bioF1,8-amino-7-oxononanoate synthase 1,metabolism,Amino acid related enzymes,Metabolism,Metabolism of cofactors and vitamins,Biotin metabolism,class-II pyridoxal-phosphate-dependent aminotransferase family. BioF subfamily,Cofactor biosynthesis; biotin biosynthesis,Acyltransferase;Biotin biosynthesis;Pyridoxal phosphate;Reference proteome;Transferase
g1625,886338,Rv1570,P9WPQ5,CDS,Cytoplasmic,bioD,Dethiobiotin synthetase BioD,,,Metabolism,Metabolism of cofactors and vitamins,Biotin metabolism,dethiobiotin synthetase family,"Cofactor biosynthesis; biotin biosynthesis; biotin from 7,8-diaminononanoate",3D-structure;ATP-binding;Biotin biosynthesis;Cytoplasm;Ligase;Magnesium;Metal-binding;Nucleotide-binding;Reference proteome
g1626,886341,Rv1571,O06619,CDS,Cytoplasmic,,hypothetical protein,,,,,,,,Reference proteome
g1627,,Rv1572c,O06618,CDS,Extracellular,,Conserved hypothetical protein,,,,,,,,Reference proteome
g1628,886337,Rv1573,O06617,CDS,Cytoplasmic,,phage protein,,,,,,,,Reference proteome
g1629,886331,Rv1574,L0TA08,CDS,Extracellular,,phage protein,,,,,,,,Reference proteome
g1630,886335,Rv1575,L0T9U5,CDS,Extracellular,,phage protein,,,,,,,,Reference proteome
g1631,886327,Rv1576c,O06614,CDS,Extracellular,,phage capsid protein,,,,,,,,Reference proteome
g1632,886329,Rv1577c,O06613,CDS,Cytoplasmic,,phage prohead protease,metabolism,Peptidases and inhibitors,,,,,,Hydrolase;Protease;Reference proteome;Viral release from host cell
g1633,886322,Rv1578c,O06612,CDS,Cytoplasmic,,phage protein,,,,,,,,Reference proteome
g1634,886369,Rv1579c,O06611,CDS,Cytoplasmic,,phage protein,,,,,,,,3D-structure;Reference proteome
g1635,886313,Rv1580c,O06610,CDS,Cytoplasmic,,phage protein,,,,,,,,Reference proteome
g1636,886318,Rv1581c,O06609,CDS,Cytoplasmic,,phage protein,,,,,,,,Reference proteome
g1637,886311,Rv1582c,O06608,CDS,Cytoplasmic,,phage protein,,,,,,,,ATP-binding;Hydrolase;Nucleotide-binding;Reference proteome
g1638,886315,Rv1583c,P9WLU1,CDS,Extracellular,,Uncharacterized protein Rv1583c,,,,,,To M.tuberculosis Rv2656c,,Reference proteome
g1639,886307,Rv1584c,O06606,CDS,Cytoplasmic,,phage protein,,,,,,,,Reference proteome
g1640,886309,Rv1585c,O06605,CDS,Cytoplasmic,,phage protein,,,,,,,,Reference proteome
g1641,886305,Rv1586c,O06604,CDS,Cytoplasmic,,phage integrase,,,,,,,,Reference proteome
g1642,886303,Rv1587c,O06603,CDS,Cytoplasmic,,hypothetical protein,,,,,,,,Reference proteome
g1643,886325,Rv1588c,P9WLT9,CDS,Cytoplasmic,,Uncharacterized protein Rv1588c,,,,,,Rv1128c/1148c/1588c/1702c/1945/3466 family,,Reference proteome
g1644,886301,Rv1589,P9WPQ7,CDS,Cytoplasmic,bioB,Biotin synthase,,,Metabolism,Metabolism of cofactors and vitamins,Biotin metabolism,radical SAM superfamily. Biotin synthase family,"Cofactor biosynthesis; biotin biosynthesis; biotin from 7,8-diaminononanoate",2Fe-2S;4Fe-4S;Acetylation;Biotin biosynthesis;Iron;Iron-sulfur;Metal-binding;Reference proteome;S-adenosyl-L-methionine;Transferase
g1645,886292,Rv1590,P9WLT7,CDS,Cytoplasmic,bsaP,Biotin synthase auxiliary protein,,,,,,BsaP family,,Biotin biosynthesis;Iron;Iron-sulfur;Metal-binding;Reference proteome
g1646,886295,Rv1591,P9WLT5,CDS,Plasma Membrane,,Uncharacterized protein Rv1591,,,,,,To M.leprae ML1222,,Cell membrane;Membrane;Reference proteome;Transmembrane;Transmembrane helix
g1647,886287,Rv1592c,P9WK89,CDS,Extracellular,,Probable inactive lipase Rv1592c,,,,,,AB hydrolase superfamily. Lipase family,,Reference proteome
g1648,886289,Rv1593c,O06597,CDS,Cytoplasmic,,hypothetical protein,,,,,,,,Reference proteome
g1649,886283,Rv1594,P9WJK1,CDS,Cytoplasmic,nadA,Quinolinate synthase,,,Metabolism,Metabolism of cofactors and vitamins,Nicotinate and nicotinamide metabolism,quinolinate synthase family. Type 2 subfamily,Cofactor biosynthesis; NAD(+) biosynthesis; quinolinate from iminoaspartate,4Fe-4S;Cytoplasm;Iron;Iron-sulfur;Metal-binding;Pyridine nucleotide biosynthesis;Reference proteome;Transferase
g1650,886285,Rv1595,P9WJJ9,CDS,Cytoplasmic,nadB,L-aspartate oxidase,,,Metabolism,Amino acid metabolism; Metabolism of cofactors and vitamins,"Alanine, aspartate and glutamate metabolism; Nicotinate and nicotinamide metabolism",FAD-dependent oxidoreductase 2 family. NadB subfamily,Cofactor biosynthesis; NAD(+) biosynthesis; iminoaspartate from L-aspartate (oxidase route),Cytoplasm;FAD;Flavoprotein;Nucleotide-binding;Oxidoreductase;Pyridine nucleotide biosynthesis;Reference proteome
g1651,886281,Rv1596,P9WJJ7,CDS,Cytoplasmic,nadC,Nicotinate-nucleotide pyrophosphorylase [carboxylating],,,Metabolism,Metabolism of cofactors and vitamins,Nicotinate and nicotinamide metabolism,NadC/ModD family,Cofactor biosynthesis; NAD(+) biosynthesis; nicotinate D-ribonucleotide from quinolinate,3D-structure;Glycosyltransferase;Pyridine nucleotide biosynthesis;Reference proteome;Transferase
g1652,886297,Rv1597,O06593,CDS,Cytoplasmic,,Methyltransferase type 11 domain-containing protein,,,,,,,,Reference proteome
g1653,886324,Rv1598c,O06592,CDS,Plasma Membrane,,hypothetical protein,,,,,,,,Reference proteome
g1654,886277,Rv1599,P9WNW9,CDS,Cytoplasmic,hisD,Histidinol dehydrogenase,,,Metabolism,Amino acid metabolism,Histidine metabolism,histidinol dehydrogenase family,Amino-acid biosynthesis; L-histidine biosynthesis; L-histidine from 5-phospho-alpha-D-ribose 1-diphosphate,Amino-acid biosynthesis;Direct protein sequencing;Histidine biosynthesis;Metal-binding;NAD;Oxidoreductase;Reference proteome;Zinc
g1655,886298,Rv1600,P9WML7,CDS,Cytoplasmic,hisC,Histidinol-phosphate aminotransferase,metabolism,Amino acid related enzymes,Metabolism,Amino acid metabolism; Biosynthesis of other secondary metabolites,"Histidine metabolism; Tyrosine metabolism; Phenylalanine metabolism; Phenylalanine, tyrosine and tryptophan biosynthesis; Novobiocin biosynthesis",class-II pyridoxal-phosphate-dependent aminotransferase family. Histidinol-phosphate aminotransferase subfamily,Amino-acid biosynthesis; L-histidine biosynthesis; L-histidine from 5-phospho-alpha-D-ribose 1-diphosphate,3D-structure;Amino-acid biosynthesis;Aminotransferase;Histidine biosynthesis;Pyridoxal phosphate;Reference proteome;Transferase
g1656,886274,Rv1601,P9WML9,CDS,Cytoplasmic,hisB,Imidazoleglycerol-phosphate dehydratase,,,Metabolism,Amino acid metabolism,Histidine metabolism,imidazoleglycerol-phosphate dehydratase family,Amino-acid biosynthesis; L-histidine biosynthesis; L-histidine from 5-phospho-alpha-D-ribose 1-diphosphate,3D-structure;Amino-acid biosynthesis;Cytoplasm;Histidine biosynthesis;Lyase;Manganese;Metal-binding;Reference proteome
g1657,885529,Rv1602,P9WMM1,CDS,Cytoplasmic,hisH,Imidazole glycerol phosphate synthase subunit HisH,,,Metabolism,Amino acid metabolism,Histidine metabolism,,Amino-acid biosynthesis; L-histidine biosynthesis; L-histidine from 5-phospho-alpha-D-ribose 1-diphosphate,Amino-acid biosynthesis;Cytoplasm;Glutamine amidotransferase;Histidine biosynthesis;Hydrolase;Lyase;Reference proteome
g1658,885873,Rv1603,P9WMM5,CDS,Cytoplasmic,priA,Phosphoribosyl isomerase A,,,Metabolism,Amino acid metabolism,"Histidine metabolism; Phenylalanine, tyrosine and tryptophan biosynthesis",HisA/HisF family,Amino-acid biosynthesis; L-histidine biosynthesis; L-histidine from 5-phospho-alpha-D-ribose 1-diphosphate; Amino-acid biosynthesis; L-tryptophan biosynthesis; L-tryptophan from chorismate,3D-structure;Amino-acid biosynthesis;Aromatic amino acid biosynthesis;Cytoplasm;Histidine biosynthesis;Isomerase;Reference proteome;Tryptophan biosynthesis
g1659,885567,Rv1604,O53907,CDS,Cytoplasmic,impA,Probable inositol 1-monophosphatase ImpA,,,Metabolism,Carbohydrate metabolism; Biosynthesis of other secondary metabolites,Inositol phosphate metabolism; Streptomycin biosynthesis,inositol monophosphatase superfamily,Polyol metabolism; myo-inositol biosynthesis; myo-inositol from D-glucose 6-phosphate,Hydrolase;Magnesium;Metal-binding;Reference proteome
g1660,885261,Rv1605,P9WMM3,CDS,Cytoplasmic,hisF,Imidazole glycerol phosphate synthase subunit HisF,,,Metabolism,Amino acid metabolism,Histidine metabolism,HisA/HisF family,Amino-acid biosynthesis; L-histidine biosynthesis; L-histidine from 5-phospho-alpha-D-ribose 1-diphosphate,Amino-acid biosynthesis;Cytoplasm;Histidine biosynthesis;Lyase;Reference proteome
g1661,886011,Rv1606,P9WMM7,CDS,Cytoplasmic,hisI,Phosphoribosyl-AMP cyclohydrolase,,,Metabolism,Amino acid metabolism,Histidine metabolism,PRA-CH family,Amino-acid biosynthesis; L-histidine biosynthesis; L-histidine from 5-phospho-alpha-D-ribose 1-diphosphate,Amino-acid biosynthesis;Cytoplasm;Histidine biosynthesis;Hydrolase;Magnesium;Metal-binding;Reference proteome;Zinc
g1662,885524,Rv1607,O53910,CDS,Plasma Membrane,chaA,ionic transporter integral membrane protein ChaA,signaling and cellular processes,Transporters,,,,,,Membrane;Reference proteome;Transmembrane;Transmembrane helix
g1663,885530,Rv1608c,P9WID9,CDS,Cytoplasmic,bcpB,Putative peroxiredoxin Rv1608c,,,,,,peroxiredoxin family. BCP/PrxQ subfamily,,3D-structure;Antioxidant;Disulfide bond;Oxidoreductase;Peroxidase;Redox-active center;Reference proteome
g1664,885040,Rv1609,P9WFX3,CDS,Cytoplasmic,trpE,Anthranilate synthase component 1,,,Metabolism; Cellular Processes,Amino acid metabolism; Biosynthesis of other secondary metabolites; Cellular community - prokaryotes,"Phenylalanine, tyrosine and tryptophan biosynthesis; Phenazine biosynthesis; Quorum sensing",anthranilate synthase component I family,Amino-acid biosynthesis; L-tryptophan biosynthesis; L-tryptophan from chorismate,Amino-acid biosynthesis;Aromatic amino acid biosynthesis;Lyase;Magnesium;Metal-binding;Reference proteome;Tryptophan biosynthesis
g1665,885293,Rv1610,O06128,CDS,Plasma Membrane,,membrane protein,,,,,,,,Membrane;Reference proteome;Transmembrane;Transmembrane helix
g1666,885294,Rv1611,P9WFX7,CDS,Cytoplasmic,trpC,Indole-3-glycerol phosphate synthase,,,Metabolism,Amino acid metabolism,"Phenylalanine, tyrosine and tryptophan biosynthesis",TrpC family,Amino-acid biosynthesis; L-tryptophan biosynthesis; L-tryptophan from chorismate,3D-structure;Amino-acid biosynthesis;Aromatic amino acid biosynthesis;Decarboxylase;Lyase;Reference proteome;Tryptophan biosynthesis
g1667,885297,Rv1612,P9WFX9,CDS,Cytoplasmic,trpB,Tryptophan synthase beta chain,,,Metabolism,Amino acid metabolism,"Glycine, serine and threonine metabolism; Phenylalanine, tyrosine and tryptophan biosynthesis",TrpB family,Amino-acid biosynthesis; L-tryptophan biosynthesis; L-tryptophan from chorismate,3D-structure;Amino-acid biosynthesis;Aromatic amino acid biosynthesis;Direct protein sequencing;Lyase;Pyridoxal phosphate;Reference proteome;Tryptophan biosynthesis
g1668,885291,Rv1613,P9WFY1,CDS,Cytoplasmic,trpA,Tryptophan synthase alpha chain,,,Metabolism,Amino acid metabolism,"Glycine, serine and threonine metabolism; Phenylalanine, tyrosine and tryptophan biosynthesis",TrpA family,Amino-acid biosynthesis; L-tryptophan biosynthesis; L-tryptophan from chorismate,3D-structure;Amino-acid biosynthesis;Aromatic amino acid biosynthesis;Lyase;Reference proteome;Tryptophan biosynthesis
g1669,885292,Rv1614,P9WK93,CDS,Plasma Membrane,lgt,Phosphatidylglycerol--prolipoprotein diacylglyceryl transferase,,,,,,Lgt family,Protein modification; lipoprotein biosynthesis (diacylglyceryl transfer),Cell membrane;Membrane;Reference proteome;Transferase;Transmembrane;Transmembrane helix
g1670,885499,Rv1615,O06132,CDS,Plasma Membrane,,membrane protein,,,,,,,,Membrane;Reference proteome;Transmembrane;Transmembrane helix
g1671,885498,Rv1616,O06133,CDS,Plasma Membrane,,hypothetical protein,,,,,,,,Membrane;Reference proteome;Transmembrane;Transmembrane helix
g1672,885501,Rv1617,P9WKE5,CDS,Cytoplasmic,pyk,Pyruvate kinase,genetic information processing; signaling and cellular processes,Membrane trafficking; Exosome,Metabolism,Carbohydrate metabolism,Glycolysis / Gluconeogenesis; Pyruvate metabolism,pyruvate kinase family,Carbohydrate degradation; glycolysis; pyruvate from D-glyceraldehyde 3-phosphate,3D-structure;ATP-binding;Glycolysis;Kinase;Magnesium;Metal-binding;Nucleotide-binding;Phosphoprotein;Potassium;Pyruvate;Reference proteome;Transferase
g1673,885500,Rv1618,O06135,CDS,Cytoplasmic,tesB1,acyl-CoA thioesterase II,metabolism,Lipid biosynthesis proteins,Metabolism,Lipid metabolism,Biosynthesis of unsaturated fatty acids,C/M/P thioester hydrolase family,,Hydrolase;Reference proteome
g1674,885509,Rv1619,O06136,CDS,Plasma Membrane,LysX2,MprF-like domain protein Rv1619,,,,,,LPG synthetase family,,Cell inner membrane;Cell membrane;Membrane;Reference proteome;Transmembrane;Transmembrane helix
g1675,885503,Rv1620c,O06137,CDS,Plasma Membrane,cydC,cytochrome biosyntheisis ABC transporter ATP-binding protein/permease CydC,signaling and cellular processes,Transporters,Environmental Information Processing,Membrane transport,ABC transporters,ABC transporter superfamily. Siderophore-Fe(3+) uptake transporter (SIUT) (TC 3.A.1.21) family,,ATP-binding;Cell inner membrane;Cell membrane;Membrane;Nucleotide-binding;Reference proteome;Translocase;Transmembrane;Transmembrane helix;Transport
g1676,885512,Rv1621c,O06138,CDS,Plasma Membrane,cydD,cytochrome biosyntheisis ABC transporter ATP-binding protein/permease CydD,signaling and cellular processes,Transporters,Environmental Information Processing,Membrane transport,ABC transporters,,,ATP-binding;Membrane;Nucleotide-binding;Reference proteome;Transmembrane;Transmembrane helix
g1677,885510,Rv1622c,O06139,CDS,Plasma Membrane,cydB,cytochrome D ubiquinol oxidase subunit II CydB,,,Metabolism; Environmental Information Processing,Energy metabolism; Signal transduction,Oxidative phosphorylation; Two-component system,cytochrome ubiquinol oxidase subunit 2 family,,3D-structure;Cell membrane;Electron transport;Heme;Iron;Membrane;Metal-binding;Reference proteome;Transmembrane;Transmembrane helix;Transport
g1678,885446,Rv1623c,L7N662,CDS,Plasma Membrane,cydA,cytochrome D ubiquinol oxidase subunit I CydA,,,Metabolism; Environmental Information Processing,Energy metabolism; Signal transduction,Oxidative phosphorylation; Two-component system,cytochrome ubiquinol oxidase subunit 1 family,,3D-structure;Cell membrane;Electron transport;Heme;Iron;Membrane;Metal-binding;Reference proteome;Transmembrane;Transmembrane helix;Transport
g1679,885135,Rv1624c,O06141,CDS,Plasma Membrane,,membrane protein,,,,,,,,Membrane;Reference proteome;Transmembrane;Transmembrane helix
g1680,888538,Rv1625c,P9WQ35,CDS,Plasma Membrane,cya,Adenylate cyclase,,,Metabolism,Nucleotide metabolism,Purine metabolism,adenylyl cyclase class-4/guanylyl cyclase family,,3D-structure;ATP-binding;cAMP biosynthesis;Cell membrane;Lyase;Magnesium;Manganese;Membrane;Metal-binding;Nucleotide-binding;Reference proteome;Transmembrane;Transmembrane helix
g1681,885080,Rv1626,P9WGM3,CDS,Cytoplasmic,pdtaR,Transcriptional regulatory protein PdtaR,signaling and cellular processes,Two-component system,,,,,,3D-structure;Acetylation;Cytoplasm;Phosphoprotein;Reference proteome;Stress response;Transcription;Transcription antitermination;Transcription regulation;Two-component regulatory system
g1682,885064,Rv1627c,O06144,CDS,Cytoplasmic,,nonspecific lipid-transfer protein,,,,,,,,Reference proteome
g1683,885289,Rv1628c,O06145,CDS,Cytoplasmic,,hypothetical protein,,,,,,,,Reference proteome
g1684,885074,Rv1629,P9WNU5,CDS,Cytoplasmic,polA,DNA polymerase I,genetic information processing,DNA replication proteins; DNA repair and recombination proteins,Genetic Information Processing,Replication and repair,DNA replication; Base excision repair; Nucleotide excision repair; Homologous recombination,DNA polymerase type-A family,,DNA damage;DNA repair;DNA replication;DNA-binding;DNA-directed DNA polymerase;Exonuclease;Hydrolase;Nuclease;Nucleotidyltransferase;Reference proteome;Transferase
g1685,885188,Rv1630,P9WH43,CDS,Cytoplasmic,rpsA,Small ribosomal subunit protein bS1,genetic information processing,Ribosome,Genetic Information Processing,Translation,Ribosome,bacterial ribosomal protein bS1 family,,3D-structure;Reference proteome;Repeat;Ribonucleoprotein;Ribosomal protein;RNA-binding;rRNA-binding
g1686,885165,Rv1631,P9WPA3,CDS,Cytoplasmic,coaE,Dephospho-CoA kinase,,,Metabolism,Metabolism of cofactors and vitamins,Pantothenate and CoA biosynthesis,In the N-terminal section; belongs to the CoaE family; In the C-terminal section; belongs to the UPF0157 (GrpB) family,Cofactor biosynthesis; coenzyme A biosynthesis; CoA from (R)-pantothenate,ATP-binding;Coenzyme A biosynthesis;Cytoplasm;Kinase;Nucleotide-binding;Reference proteome;Transferase
g1687,885649,Rv1632c,O06149,CDS,Cytoplasmic,,DUF402 domain-containing protein,,,,,,,,Reference proteome
g1688,885249,Rv1633,P9WFC7,CDS,Cytoplasmic,uvrB,UvrABC system protein B,genetic information processing,DNA repair and recombination proteins,Genetic Information Processing,Replication and repair,Nucleotide excision repair,UvrB family,,3D-structure;ATP-binding;Cytoplasm;DNA damage;DNA excision;DNA repair;Excision nuclease;Nucleotide-binding;Reference proteome;SOS response
g1689,885115,Rv1634,P9WJX3,CDS,Plasma Membrane,,Probable multidrug-efflux transporter Rv1634,,,,,,major facilitator superfamily,,Antibiotic resistance;Cell membrane;Membrane;Reference proteome;Transmembrane;Transmembrane helix;Transport
g1690,885100,Rv1635c,O06152,CDS,Plasma Membrane,,mannosyltransferase,metabolism,Glycosyltransferases,Metabolism,Glycan biosynthesis and metabolism,Lipoarabinomannan (LAM) biosynthesis,,,Cell membrane;Glycosyltransferase;Membrane;Reference proteome;Transferase;Transmembrane;Transmembrane helix
g1691,885473,Rv1636,P9WFC9,CDS,Cytoplasmic,TB15.3,Universal stress protein Rv1636,,,,,,universal stress protein A family,,3D-structure;Reference proteome
g1692,885132,Rv1637c,O06154,CDS,Cytoplasmic,,hypothetical protein,,,,,,,,Reference proteome
g1693,885685,Rv1638,P9WQK7,CDS,Cytoplasmic,uvrA,UvrABC system protein A,genetic information processing,DNA repair and recombination proteins,Genetic Information Processing,Replication and repair,Nucleotide excision repair,ABC transporter superfamily. UvrA family,,3D-structure;ATP-binding;Cytoplasm;DNA damage;DNA excision;DNA repair;DNA-binding;Excision nuclease;Metal-binding;Nucleotide-binding;Reference proteome;Repeat;SOS response;Zinc;Zinc-finger
g1694,3205103,Rv1638A,L7N673,CDS,Cytoplasmic,,Phage shock protein A (IM30),,,,,,,,Reference proteome
g1695,885642,Rv1639c,P94973,CDS,Plasma Membrane,,hypothetical protein,,,,,,,,Membrane;Reference proteome;Secreted;Transmembrane;Transmembrane helix
g1696,885428,Rv1640c,P9WFU7,CDS,Plasma Membrane,lysX,Lysylphosphatidylglycerol biosynthesis bifunctional protein LysX,metabolism; genetic information processing,Amino acid related enzymes; Transfer RNA biogenesis,Genetic Information Processing,Translation,Aminoacyl-tRNA biosynthesis,In the N-terminal section; belongs to the LPG synthetase family; In the C-terminal section; belongs to the class-II aminoacyl-tRNA synthetase family,,Aminoacyl-tRNA synthetase;Antibiotic resistance;ATP-binding;Cell membrane;DNA-binding;Ligase;Lipid metabolism;Magnesium;Membrane;Metal-binding;Multifunctional enzyme;Nucleotide-binding;Reference proteome;Transferase;Transmembrane;Transmembrane helix;Virulence
g1697,885478,Rv1641,P9WKJ9,CDS,Cytoplasmic,infC,Translation initiation factor IF-3,genetic information processing,Translation factors; Mitochondrial biogenesis,,,,IF-3 family,,Cytoplasm;Initiation factor;Protein biosynthesis;Reference proteome
g1698,885145,Rv1642,P9WH91,CDS,Cytoplasmic,rpmI,Large ribosomal subunit protein bL35,genetic information processing,Ribosome,Genetic Information Processing,Translation,Ribosome,bacterial ribosomal protein bL35 family,,3D-structure;Reference proteome;Ribonucleoprotein;Ribosomal protein;RNA-binding;rRNA-binding
g1699,885455,Rv1643,P9WHC5,CDS,Extracellular,rplT,Large ribosomal subunit protein bL20,genetic information processing,Ribosome,Genetic Information Processing,Translation,Ribosome,bacterial ribosomal protein bL20 family,,3D-structure;Reference proteome;Ribonucleoprotein;Ribosomal protein;RNA-binding;rRNA-binding
g1700,885163,Rv1644,P94978,CDS,Cytoplasmic,tsnR,23S rRNA methyltransferase TsnR,genetic information processing,Transfer RNA biogenesis,,,,class IV-like SAM-binding methyltransferase superfamily. RNA methyltransferase TrmH family,,Methyltransferase;Reference proteome;S-adenosyl-L-methionine;Transferase
g1701,885287,Rv1645c,P94979,CDS,Cytoplasmic,,ER-bound oxygenase mpaB/mpaB'/Rubber oxygenase catalytic domain-containing protein,,,,,,,,Reference proteome
g1702,885486,Rv1646,L7N681,CDS,Extracellular,PE17,PE family protein PE17,,,,,,,,Reference proteome
g1703,885432,Rv1647,P94982,CDS,Cytoplasmic,,adenylate cyclase,,,,,,adenylyl cyclase class-3 family,,Reference proteome
g1704,885065,Rv1648,P94983,CDS,Plasma Membrane,,transmembrane protein,,,,,,,,Membrane;Reference proteome;Transmembrane;Transmembrane helix
g1705,885105,Rv1649,P9WFU3,CDS,Cytoplasmic,pheS,Phenylalanine--tRNA ligase alpha subunit,metabolism; genetic information processing,Amino acid related enzymes; Transfer RNA biogenesis,Genetic Information Processing,Translation,Aminoacyl-tRNA biosynthesis,class-II aminoacyl-tRNA synthetase family. Phe-tRNA synthetase alpha subunit type 1 subfamily,,3D-structure;Aminoacyl-tRNA synthetase;ATP-binding;Cytoplasm;Ligase;Magnesium;Metal-binding;Nucleotide-binding;Protein biosynthesis;Reference proteome
g1706,885283,Rv1650,P9WFU1,CDS,Cytoplasmic,pheT,Phenylalanine--tRNA ligase beta subunit,metabolism; genetic information processing,Amino acid related enzymes; Transfer RNA biogenesis,Genetic Information Processing,Translation,Aminoacyl-tRNA biosynthesis,phenylalanyl-tRNA synthetase beta subunit family. Type 1 subfamily,,3D-structure;Aminoacyl-tRNA synthetase;ATP-binding;Cytoplasm;Ligase;Magnesium;Metal-binding;Nucleotide-binding;Protein biosynthesis;Reference proteome;RNA-binding;tRNA-binding
g1707,885174,Rv1651c,Q79FL8,CDS,Extracellular,PE_PGRS30,PE-PGRS family protein PE_PGRS30,,,,,,mycobacterial PE family. PGRS subfamily,,Cell wall;Reference proteome;Secreted;Virulence
g1708,885278,Rv1652,P9WPZ9,CDS,Cytoplasmic,argC,N-acetyl-gamma-glutamyl-phosphate reductase,,,Metabolism,Amino acid metabolism,Arginine biosynthesis,NAGSA dehydrogenase family. Type 1 subfamily,Amino-acid biosynthesis; L-arginine biosynthesis; N(2)-acetyl-L-ornithine from L-glutamate,3D-structure;Amino-acid biosynthesis;Arginine biosynthesis;Cytoplasm;NADP;Oxidoreductase;Reference proteome
g1709,885125,Rv1653,P9WPZ3,CDS,Cytoplasmic,argJ,Arginine biosynthesis bifunctional protein ArgJ,,,Metabolism,Amino acid metabolism,Arginine biosynthesis,ArgJ family,Amino-acid biosynthesis; L-arginine biosynthesis; L-ornithine and N-acetyl-L-glutamate from L-glutamate and N(2)-acetyl-L-ornithine (cyclic); Amino-acid biosynthesis; L-arginine biosynthesis; N(2)-acetyl-L-ornithine from L-glutamate,3D-structure;Acyltransferase;Amino-acid biosynthesis;Arginine biosynthesis;Autocatalytic cleavage;Cytoplasm;Multifunctional enzyme;Reference proteome;Transferase
g1710,888076,Rv1654,P9WQ01,CDS,Cytoplasmic,argB,Acetylglutamate kinase,,,Metabolism,Amino acid metabolism,Arginine biosynthesis,acetylglutamate kinase family. ArgB subfamily,Amino-acid biosynthesis; L-arginine biosynthesis; N(2)-acetyl-L-ornithine from L-glutamate,3D-structure;Amino-acid biosynthesis;Arginine biosynthesis;ATP-binding;Cytoplasm;Kinase;Nucleotide-binding;Reference proteome;Transferase
g1711,885187,Rv1655,P9WPZ7,CDS,Cytoplasmic,argD,Acetylornithine aminotransferase,metabolism,Amino acid related enzymes,Metabolism,Amino acid metabolism,Lysine biosynthesis; Arginine biosynthesis,class-III pyridoxal-phosphate-dependent aminotransferase family. ArgD subfamily,Amino-acid biosynthesis; L-arginine biosynthesis; N(2)-acetyl-L-ornithine from L-glutamate,3D-structure;Acetylation;Amino-acid biosynthesis;Aminotransferase;Arginine biosynthesis;Cytoplasm;Isopeptide bond;Pyridoxal phosphate;Reference proteome;Transferase;Ubl conjugation
g1712,885462,Rv1656,P9WIT9,CDS,Cytoplasmic,argF,Ornithine carbamoyltransferase,,,Metabolism,Amino acid metabolism,Arginine biosynthesis,aspartate/ornithine carbamoyltransferase superfamily. OTCase family,Amino-acid biosynthesis; L-arginine biosynthesis; L-arginine from L-ornithine and carbamoyl phosphate,3D-structure;Amino-acid biosynthesis;Arginine biosynthesis;Cytoplasm;Reference proteome;Transferase
g1713,885091,Rv1657,P9WPY9,CDS,Cytoplasmic,argR,Arginine repressor,genetic information processing,Transcription factors,,,,ArgR family,Amino-acid biosynthesis; L-arginine biosynthesis [regulation],3D-structure;Amino-acid biosynthesis;Arginine biosynthesis;Cytoplasm;DNA-binding;Reference proteome;Repressor;Transcription;Transcription regulation
g1714,885645,Rv1658,P9WPW7,CDS,Cytoplasmic,argG,Argininosuccinate synthase,signaling and cellular processes,Exosome,Metabolism,Amino acid metabolism,"Alanine, aspartate and glutamate metabolism; Arginine biosynthesis",argininosuccinate synthase family. Type 1 subfamily,Amino-acid biosynthesis; L-arginine biosynthesis; L-arginine from L-ornithine and carbamoyl phosphate,Amino-acid biosynthesis;Arginine biosynthesis;ATP-binding;Cytoplasm;Ligase;Nucleotide-binding;Reference proteome
g1715,885365,Rv1659,P9WPY7,CDS,Cytoplasmic,argH,Argininosuccinate lyase,signaling and cellular processes,Exosome,Metabolism,Amino acid metabolism,"Alanine, aspartate and glutamate metabolism; Arginine biosynthesis",lyase 1 family. Argininosuccinate lyase subfamily,Amino-acid biosynthesis; L-arginine biosynthesis; L-arginine from L-ornithine and carbamoyl phosphate,3D-structure;Amino-acid biosynthesis;Arginine biosynthesis;Cytoplasm;Lyase;Reference proteome
g1716,885112,Rv1660,P9WPF5,CDS,Cytoplasmic,pks10,Polyketide synthase-like Pks10,metabolism,Polyketide biosynthesis proteins,,,,thiolase-like superfamily. Chalcone/stilbene synthases family,Lipid metabolism; fatty acid biosynthesis,Acyltransferase;Fatty acid metabolism;Lipid metabolism;Reference proteome;Transferase
g1717,885108,Rv1661,P94996,CDS,Cytoplasmic,pks7,polyketide synthase,metabolism,Lipid biosynthesis proteins,,,,,Antibiotic biosynthesis; Lipid metabolism,Acyltransferase;Antibiotic biosynthesis;Fatty acid metabolism;Lipid metabolism;Multifunctional enzyme;Phosphopantetheine;Phosphoprotein;Reference proteome;Transferase
g1718,885527,Rv1662,O65933,CDS,Cytoplasmic,pks8,polyketide synthase,metabolism,Lipid biosynthesis proteins,,,,,,Acyltransferase;Antibiotic biosynthesis;Multifunctional enzyme;Phosphopantetheine;Phosphoprotein;Reference proteome;Transferase
g1719,885523,Rv1663,O06585,CDS,Cytoplasmic,pks17,polyketide synthase,metabolism,Lipid biosynthesis proteins,,,,,Lipid metabolism,Fatty acid metabolism;Lipid metabolism;Phosphopantetheine;Phosphoprotein;Reference proteome;Transferase
g1720,885519,Rv1664,O06586,CDS,Cytoplasmic,pks9,polyketide synthase,,,,,,,Lipid metabolism,Acyltransferase;Fatty acid metabolism;Lipid metabolism;Phosphopantetheine;Phosphoprotein;Reference proteome;Transferase
g1721,885525,Rv1665,P9WPF3,CDS,Cytoplasmic,pks11,Methyl-branched alkylpyrone synthesis polyketide synthase-like Pks11,metabolism,Polyketide biosynthesis proteins,,,,thiolase-like superfamily. Chalcone/stilbene synthases family,Lipid metabolism; fatty acid biosynthesis,3D-structure;Acyltransferase;Fatty acid metabolism;Lipid metabolism;Reference proteome;Transferase
g1722,885528,Rv1666c,P9WPM1,CDS,Cytoplasmic,cyp139,Putative cytochrome P450 139,,,,,,cytochrome P450 family,,Heme;Iron;Metal-binding;Monooxygenase;Oxidoreductase;Reference proteome
g1723,,Rv1667c,O53915,CDS,Cytoplasmic,,Probable second part of macrolide-transport ATP-binding protein ABC transporter,,,,,,,,ATP-binding;Nucleotide-binding;Reference proteome
g1724,,Rv1668c,O53916,CDS,Cytoplasmic,,Probable first part of macrolide-transport ATP-binding protein ABC transporter,,,,,,,,ATP-binding;Nucleotide-binding;Reference proteome
g1725,885701,Rv1669,O86371,CDS,Extracellular,,hypothetical protein,,,,,,,,Reference proteome
g1726,885702,Rv1670,O53917,CDS,Cytoplasmic,,DUF427 domain-containing protein,,,,,,,,Reference proteome
g1727,885698,Rv1671,O53918,CDS,Plasma Membrane,,membrane protein,,,,,,,,Membrane;Reference proteome;Transmembrane;Transmembrane helix
g1728,885700,Rv1672c,O53919,CDS,Plasma Membrane,,integral membrane transport protein,,,,,,,,Membrane;Reference proteome;Transmembrane;Transmembrane helix;Transport
g1729,885695,Rv1673c,O53920,CDS,Cytoplasmic,,Transglutaminase-like domain-containing protein,,,,,,,,Reference proteome
g1730,885696,Rv1674c,O53921,CDS,Cytoplasmic,,transcriptional regulator,,,,,,,,DNA-binding;Reference proteome;Transcription;Transcription regulation
g1731,885693,Rv1675c,P9WMH5,CDS,Cytoplasmic,cmr,HTH-type transcriptional regulator Cmr,genetic information processing,Transcription factors,,,,,,3D-structure;Activator;DNA-binding;Reference proteome;Transcription;Transcription regulation
g1732,885694,Rv1676,O53923,CDS,Plasma Membrane,,hypothetical protein,,,,,,,,Reference proteome
g1733,885690,Rv1677,I6XYM2,CDS,Plasma Membrane,dsbF,Soluble secreted antigen MPT53,,,,,,thioredoxin family,,Disulfide bond;Lipoprotein;Redox-active center;Reference proteome;Secreted;Signal
g1734,885691,Rv1678,O53925,CDS,Plasma Membrane,,integral membrane protein,,,,,,,,Membrane;Reference proteome;Transmembrane;Transmembrane helix
g1735,885688,Rv1679,O53926,CDS,Cytoplasmic,fadE16,acyl-CoA dehydrogenase FadE16,,,,,,acyl-CoA dehydrogenase family,,FAD;Flavoprotein;Oxidoreductase;Reference proteome
g1736,885689,Rv1680,O33182,CDS,Cytoplasmic,,Phosphate ABC transporter substrate-binding protein,,,,,,,,Reference proteome
g1737,885683,Rv1681,O33183,CDS,Cytoplasmic,moeX,molybdopterin biosynthesis protein MoeX,,,,,,,,Iron;Iron-sulfur;Metal-binding;Reference proteome;S-adenosyl-L-methionine
g1738,885686,Rv1682,O33184,CDS,Cytoplasmic,,hypothetical protein,,,,,,,,Coiled coil;Reference proteome
g1739,885687,Rv1683,O33185,CDS,Cytoplasmic,,bifunctional long-chain acyl-CoA synthase/lipase,metabolism,Lipid biosynthesis proteins,,,,ATP-dependent AMP-binding enzyme family,,ATP-binding;Ligase;Nucleotide-binding;Reference proteome
g1740,885680,Rv1684,O33186,CDS,Cytoplasmic,,UPF0434 protein Rv1684,,,,,,UPF0434 family,,Reference proteome
g1741,885682,Rv1685c,O33187,CDS,Cytoplasmic,,HTH tetR-type domain-containing protein,,,,,,,,DNA-binding;Reference proteome
g1742,885672,Rv1686c,O33188,CDS,Plasma Membrane,,Transport permease protein,signaling and cellular processes,Transporters,,,,ABC-2 integral membrane protein family,,Antibiotic resistance;Cell membrane;Membrane;Reference proteome;Transmembrane;Transmembrane helix;Transport
g1743,885678,Rv1687c,O33189,CDS,Plasma Membrane,,ABC transporter ATP-binding protein,signaling and cellular processes,Transporters,,,,,,ATP-binding;Nucleotide-binding;Reference proteome
g1744,885679,Rv1688,P9WJP7,CDS,Cytoplasmic,mpg,Putative 3-methyladenine DNA glycosylase,genetic information processing,DNA repair and recombination proteins,Genetic Information Processing,Replication and repair,Base excision repair,DNA glycosylase MPG family,,DNA damage;DNA repair;Hydrolase;Reference proteome
g1745,885668,Rv1689,P9WFT1,CDS,Cytoplasmic,tyrS,Tyrosine--tRNA ligase,metabolism; genetic information processing,Amino acid related enzymes; Transfer RNA biogenesis; Mitochondrial biogenesis,Genetic Information Processing,Translation,Aminoacyl-tRNA biosynthesis,class-I aminoacyl-tRNA synthetase family. TyrS type 1 subfamily,,3D-structure;Aminoacyl-tRNA synthetase;ATP-binding;Cytoplasm;Ligase;Nucleotide-binding;Protein biosynthesis;Reference proteome;RNA-binding
g1746,885670,Rv1690,O33192,CDS,Extracellular,lprJ,Putative lipoprotein LprJ,,,,,,,,Cell membrane;Lipoprotein;Membrane;Palmitate;Reference proteome;Signal;Transmembrane;Transmembrane helix
g1747,885665,Rv1691,O33193,CDS,Cytoplasmic,,Tetratrico peptide repeat group 5 domain-containing protein,,,,,,,,Reference proteome
g1748,885241,Rv1692,O33194,CDS,Cytoplasmic,,D-glycerol 3-phosphate phosphatase,,,Metabolism,Lipid metabolism,Glycerolipid metabolism,HAD-like hydrolase superfamily,Glycerolipid metabolism,3D-structure;Glycerol metabolism;Hydrolase;Magnesium;Metal-binding;Reference proteome
g1749,885662,Rv1693,O33195,CDS,Cytoplasmic,,hypothetical protein,,,,,,,,Reference proteome
g1750,885396,Rv1694,P9WJ63,CDS,Cytoplasmic,tlyA,16S/23S rRNA (cytidine-2'-O)-methyltransferase TlyA,genetic information processing,Ribosome biogenesis,,,,TlyA family,,3D-structure;Cell wall;Cytolysis;Cytoplasm;Hemolysis;Host cell membrane;Host membrane;Membrane;Methyltransferase;Reference proteome;Ribosome biogenesis;RNA-binding;rRNA processing;S-adenosyl-L-methionine;Secreted;Toxin;Transferase;Virulence
g1751,885660,Rv1695,P9WHV7,CDS,Cytoplasmic,ppnK,NAD kinase,,,Metabolism,Metabolism of cofactors and vitamins,Nicotinate and nicotinamide metabolism,NAD kinase family,,3D-structure;ATP-binding;Cytoplasm;Direct protein sequencing;Kinase;NAD;NADP;Nucleotide-binding;Reference proteome;Transferase
g1752,885805,Rv1696,P9WHI7,CDS,Cytoplasmic,recN,DNA repair protein RecN,genetic information processing,DNA repair and recombination proteins,,,,RecN family,,ATP-binding;DNA damage;DNA repair;Nucleotide-binding;Reference proteome
g1753,885045,Rv1697,O33198,CDS,Plasma Membrane,,SteA-like C-terminal domain-containing protein,,,,,,,,3D-structure;ATP-binding;Kinase;Membrane;Nucleotide-binding;Reference proteome;Transferase;Transmembrane;Transmembrane helix
g1754,885047,Rv1698,P9WJ83,CDS,Extracellular,mctB,Copper transporter MctB,,,,,,MctB (TC 1.B.50) family,,3D-structure;Cell outer membrane;Copper;Ion transport;Membrane;Porin;Reference proteome;Signal;Transmembrane;Transport
g1755,885048,Rv1699,P9WHK7,CDS,Cytoplasmic,pyrG,CTP synthase,,,Metabolism,Nucleotide metabolism,Pyrimidine metabolism,CTP synthase family,Pyrimidine metabolism; CTP biosynthesis via de novo pathway; CTP from UDP,3D-structure;ATP-binding;Glutamine amidotransferase;Ligase;Magnesium;Metal-binding;Nucleotide-binding;Pyrimidine biosynthesis;Reference proteome
g1756,885049,Rv1700,I6X235,CDS,Cytoplasmic,,ADP-ribose pyrophosphatase,genetic information processing,DNA repair and recombination proteins,,,,Nudix hydrolase family,,3D-structure;DNA damage;DNA repair;DNA replication;Hydrolase;Magnesium;Manganese;Metal-binding;Reference proteome
g1757,885055,Rv1701,P9WF33,CDS,Cytoplasmic,xerD,Tyrosine recombinase XerD,genetic information processing,Chromosome and associated proteins,,,,'phage' integrase family. XerD subfamily,,Cell cycle;Cell division;Chromosome partition;Cytoplasm;DNA integration;DNA recombination;DNA-binding;Reference proteome
g1758,885061,Rv1702c,P9WLT3,CDS,Cytoplasmic,,Uncharacterized protein Rv1702cMb1728c,,,,,,Rv1128c/1148c/1588c/1702c/1945/3466 family,,Reference proteome
g1759,885066,Rv1703c,L0TAD5,CDS,Cytoplasmic,,Probable O-methyltransferase Rv1703c,signaling and cellular processes,Cilium and associated proteins; Exosome,Metabolism,Amino acid metabolism,Tyrosine metabolism,class I-like SAM-binding methyltransferase superfamily. Cation-dependent O-methyltransferase family,,Direct protein sequencing;Metal-binding;Methyltransferase;Reference proteome;S-adenosyl-L-methionine;Transferase
g1760,888812,Rv1704c,O33203,CDS,Plasma Membrane,cycA,D-serine/alanine/glycine transporter protein CycA,signaling and cellular processes,Transporters,,,,amino acid-polyamine-organocation (APC) superfamily. Amino acid transporter (AAT) (TC 2.A.3.1) family,,Amino-acid transport;Cell membrane;Membrane;Reference proteome;Transmembrane;Transmembrane helix;Transport
g1761,885068,Rv1705c,P9WI19,CDS,Extracellular,PPE22,Uncharacterized PPE family protein PPE22,,,,,,mycobacterial PPE family,,Reference proteome
g1762,3205102,Rv1706A,Q79FL4,CDS,Plasma Membrane,,hypothetical protein,,,,,,,,Reference proteome
g1763,885070,Rv1706c,P9WI17,CDS,Extracellular,PPE23,Uncharacterized PPE family protein PPE23,,,,,,mycobacterial PPE family,,Reference proteome
g1764,,Rv1706c.1,E2FZM4,CDS,Extracellular,socA,Uncharacterized protein SocA,,,,,,,,Reference proteome;Signal
g1765,,Rv1706c.2,E2FZM5,CDS,Extracellular,socB,Uncharacterized protein SocB,,,,,,,,Reference proteome
g1766,885073,Rv1707,O33206,CDS,Plasma Membrane,,transmembrane protein,signaling and cellular processes,Transporters,,,,,,Membrane;Reference proteome;Transmembrane;Transmembrane helix
g1767,885082,Rv1708,P9WLT1,CDS,Cytoplasmic,,Uncharacterized protein Rv1708,genetic information processing; signaling and cellular processes,Chromosome and associated proteins; Cytoskeleton proteins,,,,ParA family,,ATP-binding;Nucleotide-binding;Reference proteome
g1768,885083,Rv1709,O33208,CDS,Cytoplasmic,scpA,Segregation and condensation protein A,genetic information processing,Chromosome and associated proteins,,,,,,Chromosome partition;Reference proteome
g1769,885116,Rv1710,I6XCB2,CDS,Cytoplasmic,scpB,segregation and condensation protein ScpB,genetic information processing,Chromosome and associated proteins,,,,,,Cell cycle;Cell division;Chromosome partition;Cytoplasm;Reference proteome
g1770,885122,Rv1711,P9WHQ1,CDS,Cytoplasmic,,Uncharacterized RNA pseudouridine synthase Rv1711,genetic information processing,Ribosome biogenesis,,,,pseudouridine synthase RsuA family,,Isomerase;Reference proteome;RNA-binding
g1771,885157,Rv1712,P9WPA9,CDS,Cytoplasmic,cmk,Cytidylate kinase,,,Metabolism,Nucleotide metabolism,Pyrimidine metabolism,cytidylate kinase family. Type 1 subfamily,,ATP-binding;Cytoplasm;Direct protein sequencing;Kinase;Nucleotide-binding;Reference proteome;Transferase
g1772,885086,Rv1713,P9WNL3,CDS,Cytoplasmic,der,GTPase Der,genetic information processing,Ribosome biogenesis,,,,TRAFAC class TrmE-Era-EngA-EngB-Septin-like GTPase superfamily. EngA (Der) GTPase family,,GTP-binding;Nucleotide-binding;Reference proteome;Repeat;Ribosome biogenesis
g1773,885159,Rv1714,P9WGQ3,CDS,Cytoplasmic,,Uncharacterized oxidoreductase Rv1714,,,,,,short-chain dehydrogenases/reductases (SDR) family,,Oxidoreductase;Reference proteome
g1774,885160,Rv1715,L7N688,CDS,Cytoplasmic,fadB3,3-hydroxybutyryl-CoA dehydrogenase FadB,,,Metabolism,Carbohydrate metabolism; Amino acid metabolism; Xenobiotics biodegradation and metabolism,Butanoate metabolism; Phenylalanine metabolism; Benzoate degradation,3-hydroxyacyl-CoA dehydrogenase family,Lipid metabolism; butanoate metabolism,Oxidoreductase;Reference proteome
g1775,885162,Rv1716,O53929,CDS,Cytoplasmic,,Cyclase,,,,,,,,Reference proteome
g1776,885166,Rv1717,O86372,CDS,Cytoplasmic,,Beta-D-galactosidase Rv1717,,,,,,,,Cell wall;Glycosidase;Hydrolase;Reference proteome;Secreted
g1777,885169,Rv1718,P71976,CDS,Cytoplasmic,,3-keto-5-aminohexanoate cleavage protein,,,Metabolism,Amino acid metabolism,Lysine degradation,,,Metal-binding;Reference proteome;Transferase;Zinc
g1778,885170,Rv1719,P71977,CDS,Cytoplasmic,,HTH-type transcriptional regulator Rv1719,,,,,,,,DNA-binding;Reference proteome;Transcription;Transcription regulation
g1779,885180,Rv1720c,P9WFA3,CDS,Cytoplasmic,vapC12,Ribonuclease VapC12,signaling and cellular processes,Prokaryotic defense system,,,,PINc/VapC protein family,,Hydrolase;Magnesium;Metal-binding;Nuclease;Reference proteome;Toxin-antitoxin system
g1780,885182,Rv1721c,P9WJ53,CDS,Cytoplasmic,vapB12,Putative antitoxin VapB12,signaling and cellular processes,Prokaryotic defense system,,,,,,3D-structure;Reference proteome;Toxin-antitoxin system
g1781,885183,Rv1722,P71980,CDS,Cytoplasmic,,carboxylase,,,,,,,,ATP-binding;Nucleotide-binding;Reference proteome
g1782,885185,Rv1723,P71981,CDS,Extracellular,,hydrolase,,,,,,,,Hydrolase;Reference proteome
g1783,885189,Rv1724c,P71982,CDS,Cytoplasmic,,hypothetical protein,,,,,,,,Reference proteome
g1784,885191,Rv1725c,P71983,CDS,Cytoplasmic,,HTH hxlR-type domain-containing protein,,,,,,,,DNA-binding;Reference proteome;Transcription;Transcription regulation
g1785,885192,Rv1726,P71984,CDS,Cytoplasmic,,oxidoreductase,,,,,,oxygen-dependent FAD-linked oxidoreductase family,,FAD;Flavoprotein;Oxidoreductase;Reference proteome
g1786,887422,Rv1727,P71985,CDS,Cytoplasmic,,Mycothiol-dependent maleylpyruvate isomerase metal-binding domain-containing protein,,,,,,,,Reference proteome
g1787,885193,Rv1728c,P71986,CDS,Extracellular,,ARB-07466-like C-terminal domain-containing protein,,,,,,,,Reference proteome
g1788,885194,Rv1729c,P9WFH9,CDS,Cytoplasmic,,Putative S-adenosyl-L-methionine-dependent methyltransferase Rv1729c,,,,,,UPF0677 family,,Methyltransferase;Reference proteome;S-adenosyl-L-methionine;Transferase
g1789,885202,Rv1730c,P71988,CDS,Plasma Membrane,,penicillin-binding protein,,,,,,,,Reference proteome
g1790,885204,Rv1731,P9WNX7,CDS,Plasma Membrane,gabD2,Putative succinate-semialdehyde dehydrogenase [NADP(+)] 2,,,Metabolism,Carbohydrate metabolism; Amino acid metabolism; Metabolism of cofactors and vitamins,"Butanoate metabolism; Alanine, aspartate and glutamate metabolism; Lysine degradation; Tyrosine metabolism; Nicotinate and nicotinamide metabolism",aldehyde dehydrogenase family,,NADP;Oxidoreductase;Reference proteome
g1791,885211,Rv1732c,P71990,CDS,Cytoplasmic,,hypothetical protein,,,,,,,,Reference proteome
g1792,885214,Rv1733c,P9WLS9,CDS,Plasma Membrane,,Probable membrane protein Rv1733c,,,,,,,,Cell membrane;Membrane;Reference proteome;Transmembrane;Transmembrane helix
g1793,885212,Rv1734c,P9WLS7,CDS,Cytoplasmic,,Uncharacterized protein Rv1734c,,,,,,2-oxoacid dehydrogenase family,,Reference proteome
g1794,19394674,Rv1735a,,CDS,,,hypothetical protein,,,,,,,,
g1795,885216,Rv1735c,P9WLS5,CDS,Plasma Membrane,,Uncharacterized membrane protein Rv1735c,,,,,,,,Cell membrane;Membrane;Reference proteome;Transmembrane;Transmembrane helix
g1796,885213,Rv1736c,P9WJQ1,CDS,Plasma Membrane,narX,Nitrate reductase-like protein NarX,signaling and cellular processes,Transporters,Metabolism; Environmental Information Processing,Energy metabolism; Signal transduction,Nitrogen metabolism; Two-component system,In the N-terminal section; belongs to the nitrate reductase alpha subunit family; In the central section; belongs to the NarJ/NarW family; In the C-terminal section; belongs to the nitrate reductase gamma subunit family,,4Fe-4S;Cell membrane;Electron transport;Heme;Iron;Iron-sulfur;Membrane;Metal-binding;Molybdenum;Nitrate assimilation;Oxidoreductase;Reference proteome;Transmembrane;Transmembrane helix;Transport
g1797,885231,Rv1737c,P9WJY7,CDS,Plasma Membrane,narK2,Probable nitrate/nitrite transporter NarK2,signaling and cellular processes,Transporters,Metabolism,Energy metabolism,Nitrogen metabolism,major facilitator superfamily. Nitrate/nitrite porter (TC 2.A.1.8) family,,Cell membrane;Membrane;Nitrate assimilation;Reference proteome;Transmembrane;Transmembrane helix;Transport
g1798,885215,Rv1738,P9WLS3,CDS,Cytoplasmic,,Uncharacterized protein Rv1738,,,,,,To M.tuberculosis Rv2632c,,3D-structure;Reference proteome
g1799,887208,Rv1739c,P9WGF7,CDS,Plasma Membrane,,Probable sulfate transporter Rv1739c,signaling and cellular processes,Transporters,,,,SLC26A/SulP transporter (TC 2.A.53) family,,Cell membrane;Membrane;Reference proteome;Sulfate transport;Transmembrane;Transmembrane helix;Transport
g1800,885226,Rv1740,P9WJ31,CDS,Cytoplasmic,vapB34,Putative antitoxin VapB34,signaling and cellular processes,Prokaryotic defense system,,,,,,Reference proteome;Toxin-antitoxin system
g1801,887165,Rv1741,P9WF71,CDS,Cytoplasmic,vapC34,Putative ribonuclease VapC34,signaling and cellular processes,Prokaryotic defense system,,,,PINc/VapC protein family,,Hydrolase;Magnesium;Metal-binding;Nuclease;Reference proteome;Toxin-antitoxin system
g1802,885234,Rv1742,O33271,CDS,Plasma Membrane,,hypothetical protein,,,,,,,,Reference proteome
g1803,885284,Rv1743,P9WI77,CDS,Plasma Membrane,pknE,Serine/threonine-protein kinase PknE,metabolism,Protein kinases,,,,protein kinase superfamily. Ser/Thr protein kinase family,,3D-structure;ATP-binding;Cell membrane;Kinase;Membrane;Nucleotide-binding;Phosphoprotein;Reference proteome;Serine/threonine-protein kinase;Stress response;Transferase;Transmembrane;Transmembrane helix;Virulence
g1804,885235,Rv1744c,O06787,CDS,Extracellular,,membrane protein,,,,,,,,Reference proteome
g1805,885309,Rv1745c,P9WKK5,CDS,Cytoplasmic,idi,Isopentenyl-diphosphate Delta-isomerase,,,Metabolism,Metabolism of terpenoids and polyketides,Terpenoid backbone biosynthesis,IPP isomerase type 1 family,Isoprenoid biosynthesis; dimethylallyl diphosphate biosynthesis; dimethylallyl diphosphate from isopentenyl diphosphate,Cytoplasm;Isomerase;Isoprene biosynthesis;Magnesium;Manganese;Metal-binding;Reference proteome
g1806,885275,Rv1746,P9WI75,CDS,Plasma Membrane,pknF,Serine/threonine-protein kinase PknF,metabolism,Protein kinases,,,,protein kinase superfamily. Ser/Thr protein kinase family,,3D-structure;ATP-binding;Cell membrane;Kinase;Membrane;Nucleotide-binding;Phosphoprotein;Reference proteome;Serine/threonine-protein kinase;Transferase;Transmembrane;Transmembrane helix
g1807,885311,Rv1747,O65934,CDS,Plasma Membrane,,ABC transporter ATP-binding/permease protein Rv1747,signaling and cellular processes,Transporters,,,,In the central section; belongs to the ABC transporter superfamily; In the C-terminal section; belongs to the ABC-2 integral membrane protein family,,3D-structure;ATP-binding;Cell membrane;Membrane;Nucleotide-binding;Phosphoprotein;Reference proteome;Repeat;Translocase;Transmembrane;Transmembrane helix;Transport
g1808,885288,Rv1748,P72005,CDS,Plasma Membrane,,hypothetical protein,,,,,,,,Membrane;Reference proteome;Transmembrane;Transmembrane helix
g1809,885322,Rv1749c,O65935,CDS,Plasma Membrane,,integral membrane protein,,,,,,,,Membrane;Reference proteome;Transmembrane;Transmembrane helix
g1810,885310,Rv1750c,P72007,CDS,Cytoplasmic,fadD1,Medium/long-chain-fatty-acid--CoA ligase FadD17,metabolism,Lipid biosynthesis proteins,,,,ATP-dependent AMP-binding enzyme family,Lipid metabolism; fatty acid biosynthesis,ATP-binding;Fatty acid metabolism;Ligase;Lipid metabolism;Nucleotide-binding;Reference proteome
g1811,885489,Rv1751,O65936,CDS,Plasma Membrane,,oxidoreductase,,,,,,,,Oxidoreductase;Reference proteome
g1812,885313,Rv1752,O06789,CDS,Cytoplasmic,,GFO/IDH/MocA-like oxidoreductase domain-containing protein,,,,,,,,Oxidoreductase;Reference proteome
g1813,885544,Rv1753c,P9WI15,CDS,Extracellular,PPE24,Uncharacterized PPE family protein PPE24,,,,,,mycobacterial PPE family,,Reference proteome
g1814,885467,Rv1754c,O06790,CDS,Extracellular,,hypothetical protein,,,,,,,,Membrane;Reference proteome;Transmembrane;Transmembrane helix
g1815,,Rv1755c,P9WIA9,CDS,Extracellular,plcD,Phospholipase C D,,,,,,bacterial phospholipase C family,,Cell wall;Hydrolase;Reference proteome;Secreted;Virulence
g1816,,Rv1756c,P9WKH9,CDS,Cytoplasmic,,Putative transposase for insertion sequence element IS986/IS6110,,,,,,,,DNA recombination;DNA-binding;Reference proteome;Transposable element;Transposition
g1817,,Rv1757c,P9WKH5,CDS,Cytoplasmic,,Insertion element IS6110 uncharacterized 12.0 kDa protein,,,,,,transposase 8 family,,Reference proteome;Transposable element
g1818,885552,Rv1758,O06793,CDS,Cytoplasmic,cut1,Probable carboxylesterase Culp5,,,,,,cutinase family,,Disulfide bond;Hydrolase;Reference proteome;Serine esterase
g1819,885325,Rv1759c,P9WIG5,CDS,Extracellular,wag22,WAG22 antigen,,,,,,mycobacterial PE family. PGRS subfamily,,Reference proteome;Repeat
g1820,885556,Rv1760,P9WKB9,CDS,Cytoplasmic,,Putative diacyglycerol O-acyltransferase Rv1760,,,Metabolism,Lipid metabolism,"Cutin, suberine and wax biosynthesis; Glycerolipid metabolism",long-chain O-acyltransferase family,Glycerolipid metabolism; triacylglycerol biosynthesis,Acyltransferase;Glycerol metabolism;Lipid biosynthesis;Lipid metabolism;Reference proteome;Transferase
g1821,885436,Rv1761c,O06796,CDS,Cytoplasmic,,hypothetical protein,,,,,,,,3D-structure;Membrane;Reference proteome;Transmembrane;Transmembrane helix
g1822,885373,Rv1762c,O06797,CDS,Cytoplasmic,,Encapsulin nanocompartment protein Rv1762c,,,,,,UPF0145 family,,Encapsulin nanocompartment;Reference proteome
g1823,,Rv1763,P9WKH5,CDS,Cytoplasmic,,Insertion element IS6110 uncharacterized 12.0 kDa protein,,,,,,transposase 8 family,,Reference proteome;Transposable element
g1824,,Rv1764,P9WKH9,CDS,Cytoplasmic,,Putative transposase for insertion sequence element IS986/IS6110,,,,,,,,DNA recombination;DNA-binding;Reference proteome;Transposable element;Transposition
g1825,,Rv1765A,Q79FL0,CDS,Cytoplasmic,,Putative transposase (fragment),,,,,,,,Reference proteome
g1826,885256,Rv1765c,O06798,CDS,Cytoplasmic,,HNH nuclease domain-containing protein,,,,,,Rv1128c/1148c/1588c/1702c/1945/3466 family,,Reference proteome
g1827,885427,Rv1766,O06799,CDS,Cytoplasmic,,hypothetical protein,,,,,,CsoR family,,Copper;DNA-binding;Reference proteome;Repressor;Transcription;Transcription regulation
g1828,885443,Rv1767,O06800,CDS,Extracellular,,hypothetical protein,,,,,,,,Reference proteome
g1829,885429,Rv1768,Q79FK9,CDS,Extracellular,PE_PGRS31,PE-PGRS family protein PE_PGRS31,,,,,,,,Reference proteome
g1830,885420,Rv1769,O06802,CDS,Cytoplasmic,,hypothetical protein,,,,,,,,Reference proteome
g1831,885415,Rv1770,O06803,CDS,Plasma Membrane,,hypothetical protein,,,,,,,,Reference proteome
g1832,885441,Rv1771,P9WIT3,CDS,Cytoplasmic,,"L-gulono-1,4-lactone dehydrogenase",,,,,,oxygen-dependent FAD-linked oxidoreductase family,Cofactor biosynthesis; L-ascorbate biosynthesis,Ascorbate biosynthesis;Oxidoreductase;Reference proteome
g1833,885920,Rv1772,O06805,CDS,Cytoplasmic,,ANTAR domain-containing protein,,,,,,,,Reference proteome
g1834,885342,Rv1773c,O06806,CDS,Cytoplasmic,,transcriptional regulator,,,,,,,,DNA-binding;Reference proteome;Transcription;Transcription regulation
g1835,885367,Rv1774,O33177,CDS,Cytoplasmic,,oxidoreductase,,,,,,oxygen-dependent FAD-linked oxidoreductase family,,FAD;Flavoprotein;Oxidoreductase;Reference proteome
g1836,885842,Rv1775,O33178,CDS,Cytoplasmic,,DAPG hydrolase PhiG domain-containing protein,,,,,,DAPG/phloretin hydrolase family,,Hydrolase;Metal-binding;Reference proteome;Zinc
g1837,885821,Rv1776c,O33179,CDS,Cytoplasmic,,transcriptional regulator,,,,,,,,DNA-binding;Reference proteome
g1838,885839,Rv1777,P9WPL1,CDS,Cytoplasmic,cyp144,Cytochrome P450 144,metabolism,Cytochrome P450,,,,cytochrome P450 family,,3D-structure;Heme;Iron;Metal-binding;Monooxygenase;Oxidoreductase;Reference proteome
g1839,885424,Rv1778c,O33181,CDS,Cytoplasmic,,hypothetical protein,,,,,,,,Reference proteome
g1840,885829,Rv1779c,O53930,CDS,Plasma Membrane,,integral membrane protein,,,,,,,,Coiled coil;Membrane;Reference proteome;Transmembrane;Transmembrane helix
g1841,885851,Rv1780,O53931,CDS,Cytoplasmic,,hypothetical protein,,,,,,,,Reference proteome
g1842,885854,Rv1781c,P9WK23,CDS,Cytoplasmic,malQ,4-alpha-glucanotransferase,,,Metabolism,Carbohydrate metabolism,Starch and sucrose metabolism,disproportionating enzyme family,,Carbohydrate metabolism;Cytoplasm;Glycosyltransferase;Reference proteome;Transferase
g1843,885347,Rv1782,P9WNQ9,CDS,Plasma Membrane,eccB5,ESX-5 secretion system ATPase EccB5,signaling and cellular processes,Secretion system,,,,EccB family,,3D-structure;ATP-binding;Cell inner membrane;Cell membrane;Disulfide bond;Hydrolase;Membrane;Nucleotide-binding;Reference proteome;Transmembrane;Transmembrane helix;Transport
g1844,885898,Rv1783,P9WNA5,CDS,Plasma Membrane,eccC5,ESX-5 secretion system protein EccC5,signaling and cellular processes,Secretion system,,,,,,3D-structure;ATP-binding;Cell inner membrane;Cell membrane;Membrane;Nucleotide-binding;Reference proteome;Repeat;Transmembrane;Transmembrane helix;Transport
g1845,885907,Rv1785c,P9WPL3,CDS,Cytoplasmic,cyp143,Cytochrome P450 143,,,,,,cytochrome P450 family,,3D-structure;Acetylation;Heme;Iron;Metal-binding;Monooxygenase;Oxidoreductase;Reference proteome
g1846,885846,Rv1786,O53937,CDS,Cytoplasmic,fdxE,Ferredoxin FdxE,,,,,,,,3D-structure;3Fe-4S;Electron transport;Iron;Iron-sulfur;Metal-binding;Reference proteome;Transport
g1847,885827,Rv1787,P9WI13,CDS,Extracellular,PPE25,Uncharacterized PPE family protein PPE25,,,,,,mycobacterial PPE family,,Reference proteome
g1848,885895,Rv1788,L7N649,CDS,Extracellular,PE18,PE family protein PE18,,,,,,,,Reference proteome
g1849,885333,Rv1789,Q79FK6,CDS,Extracellular,PPE26,PPE family protein PPE26,,,,,,mycobacterial PPE family,,Reference proteome;Virulence
g1850,885859,Rv1790,Q79FK5,CDS,Extracellular,PPE27,PPE family protein PPE27,,,,,,mycobacterial PPE family,,Reference proteome
g1851,885445,Rv1791,Q79FK4,CDS,Extracellular,PE19,PE family protein PE19,,,,,,,,Reference proteome
g1852,,Rv1792,,CDS,,esxM,ESAT-6 like protein EsxM,,,,,,,,
g1853,885448,Rv1793,P9WNJ3,CDS,Extracellular,esxN,ESAT-6-like protein EsxN,signaling and cellular processes,Secretion system,Human Diseases,Infectious disease: bacterial,Tuberculosis,WXG100 family. ESAT-6 subfamily,,Reference proteome;Secreted
g1854,885881,Rv1794,O53943,CDS,Cytoplasmic,espG5,ESX-5 secretion-associated protein EspG5,signaling and cellular processes,Secretion system,,,,EspG family,,3D-structure;Chaperone;Cytoplasm;Reference proteome
g1855,885628,Rv1795,P9WNP9,CDS,Plasma Membrane,eccD5,ESX-5 secretion system protein EccD5,signaling and cellular processes,Secretion system,,,,EccD/Snm4 family,,3D-structure;Cell inner membrane;Cell membrane;Membrane;Reference proteome;Transmembrane;Transmembrane helix;Transport
g1856,885879,Rv1796,O53945,CDS,Plasma Membrane,mycP5,Mycosin-5,metabolism; genetic information processing; signaling and cellular processes,Peptidases and inhibitors; Chaperones and folding catalysts; Secretion system,,,,peptidase S8 family,,3D-structure;Cell membrane;Hydrolase;Membrane;Protease;Reference proteome;Serine protease;Signal;Transmembrane;Transmembrane helix
g1857,885452,Rv1797,P9WJE3,CDS,Plasma Membrane,eccE5,ESX-5 secretion system protein EccE5,signaling and cellular processes,Secretion system,,,,EccE family,,Cell inner membrane;Cell membrane;Membrane;Reference proteome;Transmembrane;Transmembrane helix;Transport
g1858,885543,Rv1798,P9WPI1,CDS,Cytoplasmic,eccA5,ESX-5 secretion system protein EccA5,signaling and cellular processes,Secretion system,,,,CbxX/CfxQ family,,3D-structure;Acetylation;ATP-binding;Cytoplasm;Nucleotide-binding;Reference proteome
g1859,885901,Rv1799,O53948,CDS,Extracellular,lppT,lipoprotein LppT,,,,,,,,Lipoprotein;Reference proteome
g1860,885465,Rv1800,P9WI11,CDS,Extracellular,PPE28,Uncharacterized PPE family protein PPE28,,,,,,mycobacterial PPE family,,Reference proteome
g1861,885491,Rv1801,P9WI09,CDS,Extracellular,PPE29,Uncharacterized PPE family protein PPE29,,,,,,mycobacterial PPE family,,Reference proteome
g1862,885542,Rv1802,P9WI07,CDS,Extracellular,PPE30,Uncharacterized PPE family protein PPE30,,,,,,mycobacterial PPE family,,Reference proteome
g1863,885730,Rv1803c,Q79FJ9,CDS,Extracellular,PE_PGRS32,PE-PGRS family protein PE_PGRS32,,,,,,,,Reference proteome
g1864,885588,Rv1804c,O53953,CDS,Extracellular,,hypothetical protein,,,,,,,,Reference proteome;Signal
g1865,885470,Rv1805c,O53954,CDS,Extracellular,,hypothetical protein,,,,,,,,Reference proteome
g1866,885537,Rv1806,L7N656,CDS,Extracellular,PE20,PE family protein PE20,,,,,,,,Reference proteome
g1867,,Rv1807,L0T7Y7,CDS,Extracellular,PPE31,PPE family protein PPE31,,,,,,mycobacterial PPE family,,Reference proteome
g1868,885590,Rv1808,P9WI05,CDS,Extracellular,PPE32,PPE family protein PPE32,,,,,,mycobacterial PPE family,,Cell wall;Direct protein sequencing;Reference proteome;Secreted;Virulence
g1869,885555,Rv1809,P9WI03,CDS,Extracellular,PPE33,Uncharacterized PPE family protein PPE33,,,,,,mycobacterial PPE family,,Reference proteome
g1870,885591,Rv1810,O07222,CDS,Extracellular,,hypothetical protein,,,,,,,,Reference proteome;Signal
g1871,885439,Rv1811,I6YBN6,CDS,Plasma Membrane,mgtC,Mg2+ transport P-type ATPase MgtC,signaling and cellular processes,Transporters,,,,MgtC/SapB family,,Cell membrane;Membrane;Reference proteome;Transmembrane;Transmembrane helix
g1872,885487,Rv1812c,P9WJJ1,CDS,Cytoplasmic,,NADH dehydrogenase-like protein Rv1812c,,,Metabolism,Energy metabolism,Oxidative phosphorylation,NADH dehydrogenase family,,FAD;Flavoprotein;Oxidoreductase;Reference proteome
g1873,885546,Rv1813c,P9WLS1,CDS,Extracellular,,Uncharacterized protein Rv1813c,,,,,,To M.tuberculosis Rv1269c,,3D-structure;Reference proteome;Signal
g1874,885880,Rv1814,P9WNZ9,CDS,Plasma Membrane,erg3,C-5 sterol desaturase,,,,,,sterol desaturase family,,Cell membrane;Lipid biosynthesis;Lipid metabolism;Membrane;Oxidoreductase;Reference proteome;Steroid biosynthesis;Steroid metabolism;Sterol biosynthesis;Sterol metabolism;Transmembrane;Transmembrane helix
g1875,885430,Rv1815,P9WLR9,CDS,Extracellular,,Uncharacterized protein Rv1815,,,,,,,,Reference proteome;Signal
g1876,885340,Rv1816,P9WMC9,CDS,Cytoplasmic,,HTH-type transcriptional regulator Rv1816,,,,,,,,3D-structure;Cytoplasm;DNA-binding;Reference proteome;Transcription;Transcription regulation
g1877,885548,Rv1817,Q50616,CDS,Cytoplasmic,,flavoprotein,,,,,,,,FAD;Flavoprotein;Oxidoreductase;Reference proteome
g1878,885551,Rv1818c,P9WIF5,CDS,Extracellular,PE_PGRS33,PE-PGRS family protein PE_PGRS33,,,,,,mycobacterial PE family. PGRS subfamily,,Calcium;Cell outer membrane;Cell wall;Membrane;Reference proteome;Secreted;Virulence
g1879,885539,Rv1819c,P9WQI9,CDS,Plasma Membrane,bacA,Hydrophilic compounds import ATP-binding/permease protein BacA,signaling and cellular processes,Transporters,Environmental Information Processing,Membrane transport,ABC transporters,ABC transporter superfamily,,3D-structure;ATP-binding;Cell membrane;Membrane;Nucleotide-binding;Reference proteome;Translocase;Transmembrane;Transmembrane helix;Transport
g1880,885738,Rv1820,P9WG39,CDS,Cytoplasmic,ilvG,Acetolactate synthase large subunit IlvG,,,,,,TPP enzyme family,Amino-acid biosynthesis; L-isoleucine biosynthesis; L-isoleucine from 2-oxobutanoate; Amino-acid biosynthesis; L-valine biosynthesis; L-valine from pyruvate,Acetylation;Amino-acid biosynthesis;Branched-chain amino acid biosynthesis;FAD;Flavoprotein;Magnesium;Metal-binding;Reference proteome;Thiamine pyrophosphate;Transferase
g1881,885594,Rv1821,P9WGP3,CDS,Cytoplasmic,secA2,Protein translocase subunit SecA 2,signaling and cellular processes,Secretion system,Genetic Information Processing; Environmental Information Processing; Cellular Processes,"Folding, sorting and degradation; Membrane transport; Cellular community - prokaryotes",Protein export; Bacterial secretion system; Quorum sensing,SecA family,,3D-structure;ATP-binding;Cell membrane;Cytoplasm;Membrane;Nucleotide-binding;Protein transport;Reference proteome;Translocase;Translocation;Transport
g1882,885126,Rv1822,P9WPG5,CDS,Plasma Membrane,pgsA2,Putative cardiolipin synthase,,,Metabolism,Lipid metabolism,Glycerophospholipid metabolism,CDP-alcohol phosphatidyltransferase class-I family,Lipid metabolism; phospholipid metabolism,Cell membrane;Lipid biosynthesis;Lipid metabolism;Membrane;Phospholipid biosynthesis;Phospholipid metabolism;Reference proteome;Transferase;Transmembrane;Transmembrane helix
g1883,885547,Rv1823,P9WFG1,CDS,Plasma Membrane,,UPF0749 protein Rv1823,,,,,,UPF0749 family,,Cell membrane;Membrane;Reference proteome;Signal;Transmembrane;Transmembrane helix
g1884,885719,Rv1824,P9WLR7,CDS,Plasma Membrane,,Uncharacterized protein Rv1824,,,,,,sbp family,,Cell membrane;Membrane;Reference proteome;Transmembrane;Transmembrane helix
g1885,885726,Rv1825,P9WFG3,CDS,Plasma Membrane,,UPF0749 protein Rv1825,,,,,,UPF0749 family,,3D-structure;Cell membrane;Membrane;Reference proteome;Signal;Transmembrane;Transmembrane helix
g1886,885720,Rv1826,P9WN55,CDS,Cytoplasmic,gcvH,Glycine cleavage system H protein,,,Metabolism,Carbohydrate metabolism; Amino acid metabolism; Metabolism of cofactors and vitamins,"Glyoxylate and dicarboxylate metabolism; Glycine, serine and threonine metabolism; Lipoic acid metabolism; One carbon pool by folate",GcvH family,,3D-structure;Acetylation;Lipoyl;Reference proteome
g1887,885735,Rv1827,P9WJA9,CDS,Cytoplasmic,garA,Glycogen accumulation regulator GarA,,,,,,,,3D-structure;Acetylation;Direct protein sequencing;Phosphoprotein;Reference proteome
g1888,885336,Rv1828,P9WME7,CDS,Cytoplasmic,,Uncharacterized HTH-type transcriptional regulator Rv1828,,,,,,,,3D-structure;DNA-binding;Reference proteome;Transcription;Transcription regulation
g1889,885743,Rv1829,P9WLR5,CDS,Cytoplasmic,,Uncharacterized protein Rv1829,,,,,,,,Reference proteome
g1890,885740,Rv1830,P9WME5,CDS,Cytoplasmic,,Uncharacterized HTH-type transcriptional regulator Rv1830,,,,,,,,DNA-binding;Reference proteome;Transcription;Transcription regulation
g1891,885718,Rv1831,P9WLR3,CDS,Extracellular,,Uncharacterized protein Rv1831,,,,,,,,Reference proteome
g1892,885716,Rv1832,P9WN53,CDS,Cytoplasmic,gcvP,Probable glycine dehydrogenase (decarboxylating),,,Metabolism,Carbohydrate metabolism; Amino acid metabolism; Metabolism of cofactors and vitamins,"Glyoxylate and dicarboxylate metabolism; Glycine, serine and threonine metabolism; Lipoic acid metabolism; One carbon pool by folate",GcvP family,,Oxidoreductase;Pyridoxal phosphate;Reference proteome
g1893,885737,Rv1833c,P9WMS1,CDS,Cytoplasmic,dhmA2,Haloalkane dehalogenase 2,,,Metabolism,Xenobiotics biodegradation and metabolism,Chloroalkane and chloroalkene degradation; Chlorocyclohexane and chlorobenzene degradation,haloalkane dehalogenase family. Type 1 subfamily,,Hydrolase;Reference proteome
g1894,888761,Rv1834,P9WLR1,CDS,Cytoplasmic,lipZ,Putative hydrolase LipZ,,,,,,AB hydrolase superfamily,,Hydrolase;Reference proteome
g1895,885877,Rv1835c,P9WIQ9,CDS,Cytoplasmic,,Putative serine esterase Rv1835c,,,,,,CocE/NonD hydrolase family,,Hydrolase;Reference proteome;Serine esterase
g1896,885707,Rv1836c,P9WLQ9,CDS,Plasma Membrane,,Uncharacterized protein Rv1836c,,,,,,,,Cell membrane;Membrane;Reference proteome;Transmembrane;Transmembrane helix
g1897,885713,Rv1837c,P9WK17,CDS,Cytoplasmic,glcB,Malate synthase G,,,Metabolism,Carbohydrate metabolism,Pyruvate metabolism; Glyoxylate and dicarboxylate metabolism,malate synthase family. GlcB subfamily,Carbohydrate metabolism; glyoxylate cycle; (S)-malate from isocitrate,3D-structure;Cytoplasm;Glyoxylate bypass;Magnesium;Metal-binding;Oxidation;Reference proteome;Transferase;Tricarboxylic acid cycle
g1898,885744,Rv1838c,P9WFA1,CDS,Cytoplasmic,vapC13,Ribonuclease VapC13,signaling and cellular processes,Prokaryotic defense system,,,,PINc/VapC protein family,,Hydrolase;Magnesium;Metal-binding;Nuclease;Reference proteome;Secreted;Toxin-antitoxin system
g1899,885750,Rv1839c,P9WJ51,CDS,Cytoplasmic,vapB13,Putative antitoxin VapB13,signaling and cellular processes,Prokaryotic defense system,,,,,,Reference proteome;Toxin-antitoxin system
g1900,885753,Rv1840c,P9WIF3,CDS,Extracellular,PE_PGRS34,Uncharacterized PE-PGRS family protein PE_PGRS34,,,,,,mycobacterial PE family. PGRS subfamily,,Cell membrane;Membrane;Reference proteome;Transmembrane;Transmembrane helix
g1901,885656,Rv1841c,P9WLQ7,CDS,Plasma Membrane,,Uncharacterized protein Rv1841c,signaling and cellular processes,Transporters; Bacterial toxins,,,,TerC family,,Cell membrane;Membrane;Reference proteome;Repeat;Transmembrane;Transmembrane helix
g1902,885739,Rv1842c,P9WFP3,CDS,Plasma Membrane,,UPF0053 protein Rv1842c,signaling and cellular processes,Transporters; Bacterial toxins,,,,UPF0053 family,,CBS domain;Cell membrane;Membrane;Reference proteome;Repeat;Transmembrane;Transmembrane helix
g1903,885714,Rv1843c,P9WKI3,CDS,Cytoplasmic,guaB1,GMP reductase,,,Metabolism,Nucleotide metabolism,Purine metabolism,IMPDH/GMPR family. GuaB1 subfamily,Purine metabolism; IMP biosynthesis via salvage pathway,CBS domain;NADP;Oxidoreductase;Purine salvage;Reference proteome;Repeat
g1904,885755,Rv1844c,Q79FJ2,CDS,Cytoplasmic,gnd1,"6-phosphogluconate dehydrogenase, decarboxylating",,,Metabolism,Carbohydrate metabolism; Metabolism of other amino acids,Pentose phosphate pathway; Glutathione metabolism,6-phosphogluconate dehydrogenase family,Carbohydrate degradation; pentose phosphate pathway; D-ribulose 5-phosphate from D-glucose 6-phosphate (oxidative stage),Gluconate utilization;NADP;Oxidoreductase;Pentose shunt;Reference proteome
g1905,885370,Rv1845c,P95164,CDS,Plasma Membrane,blaR,sensor-transducer protein BlaR,metabolism; signaling and cellular processes,Peptidases and inhibitors; Antimicrobial resistance genes,Human Diseases,Drug resistance: antimicrobial,beta-Lactam resistance,peptidase M48 family,,Hydrolase;Membrane;Metal-binding;Metalloprotease;Protease;Reference proteome;Transmembrane;Transmembrane helix;Zinc
g1906,885747,Rv1846c,P9WMJ5,CDS,Cytoplasmic,blaI,Transcriptional regulator BlaI,genetic information processing; signaling and cellular processes,Transcription factors; Antimicrobial resistance genes,Human Diseases,Drug resistance: antimicrobial,beta-Lactam resistance,BlaI transcriptional regulatory family,,3D-structure;Antibiotic resistance;Cytoplasm;DNA-binding;Reference proteome;Repressor;Transcription;Transcription regulation
g1907,885734,Rv1847,P9WIM3,CDS,Cytoplasmic,,Putative esterase Rv1847,,,Metabolism,Metabolism of cofactors and vitamins,Ubiquinone and other terpenoid-quinone biosynthesis,thioesterase PaaI family,,3D-structure;Hydrolase;Reference proteome
g1908,885414,Rv1848,P9WFE7,CDS,Cytoplasmic,ureA,Urease subunit gamma,,,Metabolism,Nucleotide metabolism; Amino acid metabolism; Xenobiotics biodegradation and metabolism,Purine metabolism; Arginine biosynthesis; Atrazine degradation,urease gamma subunit family,Nitrogen metabolism; urea degradation; CO(2) and NH(3) from urea (urease route),3D-structure;Cytoplasm;Direct protein sequencing;Hydrolase;Reference proteome
g1909,885710,Rv1849,P9WFE9,CDS,Cytoplasmic,ureB,Urease subunit beta,,,Metabolism,Nucleotide metabolism; Amino acid metabolism; Xenobiotics biodegradation and metabolism,Purine metabolism; Arginine biosynthesis; Atrazine degradation,urease beta subunit family,Nitrogen metabolism; urea degradation; CO(2) and NH(3) from urea (urease route),Cytoplasm;Direct protein sequencing;Hydrolase;Reference proteome
g1910,885359,Rv1850,P9WFF1,CDS,Cytoplasmic,ureC,Urease subunit alpha,,,Metabolism,Nucleotide metabolism; Amino acid metabolism; Xenobiotics biodegradation and metabolism,Purine metabolism; Arginine biosynthesis; Atrazine degradation,metallo-dependent hydrolases superfamily. Urease alpha subunit family,Nitrogen metabolism; urea degradation; CO(2) and NH(3) from urea (urease route),Cytoplasm;Direct protein sequencing;Hydrolase;Metal-binding;Nickel;Reference proteome
g1911,885532,Rv1851,P9WFE5,CDS,Cytoplasmic,ureF,Urease accessory protein UreF,,,,,,UreF family,,Chaperone;Cytoplasm;Nickel insertion;Reference proteome
g1912,885729,Rv1852,P9WFE3,CDS,Cytoplasmic,ureG,Urease accessory protein UreG,,,,,,SIMIBI class G3E GTPase family. UreG subfamily,,Chaperone;Cytoplasm;Direct protein sequencing;Disulfide bond;GTP-binding;Nickel insertion;Nucleotide-binding;Reference proteome
g1913,885705,Rv1853,P95161,CDS,Cytoplasmic,ureD,urease accessory protein UreD,,,,,,,,Chaperone;Reference proteome
g1914,885746,Rv1854c,P95160,CDS,Plasma Membrane,ndh,Type II NADH:quinone oxidoreductase Ndh,,,Metabolism,Energy metabolism,Oxidative phosphorylation,NADH dehydrogenase family,,3D-structure;Cell inner membrane;Cell membrane;FAD;Flavoprotein;Membrane;NAD;Oxidoreductase;Reference proteome;Transmembrane;Transmembrane helix
g1915,885736,Rv1855c,P95159,CDS,Cytoplasmic,,oxidoreductase,,,,,,,,Flavoprotein;FMN;Monooxygenase;Oxidoreductase;Reference proteome
g1916,885708,Rv1856c,P9WGQ1,CDS,Cytoplasmic,,Putative oxidoreductase Rv1856c,,,,,,short-chain dehydrogenases/reductases (SDR) family,,Oxidoreductase;Reference proteome
g1917,885655,Rv1857,P9WGU3,CDS,Plasma Membrane,modA,Molybdate-binding protein ModA,signaling and cellular processes,Transporters,Environmental Information Processing,Membrane transport,ABC transporters,bacterial solute-binding protein ModA family,,Cell membrane;Lipoprotein;Membrane;Metal-binding;Molybdenum;Palmitate;Reference proteome;Signal;Transport;Tungsten
g1918,885723,Rv1858,P9WG13,CDS,Plasma Membrane,modB,Molybdenum transport system permease protein ModB,signaling and cellular processes,Transporters,Environmental Information Processing,Membrane transport,ABC transporters,binding-protein-dependent transport system permease family. CysTW subfamily,,Cell membrane;Membrane;Molybdenum;Reference proteome;Transmembrane;Transmembrane helix;Transport
g1919,885731,Rv1859,P9WQL3,CDS,Plasma Membrane,modC,Molybdenum import ATP-binding protein ModC,signaling and cellular processes,Transporters,Environmental Information Processing,Membrane transport,ABC transporters,ABC transporter superfamily. Molybdate importer (TC 3.A.1.8) family,,ATP-binding;Cell membrane;Membrane;Molybdenum;Nucleotide-binding;Reference proteome;Translocase;Transport
g1920,885896,Rv1860,P9WIR7,CDS,Extracellular,apa,Alanine and proline-rich secreted protein Apa,,,,,,Apa family,,3D-structure;Direct protein sequencing;Glycoprotein;Reference proteome;Repeat;Secreted;Signal
g1921,885741,Rv1861,P95154,CDS,Plasma Membrane,,transmembrane protein,,,,,,UPF0410 family,,Cell membrane;Membrane;Reference proteome;Transmembrane;Transmembrane helix
g1922,885652,Rv1862,P9WQC1,CDS,Cytoplasmic,adhA,Probable alcohol dehydrogenase AdhA,,,Metabolism,Carbohydrate metabolism; Lipid metabolism; Amino acid metabolism; Xenobiotics biodegradation and metabolism,Glycolysis / Gluconeogenesis; Pyruvate metabolism; Fatty acid degradation; Tyrosine metabolism; Chloroalkane and chloroalkene degradation; Naphthalene degradation,zinc-containing alcohol dehydrogenase family,,Acetylation;Metal-binding;NAD;Oxidoreductase;Reference proteome;Zinc
g1923,885722,Rv1863c,P95152,CDS,Plasma Membrane,,integral membrane protein,metabolism,Peptidases and inhibitors,,,,,,Membrane;Reference proteome;Transmembrane;Transmembrane helix
g1924,885800,Rv1864c,P95151,CDS,Cytoplasmic,,hypothetical protein,,,,,,,,Reference proteome
g1925,885806,Rv1865c,P95150,CDS,Cytoplasmic,,short-chain type dehydrogenase,,,,,,short-chain dehydrogenases/reductases (SDR) family,,Oxidoreductase;Reference proteome
g1926,885733,Rv1866,P95149,CDS,Cytoplasmic,,Probable CoA-transferase Rv1866,,,,,,CoA-transferase III family,,Direct protein sequencing;Reference proteome;Transferase
g1927,885704,Rv1867,P95148,CDS,Cytoplasmic,,hypothetical protein,signaling and cellular processes,Exosome,Metabolism; Environmental Information Processing,Carbohydrate metabolism; Energy metabolism; Lipid metabolism; Amino acid metabolism; Metabolism of terpenoids and polyketides; Xenobiotics biodegradation and metabolism; Signal transduction,"Pyruvate metabolism; Glyoxylate and dicarboxylate metabolism; Butanoate metabolism; Other carbon fixation pathways; Fatty acid degradation; Valine, leucine and isoleucine degradation; Lysine degradation; Tryptophan metabolism; Terpenoid backbone biosynthesis; Benzoate degradation; Two-component system",thiolase-like superfamily. Thiolase family,,Acyltransferase;Reference proteome;Transferase
g1928,885757,Rv1868,P95147,CDS,Cytoplasmic,,hypothetical protein,,,,,,,,Reference proteome
g1929,885796,Rv1869c,P95146,CDS,Cytoplasmic,,reductase,,,Metabolism,Lipid metabolism; Amino acid metabolism; Xenobiotics biodegradation and metabolism,Fatty acid degradation; Phenylalanine metabolism; Benzoate degradation,,,FAD;Flavoprotein;NAD;Oxidoreductase;Reference proteome
g1930,885797,Rv1870c,P95145,CDS,Cytoplasmic,,Endonuclease,,,,,,,,Reference proteome
g1931,885804,Rv1871c,P95144,CDS,Plasma Membrane,,hypothetical protein,,,,,,,,Reference proteome
g1932,885754,Rv1872c,P9WND5,CDS,Plasma Membrane,lldD,Putative L-lactate dehydrogenase,,,Metabolism,Carbohydrate metabolism,Pyruvate metabolism,FMN-dependent alpha-hydroxy acid dehydrogenase family,,Flavoprotein;FMN;Oxidoreductase;Reference proteome
g1933,885789,Rv1873,O07756,CDS,Cytoplasmic,,Calpastatin,,,,,,,,3D-structure;Reference proteome
g1934,885748,Rv1874,O07755,CDS,Cytoplasmic,,hypothetical protein,,,,,,,,Reference proteome
g1935,885793,Rv1875,O07754,CDS,Cytoplasmic,,hypothetical protein,,,,,,,,Oxidoreductase;Reference proteome
g1936,885767,Rv1876,P9WPQ9,CDS,Cytoplasmic,bfr,Bacterioferritin BfrA,,,Metabolism,Metabolism of cofactors and vitamins,Porphyrin metabolism,ferritin-like superfamily. Bacterioferritin family,,3D-structure;Cytoplasm;Heme;Iron;Iron storage;Metal-binding;Oxidoreductase;Reference proteome;Virulence
g1937,885654,Rv1877,P9WG85,CDS,Plasma Membrane,,Uncharacterized MFS-type transporter Rv1877,,,,,,major facilitator superfamily. TCR/Tet family,,Cell membrane;Membrane;Reference proteome;Transmembrane;Transmembrane helix;Transport
g1938,885761,Rv1878,O07752,CDS,Cytoplasmic,glnA3,glutamine synthetase GlnA,signaling and cellular processes,Exosome,Metabolism; Environmental Information Processing,Carbohydrate metabolism; Energy metabolism; Amino acid metabolism; Signal transduction,"Glyoxylate and dicarboxylate metabolism; Nitrogen metabolism; Alanine, aspartate and glutamate metabolism; Arginine biosynthesis; Two-component system",glutamine synthetase family,,Ligase;Reference proteome
g1939,885650,Rv1879,O07751,CDS,Cytoplasmic,,Amidohydrolase-related domain-containing protein,,,,,,,,Reference proteome
g1940,885758,Rv1880c,P9WPL9,CDS,Cytoplasmic,cyp140,Putative cytochrome P450 140,,,,,,cytochrome P450 family,,Heme;Iron;Metal-binding;Monooxygenase;Oxidoreductase;Reference proteome
g1941,885762,Rv1881c,O07750,CDS,Extracellular,lppE,Probable lipoprotein LppE,,,,,,mycobacterial 19 kDa antigen family,,Cell membrane;Lipoprotein;Membrane;Palmitate;Reference proteome;Signal
g1942,885782,Rv1882c,O07749,CDS,Plasma Membrane,,short-chain type dehydrogenase/reductase,,,,,,short-chain dehydrogenases/reductases (SDR) family,,Oxidoreductase;Reference proteome
g1943,885484,Rv1883c,O07748,CDS,Plasma Membrane,,Coenzyme Q-binding protein COQ10 START domain-containing protein,,,,,,,,Reference proteome
g1944,885759,Rv1884c,O07747,CDS,Extracellular,rpfC,Resuscitation-promoting factor RpfC,,,,,,transglycosylase family. Rpf subfamily,,3D-structure;Hydrolase;Reference proteome;Signal;Virulence
g1945,885772,Rv1885c,P9WIB9,CDS,Extracellular,,Secreted chorismate mutase,,,Metabolism,Amino acid metabolism,"Phenylalanine, tyrosine and tryptophan biosynthesis",,Metabolic intermediate biosynthesis; prephenate biosynthesis; prephenate from chorismate,3D-structure;Disulfide bond;Isomerase;Reference proteome;Secreted;Signal
g1946,885785,Rv1886c,P9WQP1,CDS,Extracellular,fbpB,Diacylglycerol acyltransferase/mycolyltransferase Ag85B,,,Metabolism,Lipid metabolism; Glycan biosynthesis and metabolism,Mycolic acid biosynthesis; Glycerolipid metabolism; Arabinogalactan biosynthesis - Mycobacterium,mycobacterial A85 antigen family,,3D-structure;Acyltransferase;Direct protein sequencing;Disulfide bond;Reference proteome;Secreted;Signal;Transferase
g1947,885247,Rv1887,O07745,CDS,Plasma Membrane,,DUF7159 domain-containing protein,,,,,,,,Reference proteome
g1948,,Rv1888A,Q79FJ0,CDS,Cytoplasmic,,S-adenosyl-L-methionine-dependent methyltransferase,,,,,,,,Methyltransferase;Reference proteome;Transferase
g1949,,Rv1888c,O07744,CDS,Plasma Membrane,,Possible transmembrane protein,,,,,,,,Membrane;Reference proteome;Transmembrane;Transmembrane helix
g1950,,Rv1889c,O07743,CDS,Cytoplasmic,,S-adenosyl-L-methionine-dependent methyltransferase (Part1),,,,,,,,Methyltransferase;Reference proteome;Transferase
g1951,885786,Rv1890c,O07742,CDS,Cytoplasmic,,Lipid/polyisoprenoid-binding YceI-like domain-containing protein,,,,,,UPF0312 family,,Reference proteome
g1952,885094,Rv1891,O07741,CDS,Extracellular,,hypothetical protein,,,,,,,,Reference proteome
g1953,885090,Rv1892,O07740,CDS,Plasma Membrane,,membrane protein,,,,,,,,Membrane;Reference proteome;Transmembrane;Transmembrane helix
g1954,885269,Rv1893,O07739,CDS,Extracellular,,hypothetical protein,,,,,,,,Reference proteome
g1955,885081,Rv1894c,O07738,CDS,Cytoplasmic,,hypothetical protein,,,,,,,,Flavoprotein;FMN;Oxidoreductase;Reference proteome
g1956,885148,Rv1895,O07737,CDS,Cytoplasmic,,Probable zinc-binding alcohol dehydrogenase Rv1895,,,,,,zinc-containing alcohol dehydrogenase family,,Metal-binding;NAD;Oxidoreductase;Reference proteome;Zinc
g1957,885915,Rv1896c,P9WFH7,CDS,Cytoplasmic,,Putative S-adenosyl-L-methionine-dependent methyltransferase Rv1896c,,,,,,UPF0677 family,,Methyltransferase;Reference proteome;S-adenosyl-L-methionine;Transferase
g1958,885893,Rv1897c,P9WNS9,CDS,Cytoplasmic,dtd,D-aminoacyl-tRNA deacylase,genetic information processing,Transfer RNA biogenesis,,,,DTD family,,Cytoplasm;Hydrolase;Reference proteome;RNA-binding;tRNA-binding
g1959,885089,Rv1898,P9WFQ1,CDS,Cytoplasmic,,UPF0045 thiamine-binding protein family member Rv1898,,,,,,UPF0045 thiamine-binding protein family,,Reference proteome
g1960,885138,Rv1899c,P9WK29,CDS,Extracellular,lppD,Uncharacterized protein Rv1899c,,,,,,,,Reference proteome
g1961,885151,Rv1900c,O07732,CDS,Cytoplasmic,lipJ,Bifunctional lipase/adenylate cyclase LipJ,,,,,,In the N-terminal section; belongs to the AB hydrolase superfamily; In the C-terminal section; belongs to the adenylyl cyclase class-4/guanylyl cyclase family,,3D-structure;Hydrolase;Lipid metabolism;Lyase;Manganese;Metal-binding;Multifunctional enzyme;Reference proteome
g1962,885149,Rv1901,P9WPE3,CDS,Cytoplasmic,cinA,CinA-like protein,,,,,,CinA family,,Reference proteome
g1963,885057,Rv1902c,O07730,CDS,Plasma Membrane,nanT,sialic acid-transport integral membrane protein NanT,signaling and cellular processes,Transporters,,,,,,Membrane;Reference proteome;Transmembrane;Transmembrane helix;Transport
g1964,885643,Rv1903,O07729,CDS,Plasma Membrane,,membrane protein,,,,,,,,Membrane;Reference proteome;Transmembrane;Transmembrane helix
g1965,885281,Rv1904,O07728,CDS,Cytoplasmic,,Anti-sigma factor antagonist,,,,,,anti-sigma-factor antagonist family,,Reference proteome
g1966,885504,Rv1905c,P9WP27,CDS,Cytoplasmic,dao,D-amino-acid oxidase,,,Metabolism; Cellular Processes,Amino acid metabolism; Metabolism of other amino acids; Biosynthesis of other secondary metabolites; Transport and catabolism,"Glycine, serine and threonine metabolism; Arginine and proline metabolism; D-Amino acid metabolism; Penicillin and cephalosporin biosynthesis; Peroxisome",DAMOX/DASOX family,,Cell wall;Cytoplasm;FAD;Flavoprotein;Oxidoreductase;Reference proteome;Secreted
g1967,885514,Rv1906c,O07726,CDS,Extracellular,,hypothetical protein,,,,,,,,Reference proteome;Signal
g1968,885402,Rv1907c,L0TAY1,CDS,Cytoplasmic,,DUF4262 domain-containing protein,,,,,,,,Reference proteome
g1969,885638,Rv1908c,P9WIE5,CDS,Cytoplasmic,katG,Catalase-peroxidase,,,Metabolism,Amino acid metabolism; Xenobiotics biodegradation and metabolism,Phenylalanine metabolism; Tryptophan metabolism; Drug metabolism - other enzymes,peroxidase family. Peroxidase/catalase subfamily,,3D-structure;Antibiotic resistance;Heme;Hydrogen peroxide;Iron;Metal-binding;Organic radical;Oxidoreductase;Peroxidase;Reference proteome;Virulence
g1970,885400,Rv1909c,P9WN87,CDS,Cytoplasmic,furA,Transcriptional regulator FurA,genetic information processing,Transcription factors,,,,Fur family,,Cytoplasm;DNA-binding;Iron;Metal-binding;Reference proteome;Repressor;Transcription;Transcription regulation;Zinc
g1971,885897,Rv1910c,P9WFN5,CDS,Plasma Membrane,,UPF0098 protein Rv1910c,,,,,,UPF0098 family,,Reference proteome
g1972,885646,Rv1911c,P9WFN3,CDS,Plasma Membrane,lppC,Putative lipoprotein LppC,,,,,,UPF0098 family,,Cell membrane;Lipoprotein;Membrane;Palmitate;Reference proteome;Signal
g1973,885245,Rv1912c,O07721,CDS,Plasma Membrane,fadB5,oxidoreductase FadB,,,,,,,,Oxidoreductase;Reference proteome
g1974,885640,Rv1913,O07720,CDS,Cytoplasmic,,Metallo-beta-lactamase domain-containing protein,,,,,,,,Reference proteome
g1975,885875,Rv1914c,O07719,CDS,Plasma Membrane,,hypothetical protein,,,,,,,,Reference proteome
g1976,885639,Rv1915,O07718,CDS,Cytoplasmic,aceAa,Putative isocitrate lyase subunit A,,,Metabolism,Carbohydrate metabolism,Glyoxylate and dicarboxylate metabolism; Propanoate metabolism,isocitrate lyase/PEP mutase superfamily. Isocitrate lyase family,,Lyase;Reference proteome
g1977,885383,Rv1916,O07717,CDS,Cytoplasmic,aceAb,Putative isocitrate lyase subunit B,,,Metabolism,Carbohydrate metabolism,Glyoxylate and dicarboxylate metabolism; Propanoate metabolism,isocitrate lyase/PEP mutase superfamily. Isocitrate lyase family,,3D-structure;Lyase;Reference proteome
g1978,885362,Rv1917c,Q79FI9,CDS,Plasma Membrane,PPE34,PPE family protein PPE34,,,,,,mycobacterial PPE family,,Cell membrane;Cell wall;Membrane;Reference proteome;Secreted;Virulence
g1979,885506,Rv1918c,Q79FI8,CDS,Extracellular,PPE35,PPE family protein PPE35,,,,,,mycobacterial PPE family,,Reference proteome
g1980,885876,Rv1919c,O53961,CDS,Plasma Membrane,,hypothetical protein,,,,,,,,Reference proteome
g1981,885416,Rv1920,O53962,CDS,Plasma Membrane,,membrane protein,,,,,,,,Reference proteome
g1982,885917,Rv1921c,O53963,CDS,Extracellular,lppF,phosphoserine phosphatase,,,,,,HAD-like hydrolase superfamily. SerB family,Amino-acid biosynthesis; L-serine biosynthesis; L-serine from 3-phospho-D-glycerate,Amino-acid biosynthesis;Hydrolase;Lipoprotein;Magnesium;Metal-binding;Reference proteome;Serine biosynthesis;Signal
g1983,885918,Rv1922,P95291,CDS,Extracellular,,lipoprotein,,,,,,,,Lipoprotein;Reference proteome
g1984,885910,Rv1923,P95290,CDS,Plasma Membrane,lipD,lipase LipD,,,,,,,,Reference proteome
g1985,885352,Rv1924c,P95289,CDS,Plasma Membrane,,TIGR02611 family protein,,,,,,,,Membrane;Reference proteome;Transmembrane;Transmembrane helix
g1986,885200,Rv1925,I6Y7V6,CDS,Cytoplasmic,fadD31,Acyl-AMP synthetase,metabolism,Lipid biosynthesis proteins,,,,ATP-dependent AMP-binding enzyme family,Lipid metabolism,ATP-binding;Fatty acid metabolism;Ligase;Lipid metabolism;Nucleotide-binding;Reference proteome
g1987,885334,Rv1926c,P9WIP1,CDS,Extracellular,mpt63,Immunogenic protein MPT63,,,,,,,,3D-structure;Direct protein sequencing;Reference proteome;Secreted;Signal
g1988,885912,Rv1927,P95287,CDS,Plasma Membrane,,DUF2071 domain-containing protein,,,,,,,,Reference proteome
g1989,885331,Rv1928c,P95286,CDS,Cytoplasmic,,short-chain type dehydrogenase/reductase,,,,,,short-chain dehydrogenases/reductases (SDR) family,,Oxidoreductase;Reference proteome
g1990,885630,Rv1929c,P95285,CDS,Plasma Membrane,,TIGR03085 family protein,,,,,,,,Reference proteome
g1991,885344,Rv1930c,P95284,CDS,Cytoplasmic,,Glutamine amidotransferase,,,,,,,,Reference proteome
g1992,885437,Rv1931c,P95283,CDS,Cytoplasmic,,HTH-type transcriptional regulator Rv1931c,,,,,,,,DNA-binding;Reference proteome;Transcription;Transcription regulation;Virulence
g1993,885357,Rv1932,P9WG35,CDS,Extracellular,tpx,Thiol peroxidase,,,,,,peroxiredoxin family. Tpx subfamily,,3D-structure;Antioxidant;Disulfide bond;Oxidoreductase;Peroxidase;Redox-active center;Reference proteome
g1994,885394,Rv1933c,P95281,CDS,Cytoplasmic,fadE18,acyl-CoA dehydrogenase FadE18,,,,,,acyl-CoA dehydrogenase family,,FAD;Flavoprotein;Oxidoreductase;Reference proteome
g1995,885379,Rv1934c,P95280,CDS,Cytoplasmic,fadE17,Putative acyl-CoA dehydrogenase FadE17,,,,,,acyl-CoA dehydrogenase family,,FAD;Flavoprotein;Oxidoreductase;Reference proteome
g1996,885240,Rv1935c,P95279,CDS,Cytoplasmic,echA13,Putative enoyl-CoA hydratase EchA13,,,Metabolism,Xenobiotics biodegradation and metabolism,Steroid degradation,enoyl-CoA hydratase/isomerase family,,Fatty acid metabolism;Lipid metabolism;Lyase;Reference proteome
g1997,885882,Rv1936,P95278,CDS,Cytoplasmic,,monooxygenase,,,,,,,,Monooxygenase;Oxidoreductase;Reference proteome
g1998,885433,Rv1937,P95277,CDS,Cytoplasmic,,oxygenase,,,,,,,,2Fe-2S;Iron;Iron-sulfur;Metal-binding;Reference proteome
g1999,885392,Rv1938,I6YC03,CDS,Cytoplasmic,ephB,Epoxide hydrolase B,metabolism,Peptidases and inhibitors,,,,AB hydrolase superfamily. Epoxide hydrolase family,,Detoxification;Hydrolase;Reference proteome
g2000,885488,Rv1939,P95275,CDS,Cytoplasmic,,oxidoreductase,,,,,,non-flavoprotein flavin reductase family,,Oxidoreductase;Reference proteome
g2001,885621,Rv1940,L7N669,CDS,Cytoplasmic,ribA1,"3,4-dihydroxy-2-butanone-4-phosphate synthase",,,Metabolism,Metabolism of cofactors and vitamins,Riboflavin metabolism; Folate biosynthesis,In the N-terminal section; belongs to the DHBP synthase family,Cofactor biosynthesis; riboflavin biosynthesis; 2-hydroxy-3-oxobutyl phosphate from D-ribulose 5-phosphate,Metal-binding;Reference proteome;Riboflavin biosynthesis
g2002,885622,Rv1941,I6XZC4,CDS,Cytoplasmic,,short-chain type dehydrogenase/reductase,,,,,,short-chain dehydrogenases/reductases (SDR) family,,3D-structure;Oxidoreductase;Reference proteome
g2003,885606,Rv1942c,P95272,CDS,Cytoplasmic,mazF5,Probable endoribonuclease MazF5,signaling and cellular processes,Prokaryotic defense system,,,,PemK/MazF family,,Endonuclease;Hydrolase;Nuclease;Reference proteome;Toxin-antitoxin system
g2004,885605,Rv1943c,P9WJ89,CDS,Cytoplasmic,mazE5,Antitoxin MazE5,signaling and cellular processes,Prokaryotic defense system,,,,,,Reference proteome;Toxin-antitoxin system
g2005,885884,Rv1944c,P95270,CDS,Cytoplasmic,,hypothetical protein,,,,,,,,Reference proteome
g2006,885980,Rv1945,P9WLQ5,CDS,Cytoplasmic,,Uncharacterized protein Rv1945,,,,,,Rv1128c/1148c/1588c/1702c/1945/3466 family,,Reference proteome
g2007,885979,Rv1946c,P95268,CDS,Extracellular,lppG,lipoprotein,,,,,,,,Lipoprotein;Reference proteome
g2008,885976,Rv1947,P95267,CDS,Extracellular,,hypothetical protein,,,,,,,,Reference proteome
g2009,885975,Rv1948c,P95266,CDS,Cytoplasmic,,hypothetical protein,,,,,,,,Reference proteome
g2010,,Rv1949c,L0T9Q6,CDS,Extracellular,,Conserved hypothetical protein,,,,,,,,Reference proteome
g2011,885973,Rv1950c,P95264,CDS,Extracellular,,Transmembrane protein,,,,,,,,Reference proteome
g2012,885972,Rv1951c,P95263,CDS,Extracellular,,PE family protein,,,,,,,,Reference proteome
g2013,885971,Rv1952,P95262,CDS,Cytoplasmic,vapB14,Putative antitoxin VapB14,signaling and cellular processes,Prokaryotic defense system,,,,,,Reference proteome;Toxin-antitoxin system
g2014,885970,Rv1953,P9WF99,CDS,Cytoplasmic,vapC14,Ribonuclease VapC14,signaling and cellular processes,Prokaryotic defense system,,,,PINc/VapC protein family,,Hydrolase;Magnesium;Metal-binding;Nuclease;Reference proteome;Toxin-antitoxin system
g2015,,Rv1954A,P0CV86,CDS,Cytoplasmic,,Uncharacterized protein Rv1954A,,,,,,,,Reference proteome
g2016,885967,Rv1954c,P9WLQ3,CDS,Extracellular,,Uncharacterized protein Rv1954c,,,,,,,,Reference proteome
g2017,885966,Rv1955,P9WJA5,CDS,Cytoplasmic,higB1,Probable endoribonuclease HigB1,signaling and cellular processes,Prokaryotic defense system,,,,mycobacterial HigB family,,3D-structure;Endonuclease;Hydrolase;Nuclease;Reference proteome;Toxin-antitoxin system
g2018,885964,Rv1956,P9WJA7,CDS,Cytoplasmic,higA1,Antitoxin HigA1,signaling and cellular processes,Prokaryotic defense system,,,,,,3D-structure;DNA-binding;Reference proteome;Repressor;Toxin-antitoxin system;Transcription;Transcription regulation
g2019,885961,Rv1957,P95257,CDS,Cytoplasmic,secBL,SecB-like chaperone Rv1957,,,,,,SecB-like family,,3D-structure;Acetylation;Chaperone;Reference proteome
g2020,885960,Rv1958c,P95256,CDS,Cytoplasmic,,hypothetical protein,,,,,,,,Reference proteome
g2021,885958,Rv1959c,P9WHG7,CDS,Cytoplasmic,parE1,Toxin ParE1,signaling and cellular processes,Prokaryotic defense system,,,,RelE toxin family,,3D-structure;Reference proteome;Toxin-antitoxin system
g2022,885957,Rv1960c,P9WIJ7,CDS,Cytoplasmic,parD1,Antitoxin ParD1,signaling and cellular processes,Prokaryotic defense system,,,,ParD antitoxin family,,3D-structure;Coiled coil;Reference proteome;Toxin-antitoxin system
g2023,885954,Rv1961,P95253,CDS,Cytoplasmic,,hypothetical protein,,,,,,,,Reference proteome
g2024,14515903,Rv1962A,P9WF17,CDS,Cytoplasmic,vapB35,Antitoxin VapB35,signaling and cellular processes,Prokaryotic defense system,,,,phD/YefM antitoxin family,,Reference proteome;Toxin-antitoxin system
g2025,885952,Rv1962c,P9WF67,CDS,Cytoplasmic,vapC35,Ribonuclease VapC35,signaling and cellular processes,Prokaryotic defense system,,,,PINc/VapC protein family,,Hydrolase;Magnesium;Metal-binding;Nuclease;Reference proteome;Toxin-antitoxin system
g2026,885950,Rv1963c,P95251,CDS,Cytoplasmic,mce3R,Transcriptional repressor Mce3R,genetic information processing,Transcription factors,,,,,,3D-structure;DNA-binding;Lipid degradation;Lipid metabolism;Reference proteome;Repeat;Repressor;Transcription;Transcription regulation
g2027,885948,Rv1964,O53965,CDS,Plasma Membrane,yrbE3A,integral membrane protein,signaling and cellular processes,Transporters,Environmental Information Processing,Membrane transport,ABC transporters,,,Membrane;Reference proteome;Transmembrane;Transmembrane helix
g2028,885947,Rv1965,O53966,CDS,Plasma Membrane,yrbE3B,integral membrane protein,signaling and cellular processes,Transporters,Environmental Information Processing,Membrane transport,ABC transporters,,,Membrane;Reference proteome;Transmembrane;Transmembrane helix
g2029,885944,Rv1966,L7N698,CDS,Plasma Membrane,mce3A,Mce family protein Mce3A,signaling and cellular processes,Transporters,Environmental Information Processing,Membrane transport,ABC transporters,,,Membrane;Reference proteome;Transmembrane;Transmembrane helix
g2030,885943,Rv1967,O53968,CDS,Plasma Membrane,mce3B,Mce family protein Mce3B,signaling and cellular processes,Transporters,Environmental Information Processing,Membrane transport,ABC transporters,,,Membrane;Reference proteome;Transmembrane;Transmembrane helix
g2031,885942,Rv1968,O53969,CDS,Plasma Membrane,mce3C,Mce family protein Mce3C,signaling and cellular processes,Transporters,Environmental Information Processing,Membrane transport,ABC transporters,,,Reference proteome
g2032,885940,Rv1969,O53970,CDS,Plasma Membrane,mce3D,Mce family protein Mce3D,signaling and cellular processes,Transporters,Environmental Information Processing,Membrane transport,ABC transporters,,,Reference proteome;Signal
g2033,885939,Rv1970,O53971,CDS,Plasma Membrane,lprM,Mce family lipoprotein LprM,signaling and cellular processes,Transporters,Environmental Information Processing,Membrane transport,ABC transporters,,,Lipoprotein;Reference proteome
g2034,885938,Rv1971,O53972,CDS,Plasma Membrane,mce3F,Mce family protein Mce3F,signaling and cellular processes,Transporters,Environmental Information Processing,Membrane transport,ABC transporters,,,Membrane;Reference proteome;Transmembrane;Transmembrane helix
g2035,885937,Rv1972,O53973,CDS,Plasma Membrane,,Mce associated membrane protein,signaling and cellular processes,Transporters,,,,,,Membrane;Reference proteome;Transmembrane;Transmembrane helix
g2036,885936,Rv1973,P9WJ77,CDS,Extracellular,,Outer membrane protein Rv1973,signaling and cellular processes,Transporters,,,,,,Cell outer membrane;Membrane;Reference proteome;Signal
g2037,885935,Rv1974,O53975,CDS,Extracellular,,membrane protein,,,,,,,,Reference proteome
g2038,885934,Rv1975,O53976,CDS,Extracellular,,SCP domain-containing protein,,,,,,,,Reference proteome;Signal
g2039,885933,Rv1976c,O53977,CDS,Cytoplasmic,,RNA-binding protein,,,,,,,,Reference proteome
g2040,885931,Rv1977,O53978,CDS,Plasma Membrane,,hypothetical protein,,,,,,peptidase M48 family,,Hydrolase;Membrane;Metal-binding;Metalloprotease;Protease;Reference proteome;Transmembrane;Transmembrane helix;Zinc
g2041,885928,Rv1978,O53979,CDS,Plasma Membrane,,hypothetical protein,,,,,,,,Reference proteome
g2042,885819,Rv1979c,P9WQM5,CDS,Plasma Membrane,,Uncharacterized transporter Rv1979c,,,,,,amino acid-polyamine-organocation (APC) superfamily,,Cell membrane;Membrane;Reference proteome;Transmembrane;Transmembrane helix;Transport
g2043,885925,Rv1980c,P9WIN9,CDS,Extracellular,mpt64,Immunogenic protein MPT64,,,,,,RsiV family,,3D-structure;Direct protein sequencing;Reference proteome;Secreted;Signal
g2044,885923,Rv1981c,P9WH73,CDS,Cytoplasmic,nrdF1,Ribonucleoside-diphosphate reductase subunit beta nrdF1,genetic information processing,DNA repair and recombination proteins,Metabolism,Nucleotide metabolism,Purine metabolism; Pyrimidine metabolism,ribonucleoside diphosphate reductase small chain family,,Deoxyribonucleotide synthesis;Iron;Metal-binding;Oxidoreductase;Reference proteome
g2045,11117810,Rv1982A,P9WJ29,CDS,Cytoplasmic,vapB36,Putative antitoxin VapB36,signaling and cellular processes,Prokaryotic defense system,,,,,,Reference proteome;Toxin-antitoxin system
g2046,885816,Rv1982c,P9WF65,CDS,Cytoplasmic,vapC36,Ribonuclease VapC36,signaling and cellular processes,Prokaryotic defense system,,,,PINc/VapC protein family,,Hydrolase;Magnesium;Metal-binding;Nuclease;Reference proteome;Toxin-antitoxin system
g2047,885921,Rv1983,P9WIF1,CDS,Extracellular,pecA,PE cleavage protein A,,,,,,mycobacterial PE family. PGRS subfamily,,Aspartyl protease;Hydrolase;Protease;Reference proteome;Secreted
g2048,19394676,RV1984a,,CDS,,,hypothetical protein,,,,,,,,
g2049,885813,Rv1984c,P9WP43,CDS,Extracellular,cut7,Carboxylesterase Culp1,,,,,,cutinase family,,Direct protein sequencing;Disulfide bond;Hydrolase;Reference proteome;Secreted;Serine esterase;Signal;Virulence
g2050,885818,Rv1985c,P9WMF5,CDS,Cytoplasmic,lysG,HTH-type transcriptional regulator LysG,genetic information processing,Transcription factors; Chromosome and associated proteins,,,,LysR transcriptional regulatory family,,3D-structure;Activator;DNA-binding;Reference proteome;Repressor;Transcription;Transcription regulation
g2051,885635,Rv1986,P9WK31,CDS,Plasma Membrane,lysE,Lysine exporter LysE,signaling and cellular processes,Transporters,,,,LysE/ArgO transporter (TC 2.A.75) family,,Amino-acid transport;Cell inner membrane;Cell membrane;Membrane;Reference proteome;Transmembrane;Transmembrane helix;Transport
g2052,885815,Rv1987,P9WLQ1,CDS,Extracellular,CBD2,Cellulose/chitin binding protein Rv1987,,,,,,,,Cell membrane;Cell wall;Membrane;Reference proteome;Secreted;Signal;Virulence
g2053,885632,Rv1988,Q10838,CDS,Cytoplasmic,erm(37),23S rRNA (adenine(2058)-N(6))-methyltransferase Erm(37),genetic information processing; signaling and cellular processes,Ribosome biogenesis; Antimicrobial resistance genes,,,,class I-like SAM-binding methyltransferase superfamily. rRNA adenine N(6)-methyltransferase family,,Methyltransferase;Reference proteome;RNA-binding;S-adenosyl-L-methionine;Transferase
g2054,885810,Rv1989c,P9WLP9,CDS,Cytoplasmic,mbcT,NAD(+) phosphorylase MbcT,,,,,,MbcT/ParT/Res family,,3D-structure;NAD;Nucleotidyltransferase;Reference proteome;Toxin-antitoxin system;Transferase
g2055,,Rv1990A,L7N6A3,CDS,Cytoplasmic,,Possible dehydrogenase (fragment),,,,,,,,Reference proteome
g2056,885422,Rv1990c,P9WLP7,CDS,Cytoplasmic,mbcA,Mycobacterial cidal antitoxin MbcA,,,,,,MbcA/ParS/Xre antitoxin family,,3D-structure;Reference proteome;Toxin-antitoxin system
g2057,14515890,Rv1991A,P9WJ87,CDS,Cytoplasmic,mazE6,Antitoxin MazE6,signaling and cellular processes,Prokaryotic defense system,,,,,,3D-structure;DNA-binding;Reference proteome;Toxin-antitoxin system
g2058,885634,Rv1991c,P9WII3,CDS,Cytoplasmic,mazF6,Endoribonuclease MazF6,signaling and cellular processes,Prokaryotic defense system,,,,PemK/MazF family,,3D-structure;Endonuclease;Hydrolase;Nuclease;Reference proteome;Secreted;Toxin-antitoxin system
g2059,888914,Rv1992c,P9WPS7,CDS,Plasma Membrane,ctpG,Probable cation-transporting ATPase G,,,,,,cation transport ATPase (P-type) (TC 3.A.3) family. Type IB subfamily,,ATP-binding;Cell membrane;Magnesium;Membrane;Metal-binding;Nucleotide-binding;Reference proteome;Translocase;Transmembrane;Transmembrane helix
g2060,885631,Rv1993c,P9WLP5,CDS,Plasma Membrane,,Uncharacterized protein Rv1993c,,,,,,,,Reference proteome
g2061,888889,Rv1994c,P9WMI9,CDS,Cytoplasmic,cmtR,HTH-type transcriptional regulator CmtR,genetic information processing,Transcription factors,,,,,,3D-structure;Cadmium;DNA-binding;Metal-binding;Reference proteome;Transcription;Transcription regulation
g2062,888917,Rv1995,P9WLP3,CDS,Extracellular,,Uncharacterized protein Rv1995,,,,,,,,Reference proteome
g2063,888863,Rv1996,P9WLP1,CDS,Cytoplasmic,,Universal stress protein Rv1996,,,,,,universal stress protein A family,,ATP-binding;Isopeptide bond;Nucleotide-binding;Reference proteome;Ubl conjugation
g2064,888867,Rv1997,P9WPS9,CDS,Plasma Membrane,ctpF,Probable cation-transporting ATPase F,,,,,,cation transport ATPase (P-type) (TC 3.A.3) family. Type IIA subfamily,,ATP-binding;Cell membrane;Magnesium;Membrane;Metal-binding;Nucleotide-binding;Reference proteome;Translocase;Transmembrane;Transmembrane helix
g2065,888853,Rv1998c,P9WLN9,CDS,Cytoplasmic,,Uncharacterized protein Rv1998c,,,,,,,,Reference proteome
g2066,888881,Rv1999c,P9WQM3,CDS,Plasma Membrane,,Uncharacterized transporter Rv1999c,,,,,,amino acid-polyamine-organocation (APC) superfamily,,Cell membrane;Membrane;Reference proteome;Transmembrane;Transmembrane helix;Transport
g2067,888864,Rv2000,P9WLN7,CDS,Cytoplasmic,,Uncharacterized protein Rv2000,,,,,,,,Reference proteome
g2068,888880,Rv2001,P9WLN5,CDS,Cytoplasmic,,Uncharacterized protein Rv2001,,,,,,,,Reference proteome
g2069,888857,Rv2002,P9WGT1,CDS,Cytoplasmic,fabG3,3-alpha-(or 20-beta)-hydroxysteroid dehydrogenase,,,,,,short-chain dehydrogenases/reductases (SDR) family,Lipid metabolism; steroid degradation,3D-structure;Lipid metabolism;NAD;Oxidoreductase;Reference proteome;Steroid metabolism
g2070,,Rv2003A,P0DMQ7,CDS,Extracellular,,Uncharacterized protein Rv2003A,,,,,,,,Reference proteome
g2071,888818,Rv2003c,P9WJZ5,CDS,Cytoplasmic,,Uncharacterized protein Rv2003c,,,,,,methyltransferase superfamily,,Reference proteome
g2072,888817,Rv2004c,P9WLN3,CDS,Cytoplasmic,,Uncharacterized protein Rv2004c,,,,,,,,ATP-binding;Cell wall;Nucleotide-binding;Reference proteome;Secreted
g2073,888831,Rv2005c,P9WLN1,CDS,Cytoplasmic,,Universal stress protein Rv2005c,,,,,,universal stress protein A family,,Antibiotic resistance;ATP-binding;Nucleotide-binding;Reference proteome
g2074,888943,Rv2006,P9WN15,CDS,Cytoplasmic,otsB1,Uncharacterized glycosyl hydrolase Rv2006,,,Metabolism,Carbohydrate metabolism,Starch and sucrose metabolism,In the N-terminal section; belongs to the trehalose phosphatase family; In the C-terminal section; belongs to the glycosyl hydrolase 65 family,,Glycosidase;Hydrolase;Reference proteome
g2075,888887,Rv2007c,P9WNE7,CDS,Extracellular,fdxA,Ferredoxin,,,,,,,,3Fe-4S;4Fe-4S;Electron transport;Iron;Iron-sulfur;Metal-binding;Reference proteome;Repeat;Transport
g2076,888813,Rv2008c,P9WLM9,CDS,Cytoplasmic,,Uncharacterized protein Rv2008c,,,,,,,,ATP-binding;Nucleotide-binding;Reference proteome
g2077,888925,Rv2009,P9WLM7,CDS,Cytoplasmic,vapB15,Antitoxin VapB15,signaling and cellular processes,Prokaryotic defense system,,,,,,3D-structure;Magnesium;Manganese;Metal-binding;Reference proteome;Toxin-antitoxin system
g2078,888933,Rv2010,P9WF97,CDS,Cytoplasmic,vapC15,Ribonuclease VapC15,signaling and cellular processes,Prokaryotic defense system,,,,PINc/VapC protein family,,3D-structure;Hydrolase;Magnesium;Manganese;Metal-binding;Nuclease;Reference proteome;Toxin-antitoxin system
g2079,888922,Rv2011c,P9WLM5,CDS,Cytoplasmic,,Uncharacterized protein Rv2011c,,,,,,,,Reference proteome;Signal
g2080,888927,Rv2012,P9WLM3,CDS,Cytoplasmic,,Uncharacterized protein Rv2012,,,,,,,,Reference proteome
g2081,,Rv2013,Q10844,CDS,Extracellular,,Transposase,,,,,,,,Reference proteome
g2082,,Rv2014,Q10843,CDS,Cytoplasmic,,Transposase,,,,,,,,Reference proteome
g2083,888378,Rv2015c,O53461,CDS,Cytoplasmic,,HNH nuclease domain-containing protein,,,,,,Rv1128c/1148c/1588c/1702c/1945/3466 family,,Reference proteome
g2084,888630,Rv2016,O53462,CDS,Cytoplasmic,,hypothetical protein,,,,,,,,Reference proteome
g2085,888435,Rv2017,O53463,CDS,Cytoplasmic,,transcriptional regulator,,,,,,short-chain fatty acyl-CoA assimilation regulator (ScfR) family,,Reference proteome
g2086,887560,Rv2018,O53464,CDS,Cytoplasmic,vapB45,Putative antitoxin VapB45,,,,,,,,3D-structure;Reference proteome;Toxin-antitoxin system
g2087,887665,Rv2019,O53465,CDS,Cytoplasmic,vapC45,Putative ribonuclease VapC45,,,,,,,,Hydrolase;Nuclease;Reference proteome;Toxin-antitoxin system
g2088,,Rv2020c,O53466,CDS,Extracellular,,Type ISP restriction-modification enzyme LLaBIII C-terminal specificity domain-containing protein,,,,,,,,Reference proteome
g2089,888092,Rv2021c,O53467,CDS,Cytoplasmic,higA2,Putative antitoxin HigA2,,,,,,,,3D-structure;DNA-binding;Reference proteome;Toxin-antitoxin system
g2090,888129,Rv2022c,O53468,CDS,Cytoplasmic,higB2,Putative toxin HigB2,,,,,,mycobacterial HigB family,,Reference proteome;Toxin-antitoxin system
g2091,,Rv2023A,,misc_feature,,,,,,,,,,,
g2092,887444,Rv2023c,O53469,CDS,Extracellular,,hypothetical protein,,,,,,,,Reference proteome
g2093,888351,Rv2024c,O53470,CDS,Cytoplasmic,,Helicase ATP-binding domain-containing protein,,,,,,,,Reference proteome
g2094,888782,Rv2025c,P9WGF5,CDS,Plasma Membrane,,Probable cation efflux system protein Rv2025c,,,,,,cation diffusion facilitator (CDF) transporter (TC 2.A.4) family,,Cell membrane;Ion transport;Membrane;Reference proteome;Transmembrane;Transmembrane helix;Transport
g2095,887460,Rv2026c,P9WFD1,CDS,Cytoplasmic,,Universal stress protein Rv2026c,,,,,,universal stress protein A family,,ATP-binding;Nucleotide-binding;Reference proteome
g2096,888471,Rv2027c,P9WGK1,CDS,Cytoplasmic,dosT,Oxygen sensor histidine kinase response regulator DosT,metabolism; signaling and cellular processes,Protein kinases; Two-component system,Environmental Information Processing,Signal transduction,Two-component system,,,3D-structure;Cytoplasm;Heme;Iron;Kinase;Magnesium;Metal-binding;Phosphoprotein;Reference proteome;Repeat;Transferase;Two-component regulatory system
g2097,888494,Rv2028c,P9WFD9,CDS,Cytoplasmic,,Universal stress protein Rv2028c,,,,,,universal stress protein A family,,Reference proteome
g2098,887491,Rv2029c,P9WID3,CDS,Cytoplasmic,pfkB,ATP-dependent 6-phosphofructokinase isozyme 2,,,Metabolism,Carbohydrate metabolism; Energy metabolism,Glycolysis / Gluconeogenesis; Pentose phosphate pathway; Fructose and mannose metabolism; Galactose metabolism; Methane metabolism,carbohydrate kinase PfkB family,Carbohydrate degradation; glycolysis; D-glyceraldehyde 3-phosphate and glycerone phosphate from D-glucose,Acetylation;ATP-binding;Glycolysis;Isopeptide bond;Kinase;Magnesium;Metal-binding;Nucleotide-binding;Potassium;Reference proteome;Transferase;Ubl conjugation
g2099,887536,Rv2030c,P9WLM1,CDS,Cytoplasmic,,Uncharacterized protein Rv2030c,,,,,,In the N-terminal section; belongs to the purine/pyrimidine phosphoribosyltransferase family,,Reference proteome;Transferase
g2100,887579,Rv2031c,P9WMK1,CDS,Cytoplasmic,hspX,Alpha-crystallin,,,,,,small heat shock protein (HSP20) family,,Cell wall;Chaperone;Cytoplasm;Direct protein sequencing;Isopeptide bond;Reference proteome;Secreted;Ubl conjugation
g2101,887582,Rv2032,P9WIZ9,CDS,Cytoplasmic,acg,Putative NAD(P)H nitroreductase acg,,,,,,nitroreductase family,,Flavoprotein;FMN;NAD;NADP;Oxidoreductase;Reference proteome
g2102,887972,Rv2033c,O53477,CDS,Cytoplasmic,,DUF3097 domain-containing protein,,,,,,,,Reference proteome
g2103,887859,Rv2034,O53478,CDS,Cytoplasmic,,HTH-type transcriptional regulator Rv2034,,,,,,,,Activator;DNA-binding;Reference proteome;Repressor;Transcription;Transcription regulation
g2104,887445,Rv2035,O53479,CDS,Cytoplasmic,,Activator of Hsp90 ATPase homologue 1/2-like C-terminal domain-containing protein,,,,,,AHA1 family,,Reference proteome
g2105,887433,Rv2036,O53480,CDS,Cytoplasmic,,Mycothiol-dependent maleylpyruvate isomerase metal-binding domain-containing protein,,,,,,,,Reference proteome
g2106,888021,Rv2037c,L0TB61,CDS,Plasma Membrane,,transmembrane protein,,,,,,,,Hydrolase;Lipid degradation;Lipid metabolism;Membrane;Reference proteome;Transmembrane
g2107,887998,Rv2038c,O53482,CDS,Plasma Membrane,,Trehalose import ATP-binding protein SugC,signaling and cellular processes,Transporters,Environmental Information Processing,Membrane transport,ABC transporters,,,ATP-binding;Nucleotide-binding;Reference proteome;Transport
g2108,887729,Rv2039c,O53483,CDS,Plasma Membrane,,sugar ABC transporter permease,signaling and cellular processes,Transporters,,,,binding-protein-dependent transport system permease family,,Cell membrane;Membrane;Reference proteome;Transmembrane;Transmembrane helix;Transport
g2109,887893,Rv2040c,O53484,CDS,Plasma Membrane,,sugar ABC transporter permease,signaling and cellular processes,Transporters,,,,binding-protein-dependent transport system permease family,,Cell membrane;Membrane;Reference proteome;Transmembrane;Transmembrane helix;Transport
g2110,887474,Rv2041c,O53485,CDS,Extracellular,,sugar ABC transporter substrate-binding lipoprotein,signaling and cellular processes,Transporters,,,,,,Lipoprotein;Reference proteome
g2111,887497,Rv2042c,O53486,CDS,Cytoplasmic,,hypothetical protein,,,,,,,,Reference proteome
g2112,888260,Rv2043c,I6XD65,CDS,Cytoplasmic,pncA,Nicotinamidase/pyrazinamidase,,,Metabolism,Metabolism of cofactors and vitamins,Nicotinate and nicotinamide metabolism,isochorismatase family,Cofactor biosynthesis; nicotinate biosynthesis; nicotinate from nicotinamide,3D-structure;Antibiotic resistance;Hydrolase;Iron;Manganese;Metal-binding;Pyridine nucleotide biosynthesis;Reference proteome
g2113,888243,Rv2044c,O53487,CDS,Plasma Membrane,,DUF2784 domain-containing protein,,,,,,,,Membrane;Reference proteome;Transmembrane;Transmembrane helix
g2114,888358,Rv2045c,O53488,CDS,Extracellular,lipT,Carboxylic ester hydrolase,,,,,,'GDXG' lipolytic enzyme family; type-B carboxylesterase/lipase family,,Hydrolase;Reference proteome
g2115,888308,Rv2046,O53489,CDS,Plasma Membrane,lppI,lipoprotein LppI,,,,,,,,Lipoprotein;Reference proteome
g2116,888529,Rv2047c,P9WIH5,CDS,Plasma Membrane,,Uncharacterized protein Rv2047c,,,,,,PEP-utilizing enzyme family,,Reference proteome
g2117,888350,Rv2048c,I6XD69,CDS,Cytoplasmic,pks12,Mycoketide-CoA synthase,metabolism,Lipid biosynthesis proteins; Polyketide biosynthesis proteins,,,,,Lipid metabolism; fatty acid metabolism,Acyltransferase;Coiled coil;Fatty acid metabolism;Lipid metabolism;Multifunctional enzyme;Phosphopantetheine;Phosphoprotein;Reference proteome;Repeat;Transferase
g2118,888593,Rv2049c,O53491,CDS,Cytoplasmic,,hypothetical protein,,,,,,,,Reference proteome
g2119,888598,Rv2050,P9WHJ5,CDS,Cytoplasmic,rbpA,RNA polymerase-binding protein RbpA,,,,,,RNA polymerase-binding protein RbpA family,,3D-structure;Reference proteome;Transcription;Transcription regulation
g2120,887402,Rv2051c,O53493,CDS,Plasma Membrane,ppm1,Bifunctional apolipoprotein N-acyltransferase/polyprenol monophosphomannose synthase,,,,,,In the N-terminal section; belongs to the CN hydrolase family. Apolipoprotein N-acyltransferase subfamily; In the C-terminal section; belongs to the glycosyltransferase 2 family,Protein modification; lipoprotein biosynthesis (N-acyl transfer),Acyltransferase;Cell membrane;Glycosyltransferase;Hydrolase;Membrane;Reference proteome;Transferase;Transmembrane;Transmembrane helix
g2121,888608,Rv2052c,O53494,CDS,Cytoplasmic,,hypothetical protein,,,,,,,,Reference proteome
g2122,888768,Rv2053c,O53495,CDS,Plasma Membrane,fxsA,transmembrane protein FxsA,,,,,,,,Membrane;Reference proteome;Transmembrane;Transmembrane helix
g2123,888722,Rv2054,O86353,CDS,Cytoplasmic,,hypothetical protein,,,Metabolism,Xenobiotics biodegradation and metabolism,Fluorobenzoate degradation; Chlorocyclohexane and chlorobenzene degradation; Toluene degradation,,,Reference proteome
g2124,887817,Rv2055c,P9WH47,CDS,Cytoplasmic,rpsR2,Small ribosomal subunit protein bS18B,genetic information processing,Ribosome,Genetic Information Processing,Translation,Ribosome,bacterial ribosomal protein bS18 family,,Reference proteome;Ribonucleoprotein;Ribosomal protein;RNA-binding;rRNA-binding
g2125,887819,Rv2056c,P9WH59,CDS,Cytoplasmic,rpsN,Small ribosomal subunit protein uS14A,genetic information processing,Ribosome,Genetic Information Processing,Translation,Ribosome,universal ribosomal protein uS14 family,,Reference proteome;Ribonucleoprotein;Ribosomal protein;RNA-binding;rRNA-binding
g2126,887807,Rv2057c,P9WH97,CDS,Cytoplasmic,rpmG1,Large ribosomal subunit protein bL33A,genetic information processing,Ribosome,Genetic Information Processing,Translation,Ribosome,bacterial ribosomal protein bL33 family,,Reference proteome;Ribonucleoprotein;Ribosomal protein;RNA-binding;rRNA-binding
g2127,887801,Rv2058c,P9WHA9,CDS,Cytoplasmic,rpmB2,Large ribosomal subunit protein bL28B,genetic information processing,Ribosome,Genetic Information Processing,Translation,Ribosome,bacterial ribosomal protein bL28 family,,Reference proteome;Ribonucleoprotein;Ribosomal protein
g2128,888402,Rv2059,O07257,CDS,Extracellular,,Adhesion protein,signaling and cellular processes,Transporters,,,,,,Metal-binding;Reference proteome;Signal;Transport
g2129,888388,Rv2060,O86339,CDS,Plasma Membrane,,integral membrane protein,signaling and cellular processes,Transporters,,,,ABC-3 integral membrane protein family,,Membrane;Reference proteome;Transmembrane;Transmembrane helix;Transport
g2130,888246,Rv2061c,O86340,CDS,Cytoplasmic,,hypothetical protein,,,,,,,,Oxidoreductase;Reference proteome
g2131,888252,Rv2062c,O53498,CDS,Cytoplasmic,cobN,cobalamin biosynthesis protein CobN,,,Metabolism,Metabolism of cofactors and vitamins,Porphyrin metabolism,,,3D-structure;Reference proteome
g2132,3205116,Rv2063,P9WJ85,CDS,Cytoplasmic,mazE7,Antitoxin MazE7,signaling and cellular processes,Prokaryotic defense system,,,,,,3D-structure;DNA-binding;Reference proteome;Toxin-antitoxin system
g2133,14515888,Rv2063A,P0CL62,CDS,Cytoplasmic,mazF7,Probable endoribonuclease MazF7,signaling and cellular processes,Prokaryotic defense system,,,,PemK/MazF family,,3D-structure;Endonuclease;Hydrolase;Nuclease;Reference proteome;Toxin-antitoxin system
g2134,888140,Rv2064,Q10675,CDS,Cytoplasmic,cobG,precorrin-3B synthase,,,Metabolism,Metabolism of cofactors and vitamins,Porphyrin metabolism,,,4Fe-4S;Heme;Iron;Iron-sulfur;Metal-binding;Oxidoreductase;Reference proteome
g2135,888464,Rv2065,P9WP87,CDS,Cytoplasmic,cobH,Precorrin-8X methylmutase,,,Metabolism,Metabolism of cofactors and vitamins,Porphyrin metabolism,CobH/CbiC family,"Cofactor biosynthesis; adenosylcobalamin biosynthesis; cob(II)yrinate a,c-diamide from precorrin-2 (aerobic route)",Cobalamin biosynthesis;Isomerase;Reference proteome
g2136,888483,Rv2066,P9WGB3,CDS,Cytoplasmic,cobIJ,Cobalamin biosynthesis protein CobIJ,,,Metabolism,Metabolism of cofactors and vitamins,Porphyrin metabolism,precorrin methyltransferase family,"Cofactor biosynthesis; adenosylcobalamin biosynthesis; cob(II)yrinate a,c-diamide from precorrin-2 (aerobic route); Cofactor biosynthesis; adenosylcobalamin biosynthesis; cob(II)yrinate a,c-diamide from precorrin-2 (aerobic route)",Cobalamin biosynthesis;Methyltransferase;Multifunctional enzyme;Reference proteome;S-adenosyl-L-methionine;Transferase
g2137,888752,Rv2067c,P9WLL9,CDS,Cytoplasmic,,S-adenosyl-L-methionine-dependent methyltransferase Rv2067c,,,,,,,,3D-structure;Host cytoplasm;Host nucleus;Methyltransferase;Reference proteome;S-adenosyl-L-methionine;Secreted;Transferase;Virulence
g2138,888742,Rv2068c,P9WKD3,CDS,Extracellular,blaC,Beta-lactamase,signaling and cellular processes,Antimicrobial resistance genes,Metabolism; Human Diseases,Biosynthesis of other secondary metabolites; Drug resistance: antimicrobial,Penicillin and cephalosporin biosynthesis; beta-Lactam resistance,class-A beta-lactamase family,,3D-structure;Antibiotic resistance;Cell inner membrane;Cell membrane;Hydrolase;Membrane;Periplasm;Reference proteome;Secreted;Signal
g2139,888723,Rv2069,P9WGH1,CDS,Cytoplasmic,sigC,ECF RNA polymerase sigma factor SigC,genetic information processing,Transcription machinery,,,,sigma-70 factor family. ECF subfamily,,3D-structure;DNA-binding;Reference proteome;Sigma factor;Transcription;Transcription regulation
g2140,887566,Rv2070c,P9WP89,CDS,Cytoplasmic,cobK,Precorrin-6A reductase,,,Metabolism,Metabolism of cofactors and vitamins,Porphyrin metabolism,precorrin-6x reductase family,"Cofactor biosynthesis; adenosylcobalamin biosynthesis; cob(II)yrinate a,c-diamide from precorrin-2 (aerobic route)",Cobalamin biosynthesis;NADP;Oxidoreductase;Reference proteome
g2141,888521,Rv2071c,P9WGB1,CDS,Cytoplasmic,cobM,Precorrin-4 C(11)-methyltransferase,,,Metabolism,Metabolism of cofactors and vitamins,Porphyrin metabolism,precorrin methyltransferase family,"Cofactor biosynthesis; adenosylcobalamin biosynthesis; cob(II)yrinate a,c-diamide from precorrin-2 (aerobic route)",Cobalamin biosynthesis;Methyltransferase;Reference proteome;S-adenosyl-L-methionine;Transferase
g2142,888321,Rv2072c,P9WGA9,CDS,Cytoplasmic,cobL,"Precorrin-6Y C(5,15)-methyltransferase [decarboxylating]",,,Metabolism,Metabolism of cofactors and vitamins,Porphyrin metabolism,precorrin methyltransferase family,"Cofactor biosynthesis; adenosylcobalamin biosynthesis; cob(II)yrinate a,c-diamide from precorrin-2 (aerobic route)",Cobalamin biosynthesis;Methyltransferase;Reference proteome;S-adenosyl-L-methionine;Transferase
g2143,887267,Rv2073c,P9WGR3,CDS,Plasma Membrane,,Uncharacterized oxidoreductase Rv2073c,,,,,,short-chain dehydrogenases/reductases (SDR) family,,Oxidoreductase;Reference proteome
g2144,888523,Rv2074,P9WLL7,CDS,Cytoplasmic,,F420H(2)-dependent biliverdin reductase,,,Metabolism,Metabolism of cofactors and vitamins,Porphyrin metabolism,F420H(2)-dependent biliverdin reductase family,,3D-structure;Isopeptide bond;Oxidoreductase;Reference proteome;Secreted;Ubl conjugation
g2145,888771,Rv2075c,P9WLL5,CDS,Extracellular,,Uncharacterized protein Rv2075c,,,,,,,,Cell membrane;Membrane;Reference proteome;Transmembrane;Transmembrane helix
g2146,887296,Rv2076c,P9WLL3,CDS,Plasma Membrane,,Uncharacterized protein Rv2076c,,,,,,,,Cell membrane;Membrane;Reference proteome;Transmembrane;Transmembrane helix
g2147,3205060,Rv2077A,L7N6B8,CDS,Extracellular,,PE family protein,,,,,,,,Reference proteome
g2148,887785,Rv2077c,P9WLL1,CDS,Extracellular,,Uncharacterized protein Rv2077c,,,,,,,,Cell membrane;Membrane;Reference proteome;Signal;Transmembrane;Transmembrane helix
g2149,888071,Rv2078,P9WLK9,CDS,Extracellular,,Uncharacterized protein Rv2078,,,,,,,,Reference proteome
g2150,887333,Rv2079,P9WLK7,CDS,Extracellular,,Uncharacterized protein Rv2079,,,,,,,,Reference proteome
g2151,887351,Rv2080,P9WK77,CDS,Plasma Membrane,lppJ,Putative lipoprotein LppJ,,,,,,,,Cell membrane;Lipoprotein;Membrane;Palmitate;Reference proteome;Signal
g2152,887348,Rv2081c,P9WLK5,CDS,Extracellular,,Uncharacterized protein Rv2081c,,,,,,,,Cell membrane;Membrane;Reference proteome;Transmembrane;Transmembrane helix
g2153,887795,Rv2082,Q10690,CDS,Extracellular,,Uncharacterized protein Rv2082,,,,,,,,Reference proteome
g2154,887281,Rv2083,P9WLK3,CDS,Extracellular,,Uncharacterized protein Rv2083,,,,,,,,Cell membrane;Membrane;Reference proteome;Transmembrane;Transmembrane helix
g2155,887350,Rv2084,P9WLK1,CDS,Extracellular,,Uncharacterized protein Rv2084,,,,,,,,Reference proteome
g2156,888138,Rv2085,P9WLJ9,CDS,Cytoplasmic,,Uncharacterized protein Rv2085,,,,,,,,Reference proteome
g2157,888128,Rv2086,P64937,CDS,Cytoplasmic,,Uncharacterized protein Rv2086,,,,,,,,Reference proteome
g2158,,Rv2087,P9WLJ7,CDS,Cytoplasmic,,Uncharacterized protein Rv2087,,,,,,,,Reference proteome
g2159,888322,Rv2088,P9WI67,CDS,Plasma Membrane,pknJ,Serine/threonine-protein kinase PknJ,metabolism,Protein kinases,,,,protein kinase superfamily. Ser/Thr protein kinase family,,ATP-binding;Cell membrane;Kinase;Membrane;Nucleotide-binding;Phosphoprotein;Reference proteome;Serine/threonine-protein kinase;Transferase;Transmembrane;Transmembrane helix
g2160,887719,Rv2089c,P9WHS7,CDS,Cytoplasmic,pepE,Probable dipeptidase PepE,,,,,,peptidase M24B family,,Cell membrane;Hydrolase;Manganese;Membrane;Metal-binding;Reference proteome;Transmembrane;Transmembrane helix
g2161,887924,Rv2090,P9WNU3,CDS,Cytoplasmic,,5'-3' exonuclease,,,,,,,,DNA-binding;Exonuclease;Hydrolase;Nuclease;Reference proteome
g2162,887469,Rv2091c,P9WLJ5,CDS,Plasma Membrane,,Uncharacterized protein Rv2091c,,,,,,,,Membrane;Reference proteome;Transmembrane;Transmembrane helix
g2163,887736,Rv2092c,P9WMR1,CDS,Cytoplasmic,helY,Probable helicase HelY,genetic information processing,Messenger RNA biogenesis,,,,helicase family. SKI2 subfamily,,ATP-binding;Helicase;Hydrolase;Nucleotide-binding;Reference proteome
g2164,888068,Rv2093c,P9WG97,CDS,Plasma Membrane,tatC,Sec-independent protein translocase protein TatC,signaling and cellular processes,Secretion system,Genetic Information Processing; Environmental Information Processing,"Folding, sorting and degradation; Membrane transport",Protein export; Bacterial secretion system,TatC family,,Cell membrane;Membrane;Protein transport;Reference proteome;Translocation;Transmembrane;Transmembrane helix;Transport
g2165,888086,Rv2094c,P9WGA1,CDS,Plasma Membrane,tatA,Sec-independent protein translocase protein TatA,signaling and cellular processes,Secretion system,Genetic Information Processing; Environmental Information Processing,"Folding, sorting and degradation; Membrane transport",Protein export; Bacterial secretion system,TatA/E family,,Cell membrane;Membrane;Protein transport;Reference proteome;Translocation;Transmembrane;Transmembrane helix;Transport
g2166,888403,Rv2095c,P9WIL9,CDS,Cytoplasmic,pafC,Protein PafC,genetic information processing,Proteasome,,,,PafC family,,Reference proteome
g2167,888436,Rv2096c,P9WIM1,CDS,Cytoplasmic,pafB,Protein PafB,genetic information processing,Proteasome,,,,PafB family,,Reference proteome
g2168,888460,Rv2097c,P9WNU7,CDS,Cytoplasmic,pafA,Pup--protein ligase,genetic information processing,Proteasome,,,,Pup ligase/Pup deamidase family. Pup-conjugating enzyme subfamily,Protein degradation; proteasomal Pup-dependent pathway; Protein modification; protein pupylation,ATP-binding;Ligase;Magnesium;Metal-binding;Nucleotide-binding;Reference proteome;Ubl conjugation pathway;Virulence
g2169,,Rv2098c,,misc_feature,,PE_PGRS36,,,,,,,,,
g2170,,Rv2099c,,misc_feature,,PE21,,,,,,,,,
g2171,888454,Rv2100,P9WLJ3,CDS,Cytoplasmic,,Uncharacterized protein Rv2100,,,,,,To M.tuberculosis Rv3776,,Reference proteome;Signal
g2172,888635,Rv2101,I6YCF3,CDS,Cytoplasmic,helZ,helicase HelZ,,,,,,,,ATP-binding;Helicase;Hydrolase;Nucleotide-binding;Reference proteome
g2173,888639,Rv2102,O53500,CDS,Cytoplasmic,,Uncharacterized protein Rv2102,,,,,,,,Metal-binding;Reference proteome;Zinc;Zinc-finger
g2174,888003,Rv2103c,O53501,CDS,Cytoplasmic,vapC37,Ribonuclease VapC37,signaling and cellular processes,Prokaryotic defense system,,,,PINc/VapC protein family,,Hydrolase;Magnesium;Metal-binding;Nuclease;Reference proteome;Secreted;Toxin-antitoxin system
g2175,19394677,Rv2104a,,CDS,,,hypothetical protein,,,,,,,,
g2176,888014,Rv2104c,P9WJ27,CDS,Cytoplasmic,vapB37,Putative antitoxin VapB37,signaling and cellular processes,Prokaryotic defense system,,,,,,Reference proteome;Toxin-antitoxin system
g2177,,Rv2105,P9WKH5,CDS,Cytoplasmic,,Insertion element IS6110 uncharacterized 12.0 kDa protein,,,,,,transposase 8 family,,Reference proteome;Transposable element
g2178,,Rv2106,P9WKH9,CDS,Cytoplasmic,,Putative transposase for insertion sequence element IS986/IS6110,,,,,,,,DNA recombination;DNA-binding;Reference proteome;Transposable element;Transposition
g2179,887811,Rv2107,L7N6B5,CDS,Extracellular,PE22,PE family protein PE22,,,,,,,,Reference proteome
g2180,887814,Rv2108,P9WI01,CDS,Extracellular,PPE36,Uncharacterized PPE family protein PPE36,,,,,,mycobacterial PPE family,,Cell membrane;Direct protein sequencing;Membrane;Reference proteome
g2181,887538,Rv2109c,P9WHU1,CDS,Cytoplasmic,prcA,Proteasome subunit alpha,metabolism; genetic information processing,Peptidases and inhibitors; Proteasome,Genetic Information Processing,"Folding, sorting and degradation",Proteasome,peptidase T1A family,Protein degradation; proteasomal Pup-dependent pathway,3D-structure;Acetylation;Cytoplasm;Direct protein sequencing;Phosphoprotein;Proteasome;Reference proteome;Virulence
g2182,887508,Rv2110c,P9WHT9,CDS,Cytoplasmic,prcB,Proteasome subunit beta,metabolism; genetic information processing,Peptidases and inhibitors; Proteasome,Genetic Information Processing,"Folding, sorting and degradation",Proteasome,peptidase T1B family,Protein degradation; proteasomal Pup-dependent pathway,3D-structure;Autocatalytic cleavage;Cytoplasm;Direct protein sequencing;Hydrolase;Phosphoprotein;Protease;Proteasome;Reference proteome;Threonine protease;Virulence;Zymogen
g2183,888788,Rv2111c,P9WHN5,CDS,Cytoplasmic,pup,Prokaryotic ubiquitin-like protein Pup,genetic information processing,Ubiquitin system,,,,prokaryotic ubiquitin-like protein family,Protein degradation; proteasomal Pup-dependent pathway,3D-structure;Coiled coil;Isopeptide bond;Reference proteome;Ubl conjugation pathway
g2184,888290,Rv2112c,P9WNU9,CDS,Cytoplasmic,dop,Pup deamidase/depupylase,genetic information processing,Proteasome,,,,Pup ligase/Pup deamidase family. Pup deamidase subfamily,Protein degradation; proteasomal Pup-dependent pathway,3D-structure;ATP-binding;Hydrolase;Magnesium;Metal-binding;Nucleotide-binding;Reference proteome;Virulence
g2185,887731,Rv2113,O33248,CDS,Plasma Membrane,,integral membrane protein,,,,,,,,Membrane;Reference proteome;Transmembrane;Transmembrane helix
g2186,887803,Rv2114,O33249,CDS,Plasma Membrane,,hypothetical protein,,,,,,,,Reference proteome
g2187,887297,Rv2115c,P9WQN5,CDS,Cytoplasmic,mpa,Proteasome-associated ATPase,genetic information processing,Proteasome,Genetic Information Processing,"Folding, sorting and degradation",Proteasome,AAA ATPase family,Protein degradation; proteasomal Pup-dependent pathway,3D-structure;ATP-binding;Chaperone;Coiled coil;Isopeptide bond;Nucleotide-binding;Proteasome;Reference proteome;S-nitrosylation;Ubl conjugation;Virulence
g2188,886029,Rv2116,P9WK75,CDS,Plasma Membrane,lppK,Putative lipoprotein LppK,,,,,,MTB12 family,,Cell membrane;Lipoprotein;Membrane;Palmitate;Reference proteome;Signal
g2189,887685,Rv2117,O33252,CDS,Cytoplasmic,,DUF503 domain-containing protein,,,,,,,,Reference proteome
g2190,887374,Rv2118c,P9WFZ1,CDS,Cytoplasmic,trmI,tRNA (adenine(58)-N(1))-methyltransferase TrmI,genetic information processing,Transfer RNA biogenesis,,,,class I-like SAM-binding methyltransferase superfamily. TRM61 family,,3D-structure;Methyltransferase;Reference proteome;S-adenosyl-L-methionine;Transferase;tRNA processing
g2191,888413,Rv2119,O33254,CDS,Cytoplasmic,,PD-(D/E)XK endonuclease-like domain-containing protein,,,,,,,,ATP-binding;DNA damage;DNA repair;Helicase;Hydrolase;Nucleotide-binding;Reference proteome
g2192,887821,Rv2120c,O33255,CDS,Plasma Membrane,,integral membrane protein,,,,,,,,Membrane;Reference proteome;Transmembrane;Transmembrane helix
g2193,888689,Rv2121c,P9WMN1,CDS,Cytoplasmic,hisG,ATP phosphoribosyltransferase,,,Metabolism,Amino acid metabolism,Histidine metabolism,ATP phosphoribosyltransferase family. Long subfamily,Amino-acid biosynthesis; L-histidine biosynthesis; L-histidine from 5-phospho-alpha-D-ribose 1-diphosphate,3D-structure;Amino-acid biosynthesis;ATP-binding;Cytoplasm;Glycosyltransferase;Histidine biosynthesis;Magnesium;Metal-binding;Nucleotide-binding;Reference proteome;Transferase
g2194,888671,Rv2122c,P9WMM9,CDS,Cytoplasmic,hisE,Phosphoribosyl-ATP pyrophosphatase,,,Metabolism,Amino acid metabolism,Histidine metabolism,PRA-PH family,Amino-acid biosynthesis; L-histidine biosynthesis; L-histidine from 5-phospho-alpha-D-ribose 1-diphosphate,3D-structure;Amino-acid biosynthesis;ATP-binding;Cytoplasm;Histidine biosynthesis;Hydrolase;Nucleotide-binding;Reference proteome
g2195,888710,Rv2123,Q79FH3,CDS,Extracellular,PPE37,PPE family protein PPE37,,,,,,mycobacterial PPE family,,Cell membrane;Iron;Membrane;Metal-binding;Reference proteome;Transmembrane;Transmembrane helix
g2196,888711,Rv2124c,O33259,CDS,Cytoplasmic,metH,Methionine synthase,,,Metabolism; Organismal Systems,Amino acid metabolism; Metabolism of other amino acids; Metabolism of cofactors and vitamins; Digestive system,Cysteine and methionine metabolism; Selenocompound metabolism; One carbon pool by folate; Folate transport and metabolism; Cobalamin transport and metabolism,vitamin-B12 dependent methionine synthase family,Amino-acid biosynthesis; L-methionine biosynthesis via de novo pathway; L-methionine from L-homocysteine (MetH route),Amino-acid biosynthesis;Cobalamin;Cobalt;Metal-binding;Methionine biosynthesis;Methyltransferase;Reference proteome;Repeat;S-adenosyl-L-methionine;Transferase;Zinc
g2197,887798,Rv2125,O33260,CDS,Cytoplasmic,,PAC2 family protein,,,,,,,,3D-structure;Reference proteome
g2198,887791,Rv2126c,L0TBL4,CDS,Extracellular,PE_PGRS37,PE-PGRS family protein PE_PGRS37,,,,,,,,Reference proteome
g2199,887715,Rv2127,P9WQM9,CDS,Plasma Membrane,ansP1,L-asparagine permease 1,signaling and cellular processes,Transporters,,,,amino acid-polyamine-organocation (APC) superfamily. Amino acid transporter (AAT) (TC 2.A.3.1) family,,Amino-acid transport;Cell membrane;Membrane;Reference proteome;Transmembrane;Transmembrane helix;Transport
g2200,887764,Rv2128,O33262,CDS,Plasma Membrane,,transmembrane protein,,,,,,,,Membrane;Reference proteome;Transmembrane;Transmembrane helix
g2201,887841,Rv2129c,O33263,CDS,Plasma Membrane,,oxidoreductase,,,,,,short-chain dehydrogenases/reductases (SDR) family,,Oxidoreductase;Reference proteome
g2202,887492,Rv2130c,P9WJM9,CDS,Cytoplasmic,mshC,L-cysteine:1D-myo-inositol 2-amino-2-deoxy-alpha-D-glucopyranoside ligase,,,,,,class-I aminoacyl-tRNA synthetase family. MshC subfamily,,ATP-binding;Ligase;Metal-binding;Nucleotide-binding;Reference proteome;Zinc
g2203,888142,Rv2131c,P9WKJ1,CDS,Cytoplasmic,cysQ,3'-phosphoadenosine 5'-phosphate phosphatase,genetic information processing,Transfer RNA biogenesis,Metabolism,Energy metabolism,Sulfur metabolism,inositol monophosphatase superfamily,Sulfur metabolism; sulfate assimilation,3D-structure;Hydrolase;Magnesium;Metal-binding;Reference proteome
g2204,887827,Rv2132,O06243,CDS,Cytoplasmic,,Ribbon-helix-helix protein CopG domain-containing protein,signaling and cellular processes,Prokaryotic defense system,,,,,,Reference proteome
g2205,887616,Rv2133c,O06242,CDS,Cytoplasmic,,Protein Rv2133c,,,,,,,,Direct protein sequencing;Reference proteome
g2206,887844,Rv2134c,O06241,CDS,Cytoplasmic,,hypothetical protein,,,,,,,,Reference proteome
g2207,887273,Rv2135c,O06240,CDS,Cytoplasmic,,hypothetical protein,,,,,,,,Reference proteome
g2208,887612,Rv2136c,P9WFF9,CDS,Plasma Membrane,uppP,Undecaprenyl-diphosphatase,metabolism,Peptidoglycan biosynthesis and degradation proteins,Metabolism,Glycan biosynthesis and metabolism,Peptidoglycan biosynthesis; Teichoic acid biosynthesis,UppP family,,Antibiotic resistance;Cell membrane;Cell shape;Cell wall biogenesis/degradation;Hydrolase;Membrane;Peptidoglycan synthesis;Reference proteome;Transmembrane;Transmembrane helix
g2209,888009,Rv2137c,O06238,CDS,Cytoplasmic,,hypothetical protein,,,,,,,,Reference proteome
g2210,887303,Rv2138,O06237,CDS,Plasma Membrane,lppL,lipoprotein LppL,,,,,,,,Lipoprotein;Reference proteome;Signal
g2211,887326,Rv2139,P9WHL1,CDS,Plasma Membrane,pyrD,Dihydroorotate dehydrogenase (quinone),,,Metabolism,Nucleotide metabolism,Pyrimidine metabolism,dihydroorotate dehydrogenase family. Type 2 subfamily,Pyrimidine metabolism; UMP biosynthesis via de novo pathway; orotate from (S)-dihydroorotate (quinone route),3D-structure;Cell membrane;Flavoprotein;FMN;Membrane;Oxidoreductase;Pyrimidine biosynthesis;Reference proteome
g2212,888118,Rv2140c,P9WFN1,CDS,Cytoplasmic,TB18.6,UPF0098 protein Rv2140c,,,,,,UPF0098 family,,3D-structure;Acetylation;Reference proteome
g2213,887384,Rv2141c,L7N684,CDS,Cytoplasmic,dapE2,hypothetical protein,,,,,,peptidase M20A family,,Hydrolase;Metal-binding;Reference proteome;Zinc
g2214,14515895,Rv2142A,P9WJ75,CDS,Cytoplasmic,parD2,Antitoxin ParD2,signaling and cellular processes,Prokaryotic defense system,,,,,,3D-structure;Reference proteome;Toxin-antitoxin system
g2215,888770,Rv2142c,P9WHG5,CDS,Cytoplasmic,parE2,Toxin ParE2,signaling and cellular processes,Prokaryotic defense system,,,,RelE toxin family,,3D-structure;Reference proteome;Toxin-antitoxin system
g2216,887406,Rv2143,O06232,CDS,Cytoplasmic,,Phosphoribosyltransferase domain-containing protein,,,,,,,,Reference proteome
g2217,888202,Rv2144c,O06231,CDS,Plasma Membrane,,transmembrane protein,,,,,,,,Membrane;Reference proteome;Transmembrane;Transmembrane helix
g2218,888224,Rv2145c,P9WMU1,CDS,Cytoplasmic,wag31,Cell wall synthesis protein Wag31,,,,,,DivIVA family,,3D-structure;Cell cycle;Cell division;Cell shape;Coiled coil;Cytoplasm;Phosphoprotein;Reference proteome;Stress response
g2219,888759,Rv2146c,O06230,CDS,Plasma Membrane,,transmembrane protein,signaling and cellular processes,Secretion system,,,,,,Membrane;Reference proteome;Transmembrane;Transmembrane helix
g2220,887394,Rv2147c,P9WGJ5,CDS,Cytoplasmic,sepF,Cell division protein SepF,genetic information processing,Chromosome and associated proteins,,,,SepF family,,Cell cycle;Cell division;Cytoplasm;Reference proteome;Septation
g2221,888127,Rv2148c,P9WFQ7,CDS,Cytoplasmic,,Pyridoxal phosphate homeostasis protein,,,,,,pyridoxal phosphate-binding protein YggS/PROSC family,,Pyridoxal phosphate;Reference proteome
g2222,888121,Rv2149c,P9WKD5,CDS,Cytoplasmic,yfiH,Purine nucleoside phosphorylase Rv2149c,,,Metabolism,Nucleotide metabolism; Amino acid metabolism,Purine metabolism; Cysteine and methionine metabolism,purine nucleoside phosphorylase YfiH/LACC1 family,,Copper;Hydrolase;Metal-binding;Oxidoreductase;Reference proteome;Transferase;Zinc
g2223,888369,Rv2150c,P9WN95,CDS,Cytoplasmic,ftsZ,Cell division protein FtsZ,genetic information processing; signaling and cellular processes,Chromosome and associated proteins; Cytoskeleton proteins; Prokaryotic defense system,,,,FtsZ family,,3D-structure;Cell cycle;Cell division;Cytoplasm;GTP-binding;Nucleotide-binding;Reference proteome;Septation
g2224,888367,Rv2151c,P9WNA1,CDS,Plasma Membrane,ftsQ,Cell division protein FtsQ,genetic information processing,Chromosome and associated proteins,,,,FtsQ/DivIB family. FtsQ subfamily,,Acetylation;Cell cycle;Cell division;Cell membrane;Membrane;Reference proteome;Transmembrane;Transmembrane helix
g2225,887983,Rv2152c,P9WJL7,CDS,Cytoplasmic,murC,UDP-N-acetylmuramate--L-alanine ligase,metabolism,Peptidoglycan biosynthesis and degradation proteins,Metabolism,Glycan biosynthesis and metabolism,Peptidoglycan biosynthesis,MurCDEF family,Cell wall biogenesis; peptidoglycan biosynthesis,ATP-binding;Cell cycle;Cell division;Cell shape;Cell wall biogenesis/degradation;Cytoplasm;Ligase;Nucleotide-binding;Peptidoglycan synthesis;Reference proteome
g2226,888036,Rv2153c,P9WJK9,CDS,Cytoplasmic,murG,UDP-N-acetylglucosamine--N-acetylmuramyl-(pentapeptide) pyrophosphoryl-undecaprenol N-acetylglucosamine transferase,metabolism,Peptidoglycan biosynthesis and degradation proteins,Metabolism; Human Diseases,Glycan biosynthesis and metabolism; Drug resistance: antimicrobial,Peptidoglycan biosynthesis; Vancomycin resistance,glycosyltransferase 28 family. MurG subfamily,Cell wall biogenesis; peptidoglycan biosynthesis,Cell cycle;Cell division;Cell membrane;Cell shape;Cell wall biogenesis/degradation;Glycosyltransferase;Membrane;Peptidoglycan synthesis;Reference proteome;Transferase
g2227,887916,Rv2154c,P9WN97,CDS,Plasma Membrane,ftsW,Probable peptidoglycan glycosyltransferase FtsW,metabolism; genetic information processing; signaling and cellular processes,Glycosyltransferases; Peptidoglycan biosynthesis and degradation proteins; Chromosome and associated proteins; Transporters,Metabolism,Glycan biosynthesis and metabolism,Peptidoglycan biosynthesis,SEDS family. FtsW subfamily,Cell wall biogenesis; peptidoglycan biosynthesis,Cell cycle;Cell division;Cell membrane;Cell shape;Cell wall biogenesis/degradation;Glycosyltransferase;Membrane;Peptidoglycan synthesis;Reference proteome;Transferase;Transmembrane;Transmembrane helix
g2228,888000,Rv2155c,P9WJL5,CDS,Cytoplasmic,murD,UDP-N-acetylmuramoylalanine--D-glutamate ligase,metabolism,Peptidoglycan biosynthesis and degradation proteins,Metabolism,Metabolism of other amino acids; Glycan biosynthesis and metabolism,D-Amino acid metabolism; Peptidoglycan biosynthesis,MurCDEF family,Cell wall biogenesis; peptidoglycan biosynthesis,ATP-binding;Cell cycle;Cell division;Cell shape;Cell wall biogenesis/degradation;Cytoplasm;Direct protein sequencing;Ligase;Nucleotide-binding;Peptidoglycan synthesis;Reference proteome
g2229,888098,Rv2156c,P9WMW7,CDS,Plasma Membrane,mraY,Phospho-N-acetylmuramoyl-pentapeptide-transferase,metabolism,Peptidoglycan biosynthesis and degradation proteins,Metabolism; Human Diseases,Glycan biosynthesis and metabolism; Drug resistance: antimicrobial,Peptidoglycan biosynthesis; Vancomycin resistance,glycosyltransferase 4 family. MraY subfamily,Cell wall biogenesis; peptidoglycan biosynthesis,Cell cycle;Cell division;Cell membrane;Cell shape;Cell wall biogenesis/degradation;Magnesium;Membrane;Metal-binding;Peptidoglycan synthesis;Reference proteome;Transferase;Transmembrane;Transmembrane helix
g2230,887826,Rv2157c,P9WJL1,CDS,Cytoplasmic,murF,UDP-N-acetylmuramoyl-tripeptide--D-alanyl-D-alanine ligase,,,Metabolism; Human Diseases,Amino acid metabolism; Glycan biosynthesis and metabolism; Drug resistance: antimicrobial,Lysine biosynthesis; Peptidoglycan biosynthesis; Vancomycin resistance,MurCDEF family. MurF subfamily,Cell wall biogenesis; peptidoglycan biosynthesis,ATP-binding;Cell cycle;Cell division;Cell shape;Cell wall biogenesis/degradation;Cytoplasm;Ligase;Nucleotide-binding;Peptidoglycan synthesis;Reference proteome
g2231,887252,Rv2158c,P9WJL3,CDS,Cytoplasmic,murE,"UDP-N-acetylmuramoyl-L-alanyl-D-glutamate--2,6-diaminopimelate ligase",metabolism,Peptidoglycan biosynthesis and degradation proteins,Metabolism,Amino acid metabolism; Glycan biosynthesis and metabolism,Lysine biosynthesis; Peptidoglycan biosynthesis,MurCDEF family. MurE subfamily,Cell wall biogenesis; peptidoglycan biosynthesis,3D-structure;ATP-binding;Cell cycle;Cell division;Cell shape;Cell wall biogenesis/degradation;Cytoplasm;Ligase;Magnesium;Nucleotide-binding;Peptidoglycan synthesis;Reference proteome
g2232,887236,Rv2159c,O06218,CDS,Cytoplasmic,,Alkyl hydroperoxide reductase Rv2159c,,,,,,AhpD family,,Oxidoreductase;Peroxidase;Reference proteome;Virulence
g2233,,Rv2160A,L0TBP1,CDS,Cytoplasmic,,HTH tetR-type domain-containing protein,,,,,,,,DNA-binding;Reference proteome;Transcription;Transcription regulation
g2234,,Rv2160c,Q79FG9,CDS,Cytoplasmic,,Tetracyclin repressor-like C-terminal domain-containing protein,,,,,,,,Reference proteome;Transcription;Transcription regulation
g2235,887978,Rv2161c,O06216,CDS,Cytoplasmic,,hypothetical protein,,,,,,,,Reference proteome
g2236,887300,Rv2162c,L7N6A1,CDS,Extracellular,PE_PGRS38,PE-PGRS family protein PE_PGRS38,,,,,,,,Reference proteome
g2237,887949,Rv2163c,L0T911,CDS,Plasma Membrane,pbpB,Penicillin-binding protein PbpB,metabolism; genetic information processing,Peptidoglycan biosynthesis and degradation proteins; Chromosome and associated proteins,Metabolism; Human Diseases,Glycan biosynthesis and metabolism; Drug resistance: antimicrobial,Peptidoglycan biosynthesis; beta-Lactam resistance,transpeptidase family,Cell wall biogenesis; peptidoglycan biosynthesis,3D-structure;Cell membrane;Cell shape;Cell wall biogenesis/degradation;Membrane;Peptidoglycan synthesis;Reference proteome;Transmembrane;Transmembrane helix
g2238,887217,Rv2164c,O06213,CDS,Cytoplasmic,,hypothetical protein,,,,,,,,Membrane;Reference proteome;Transmembrane;Transmembrane helix
g2239,888462,Rv2165c,P9WJP1,CDS,Cytoplasmic,rsmH,Ribosomal RNA small subunit methyltransferase H,genetic information processing,Ribosome biogenesis,,,,methyltransferase superfamily. RsmH family,,Cytoplasm;Methyltransferase;Reference proteome;rRNA processing;S-adenosyl-L-methionine;Transferase
g2240,888261,Rv2166c,P9WJN9,CDS,Cytoplasmic,mraZ,Transcriptional regulator MraZ,genetic information processing,Transcription factors,,,,MraZ family,,Cytoplasm;DNA-binding;Reference proteome;Repeat;Transcription;Transcription regulation
g2241,,Rv2167c,P9WKH9,CDS,Cytoplasmic,,Putative transposase for insertion sequence element IS986/IS6110,,,,,,,,DNA recombination;DNA-binding;Reference proteome;Transposable element;Transposition
g2242,,Rv2168c,P9WKH5,CDS,Cytoplasmic,,Insertion element IS6110 uncharacterized 12.0 kDa protein,,,,,,transposase 8 family,,Reference proteome;Transposable element
g2243,888257,Rv2169c,O53503,CDS,Plasma Membrane,,transmembrane protein,,,,,,,,Membrane;Reference proteome;Transmembrane;Transmembrane helix
g2244,888170,Rv2170,O53504,CDS,Cytoplasmic,,GCN5-like protein acetyltransferase Rv2170,,,,,,acetyltransferase family,,Acyltransferase;Antibiotic resistance;Reference proteome;Transferase
g2245,887522,Rv2171,O53505,CDS,Plasma Membrane,lppM,Protein LppM,,,,,,,,3D-structure;Cell wall;Lipid-binding;Lipoprotein;Membrane;Palmitate;Reference proteome;Secreted;Signal;Transmembrane;Transmembrane helix
g2246,888147,Rv2172c,O53506,CDS,Cytoplasmic,,hypothetical protein,,,,,,,,Reference proteome
g2247,888334,Rv2173,O53507,CDS,Cytoplasmic,idsA2,"(2E,6E)-farnesyl diphosphate synthase",metabolism,Prenyltransferases,Metabolism,Metabolism of terpenoids and polyketides; Biosynthesis of other secondary metabolites,Terpenoid backbone biosynthesis; Biosynthesis of various other secondary metabolites,FPP/GGPP synthase family,Isoprenoid biosynthesis; geranyl diphosphate biosynthesis; geranyl diphosphate from dimethylallyl diphosphate and isopentenyl diphosphate; Isoprenoid biosynthesis; farnesyl diphosphate biosynthesis; farnesyl diphosphate from geranyl diphosphate and isopentenyl diphosphate,3D-structure;Lipid biosynthesis;Lipid metabolism;Magnesium;Metal-binding;Reference proteome;Transferase
g2248,887528,Rv2174,O53508,CDS,Plasma Membrane,mptA,Alpha-(1->6)-mannopyranosyltransferase A,metabolism,Glycosyltransferases,Metabolism,Glycan biosynthesis and metabolism,Lipoarabinomannan (LAM) biosynthesis,MptA/B family,,Acetylation;Glycosyltransferase;Membrane;Reference proteome;Transferase;Transmembrane;Transmembrane helix
g2249,887852,Rv2175c,O53509,CDS,Cytoplasmic,,DNA-binding protein Rv2175c,,,,,,,,3D-structure;DNA-binding;Phosphoprotein;Reference proteome
g2250,888340,Rv2176,P9WI63,CDS,Plasma Membrane,pknL,Serine/threonine-protein kinase PknL,metabolism,Protein kinases,,,,protein kinase superfamily. Ser/Thr protein kinase family,,ATP-binding;Cell membrane;Kinase;Membrane;Nucleotide-binding;Phosphoprotein;Reference proteome;Serine/threonine-protein kinase;Transferase;Transmembrane;Transmembrane helix
g2251,888326,Rv2177c,O53511,CDS,Cytoplasmic,,transposase,,,,,,,,Reference proteome
g2252,888309,Rv2178c,O53512,CDS,Cytoplasmic,aroG,Phospho-2-dehydro-3-deoxyheptonate aldolase AroG,,,Metabolism; Cellular Processes,Amino acid metabolism; Cellular community - prokaryotes,"Phenylalanine, tyrosine and tryptophan biosynthesis; Quorum sensing",class-II DAHP synthase family,Metabolic intermediate biosynthesis; chorismate biosynthesis; chorismate from D-erythrose 4-phosphate and phosphoenolpyruvate,3D-structure;Amino-acid biosynthesis;Aromatic amino acid biosynthesis;Cadmium;Cobalt;Manganese;Metal-binding;Reference proteome;Transferase
g2253,887927,Rv2179c,P9WJ73,CDS,Cytoplasmic,,3'-5' exoribonuclease Rv2179c,,,,,,,,3D-structure;Exonuclease;Hydrolase;Magnesium;Metal-binding;Nuclease;Reference proteome
g2254,887954,Rv2180c,O53514,CDS,Plasma Membrane,,integral membrane protein,,,,,,,,Membrane;Reference proteome;Transmembrane;Transmembrane helix
g2255,888269,Rv2181,P9WMZ9,CDS,Plasma Membrane,,Polyprenol-phosphate-mannose-dependent alpha-(1-2)-phosphatidylinositol mannoside mannosyltransferase,metabolism,Glycosyltransferases,Metabolism,Glycan biosynthesis and metabolism,Lipoarabinomannan (LAM) biosynthesis,glycosyltransferase 87 family,Phospholipid metabolism; phosphatidylinositol metabolism,Cell membrane;Glycosyltransferase;Lipid biosynthesis;Lipid metabolism;Membrane;Phospholipid biosynthesis;Phospholipid metabolism;Reference proteome;Transferase;Transmembrane;Transmembrane helix;Virulence
g2256,888625,Rv2182c,O53516,CDS,Plasma Membrane,,1-acylglycerol-3-phosphate O-acyltransferase,metabolism,Lipid biosynthesis proteins,Metabolism,Lipid metabolism,Glycerolipid metabolism; Glycerophospholipid metabolism,,,Acyltransferase;Reference proteome;Transferase
g2257,887650,Rv2183c,O53517,CDS,Cytoplasmic,,hypothetical protein,,,,,,,,Reference proteome
g2258,888152,Rv2184c,O53518,CDS,Cytoplasmic,,Protein Rv2184c,genetic information processing; signaling and cellular processes,Membrane trafficking; Transporters,Genetic Information Processing,"Folding, sorting and degradation",Protein export,arsA ATPase family,,Direct protein sequencing;Reference proteome
g2259,887239,Rv2185c,O53519,CDS,Cytoplasmic,TB16.3,hypothetical protein,,,,,,,,Reference proteome
g2260,887347,Rv2186c,O53520,CDS,Cytoplasmic,,Polyketide cyclase / dehydrase and lipid transport,,,,,,,,3D-structure;Reference proteome
g2261,887456,Rv2187,O53521,CDS,Cytoplasmic,fadD15,Long-chain-fatty-acid--CoA ligase FadD15,metabolism; signaling and cellular processes,Lipid biosynthesis proteins; Exosome,Metabolism; Cellular Processes,Lipid metabolism; Transport and catabolism; Cellular community - prokaryotes,Fatty acid biosynthesis; Fatty acid degradation; Peroxisome; Quorum sensing,ATP-dependent AMP-binding enzyme family,Lipid metabolism; fatty acid biosynthesis,ATP-binding;Fatty acid metabolism;Ligase;Lipid metabolism;Nucleotide-binding;Reference proteome
g2262,887278,Rv2188c,P9WMZ3,CDS,Cytoplasmic,pimB,GDP-mannose-dependent alpha-(1-6)-phosphatidylinositol monomannoside mannosyltransferase,metabolism,Glycosyltransferases,Metabolism,Glycan biosynthesis and metabolism,Lipoarabinomannan (LAM) biosynthesis,glycosyltransferase group 1 family. Glycosyltransferase 4 subfamily,Phospholipid metabolism; phosphatidylinositol metabolism,Glycosyltransferase;Lipid biosynthesis;Lipid metabolism;Phospholipid biosynthesis;Phospholipid metabolism;Reference proteome;Transferase;Virulence
g2263,887575,Rv2189c,O53523,CDS,Extracellular,,DUF4157 domain-containing protein,,,,,,,,Reference proteome
g2264,888670,Rv2190c,P9WHU3,CDS,Extracellular,,Probable endopeptidase Rv2190c,,,,,,peptidase C40 family,,3D-structure;Hydrolase;Protease;Reference proteome;Thiol protease
g2265,887265,Rv2191,P9WLJ1,CDS,Cytoplasmic,,Putative bifunctional exonuclease/endonuclease protein Rv2191,genetic information processing,DNA replication proteins; DNA repair and recombination proteins,Genetic Information Processing,Replication and repair,DNA replication; Mismatch repair; Homologous recombination,,,Endonuclease;Exonuclease;Hydrolase;Multifunctional enzyme;Nuclease;Reference proteome
g2266,887681,Rv2192c,P9WFX5,CDS,Cytoplasmic,trpD,Anthranilate phosphoribosyltransferase,,,Metabolism,Amino acid metabolism,"Phenylalanine, tyrosine and tryptophan biosynthesis",anthranilate phosphoribosyltransferase family,Amino-acid biosynthesis; L-tryptophan biosynthesis; L-tryptophan from chorismate,3D-structure;Acetylation;Amino-acid biosynthesis;Aromatic amino acid biosynthesis;Glycosyltransferase;Magnesium;Metal-binding;Reference proteome;Transferase;Tryptophan biosynthesis
g2267,887425,Rv2193,P9WP67,CDS,Plasma Membrane,ctaE,Probable cytochrome c oxidase subunit 3,,,Metabolism,Energy metabolism,Oxidative phosphorylation,cytochrome c oxidase subunit 3 family,,3D-structure;Acetylation;Cell membrane;Membrane;Reference proteome;Translocase;Transmembrane;Transmembrane helix
g2268,888737,Rv2194,P9WP35,CDS,Plasma Membrane,qcrC,Cytochrome bc1 complex cytochrome c subunit,,,Metabolism,Energy metabolism,Oxidative phosphorylation,,,3D-structure;Cell membrane;Electron transport;Heme;Iron;Membrane;Metal-binding;Reference proteome;Repeat;Respiratory chain;Translocase;Transmembrane;Transmembrane helix;Transport
g2269,888420,Rv2195,P9WH23,CDS,Plasma Membrane,qcrA,Cytochrome bc1 complex Rieske iron-sulfur subunit,,,Metabolism,Energy metabolism,Oxidative phosphorylation,Rieske iron-sulfur protein family,,2Fe-2S;3D-structure;Cell membrane;Disulfide bond;Electron transport;Iron;Iron-sulfur;Membrane;Metal-binding;Oxidoreductase;Reference proteome;Respiratory chain;Transmembrane;Transmembrane helix;Transport
g2270,887400,Rv2196,P9WP37,CDS,Plasma Membrane,qcrB,Cytochrome bc1 complex cytochrome b subunit,,,Metabolism,Energy metabolism,Oxidative phosphorylation,cytochrome b family,,3D-structure;Cell membrane;Electron transport;Heme;Iron;Membrane;Metal-binding;Reference proteome;Respiratory chain;Translocase;Transmembrane;Transmembrane helix;Transport
g2271,887213,Rv2197c,P9WLI9,CDS,Plasma Membrane,,Uncharacterized protein Rv2197c,,,,,,,,Cell membrane;Membrane;Reference proteome;Transmembrane;Transmembrane helix
g2272,887471,Rv2198c,P9WJT1,CDS,Plasma Membrane,mmpS3,Probable transport accessory protein MmpS3,,,,,,MmpS family,,Acetylation;Cell membrane;Membrane;Reference proteome;Transmembrane;Transmembrane helix
g2273,888692,Rv2199c,P9WP45,CDS,Plasma Membrane,ctaF,Probable cytochrome c oxidase polypeptide 4,,,Metabolism,Energy metabolism,Oxidative phosphorylation,cytochrome c oxidase bacterial subunit CtaF family,,3D-structure;Cell membrane;Membrane;Reference proteome;Translocase;Transmembrane;Transmembrane helix
g2274,888799,Rv2200c,P9WP69,CDS,Plasma Membrane,ctaC,Cytochrome c oxidase subunit 2,,,Metabolism,Energy metabolism,Oxidative phosphorylation,cytochrome c oxidase subunit 2 family,,3D-structure;Cell membrane;Copper;Electron transport;Heme;Iron;Membrane;Metal-binding;Reference proteome;Respiratory chain;Signal;Translocase;Transmembrane;Transmembrane helix;Transport
g2275,888472,Rv2201,P9WN33,CDS,Cytoplasmic,asnB,Putative asparagine synthetase [glutamine-hydrolyzing],metabolism,Peptidases and inhibitors,Metabolism,Amino acid metabolism,"Alanine, aspartate and glutamate metabolism",asparagine synthetase family,Amino-acid biosynthesis; L-asparagine biosynthesis; L-asparagine from L-aspartate (L-Gln route),Amino-acid biosynthesis;Asparagine biosynthesis;ATP-binding;Glutamine amidotransferase;Ligase;Nucleotide-binding;Reference proteome
g2276,888551,Rv2202c,P9WID5,CDS,Cytoplasmic,adoK,Adenosine kinase,,,Metabolism,Nucleotide metabolism,Purine metabolism,carbohydrate kinase PfkB family,Purine metabolism; AMP biosynthesis via salvage pathway; AMP from adenosine,3D-structure;Acetylation;ATP-binding;Kinase;Magnesium;Nucleotide-binding;Purine salvage;Reference proteome;Transferase
g2277,888318,Rv2203,P9WLI7,CDS,Plasma Membrane,,Uncharacterized protein Rv2203,,,,,,,,Membrane;Reference proteome;Transmembrane;Transmembrane helix
g2278,888428,Rv2204c,P9WMN5,CDS,Cytoplasmic,,Protein Rv2204c,,,,,,HesB/IscA family,,Acetylation;Reference proteome
g2279,887277,Rv2205c,P9WMT7,CDS,Cytoplasmic,,Uncharacterized protein Rv2205c,,,Metabolism,Carbohydrate metabolism; Lipid metabolism; Amino acid metabolism,"Glyoxylate and dicarboxylate metabolism; Glycerolipid metabolism; Glycine, serine and threonine metabolism",glycerate kinase type-1 family,,Kinase;Reference proteome;Transferase
g2280,888107,Rv2206,P9WLI5,CDS,Plasma Membrane,,Uncharacterized protein Rv2206,,,,,,,,Cell membrane;Membrane;Reference proteome;Transmembrane;Transmembrane helix
g2281,887781,Rv2207,P9WP85,CDS,Cytoplasmic,cobT,Nicotinate-nucleotide--dimethylbenzimidazole phosphoribosyltransferase,,,Metabolism,Metabolism of cofactors and vitamins,Porphyrin metabolism,CobT family,"Nucleoside biosynthesis; alpha-ribazole biosynthesis; alpha-ribazole from 5,6-dimethylbenzimidazole",Cobalamin biosynthesis;Glycosyltransferase;Reference proteome;Transferase
g2282,887572,Rv2208,P9WP91,CDS,Plasma Membrane,cobS,Adenosylcobinamide-GDP ribazoletransferase,,,Metabolism,Metabolism of cofactors and vitamins,Porphyrin metabolism,CobS family,"Cofactor biosynthesis; adenosylcobalamin biosynthesis; adenosylcobalamin from cob(II)yrinate a,c-diamide",Cell membrane;Cobalamin biosynthesis;Magnesium;Membrane;Reference proteome;Transferase;Transmembrane;Transmembrane helix
g2283,887230,Rv2209,P9WLI3,CDS,Plasma Membrane,,Uncharacterized protein Rv2209,,,,,,,,Cell membrane;Membrane;Reference proteome;Transmembrane;Transmembrane helix
g2284,888352,Rv2210c,P9WQ75,CDS,Cytoplasmic,ilvE,Branched-chain-amino-acid aminotransferase,metabolism,Amino acid related enzymes,Metabolism,Amino acid metabolism; Metabolism of cofactors and vitamins,"Cysteine and methionine metabolism; Valine, leucine and isoleucine degradation; Valine, leucine and isoleucine biosynthesis; Pantothenate and CoA biosynthesis",class-IV pyridoxal-phosphate-dependent aminotransferase family,Amino-acid biosynthesis; L-isoleucine biosynthesis; L-isoleucine from 2-oxobutanoate; Amino-acid biosynthesis; L-leucine biosynthesis; L-leucine from 3-methyl-2-oxobutanoate; Amino-acid biosynthesis; L-valine biosynthesis; L-valine from pyruvate,3D-structure;Amino-acid biosynthesis;Aminotransferase;Branched-chain amino acid biosynthesis;Pyridoxal phosphate;Reference proteome;Transferase
g2285,887233,Rv2211c,P9WN51,CDS,Cytoplasmic,gcvT,Aminomethyltransferase,,,Metabolism,Carbohydrate metabolism; Amino acid metabolism; Metabolism of cofactors and vitamins,"Glyoxylate and dicarboxylate metabolism; Glycine, serine and threonine metabolism; Lipoic acid metabolism; One carbon pool by folate",GcvT family,,Aminotransferase;Reference proteome;Transferase
g2286,887979,Rv2212,P9WMU7,CDS,Cytoplasmic,,Uncharacterized protein Rv2212,,,,,,adenylyl cyclase class-4/guanylyl cyclase family,,Reference proteome
g2287,888105,Rv2213,P9WHT3,CDS,Cytoplasmic,pepA,Probable cytosol aminopeptidase,metabolism,Peptidases and inhibitors,Metabolism,Metabolism of other amino acids,Glutathione metabolism,peptidase M17 family,,Aminopeptidase;Cytoplasm;Hydrolase;Manganese;Metal-binding;Protease;Reference proteome
g2288,887472,Rv2214c,P9WGS3,CDS,Plasma Membrane,ephD,Probable oxidoreductase EphD,,,,,,short-chain dehydrogenases/reductases (SDR) family,,Oxidoreductase;Reference proteome
g2289,888777,Rv2215,P9WIS7,CDS,Cytoplasmic,dlaT,Dihydrolipoyllysine-residue acetyltransferase component of pyruvate dehydrogenase complex,,,Metabolism,Carbohydrate metabolism; Metabolism of cofactors and vitamins,Glycolysis / Gluconeogenesis; Citrate cycle (TCA cycle); Pyruvate metabolism; Lipoic acid metabolism,2-oxoacid dehydrogenase family,,Acetylation;Acyltransferase;Antioxidant;Lipoyl;Reference proteome;Repeat;Transferase;Virulence
g2290,887640,Rv2216,P9WGP7,CDS,Cytoplasmic,,Epimerase family protein Rv2216,,,,,,NAD(P)-dependent epimerase/dehydratase family. SDR39U1 subfamily,,Reference proteome
g2291,887626,Rv2217,P9WK83,CDS,Cytoplasmic,lipB,Octanoyltransferase,,,Metabolism,Metabolism of cofactors and vitamins,Lipoic acid metabolism,LipB family,Protein modification; protein lipoylation via endogenous pathway; protein N(6)-(lipoyl)lysine from octanoyl-[acyl-carrier-protein],3D-structure;Acyltransferase;Cytoplasm;Reference proteome;Transferase
g2292,887922,Rv2218,P9WK91,CDS,Cytoplasmic,lipA,Lipoyl synthase,,,Metabolism,Metabolism of cofactors and vitamins,Lipoic acid metabolism,radical SAM superfamily. Lipoyl synthase family,Protein modification; protein lipoylation via endogenous pathway; protein N(6)-(lipoyl)lysine from octanoyl-[acyl-carrier-protein],3D-structure;4Fe-4S;Cytoplasm;Iron;Iron-sulfur;Metal-binding;Reference proteome;S-adenosyl-L-methionine;Transferase
g2293,888380,Rv2219,P9WLI1,CDS,Plasma Membrane,,Uncharacterized protein Rv2219,,,,,,,,Cell membrane;Membrane;Reference proteome;Signal;Transmembrane;Transmembrane helix
g2294,3205099,Rv2219A,Q79FG7,CDS,Plasma Membrane,,membrane protein,,,,,,,,Cell membrane;Membrane;Reference proteome;Transmembrane;Transmembrane helix
g2295,888383,Rv2220,P9WN39,CDS,Cytoplasmic,glnA1,Glutamine synthetase,signaling and cellular processes,Exosome,Metabolism; Environmental Information Processing,Carbohydrate metabolism; Energy metabolism; Amino acid metabolism; Signal transduction,"Glyoxylate and dicarboxylate metabolism; Nitrogen metabolism; Alanine, aspartate and glutamate metabolism; Arginine biosynthesis; Two-component system",glutamine synthetase family,,3D-structure;ATP-binding;Cytoplasm;Direct protein sequencing;Ligase;Magnesium;Metal-binding;Nucleotide-binding;Phosphoprotein;Reference proteome;Virulence
g2296,887995,Rv2221c,P9WN27,CDS,Cytoplasmic,glnE,Bifunctional glutamine synthetase adenylyltransferase/adenylyl-removing enzyme,,,,,,GlnE family,,ATP-binding;Magnesium;Multifunctional enzyme;Nucleotide-binding;Nucleotidyltransferase;Reference proteome;Transferase
g2297,888238,Rv2222c,P9WN37,CDS,Cytoplasmic,glnA2,Glutamine synthetase,signaling and cellular processes,Exosome,Metabolism; Environmental Information Processing,Carbohydrate metabolism; Energy metabolism; Amino acid metabolism; Signal transduction,"Glyoxylate and dicarboxylate metabolism; Nitrogen metabolism; Alanine, aspartate and glutamate metabolism; Arginine biosynthesis; Two-component system",glutamine synthetase family,,ATP-binding;Cytoplasm;Isopeptide bond;Ligase;Magnesium;Metal-binding;Nucleotide-binding;Reference proteome;Ubl conjugation
g2298,888093,Rv2223c,P9WHR5,CDS,Extracellular,caeB,Carboxylesterase B,,,,,,peptidase S33 family,,Hydrolase;Reference proteome;Secreted;Signal
g2299,887857,Rv2224c,P9WHR3,CDS,Plasma Membrane,hip1,Serine protease Hip1,,,,,,peptidase S33 family,,3D-structure;Cell membrane;Disulfide bond;Hydrolase;Lipoprotein;Membrane;Palmitate;Reference proteome;Signal;Virulence
g2300,19394678,Rv2224d,,CDS,,,hypothetical protein,,,,,,,,
g2301,887440,Rv2225,P9WIL7,CDS,Cytoplasmic,panB,3-methyl-2-oxobutanoate hydroxymethyltransferase,,,Metabolism,Metabolism of cofactors and vitamins,Pantothenate and CoA biosynthesis,PanB family,Cofactor biosynthesis; (R)-pantothenate biosynthesis; (R)-pantoate from 3-methyl-2-oxobutanoate,3D-structure;Acetylation;Cytoplasm;Direct protein sequencing;Magnesium;Metal-binding;Pantothenate biosynthesis;Reference proteome;Transferase;Ubl conjugation
g2302,888513,Rv2226,P9WLH9,CDS,Cytoplasmic,,Uncharacterized protein Rv2226,,,,,,,,Reference proteome
g2303,888581,Rv2227,P9WLH7,CDS,Plasma Membrane,,Uncharacterized protein Rv2227,,,,,,,,Reference proteome
g2304,888108,Rv2228c,P9WLH5,CDS,Cytoplasmic,,Bifunctional protein Rv2228c,genetic information processing,DNA replication proteins,Metabolism; Genetic Information Processing,Metabolism of cofactors and vitamins; Replication and repair,Porphyrin metabolism; DNA replication,In the N-terminal section; belongs to the RNase H family; In the C-terminal section; belongs to the histidine phosphatase superfamily,"Nucleoside biosynthesis; alpha-ribazole biosynthesis; alpha-ribazole from 5,6-dimethylbenzimidazole",3D-structure;Endonuclease;Hydrolase;Magnesium;Metal-binding;Multifunctional enzyme;Nuclease;Reference proteome
g2305,888264,Rv2229c,P9WLH3,CDS,Cytoplasmic,,Uncharacterized protein Rv2229c,,,,,,,,Coiled coil;Reference proteome
g2306,888231,Rv2230c,P9WFM1,CDS,Cytoplasmic,,GTP cyclohydrolase 1 type 2 homolog,,,,,,GTP cyclohydrolase I type 2/NIF3 family,,Metal-binding;Reference proteome
g2307,14515883,Rv2231A,P0CV93,CDS,Extracellular,vapC16,Ribonuclease VapC16,signaling and cellular processes,Prokaryotic defense system,,,,PINc/VapC protein family,,Hydrolase;Magnesium;Metal-binding;Nuclease;Reference proteome;Toxin-antitoxin system
g2308,14515901,Rv2231B,P0CW31,CDS,Cytoplasmic,vapB16,Putative antitoxin VapB16,signaling and cellular processes,Prokaryotic defense system,,,,,,Reference proteome;Toxin-antitoxin system
g2309,888337,Rv2231c,P9WQ89,CDS,Cytoplasmic,cobC,Histidinol-phosphate aminotransferase Rv2231c,metabolism,Amino acid related enzymes,Metabolism,Amino acid metabolism; Biosynthesis of other secondary metabolites,"Histidine metabolism; Tyrosine metabolism; Phenylalanine metabolism; Phenylalanine, tyrosine and tryptophan biosynthesis; Novobiocin biosynthesis",class-I pyridoxal-phosphate-dependent aminotransferase family,,Aminotransferase;Cell wall;Pyridoxal phosphate;Reference proteome;Secreted;Transferase
g2310,887597,Rv2232,P9WPI9,CDS,Cytoplasmic,ptkA,Tyrosine-protein kinase PtkA,,,,,,HAD-like hydrolase superfamily. CbbY/CbbZ/Gph/YieH family,,3D-structure;ATP-binding;Kinase;Nucleotide-binding;Phosphoprotein;Reference proteome;Transferase;Tyrosine-protein kinase;Virulence
g2311,887373,Rv2234,P9WIA1,CDS,Cytoplasmic,ptpA,Low molecular weight protein-tyrosine phosphatase A,,,Environmental Information Processing,Signal transduction,Two-component system,low molecular weight phosphotyrosine protein phosphatase family,,3D-structure;Host cytoplasm;Host cytoplasmic vesicle;Host nucleus;Hydrolase;Phosphoprotein;Protein phosphatase;Reference proteome;S-nitrosylation;Secreted;Virulence
g2312,887606,Rv2235,P9WGA7,CDS,Plasma Membrane,,Uncharacterized SURF1-like protein Rv2235,,,,,,SURF1 family,,Cell membrane;Membrane;Reference proteome;Transmembrane;Transmembrane helix
g2313,887513,Rv2236c,P9WP93,CDS,Plasma Membrane,cobD,Cobalamin biosynthesis protein CobD,,,Metabolism,Metabolism of cofactors and vitamins,Porphyrin metabolism,CobD/CbiB family,Cofactor biosynthesis; adenosylcobalamin biosynthesis,Cell membrane;Cobalamin biosynthesis;Membrane;Reference proteome;Transmembrane;Transmembrane helix
g2314,887840,Rv2237,P9WLH1,CDS,Plasma Membrane,,Uncharacterized protein Rv2237,,,,,,,,Cell membrane;Membrane;Reference proteome;Transmembrane;Transmembrane helix
g2315,14515864,Rv2237A,I6XDU8,CDS,Cytoplasmic,,hypothetical protein,,,,,,,,Coiled coil;Reference proteome
g2316,887871,Rv2238c,P9WIE3,CDS,Cytoplasmic,ahpE,Alkyl hydroperoxide reductase E,,,,,,peroxiredoxin family. AhpE subfamily,,3D-structure;Antioxidant;Oxidoreductase;Peroxidase;Redox-active center;Reference proteome
g2317,888451,Rv2239c,P9WLG9,CDS,Cytoplasmic,,Uncharacterized protein Rv2239c,,,,,,,,Reference proteome
g2318,888600,Rv2240c,P9WLG7,CDS,Plasma Membrane,,Uncharacterized protein Rv2240c,,,,,,,,Membrane;Reference proteome;Transmembrane;Transmembrane helix
g2319,887246,Rv2241,P9WIS9,CDS,Cytoplasmic,aceE,Pyruvate dehydrogenase E1 component,,,Metabolism,Carbohydrate metabolism; Metabolism of cofactors and vitamins,Glycolysis / Gluconeogenesis; Citrate cycle (TCA cycle); Pyruvate metabolism; Lipoic acid metabolism,,,Direct protein sequencing;Isopeptide bond;Magnesium;Oxidoreductase;Pyruvate;Reference proteome;Thiamine pyrophosphate;Ubl conjugation
g2320,888624,Rv2242,P9WPH5,CDS,Cytoplasmic,,Uncharacterized protein Rv2242,,,,,,CdaR family,,3D-structure;Reference proteome
g2321,888769,Rv2243,P9WNG5,CDS,Cytoplasmic,fabD,Malonyl CoA-acyl carrier protein transacylase,metabolism,Lipid biosynthesis proteins,Metabolism,Lipid metabolism; Biosynthesis of other secondary metabolites,Fatty acid biosynthesis; Mycolic acid biosynthesis; Prodigiosin biosynthesis,FabD family,Lipid metabolism; fatty acid biosynthesis,3D-structure;Acyltransferase;Fatty acid biosynthesis;Fatty acid metabolism;Isopeptide bond;Lipid biosynthesis;Lipid metabolism;Reference proteome;Transferase;Ubl conjugation
g2322,888272,Rv2244,P9WQF3,CDS,Cytoplasmic,acpM,Meromycolate extension acyl carrier protein,,,Metabolism,Lipid metabolism; Biosynthesis of other secondary metabolites,Fatty acid biosynthesis; Mycolic acid biosynthesis; Biosynthesis of various antibiotics,acyl carrier protein (ACP) family,,3D-structure;Cytoplasm;Fatty acid biosynthesis;Fatty acid metabolism;Lipid biosynthesis;Lipid metabolism;Phosphopantetheine;Phosphoprotein;Reference proteome
g2323,887269,Rv2245,P9WQD9,CDS,Cytoplasmic,kasA,3-oxoacyl-[acyl-carrier-protein] synthase 1,metabolism,Lipid biosynthesis proteins,Metabolism,Lipid metabolism,Mycolic acid biosynthesis,thiolase-like superfamily. Beta-ketoacyl-ACP synthases family,Lipid metabolism; mycolic acid biosynthesis,3D-structure;Acyltransferase;Cytoplasm;Fatty acid biosynthesis;Fatty acid metabolism;Lipid biosynthesis;Lipid metabolism;Phosphoprotein;Reference proteome;Transferase
g2324,887539,Rv2246,P9WQD7,CDS,Cytoplasmic,kasB,3-oxoacyl-[acyl-carrier-protein] synthase 2,metabolism,Lipid biosynthesis proteins,Metabolism,Lipid metabolism,Mycolic acid biosynthesis,thiolase-like superfamily. Beta-ketoacyl-ACP synthases family,Lipid metabolism; mycolic acid biosynthesis,3D-structure;Acyltransferase;Cytoplasm;Fatty acid biosynthesis;Fatty acid metabolism;Lipid biosynthesis;Lipid metabolism;Phosphoprotein;Reference proteome;Transferase
g2325,887671,Rv2247,P9WQH5,CDS,Cytoplasmic,accD6,Biotin-dependent acetyl-/propionyl-coenzyme A carboxylase beta6 subunit,,,Metabolism,Carbohydrate metabolism; Lipid metabolism; Amino acid metabolism,"Pyruvate metabolism; Glyoxylate and dicarboxylate metabolism; Propanoate metabolism; Fatty acid biosynthesis; Mycolic acid biosynthesis; Valine, leucine and isoleucine degradation",AccD/PCCB family,Lipid metabolism; fatty acid biosynthesis; Lipid metabolism; mycolic acid biosynthesis,3D-structure;Acetylation;Fatty acid biosynthesis;Fatty acid metabolism;Lipid biosynthesis;Lipid metabolism;Reference proteome;Transferase
g2326,888603,Rv2248,P9WLG5,CDS,Cytoplasmic,,Uncharacterized protein Rv2248,,,,,,,,Reference proteome
g2327,887276,Rv2249c,P9WN81,CDS,Plasma Membrane,glpD1,Glycerol-3-phosphate dehydrogenase 1,,,Metabolism,Lipid metabolism,Glycerophospholipid metabolism,FAD-dependent glycerol-3-phosphate dehydrogenase family,,Cytoplasm;FAD;Flavoprotein;Glycerol metabolism;Oxidoreductase;Reference proteome
g2328,,Rv2250A,L0TBY6,CDS,Extracellular,,Protein Rv2250A,,,,,,,,Direct protein sequencing;Reference proteome
g2329,888018,Rv2250c,P9WMC5,CDS,Cytoplasmic,,Uncharacterized HTH-type transcriptional regulator Rv2250c,,,,,,,,DNA-binding;Reference proteome;Transcription;Transcription regulation
g2330,888706,Rv2251,L0TBR2,CDS,Cytoplasmic,,flavoprotein,,,Metabolism; Cellular Processes,Lipid metabolism; Transport and catabolism,Ether lipid metabolism; Peroxisome,FAD-binding oxidoreductase/transferase type 4 family,,FAD;Flavoprotein;Reference proteome
g2331,888429,Rv2252,P9WP29,CDS,Cytoplasmic,dagK,Diacylglycerol kinase,,,Metabolism,Lipid metabolism,Glycerolipid metabolism; Glycerophospholipid metabolism,diacylglycerol/lipid kinase family,,ATP-binding;Cell wall;Kinase;Lipid biosynthesis;Lipid metabolism;Magnesium;Metal-binding;Nucleotide-binding;Phospholipid biosynthesis;Phospholipid metabolism;Reference proteome;Secreted;Transferase
g2332,888287,Rv2253,O53527,CDS,Extracellular,,Secreted protein,,,,,,,,Reference proteome;Signal
g2333,887182,Rv2254c,O53528,CDS,Plasma Membrane,,integral membrane protein,,,,,,,,Membrane;Reference proteome;Transmembrane;Transmembrane helix
g2334,,Rv2255c,O53529,CDS,Extracellular,,Hypothetical protein,,,,,,,,Reference proteome
g2335,885526,Rv2256a,,CDS,,,hypothetical protein,,,,,,,,
g2336,885865,Rv2256c,O53530,CDS,Cytoplasmic,,DUF3145 domain-containing protein,,,,,,,,Reference proteome
g2337,888069,Rv2257c,O53531,CDS,Cytoplasmic,,hypothetical protein,,,,,,,,Reference proteome
g2338,888755,Rv2258c,O53532,CDS,Cytoplasmic,,S-adenosylmethionine-dependent methyltransferase Rv2258c,,,,,,class I-like SAM-binding methyltransferase superfamily,,3D-structure;Methyltransferase;Reference proteome;S-adenosyl-L-methionine;Transferase
g2339,887215,Rv2259,O53533,CDS,Cytoplasmic,mscR,S-nitrosomycothiol reductase MscR,,,,,,zinc-containing alcohol dehydrogenase family,,Metal-binding;NAD;Oxidoreductase;Reference proteome;Zinc
g2340,888490,Rv2260,O53534,CDS,Cytoplasmic,,Metallo-beta-lactamase domain-containing protein,,,,,,,,Reference proteome
g2341,,Rv2261c,I6XDW5,CDS,Plasma Membrane,,CN hydrolase domain-containing protein,,,,,,,,Acyltransferase;Cell membrane;Membrane;Reference proteome;Transferase;Transmembrane;Transmembrane helix
g2342,,Rv2262c,O53536,CDS,Plasma Membrane,,CN hydrolase domain-containing protein,,,,,,,,Acyltransferase;Cell membrane;Membrane;Reference proteome;Transferase;Transmembrane;Transmembrane helix
g2343,887788,Rv2263,O53537,CDS,Cytoplasmic,,oxidoreductase,,,,,,short-chain dehydrogenases/reductases (SDR) family,,Oxidoreductase;Reference proteome
g2344,888040,Rv2264c,O53538,CDS,Plasma Membrane,,hypothetical protein,,,,,,,,ATP-binding;Chaperone;Nucleotide-binding;Reference proteome
g2345,887976,Rv2265,P9WLG3,CDS,Plasma Membrane,,Uncharacterized protein Rv2265,,,,,,,,Cell membrane;Membrane;Reference proteome;Transmembrane;Transmembrane helix
g2346,887763,Rv2266,P9WPP3,CDS,Cytoplasmic,cyp124,Methyl-branched lipid omega-hydroxylase,metabolism,Cytochrome P450,,,,cytochrome P450 family,Lipid metabolism; branched-chain fatty acid metabolism,3D-structure;Fatty acid metabolism;Heme;Iron;Lipid metabolism;Metal-binding;Monooxygenase;NADP;Oxidoreductase;Reference proteome
g2347,888487,Rv2267c,P9WLG1,CDS,Plasma Membrane,stf3,Omega-hydroxy-beta-dihydromenaquinone-9 sulfotransferase Stf3,,,,,,Stf3 family,,Reference proteome;Transferase
g2348,888025,Rv2268c,P9WPN7,CDS,Cytoplasmic,cyp128,Beta-dihydromenaquinone-9 omega-hydroxylase,metabolism,Cytochrome P450,,,,cytochrome P450 family,,Cytoplasm;Heme;Iron;Metal-binding;Monooxygenase;Oxidoreductase;Reference proteome
g2349,887623,Rv2269c,P9WLF9,CDS,Extracellular,,Uncharacterized protein Rv2269c,,,,,,,,Reference proteome
g2350,887448,Rv2270,P9WK73,CDS,Plasma Membrane,lppN,Putative lipoprotein LppN,,,,,,,,Cell membrane;Lipoprotein;Membrane;Palmitate;Reference proteome;Signal
g2351,887223,Rv2271,P9WLF7,CDS,Cytoplasmic,,Uncharacterized protein Rv2271,,,,,,,,Reference proteome
g2352,887459,Rv2272,P9WLF5,CDS,Plasma Membrane,,Uncharacterized protein Rv2272,signaling and cellular processes,Transporters,,,,To E.coli YidH,,Cell membrane;Membrane;Reference proteome;Transmembrane;Transmembrane helix
g2353,888440,Rv2273,P9WLF3,CDS,Plasma Membrane,,Uncharacterized protein Rv2273,,,,,,,,Cell membrane;Membrane;Reference proteome;Transmembrane;Transmembrane helix
g2354,14515891,Rv2274A,P0CL60,CDS,Extracellular,mazE8,Antitoxin MazE8,signaling and cellular processes,Prokaryotic defense system,,,,,,Reference proteome;Toxin-antitoxin system
g2355,888067,Rv2274c,P9WIH7,CDS,Extracellular,mazF8,Putative toxin MazF8,signaling and cellular processes,Prokaryotic defense system,,,,,,Endonuclease;Hydrolase;Nuclease;Reference proteome;Toxin-antitoxin system
g2356,888355,Rv2275,P9WPF9,CDS,Cytoplasmic,,Cyclo(L-tyrosyl-L-tyrosyl) synthase,,,,,,CDPS family,,3D-structure;Reference proteome;Transferase
g2357,888373,Rv2276,P9WPP7,CDS,Cytoplasmic,cyp121,Mycocyclosin synthase,metabolism,Cytochrome P450,,,,cytochrome P450 family,,3D-structure;Cytoplasm;Heme;Iron;Metal-binding;Monooxygenase;Oxidoreductase;Reference proteome
g2358,888498,Rv2277c,P9WLF1,CDS,Extracellular,,Uncharacterized protein Rv2277c,,,,,,,,3D-structure;Reference proteome;Signal
g2359,,Rv2278,P9WKH5,CDS,Cytoplasmic,,Insertion element IS6110 uncharacterized 12.0 kDa protein,,,,,,transposase 8 family,,Reference proteome;Transposable element
g2360,,Rv2279,P9WKH9,CDS,Cytoplasmic,,Putative transposase for insertion sequence element IS986/IS6110,,,,,,,,DNA recombination;DNA-binding;Reference proteome;Transposable element;Transposition
g2361,,Rv2280,P9WIT1,CDS,Cytoplasmic,,Uncharacterized FAD-linked oxidoreductase Rv2280,,,,,,oxygen-dependent FAD-linked oxidoreductase family,,FAD;Flavoprotein;Isopeptide bond;Oxidoreductase;Reference proteome;Ubl conjugation
g2362,887257,Rv2281,P9WIA5,CDS,Plasma Membrane,pitB,Putative phosphate permease Rv2281,,,,,,inorganic phosphate transporter (PiT) (TC 2.A.20) family,,Cell membrane;Membrane;Phosphate transport;Reference proteome;Transmembrane;Transmembrane helix;Transport
g2363,887253,Rv2282c,P9WMF3,CDS,Cytoplasmic,,Uncharacterized HTH-type transcriptional regulator Rv2282c,,,,,,LysR transcriptional regulatory family,,DNA-binding;Reference proteome;Transcription;Transcription regulation
g2364,887644,Rv2283,P9WLE9,CDS,Extracellular,,Uncharacterized protein Rv2283,,,,,,,,Reference proteome
g2365,887794,Rv2284,Q50681,CDS,Plasma Membrane,lipM,Probable carboxylic ester hydrolase LipM,,,,,,'GDXG' lipolytic enzyme family,,Hydrolase;Membrane;Reference proteome;Transmembrane;Transmembrane helix
g2366,888632,Rv2285,P9WKB5,CDS,Cytoplasmic,,Putative diacyglycerol O-acyltransferase Rv2285,,,Metabolism,Lipid metabolism,"Cutin, suberine and wax biosynthesis; Glycerolipid metabolism",long-chain O-acyltransferase family,Glycerolipid metabolism; triacylglycerol biosynthesis,Acyltransferase;Glycerol metabolism;Lipid biosynthesis;Lipid metabolism;Reference proteome;Transferase
g2367,887395,Rv2286c,P9WLE7,CDS,Cytoplasmic,,Uncharacterized protein Rv2286c,,,,,,,,Reference proteome
g2368,887570,Rv2287,P9WJI3,CDS,Plasma Membrane,yjcE,Uncharacterized Na(+)/H(+) exchanger Rv2287,signaling and cellular processes,Transporters,,,,monovalent cation:proton antiporter 1 (CPA1) transporter (TC 2.A.36) family,,Antiport;Cell membrane;Ion transport;Membrane;Reference proteome;Sodium;Sodium transport;Transmembrane;Transmembrane helix;Transport
g2369,887702,Rv2288,P9WLE5,CDS,Extracellular,,Uncharacterized protein Rv2288,,,,,,,,Reference proteome
g2370,887342,Rv2289,P9WPG9,CDS,Plasma Membrane,cdh,Probable CDP-diacylglycerol pyrophosphatase,,,Metabolism,Lipid metabolism,Glycerophospholipid metabolism,Cdh family,Phospholipid metabolism; CDP-diacylglycerol degradation; phosphatidate from CDP-diacylglycerol,Cell membrane;Hydrolase;Lipid biosynthesis;Lipid metabolism;Membrane;Phospholipid biosynthesis;Phospholipid metabolism;Reference proteome;Transmembrane;Transmembrane helix
g2371,887203,Rv2290,P9WK71,CDS,Extracellular,lppO,Putative lipoprotein LppO,,,,,,,,Cell membrane;Lipoprotein;Membrane;Palmitate;Reference proteome;Signal
g2372,887174,Rv2291,P9WHF5,CDS,Cytoplasmic,sseB,Putative thiosulfate sulfurtransferase SseB,,,Metabolism; Genetic Information Processing,"Energy metabolism; Amino acid metabolism; Folding, sorting and degradation",Sulfur metabolism; Cysteine and methionine metabolism; Sulfur relay system,,,Reference proteome;Repeat;Transferase
g2373,888805,Rv2292c,P9WLE3,CDS,Cytoplasmic,,Uncharacterized protein Rv2292c,,,,,,,,Reference proteome;Signal
g2374,887283,Rv2293c,P9WLE1,CDS,Extracellular,,Uncharacterized protein Rv2293c,,,,,,,,Cell membrane;Membrane;Reference proteome;Signal;Transmembrane;Transmembrane helix
g2375,885868,Rv2294,P9WQ83,CDS,Cytoplasmic,,Putative cystathionine beta-lyase,metabolism,Amino acid related enzymes,Metabolism,Amino acid metabolism; Metabolism of other amino acids,Cysteine and methionine metabolism; Selenocompound metabolism,class-II pyridoxal-phosphate-dependent aminotransferase family. MalY/PatB cystathionine beta-lyase subfamily,Amino-acid biosynthesis; L-methionine biosynthesis via de novo pathway; L-homocysteine from L-cystathionine,Amino-acid biosynthesis;Lyase;Methionine biosynthesis;Pyridoxal phosphate;Reference proteome
g2376,888540,Rv2295,P9WFL7,CDS,Extracellular,,UPF0167 protein Rv2295,,,,,,UPF0167 family,,Reference proteome
g2377,887796,Rv2296,P9WMS3,CDS,Cytoplasmic,dhmA1,Haloalkane dehalogenase 1,,,Metabolism,Xenobiotics biodegradation and metabolism,Chloroalkane and chloroalkene degradation; Chlorocyclohexane and chlorobenzene degradation,haloalkane dehalogenase family. Type 1 subfamily,,Hydrolase;Reference proteome
g2378,887789,Rv2297,P9WLD9,CDS,Plasma Membrane,,Uncharacterized protein Rv2297,,,,,,,,Reference proteome;Signal
g2379,887344,Rv2298,P9WQA7,CDS,Cytoplasmic,,Uncharacterized oxidoreductase Rv2298,,,,,,aldo/keto reductase family. Aldo/keto reductase 2 subfamily,,NADP;Oxidoreductase;Reference proteome
g2380,887501,Rv2299c,P9WMJ7,CDS,Cytoplasmic,htpG,Chaperone protein HtpG,metabolism; genetic information processing; signaling and cellular processes,Protein phosphatases and associated proteins; Chaperones and folding catalysts; Membrane trafficking; Proteasome; Mitochondrial biogenesis; Exosome,Genetic Information Processing,"Folding, sorting and degradation",Protein processing in endoplasmic reticulum,heat shock protein 90 family,,ATP-binding;Chaperone;Cytoplasm;Nucleotide-binding;Reference proteome;Stress response
g2381,887880,Rv2300c,P9WLD7,CDS,Cytoplasmic,,Probable metallo-hydrolase Rv2300c,,,,,,metallo-beta-lactamase superfamily,,Hydrolase;Metal-binding;Reference proteome;Zinc
g2382,885371,Rv2301,P9WP41,CDS,Extracellular,cut2,Probable carboxylesterase Culp2,,,,,,cutinase family,,Direct protein sequencing;Disulfide bond;Hydrolase;Reference proteome;Secreted;Serine esterase;Signal;Virulence
g2383,885154,Rv2302,P9WLD5,CDS,Cytoplasmic,,Uncharacterized protein Rv2302,,,,,,To M.leprae U650M,,3D-structure;Reference proteome
g2384,885282,Rv2303c,Q50662,CDS,Cytoplasmic,,antibiotic-resistance protein,,,,,,,,Lyase;Reference proteome
g2385,885102,Rv2304c,P9WLD3,CDS,Cytoplasmic,,Uncharacterized protein Rv2304c,,,,,,,,Reference proteome
g2386,885752,Rv2305,P9WLD1,CDS,Plasma Membrane,,Uncharacterized protein Rv2305,,,,,,,,Reference proteome
g2387,,Rv2306A,Q79FG5,CDS,Plasma Membrane,,TVP38/TMEM64 family membrane protein,,,,,,TVP38/TMEM64 family,,Cell membrane;Membrane;Reference proteome;Transmembrane;Transmembrane helix
g2388,,Rv2306B,Q79FG4,CDS,Plasma Membrane,,TVP38/TMEM64 family membrane protein,,,,,,TVP38/TMEM64 family,,Cell membrane;Membrane;Reference proteome;Transmembrane;Transmembrane helix
g2389,,Rv2306c,P9WLC9,CDS,Extracellular,,Uncharacterized protein Rv2306c,,,,,,,,Reference proteome;Signal
g2390,3205073,Rv2307A,L7N678,CDS,Plasma Membrane,,hypothetical protein,,,,,,,,Reference proteome
g2391,3205074,Rv2307B,Q79FG2,CDS,Extracellular,,hypothetical protein,,,,,,,,Reference proteome
g2392,885277,Rv2307c,P9WLC7,CDS,Plasma Membrane,,Uncharacterized protein Rv2307c,,,,,,To S.pombe bem46 and yeast YNL320w,,Cell membrane;Membrane;Reference proteome;Transmembrane;Transmembrane helix
g2393,3205075,Rv2307D,,CDS,,,hypothetical protein,,,,,,,,
g2394,885290,Rv2308,P9WLC5,CDS,Cytoplasmic,,Uncharacterized protein Rv2308,,,,,,,,Reference proteome
g2395,19394679,Rv2308a,,CDS,,,hypothetical protein,,,,,,,,
g2396,3205076,Rv2309A,L7N666,CDS,Cytoplasmic,,hypothetical protein,,,,,,,,Reference proteome
g2397,,Rv2309c,P71903,CDS,Cytoplasmic,,Possible integrase (fragment),,,,,,,,DNA recombination;Reference proteome
g2398,885175,Rv2310,P9WLC3,CDS,Cytoplasmic,,Uncharacterized protein Rv2310,,,,,,,,Reference proteome
g2399,885168,Rv2311,P9WLC1,CDS,Extracellular,,Uncharacterized protein Rv2311,,,,,,,,Reference proteome
g2400,885152,Rv2312,P9WLB9,CDS,Cytoplasmic,,Uncharacterized protein Rv2312,,,,,,,,Reference proteome
g2401,885268,Rv2313c,P9WLB7,CDS,Cytoplasmic,,Uncharacterized protein Rv2313c,,,,,,To E.coli YnjA,,Reference proteome
g2402,885130,Rv2314c,P71898,CDS,Cytoplasmic,,hypothetical protein,,,,,,,,Reference proteome
g2403,885260,Rv2315c,P71897,CDS,Cytoplasmic,,hypothetical protein,metabolism,Peptidases and inhibitors,,,,peptidase U62 family,,Hydrolase;Metalloprotease;Protease;Reference proteome
g2404,885262,Rv2316,P71896,CDS,Plasma Membrane,uspA,sugar ABC transporter permease UspA,signaling and cellular processes,Transporters,,,,binding-protein-dependent transport system permease family,,Cell membrane;Membrane;Reference proteome;Transmembrane;Transmembrane helix;Transport
g2405,885101,Rv2317,L7N652,CDS,Plasma Membrane,uspB,sugar ABC transporter permease UspB,signaling and cellular processes,Transporters,,,,binding-protein-dependent transport system permease family,,Cell membrane;Membrane;Reference proteome;Transmembrane;Transmembrane helix;Transport
g2406,885143,Rv2318,P71894,CDS,Plasma Membrane,uspC,sugar ABC transporter substrate-binding lipoprotein UspC,signaling and cellular processes,Transporters,,,,bacterial solute-binding protein 1 family,,3D-structure;Lipoprotein;Reference proteome;Signal;Transport
g2407,885171,Rv2319c,P9WLB5,CDS,Cytoplasmic,,Universal stress protein Rv2319c,,,,,,universal stress protein A family,,Reference proteome
g2408,885084,Rv2320c,P71892,CDS,Plasma Membrane,rocE,cationic amino acid transporter permease RocE,,,,,,,,Membrane;Reference proteome;Transmembrane;Transmembrane helix
g2409,,Rv2321c,P71891,CDS,Cytoplasmic,rocD2,Probable ornithine aminotransferase (C-terminus part) RocD2 (ornithine--oxo-acid aminotransferase),,,,,,,,Aminotransferase;Pyridoxal phosphate;Reference proteome;Transferase
g2410,,Rv2322c,P71890,CDS,Cytoplasmic,rocD1,Probable ornithine aminotransferase (N-terminus part) RocD1 (ornithine--oxo-acid aminotransferase),,,,,,,,Aminotransferase;Pyridoxal phosphate;Reference proteome;Transferase
g2411,885480,Rv2323c,P71889,CDS,Cytoplasmic,,"N(G),N(G)-dimethylarginine dimethylaminohydrolase",,,Metabolism,Amino acid metabolism,Arginine biosynthesis; Arginine and proline metabolism,DDAH family,,Hydrolase;Reference proteome
g2412,885060,Rv2324,P71888,CDS,Cytoplasmic,,HTH-type transcriptional regulator Rv2324,,,,,,,,DNA-binding;Reference proteome;Transcription;Transcription regulation
g2413,886271,Rv2325c,P9WPI7,CDS,Plasma Membrane,,Uncharacterized protein Rv2325c,signaling and cellular processes,Transporters,Environmental Information Processing,Membrane transport,ABC transporters,CbiQ family,,Cell membrane;Membrane;Reference proteome;Transmembrane;Transmembrane helix
g2414,888184,Rv2326c,P9WQI7,CDS,Plasma Membrane,,Uncharacterized ABC transporter ATP-binding protein Rv2326c,signaling and cellular processes,Transporters,,,,ABC transporter superfamily,,ATP-binding;Cell membrane;Membrane;Nucleotide-binding;Reference proteome;Repeat;Transmembrane;Transmembrane helix;Transport
g2415,888124,Rv2327,P71885,CDS,Cytoplasmic,,hypothetical protein,,,,,,,,Reference proteome
g2416,888111,Rv2328,P9WIG9,CDS,Extracellular,PE23,Uncharacterized PE family protein PE23,,,,,,mycobacterial PE family,,Cell membrane;Membrane;Reference proteome;Transmembrane;Transmembrane helix
g2417,888116,Rv2329c,P71883,CDS,Plasma Membrane,narK1,nitrate/nitrite transporter,signaling and cellular processes,Transporters,Metabolism,Energy metabolism,Nitrogen metabolism,major facilitator superfamily. Nitrate/nitrite porter (TC 2.A.1.8) family,,Cell inner membrane;Cell membrane;Membrane;Nitrate assimilation;Reference proteome;Transmembrane;Transmembrane helix;Transport
g2418,888072,Rv2330c,P9WK69,CDS,Plasma Membrane,lppP,Putative lipoprotein LppP,,,,,,,,Cell membrane;Lipoprotein;Membrane;Palmitate;Reference proteome;Signal
g2419,888099,Rv2331,P9WLB3,CDS,Extracellular,,Uncharacterized protein Rv2331,,,,,,,,Reference proteome
g2420,3205048,Rv2331A,Q79FF7,CDS,Extracellular,,hypothetical protein,,,,,,,,Reference proteome
g2421,887962,Rv2332,P9WK25,CDS,Cytoplasmic,mez,Putative malate oxidoreductase [NAD],,,Metabolism; Environmental Information Processing,Carbohydrate metabolism; Signal transduction,Pyruvate metabolism; Two-component system,malic enzymes family,,3D-structure;Metal-binding;NAD;Oxidoreductase;Reference proteome
g2422,887274,Rv2333c,P9WG91,CDS,Plasma Membrane,stp,Multidrug resistance protein Stp,,,,,,major facilitator superfamily. EmrB family,,Antibiotic resistance;Cell membrane;Membrane;Reference proteome;Transmembrane;Transmembrane helix;Transport
g2423,886016,Rv2334,P9WP55,CDS,Cytoplasmic,cysK1,O-acetylserine sulfhydrylase,,,Metabolism,Energy metabolism; Amino acid metabolism,Sulfur metabolism; Cysteine and methionine metabolism,cysteine synthase/cystathionine beta-synthase family,Amino-acid biosynthesis; L-cysteine biosynthesis; L-cysteine from L-serine,3D-structure;Amino-acid biosynthesis;Cysteine biosynthesis;Pyridoxal phosphate;Reference proteome;Transferase
g2424,886012,Rv2335,P95231,CDS,Cytoplasmic,cysE,Serine acetyltransferase,,,Metabolism,Energy metabolism; Amino acid metabolism; Glycan biosynthesis and metabolism,Sulfur metabolism; Cysteine and methionine metabolism; Exopolysaccharide biosynthesis,transferase hexapeptide repeat family,Amino-acid biosynthesis; L-cysteine biosynthesis; L-cysteine from L-serine,Acyltransferase;Amino-acid biosynthesis;Cysteine biosynthesis;Cytoplasm;Reference proteome;Repeat;Transferase
g2425,888958,Rv2336,P95232,CDS,Cytoplasmic,,hypothetical protein,,,,,,,,Reference proteome
g2426,885123,Rv2337c,P95233,CDS,Plasma Membrane,,Nitroreductase domain-containing protein,,,,,,,,Reference proteome
g2427,886018,Rv2338c,P95234,CDS,Cytoplasmic,moeW,molybdopterin biosynthesis protein MoeW,,,,,,,,Reference proteome
g2428,888966,Rv2339,P9WJU3,CDS,Plasma Membrane,mmpL9,Probable transport protein MmpL9,,,,,,resistance-nodulation-cell division (RND) (TC 2.A.6) family. MmpL subfamily,,Cell membrane;Membrane;Reference proteome;Transmembrane;Transmembrane helix;Transport
g2429,888961,Rv2340c,L7N659,CDS,Extracellular,PE_PGRS39,PE-PGRS family protein PE_PGRS39,,,,,,,,Reference proteome
g2430,886275,Rv2341,P95237,CDS,Plasma Membrane,lppQ,lipoprotein LppQ,,,,,,,,Lipoprotein;Reference proteome
g2431,888951,Rv2342,P95238,CDS,Plasma Membrane,,hypothetical protein,,,,,,,,Reference proteome
g2432,885996,Rv2343c,P9WNW1,CDS,Cytoplasmic,dnaG,DNA primase,genetic information processing,DNA replication proteins,Genetic Information Processing,Replication and repair,DNA replication,DnaG primase family,,3D-structure;DNA replication;DNA-binding;DNA-directed RNA polymerase;Magnesium;Metal-binding;Nucleotidyltransferase;Primosome;Reference proteome;Transcription;Transferase;Zinc;Zinc-finger
g2433,885421,Rv2344c,P9WNY7,CDS,Cytoplasmic,dgt,Deoxyguanosinetriphosphate triphosphohydrolase-like protein,,,Metabolism,Nucleotide metabolism,Purine metabolism,dGTPase family. Type 2 subfamily,,Acetylation;Hydrolase;Reference proteome
g2434,888960,Rv2345,P9WFJ5,CDS,Plasma Membrane,,UPF0603 protein Rv2345,,,,,,UPF0603 family,,Cell membrane;Coiled coil;Membrane;Reference proteome;Signal;Transmembrane;Transmembrane helix
g2435,888956,Rv2346c,P9WNI7,CDS,Extracellular,esxO,ESAT-6-like protein EsxO,signaling and cellular processes,Secretion system,Human Diseases,Infectious disease: bacterial,Tuberculosis,WXG100 family. ESAT-6 subfamily,,3D-structure;Reference proteome;Secreted;Virulence
g2436,886002,Rv2347c,P9WNI5,CDS,Extracellular,esxP,ESAT-6-like protein EsxP,signaling and cellular processes,Secretion system,Human Diseases,Infectious disease: bacterial,Tuberculosis,WXG100 family. CFP-10 subfamily,,3D-structure;Reference proteome;Secreted
g2437,886006,Rv2348c,P95244,CDS,Extracellular,,hypothetical protein,,,,,,,,Reference proteome
g2438,886000,Rv2349c,P9WIB1,CDS,Extracellular,plcC,Phospholipase C C,signaling and cellular processes,Bacterial toxins,Metabolism; Cellular Processes,Carbohydrate metabolism; Lipid metabolism; Cellular community - prokaryotes,Inositol phosphate metabolism; Glycerophospholipid metabolism; Ether lipid metabolism; Quorum sensing,bacterial phospholipase C family,,Cell wall;Hydrolase;Reference proteome;Secreted;Signal;Virulence
g2439,885999,Rv2350c,P9WIB3,CDS,Extracellular,plcB,Phospholipase C B,signaling and cellular processes,Bacterial toxins,Metabolism; Cellular Processes,Carbohydrate metabolism; Lipid metabolism; Cellular community - prokaryotes,Inositol phosphate metabolism; Glycerophospholipid metabolism; Ether lipid metabolism; Quorum sensing,bacterial phospholipase C family,,Cell wall;Hydrolase;Reference proteome;Secreted;Signal;Virulence
g2440,885995,Rv2351c,P9WIB5,CDS,Extracellular,plcA,Phospholipase C A,signaling and cellular processes,Bacterial toxins,Metabolism; Cellular Processes,Carbohydrate metabolism; Lipid metabolism; Cellular community - prokaryotes,Inositol phosphate metabolism; Glycerophospholipid metabolism; Ether lipid metabolism; Quorum sensing,bacterial phospholipase C family,,Cell wall;Hydrolase;Reference proteome;Secreted;Signal;Virulence
g2441,888959,Rv2352c,P9WHZ9,CDS,Extracellular,PPE38,Uncharacterized PPE family protein PPE38,,,,,,mycobacterial PPE family,,Reference proteome
g2442,886003,Rv2353c,Q79FF3,CDS,Plasma Membrane,PPE39,PPE family protein PPE39,,,,,,,,Reference proteome
g2443,,Rv2354,P9WKH5,CDS,Cytoplasmic,,Insertion element IS6110 uncharacterized 12.0 kDa protein,,,,,,transposase 8 family,,Reference proteome;Transposable element
g2444,,Rv2355,P9WKH9,CDS,Cytoplasmic,,Putative transposase for insertion sequence element IS986/IS6110,,,,,,,,DNA recombination;DNA-binding;Reference proteome;Transposable element;Transposition
g2445,,Rv2356c,P9WHZ7,CDS,Extracellular,PPE40,Uncharacterized PPE family protein PPE40,,,,,,mycobacterial PPE family,,Reference proteome
g2446,888962,Rv2357c,P9WFV7,CDS,Cytoplasmic,glyQS,Glycine--tRNA ligase,metabolism; genetic information processing,Amino acid related enzymes; Transfer RNA biogenesis; Mitochondrial biogenesis,Genetic Information Processing,Translation,Aminoacyl-tRNA biosynthesis,class-II aminoacyl-tRNA synthetase family,,3D-structure;Acetylation;Aminoacyl-tRNA synthetase;ATP-binding;Cytoplasm;Ligase;Nucleotide-binding;Protein biosynthesis;Reference proteome
g2447,888965,Rv2358,P9WMI5,CDS,Cytoplasmic,smtB,HTH-type transcriptional repressor SmtB,genetic information processing,Transcription factors,,,,,,3D-structure;DNA-binding;Metal-binding;Reference proteome;Repressor;Transcription;Transcription regulation;Zinc
g2448,886009,Rv2359,P9WN85,CDS,Cytoplasmic,zur,Zinc uptake regulation protein,genetic information processing,Transcription factors,,,,Fur family,,3D-structure;Cytoplasm;DNA-binding;Metal-binding;Reference proteome;Repressor;Transcription;Transcription regulation;Zinc
g2449,888952,Rv2360c,O05838,CDS,Cytoplasmic,,hypothetical protein,,,,,,,,Reference proteome
g2450,888964,Rv2361c,P9WFF7,CDS,Cytoplasmic,uppS,Decaprenyl diphosphate synthase,,,Metabolism,Metabolism of terpenoids and polyketides,Terpenoid backbone biosynthesis,UPP synthase family,,3D-structure;Cell membrane;Magnesium;Membrane;Metal-binding;Reference proteome;Transferase
g2451,888954,Rv2362c,P9WHI5,CDS,Cytoplasmic,recO,DNA repair protein RecO,genetic information processing,DNA repair and recombination proteins,Genetic Information Processing,Replication and repair,Homologous recombination,RecO family,,DNA damage;DNA recombination;DNA repair;Reference proteome
g2452,888955,Rv2363,P9WQ99,CDS,Plasma Membrane,amiA2,Putative amidase AmiA2,,,Metabolism,Amino acid metabolism; Xenobiotics biodegradation and metabolism,Arginine and proline metabolism; Phenylalanine metabolism; Tryptophan metabolism; Aminobenzoate degradation; Styrene degradation,amidase family,,Hydrolase;Reference proteome
g2453,886027,Rv2364c,P9WNK9,CDS,Cytoplasmic,era,GTPase Era,genetic information processing,Ribosome biogenesis; Mitochondrial biogenesis,,,,TRAFAC class TrmE-Era-EngA-EngB-Septin-like GTPase superfamily. Era GTPase family,,Acetylation;Cell wall;GTP-binding;Nucleotide-binding;Reference proteome;RNA-binding;Secreted
g2454,885259,Rv2365c,O05833,CDS,Cytoplasmic,,Cytidine deaminase,,,,,,,,Reference proteome
g2455,885987,Rv2366c,P9WFP1,CDS,Plasma Membrane,,UPF0053 protein Rv2366c,signaling and cellular processes,Transporters; Bacterial toxins,,,,UPF0053 family,,CBS domain;Cell membrane;Membrane;Reference proteome;Repeat;Transmembrane;Transmembrane helix
g2456,885989,Rv2367c,P9WGX9,CDS,Cytoplasmic,ybeY,Endoribonuclease YbeY,genetic information processing,Ribosome biogenesis,,,,endoribonuclease YbeY family,,Cytoplasm;Endonuclease;Hydrolase;Metal-binding;Nuclease;Reference proteome;Ribosome biogenesis;rRNA processing;Zinc
g2457,885998,Rv2368c,P9WIA3,CDS,Cytoplasmic,phoH1,PhoH-like protein,,,,,,PhoH family,,ATP-binding;Cytoplasm;Nucleotide-binding;Reference proteome
g2458,885811,Rv2369c,L0TC46,CDS,Cytoplasmic,,hypothetical protein,,,,,,,,Reference proteome
g2459,886017,Rv2370c,O05828,CDS,Cytoplasmic,,Transcriptional activator protein,,,,,,CdaR family,,Reference proteome
g2460,885141,Rv2371,Q79FE9,CDS,Extracellular,PE_PGRS40,PE-PGRS family protein PE_PGRS40,,,,,,,,Reference proteome
g2461,885926,Rv2372c,P9WGX1,CDS,Cytoplasmic,rsmE,Ribosomal RNA small subunit methyltransferase E,genetic information processing,Ribosome biogenesis,,,,RNA methyltransferase RsmE family,,3D-structure;Cytoplasm;Methyltransferase;Reference proteome;rRNA processing;S-adenosyl-L-methionine;Transferase
g2462,886023,Rv2373c,P9WNV7,CDS,Cytoplasmic,dnaJ2,Chaperone protein DnaJ 2,genetic information processing,Chaperones and folding catalysts; Mitochondrial biogenesis,,,,DnaJ family,,Chaperone;Cytoplasm;DNA replication;Metal-binding;Reference proteome;Repeat;Stress response;Zinc;Zinc-finger
g2463,885924,Rv2374c,P9WMK3,CDS,Cytoplasmic,hrcA,Heat-inducible transcription repressor HrcA,genetic information processing,Transcription factors,,,,HrcA family,,Reference proteome;Repressor;Stress response;Transcription;Transcription regulation
g2464,885520,Rv2375,O05823,CDS,Cytoplasmic,,Type II toxin-antitoxin system VapB family antitoxin,,,,,,,,Reference proteome
g2465,885515,Rv2376c,P9WIN7,CDS,Extracellular,mtb12,Low molecular weight antigen MTB12,,,,,,MTB12 family,,3D-structure;Direct protein sequencing;Reference proteome;Secreted;Signal
g2466,885968,Rv2377c,P9WIP5,CDS,Cytoplasmic,mbtH,Protein MbtH,metabolism,Polyketide biosynthesis proteins,Metabolism,Biosynthesis of other secondary metabolites,Monobactam biosynthesis,,,3D-structure;Reference proteome
g2467,885648,Rv2378c,P9WKF7,CDS,Cytoplasmic,mbtG,L-lysine N6-monooxygenase MbtG,metabolism,Polyketide biosynthesis proteins,Metabolism,Metabolism of terpenoids and polyketides,Biosynthesis of siderophore group nonribosomal peptides,lysine N(6)-hydroxylase/L-ornithine N(5)-oxygenase family,Siderophore biosynthesis; mycobactin biosynthesis,FAD;Flavoprotein;Monooxygenase;NADP;Oxidoreductase;Reference proteome;Signal
g2468,885874,Rv2379c,O05819,CDS,Cytoplasmic,mbtF,peptide synthetase,metabolism,Polyketide biosynthesis proteins,Metabolism,Metabolism of terpenoids and polyketides,Biosynthesis of siderophore group nonribosomal peptides,,,Phosphopantetheine;Phosphoprotein;Reference proteome
g2469,885822,Rv2380c,I6Y0L1,CDS,Cytoplasmic,mbtE,peptide synthetase,metabolism,Polyketide biosynthesis proteins,Metabolism,Metabolism of terpenoids and polyketides,Biosynthesis of siderophore group nonribosomal peptides,ATP-dependent AMP-binding enzyme family,,Phosphopantetheine;Phosphoprotein;Reference proteome
g2470,885850,Rv2381c,P71719,CDS,Cytoplasmic,mbtD,polyketide synthetase,metabolism,Lipid biosynthesis proteins; Polyketide biosynthesis proteins,Metabolism,Metabolism of terpenoids and polyketides,Biosynthesis of siderophore group nonribosomal peptides,,,Phosphopantetheine;Phosphoprotein;Reference proteome;Transferase
g2471,885908,Rv2382c,P71718,CDS,Plasma Membrane,mbtC,polyketide synthetase,metabolism,Lipid biosynthesis proteins; Polyketide biosynthesis proteins,Metabolism,Metabolism of terpenoids and polyketides,Biosynthesis of siderophore group nonribosomal peptides,thiolase-like superfamily. Beta-ketoacyl-ACP synthases family,,Reference proteome;Transferase
g2472,885838,Rv2383c,P9WQ63,CDS,Cytoplasmic,mbtB,Phenyloxazoline synthase MbtB,metabolism,Polyketide biosynthesis proteins,Metabolism,Metabolism of terpenoids and polyketides,Biosynthesis of siderophore group nonribosomal peptides,ATP-dependent AMP-binding enzyme family. MbtB subfamily,Siderophore biosynthesis; mycobactin biosynthesis,Ligase;Multifunctional enzyme;Phosphopantetheine;Phosphoprotein;Reference proteome;Repeat
g2473,885833,Rv2384,P71716,CDS,Cytoplasmic,mbtA,Salicyl-AMP ligase / salicyl-S-ArCP synthetase,metabolism,Polyketide biosynthesis proteins,Metabolism,Metabolism of terpenoids and polyketides,Biosynthesis of siderophore group nonribosomal peptides,ATP-dependent AMP-binding enzyme family,Siderophore biosynthesis; mycobactin biosynthesis,ATP-binding;Ligase;Nucleotide-binding;Reference proteome;Transferase
g2474,885927,Rv2385,Q79FE8,CDS,Plasma Membrane,mbtJ,acetyl hydrolase,,,,,,'GDXG' lipolytic enzyme family,,Hydrolase;Reference proteome
g2475,19394680,Rv2386a,I6YD99,CDS,Cytoplasmic,,Uncharacterized protein Rv2386A/RVBD_2386A,,,,,,,,Reference proteome
g2476,885823,Rv2386c,P9WFX1,CDS,Cytoplasmic,mbtI,Salicylate synthase,,,Metabolism,Metabolism of terpenoids and polyketides,Biosynthesis of siderophore group nonribosomal peptides,anthranilate synthase component I family. Salicylate synthase subfamily,Siderophore biosynthesis; mycobactin biosynthesis,3D-structure;Isomerase;Lyase;Magnesium;Metal-binding;Reference proteome
g2477,885302,Rv2387,P71757,CDS,Plasma Membrane,,hypothetical protein,,,,,,,,Membrane;Reference proteome;Transmembrane;Transmembrane helix
g2478,885300,Rv2388c,P9WP73,CDS,Cytoplasmic,hemW,Heme chaperone HemW,,,,,,anaerobic coproporphyrinogen-III oxidase family. HemW subfamily,,4Fe-4S;Chaperone;Cytoplasm;Direct protein sequencing;Heme;Iron;Iron-sulfur;Metal-binding;Reference proteome;S-adenosyl-L-methionine
g2479,885246,Rv2389c,P9WG27,CDS,Extracellular,rpfD,Resuscitation-promoting factor RpfD,,,,,,transglycosylase family. Rpf subfamily,,Cell membrane;Hydrolase;Membrane;Reference proteome;Transmembrane;Transmembrane helix;Virulence
g2480,885866,Rv2390c,P71754,CDS,Plasma Membrane,,Mce associated membrane protein,signaling and cellular processes,Transporters,,,,,,Membrane;Reference proteome;Transmembrane;Transmembrane helix
g2481,885472,Rv2391,P9WJ03,CDS,Cytoplasmic,sir,Sulfite reductase [ferredoxin],,,Metabolism,Energy metabolism,Sulfur metabolism,nitrite and sulfite reductase 4Fe-4S domain family,,3D-structure;4Fe-4S;Heme;Iron;Iron-sulfur;Metal-binding;Oxidoreductase;Reference proteome;Thioether bond
g2482,885250,Rv2392,P9WIK3,CDS,Cytoplasmic,cysH,Adenosine 5'-phosphosulfate reductase,,,Metabolism,Energy metabolism,Sulfur metabolism,PAPS reductase family. CysH subfamily,Sulfur metabolism; hydrogen sulfide biosynthesis; sulfite from sulfate,3D-structure;Cytoplasm;Iron;Iron-sulfur;Metal-binding;Oxidoreductase;Reference proteome
g2483,885508,Rv2393,P71751,CDS,Cytoplasmic,che1,ferrochelatase,,,,,,,,Lyase;Metal-binding;Reference proteome
g2484,885867,Rv2394,P71750,CDS,Extracellular,ggtB,gamma-glutamyltranspeptidase precursor GgtB,metabolism,Peptidases and inhibitors,Metabolism,Metabolism of other amino acids,Taurine and hypotaurine metabolism; Cyanoamino acid metabolism; Glutathione metabolism,gamma-glutamyltransferase family,,Hydrolase;Reference proteome;Signal;Transferase;Zymogen
g2485,885303,Rv2395,P71749,CDS,Plasma Membrane,,integral membrane protein,signaling and cellular processes,Transporters,,,,,,Membrane;Reference proteome;Transmembrane;Transmembrane helix;Transport
g2486,14515893,Rv2395A,V5QPR9,CDS,Cytoplasmic,aprA,acid and phagosome regulated protein AprA,,,,,,,,Reference proteome
g2487,14515879,Rv2395B,V5QRX2,CDS,Extracellular,aprB,acid and phagosome regulated protein AprB,,,,,,,,Reference proteome
g2488,885517,Rv2396,Q79FE6,CDS,Extracellular,PE_PGRS41,acid and phagosome regulated protein AprC,,,,,,,,Reference proteome
g2489,885663,Rv2397c,P9WQM1,CDS,Plasma Membrane,cysA,Sulfate/thiosulfate import ATP-binding protein CysA,signaling and cellular processes,Transporters,Metabolism; Environmental Information Processing,Energy metabolism; Membrane transport,Sulfur metabolism; ABC transporters,ABC transporter superfamily. Sulfate/tungstate importer (TC 3.A.1.6) family,,Acetylation;ATP-binding;Cell membrane;Membrane;Nucleotide-binding;Reference proteome;Sulfate transport;Translocase;Transport
g2490,885305,Rv2398c,P71746,CDS,Plasma Membrane,cysW,sulfate ABC transporter permease CysW,signaling and cellular processes,Transporters,Metabolism; Environmental Information Processing,Energy metabolism; Membrane transport,Sulfur metabolism; ABC transporters,,,Membrane;Reference proteome;Sulfate transport;Transmembrane;Transmembrane helix;Transport
g2491,885301,Rv2399c,P71745,CDS,Plasma Membrane,cysT,Sulfate transport system permease protein CysT,signaling and cellular processes,Transporters,Metabolism; Environmental Information Processing,Energy metabolism; Membrane transport,Sulfur metabolism; ABC transporters,binding-protein-dependent transport system permease family. CysTW subfamily,,Membrane;Reference proteome;Sulfate transport;Transmembrane;Transmembrane helix;Transport
g2492,885299,Rv2400c,P71744,CDS,Plasma Membrane,subI,sulfate ABC transporter substrate-binding lipoprotein SubI,signaling and cellular processes,Transporters,Metabolism; Environmental Information Processing,Energy metabolism; Membrane transport,Sulfur metabolism; ABC transporters,prokaryotic sulfate-binding protein family,,3D-structure;Lipoprotein;Periplasm;Reference proteome;Signal;Transport
g2493,885664,Rv2401,O86326,CDS,Cytoplasmic,,hypothetical protein,,,,,,,,Reference proteome
g2494,3205070,Rv2401A,Q79FE4,CDS,Plasma Membrane,,membrane protein,,,,,,,,Membrane;Reference proteome;Transmembrane;Transmembrane helix
g2495,885661,Rv2402,P71741,CDS,Cytoplasmic,,Trehalase,,,Metabolism,Carbohydrate metabolism,Starch and sucrose metabolism,glycosyl hydrolase 15 family,"Glycan degradation; trehalose degradation; D-glucose from alpha,alpha-trehalose",Carbohydrate metabolism;Direct protein sequencing;Glycosidase;Hydrolase;Reference proteome
g2496,885513,Rv2403c,P71740,CDS,Plasma Membrane,lppR,lipoprotein LppR,,,,,,,,Lipoprotein;Reference proteome;Signal
g2497,885475,Rv2404c,P9WK97,CDS,Cytoplasmic,lepA,Elongation factor 4,,,,,,TRAFAC class translation factor GTPase superfamily. Classic translation factor GTPase family. LepA subfamily,,Cell membrane;GTP-binding;Hydrolase;Membrane;Nucleotide-binding;Protein biosynthesis;Reference proteome
g2498,885507,Rv2405,P71738,CDS,Cytoplasmic,,hypothetical protein,,,,,,,,Reference proteome
g2499,885156,Rv2406c,P71737,CDS,Cytoplasmic,,hypothetical protein,,,,,,,,CBS domain;Reference proteome
g2500,885684,Rv2407,P9WGZ5,CDS,Cytoplasmic,rnz,Ribonuclease Z,genetic information processing,Transfer RNA biogenesis,,,,RNase Z family,,Endonuclease;Hydrolase;Metal-binding;Nuclease;Reference proteome;tRNA processing;Zinc
g2501,885511,Rv2408,Q79FE3,CDS,Extracellular,PE24,PE family protein PE24,,,,,,,,Reference proteome
g2502,885674,Rv2409c,P71734,CDS,Cytoplasmic,,hypothetical protein,,,,,,,,Reference proteome
g2503,885257,Rv2410c,P71733,CDS,Cytoplasmic,,hypothetical protein,,,,,,,,Reference proteome
g2504,885681,Rv2411c,P9WLA9,CDS,Cytoplasmic,,Uncharacterized protein Rv2411c,,,,,,To Synechocystis PCC 6803 sll0335 and to M.tuberculosis Rv2567,,Reference proteome
g2505,885676,Rv2412,P9WH41,CDS,Cytoplasmic,rpsT,Small ribosomal subunit protein bS20,genetic information processing,Ribosome,Genetic Information Processing,Translation,Ribosome,bacterial ribosomal protein bS20 family,,3D-structure;Reference proteome;Ribonucleoprotein;Ribosomal protein;RNA-binding;rRNA-binding
g2506,885666,Rv2413c,P71730,CDS,Cytoplasmic,holA,Probable DNA polymerase III subunit delta,genetic information processing,DNA replication proteins; DNA repair and recombination proteins,Genetic Information Processing,Replication and repair,DNA replication; Mismatch repair; Homologous recombination,DNA polymerase HolA subunit family,,Direct protein sequencing;DNA replication;DNA-directed DNA polymerase;Nucleotidyltransferase;Reference proteome;Transferase
g2507,885667,Rv2414c,P71729,CDS,Plasma Membrane,,ComEC/Rec2-related protein domain-containing protein,signaling and cellular processes,Secretion system,,,,,,Cell membrane;Membrane;Reference proteome;Transmembrane;Transmembrane helix
g2508,885697,Rv2415c,P71728,CDS,Plasma Membrane,,Helix-hairpin-helix DNA-binding motif class 1 domain-containing protein,signaling and cellular processes,Secretion system,,,,,,Membrane;Reference proteome;Transmembrane;Transmembrane helix
g2509,885903,Rv2416c,P9WFK7,CDS,Extracellular,eis,N-acetyltransferase Eis,,,,,,acetyltransferase Eis family,,3D-structure;Acyltransferase;Antibiotic resistance;Direct protein sequencing;Host cytoplasmic vesicle;Reference proteome;Secreted;Transferase
g2510,885692,Rv2417c,P9WP05,CDS,Cytoplasmic,,DegV domain-containing protein Rv2417c,,,,,,,,Lipid-binding;Reference proteome
g2511,885304,Rv2418c,P71725,CDS,Plasma Membrane,octT,Diglucosylglycerate octanoyltransferase,,,,,,OctT acyltransferase family,,Acyltransferase;Reference proteome;Transferase
g2512,885727,Rv2419c,P9WIC7,CDS,Cytoplasmic,gpgP,Glucosyl-3-phosphoglycerate phosphatase,,,,,,phosphoglycerate mutase family,,3D-structure;Hydrolase;Isopeptide bond;Reference proteome;Ubl conjugation
g2513,885677,Rv2420c,O86327,CDS,Cytoplasmic,rsfS,Ribosomal silencing factor RsfS,genetic information processing,Ribosome biogenesis,,,,Iojap/RsfS family,,3D-structure;Cytoplasm;Metal-binding;Reference proteome;Repressor;Translation regulation
g2514,885457,Rv2421c,P9WJJ5,CDS,Cytoplasmic,nadD,Probable nicotinate-nucleotide adenylyltransferase,,,Metabolism,Metabolism of cofactors and vitamins,Nicotinate and nicotinamide metabolism,NadD family,Cofactor biosynthesis; NAD(+) biosynthesis; deamido-NAD(+) from nicotinate D-ribonucleotide,3D-structure;ATP-binding;Direct protein sequencing;NAD;Nucleotide-binding;Nucleotidyltransferase;Pyridine nucleotide biosynthesis;Reference proteome;Transferase
g2515,885531,Rv2422,P71926,CDS,Cytoplasmic,,hypothetical protein,,,,,,,,Reference proteome
g2516,885516,Rv2423,P71925,CDS,Cytoplasmic,,Methyltransferase domain-containing protein,,,,,,,,Reference proteome
g2517,885699,Rv2424c,P71924,CDS,Cytoplasmic,,transposase,,,,,,,,Reference proteome
g2518,885673,Rv2425c,P71923,CDS,Cytoplasmic,,VWA domain-containing protein,,,,,,,,Reference proteome
g2519,885909,Rv2426c,P71922,CDS,Cytoplasmic,,AAA+ ATPase domain-containing protein,,,,,,,,Reference proteome
g2520,,Rv2427A,,misc_feature,,oxyR',,,,,,,,,
g2521,885536,Rv2427c,P9WHV1,CDS,Cytoplasmic,proA,Gamma-glutamyl phosphate reductase,,,Metabolism,Amino acid metabolism; Biosynthesis of other secondary metabolites,Arginine and proline metabolism; Carbapenem biosynthesis,gamma-glutamyl phosphate reductase family,Amino-acid biosynthesis; L-proline biosynthesis; L-glutamate 5-semialdehyde from L-glutamate,Acetylation;Amino-acid biosynthesis;Cytoplasm;NADP;Oxidoreductase;Proline biosynthesis;Reference proteome
g2522,885717,Rv2428,P9WQB7,CDS,Cytoplasmic,ahpC,Alkyl hydroperoxide reductase C,,,,,,peroxiredoxin family. AhpC/Prx1 subfamily,,3D-structure;Antioxidant;Cytoplasm;Direct protein sequencing;Disulfide bond;Oxidoreductase;Peroxidase;Redox-active center;Reference proteome;Stress response
g2523,885959,Rv2429,P9WQB5,CDS,Cytoplasmic,ahpD,Alkyl hydroperoxide reductase AhpD,,,,,,AhpD family,,3D-structure;Antioxidant;Disulfide bond;Oxidoreductase;Peroxidase;Redox-active center;Reference proteome
g2524,885945,Rv2430c,Q79FE1,CDS,Extracellular,PPE41,PPE family protein PPE41,,,,,,mycobacterial PPE family,,3D-structure;Reference proteome;Secreted;Virulence
g2525,885703,Rv2431c,I6X486,CDS,Extracellular,PE25,PE-PGRS family protein PE25,,,,,,mycobacterial PE family,,3D-structure;Acetylation;Reference proteome;Secreted;Virulence
g2526,885075,Rv2432c,P71917,CDS,Extracellular,,hypothetical protein,,,,,,,,Reference proteome
g2527,885579,Rv2433c,P71916,CDS,Plasma Membrane,,hypothetical protein,,,,,,,,Membrane;Reference proteome;Transmembrane;Transmembrane helix
g2528,885885,Rv2434c,P71915,CDS,Plasma Membrane,,transmembrane protein,,,,,,MscS (TC 1.A.23) family,,Membrane;Reference proteome;Transmembrane;Transmembrane helix
g2529,885891,Rv2435c,P71914,CDS,Plasma Membrane,,cyclase,,,,,,,,Coiled coil;Membrane;Reference proteome;Transmembrane;Transmembrane helix
g2530,885671,Rv2436,P71913,CDS,Cytoplasmic,rbsK,Ribokinase,,,Metabolism,Carbohydrate metabolism,Pentose phosphate pathway,carbohydrate kinase PfkB family. Ribokinase subfamily,Carbohydrate metabolism; D-ribose degradation; D-ribose 5-phosphate from beta-D-ribopyranose,3D-structure;ATP-binding;Carbohydrate metabolism;Cytoplasm;Kinase;Magnesium;Metal-binding;Nucleotide-binding;Potassium;Reference proteome;Transferase
g2531,885906,Rv2437,P71912,CDS,Plasma Membrane,,transmembrane protein,,,,,,,,Membrane;Reference proteome;Transmembrane;Transmembrane helix
g2532,3205071,Rv2438A,Q79FD9,CDS,Extracellular,,hypothetical protein,,,,,,,,Reference proteome
g2533,885808,Rv2438c,P9WJJ3,CDS,Cytoplasmic,nadE,Glutamine-dependent NAD(+) synthetase,,,Metabolism,Metabolism of cofactors and vitamins,Nicotinate and nicotinamide metabolism,In the C-terminal section; belongs to the NAD synthetase family,Cofactor biosynthesis; NAD(+) biosynthesis; NAD(+) from deamido-NAD(+) (L-Gln route),3D-structure;ATP-binding;Ligase;NAD;Nucleotide-binding;Reference proteome
g2534,885266,Rv2439c,P9WHU9,CDS,Cytoplasmic,proB,Glutamate 5-kinase,,,Metabolism,Amino acid metabolism; Biosynthesis of other secondary metabolites,Arginine and proline metabolism; Carbapenem biosynthesis,glutamate 5-kinase family,Amino-acid biosynthesis; L-proline biosynthesis; L-glutamate 5-semialdehyde from L-glutamate,Amino-acid biosynthesis;ATP-binding;Cytoplasm;Kinase;Nucleotide-binding;Proline biosynthesis;Reference proteome;Transferase
g2535,885900,Rv2440c,P9WMT1,CDS,Cytoplasmic,obg,GTPase Obg,genetic information processing,Ribosome biogenesis,,,,TRAFAC class OBG-HflX-like GTPase superfamily. OBG GTPase family,,Cell membrane;Cytoplasm;GTP-binding;Hydrolase;Magnesium;Membrane;Metal-binding;Nucleotide-binding;Phosphoprotein;Reference proteome
g2536,885919,Rv2441c,P9WHB3,CDS,Cytoplasmic,rpmA,Large ribosomal subunit protein bL27,genetic information processing,Ribosome,Genetic Information Processing,Translation,Ribosome,bacterial ribosomal protein bL27 family,,3D-structure;Reference proteome;Ribonucleoprotein;Ribosomal protein;RNA-binding;rRNA-binding
g2537,885715,Rv2442c,P9WHC3,CDS,Cytoplasmic,rplU,Large ribosomal subunit protein bL21,genetic information processing,Ribosome,Genetic Information Processing,Translation,Ribosome,bacterial ribosomal protein bL21 family,,3D-structure;Reference proteome;Ribonucleoprotein;Ribosomal protein;RNA-binding;rRNA-binding
g2538,885745,Rv2443,P71906,CDS,Plasma Membrane,dctA,C4-dicarboxylate-transport transmembrane protein DctA,signaling and cellular processes,Transporters,Environmental Information Processing,Signal transduction,Two-component system,,,Cell membrane;Membrane;Reference proteome;Symport;Transmembrane;Transmembrane helix;Transport
g2539,885911,Rv2444c,P71905,CDS,Cytoplasmic,rne,Ribonuclease E,genetic information processing,Messenger RNA biogenesis; Ribosome biogenesis,Genetic Information Processing,"Folding, sorting and degradation",RNA degradation,RNase E/G family,,Cytoplasm;Hydrolase;Magnesium;Metal-binding;mRNA processing;Reference proteome;RNA-binding;rRNA processing;rRNA-binding;tRNA processing;Zinc
g2540,885905,Rv2445c,P9WJH7,CDS,Cytoplasmic,ndkA,Nucleoside diphosphate kinase,genetic information processing,Membrane trafficking,Metabolism,Nucleotide metabolism; Xenobiotics biodegradation and metabolism,Purine metabolism; Pyrimidine metabolism; Drug metabolism - other enzymes,NDK family,,3D-structure;ATP-binding;Cytoplasm;Kinase;Magnesium;Metal-binding;Nucleotide metabolism;Nucleotide-binding;Reference proteome;Transferase
g2541,885916,Rv2446c,O53173,CDS,Plasma Membrane,,integral membrane protein,,,,,,,,Membrane;Reference proteome;Transmembrane;Transmembrane helix
g2542,885902,Rv2447c,I6Y0R5,CDS,Cytoplasmic,folC,Dihydrofolate synthase/folylpolyglutamate synthase,,,Metabolism,Metabolism of cofactors and vitamins,Folate biosynthesis,folylpolyglutamate synthase family,"Cofactor biosynthesis; tetrahydrofolate biosynthesis; 7,8-dihydrofolate from 2-amino-4-hydroxy-6-hydroxymethyl-7,8-dihydropteridine diphosphate and 4-aminobenzoate; Cofactor biosynthesis; tetrahydrofolylpolyglutamate biosynthesis",3D-structure;Antibiotic resistance;ATP-binding;Folate biosynthesis;Ligase;Magnesium;Metal-binding;Nucleotide-binding;Reference proteome
g2543,885892,Rv2448c,P9WFS9,CDS,Cytoplasmic,valS,Valine--tRNA ligase,metabolism; genetic information processing,Amino acid related enzymes; Transfer RNA biogenesis,Genetic Information Processing,Translation,Aminoacyl-tRNA biosynthesis,class-I aminoacyl-tRNA synthetase family. ValS type 1 subfamily,,Aminoacyl-tRNA synthetase;ATP-binding;Coiled coil;Cytoplasm;Direct protein sequencing;Ligase;Nucleotide-binding;Protein biosynthesis;Reference proteome
g2544,885894,Rv2449c,O53176,CDS,Plasma Membrane,,Putative trans-acting enoyl reductase Rv2449c,,,,,,saccharopine dehydrogenase family. Enoyl reductase subfamily,,Cell membrane;Isopeptide bond;Membrane;Oxidoreductase;Reference proteome;Transmembrane;Transmembrane helix;Ubl conjugation
g2545,885760,Rv2450c,O53177,CDS,Extracellular,rpfE,Resuscitation-promoting factor RpfE,,,,,,transglycosylase family. Rpf subfamily,,3D-structure;Hydrolase;Reference proteome;Signal;Virulence
g2546,886025,Rv2451,O53178,CDS,Extracellular,,hypothetical protein,,,,,,,,Reference proteome
g2547,885858,Rv2452c,O53179,CDS,Plasma Membrane,,hypothetical protein,,,,,,,,Reference proteome
g2548,885904,Rv2453c,P9WJQ9,CDS,Cytoplasmic,mobA,Probable molybdenum cofactor guanylyltransferase,,,Metabolism,Metabolism of cofactors and vitamins,Folate biosynthesis,MobA family,,Cytoplasm;GTP-binding;Magnesium;Metal-binding;Molybdenum cofactor biosynthesis;Nucleotide-binding;Reference proteome;Transferase
g2549,887435,Rv2454c,O53181,CDS,Cytoplasmic,korB,2-oxoglutarate oxidoreductase subunit KorB,,,Metabolism,Carbohydrate metabolism; Energy metabolism,Glycolysis / Gluconeogenesis; Citrate cycle (TCA cycle); Pyruvate metabolism; Butanoate metabolism; Other carbon fixation pathways,,Carbohydrate metabolism; tricarboxylic acid cycle,Magnesium;Oxidoreductase;Reference proteome;Tricarboxylic acid cycle
g2550,887370,Rv2455c,O53182,CDS,Cytoplasmic,korA,2-oxoglutarate oxidoreductase subunit KorA,,,Metabolism,Carbohydrate metabolism; Energy metabolism,Glycolysis / Gluconeogenesis; Citrate cycle (TCA cycle); Pyruvate metabolism; Butanoate metabolism; Other carbon fixation pathways,,Carbohydrate metabolism; tricarboxylic acid cycle,Oxidoreductase;Reference proteome;Tricarboxylic acid cycle
g2551,887340,Rv2456c,P9WJX1,CDS,Plasma Membrane,,Uncharacterized MFS-type transporter Rv2456c,,,,,,major facilitator superfamily,,Cell membrane;Membrane;Reference proteome;Transmembrane;Transmembrane helix;Transport
g2552,888167,Rv2457c,P9WPB9,CDS,Cytoplasmic,clpX,ATP-dependent Clp protease ATP-binding subunit ClpX,genetic information processing,Chaperones and folding catalysts,,,,ClpX chaperone family,,3D-structure;ATP-binding;Chaperone;Metal-binding;Nucleotide-binding;Reference proteome;Zinc
g2553,885871,Rv2458,O53185,CDS,Cytoplasmic,mmuM,S-methylmethionine:homocysteine methyltransferase,,,Metabolism; Organismal Systems,Amino acid metabolism; Metabolism of cofactors and vitamins; Digestive system,Cysteine and methionine metabolism; One carbon pool by folate; Folate transport and metabolism,,,Metal-binding;Methyltransferase;Reference proteome;Transferase;Zinc
g2554,888191,Rv2459,P9WJW9,CDS,Plasma Membrane,jefA,Drug efflux pump JefA,,,,,,major facilitator superfamily,,Antibiotic resistance;Cell inner membrane;Cell membrane;Membrane;Reference proteome;Transmembrane;Transmembrane helix;Transport
g2555,888174,Rv2460c,P9WPC3,CDS,Cytoplasmic,clpP2,ATP-dependent Clp protease proteolytic subunit 2,metabolism,Peptidases and inhibitors,,,,peptidase S14 family,,3D-structure;Cytoplasm;Hydrolase;Protease;Reference proteome;Serine protease
g2556,888176,Rv2461c,P9WPC5,CDS,Cytoplasmic,clpP1,ATP-dependent Clp protease proteolytic subunit 1,metabolism,Peptidases and inhibitors,,,,peptidase S14 family,,3D-structure;Cytoplasm;Hydrolase;Protease;Reference proteome;Serine protease
g2557,888615,Rv2462c,P9WG55,CDS,Cytoplasmic,tig,Trigger factor,,,,,,FKBP-type PPIase family. Tig subfamily,,Cell cycle;Cell division;Chaperone;Cytoplasm;Isomerase;Reference proteome;Rotamase;Stress response
g2558,888572,Rv2463,O53190,CDS,Cytoplasmic,lipP,esterase/lipase LipP,,,,,,,,Reference proteome
g2559,888500,Rv2464c,P9WNB9,CDS,Cytoplasmic,nei1,Endonuclease 8 1,genetic information processing,DNA repair and recombination proteins,Genetic Information Processing,Replication and repair,Base excision repair,FPG family,,DNA damage;DNA repair;DNA-binding;Glycosidase;Hydrolase;Lyase;Metal-binding;Multifunctional enzyme;Reference proteome;Zinc;Zinc-finger
g2560,887225,Rv2465c,P9WKD7,CDS,Cytoplasmic,rpiB,Ribose-5-phosphate isomerase B,,,Metabolism,Carbohydrate metabolism; Energy metabolism,Pentose phosphate pathway; Fructose and mannose metabolism; Carbon fixation by Calvin cycle,LacAB/RpiB family,Carbohydrate degradation; pentose phosphate pathway; D-ribose 5-phosphate from D-ribulose 5-phosphate (non-oxidative stage),3D-structure;Carbohydrate metabolism;Isomerase;Reference proteome
g2561,888214,Rv2466c,O53193,CDS,Cytoplasmic,,Thioredoxin-like reductase Rv2466c,,,,,,,,3D-structure;Cytoplasm;Oxidoreductase;Reference proteome
g2562,887403,Rv2467,L7N655,CDS,Cytoplasmic,pepN,Aminopeptidase N,metabolism,Peptidases and inhibitors,Metabolism,Metabolism of other amino acids,Glutathione metabolism,peptidase M1 family,,3D-structure;Aminopeptidase;Hydrolase;Metal-binding;Metalloprotease;Protease;Reference proteome;Zinc
g2563,14515866,Rv2468A,I6YDH3,CDS,Plasma Membrane,,hypothetical protein,,,,,,,,3D-structure;Membrane;Reference proteome;Transmembrane;Transmembrane helix
g2564,887767,Rv2468c,P9WLA7,CDS,Cytoplasmic,,Uncharacterized protein Rv2468c,,,,,,,,3D-structure;Reference proteome
g2565,888591,Rv2469c,O53196,CDS,Cytoplasmic,,HNH nuclease domain-containing protein,,,,,,,,Reference proteome
g2566,887743,Rv2470,P9WN23,CDS,Cytoplasmic,glbO,Group 2 truncated hemoglobin GlbO,,,,,,truncated hemoglobin family. Group II subfamily,,3D-structure;Cell membrane;Heme;Hydroxylation;Iron;Membrane;Metal-binding;Oxygen transport;Reference proteome;Transport
g2567,887393,Rv2471,O53198,CDS,Cytoplasmic,aglA,alpha-glucosidase AglA,,,Metabolism,Carbohydrate metabolism,Galactose metabolism; Starch and sucrose metabolism,glycosyl hydrolase 13 family,,Glycoprotein;Isomerase;Reference proteome
g2568,887255,Rv2472,O53199,CDS,Extracellular,,hypothetical protein,,,,,,,,Reference proteome
g2569,888163,Rv2473,O53200,CDS,Plasma Membrane,,hypothetical protein,,,,,,,,Membrane;Reference proteome;Transmembrane;Transmembrane helix
g2570,888606,Rv2474c,I6X4D6,CDS,Extracellular,,hypothetical protein,,,,,,,,Reference proteome
g2571,887793,Rv2475c,I6Y9E8,CDS,Cytoplasmic,,hypothetical protein,,,,,,,,Reference proteome
g2572,887437,Rv2476c,O53203,CDS,Cytoplasmic,gdh,NAD-specific glutamate dehydrogenase,,,Metabolism,Energy metabolism; Amino acid metabolism; Metabolism of other amino acids,"Nitrogen metabolism; Alanine, aspartate and glutamate metabolism; Arginine biosynthesis; Taurine and hypotaurine metabolism",Glu/Leu/Phe/Val dehydrogenases family,,NAD;Oxidoreductase;Reference proteome
g2573,887757,Rv2477c,P9WQK3,CDS,Cytoplasmic,ettA,Energy-dependent translational throttle protein EttA,genetic information processing,Transfer RNA biogenesis,,,,ABC transporter superfamily. ABCF family. Translational throttle EttA subfamily,,3D-structure;ATP-binding;Cytoplasm;Hydrolase;Isopeptide bond;Nucleotide-binding;Protein biosynthesis;Reference proteome;Repeat;RNA-binding;rRNA-binding;Translation regulation;tRNA-binding;Ubl conjugation
g2574,887304,Rv2478c,O53205,CDS,Cytoplasmic,,Single-stranded DNA-binding protein,genetic information processing,DNA replication proteins; DNA repair and recombination proteins; Mitochondrial biogenesis,Genetic Information Processing,Replication and repair,DNA replication; Mismatch repair; Homologous recombination,,,DNA-binding;Reference proteome
g2575,,Rv2479c,P9WKH9,CDS,Cytoplasmic,,Putative transposase for insertion sequence element IS986/IS6110,,,,,,,,DNA recombination;DNA-binding;Reference proteome;Transposable element;Transposition
g2576,,Rv2480c,P9WKH5,CDS,Cytoplasmic,,Insertion element IS6110 uncharacterized 12.0 kDa protein,,,,,,transposase 8 family,,Reference proteome;Transposable element
g2577,887462,Rv2481c,O53206,CDS,Extracellular,,hypothetical protein,,,,,,,,Reference proteome
g2578,887848,Rv2482c,P9WI61,CDS,Plasma Membrane,plsB,Glycerol-3-phosphate acyltransferase,metabolism,Lipid biosynthesis proteins,Metabolism,Lipid metabolism,Glycerolipid metabolism; Glycerophospholipid metabolism,GPAT/DAPAT family,Phospholipid metabolism; CDP-diacylglycerol biosynthesis; CDP-diacylglycerol from sn-glycerol 3-phosphate,Acyltransferase;Cell membrane;Lipid biosynthesis;Lipid metabolism;Membrane;Phospholipid biosynthesis;Phospholipid metabolism;Reference proteome;Transferase
g2579,887744,Rv2483c,I6YDI9,CDS,Plasma Membrane,plsC,Phospholipid/glycerol acyltransferase domain-containing protein,,,,,,HAD-like hydrolase superfamily. SerB family,,Acyltransferase;Hydrolase;Magnesium;Metal-binding;Reference proteome;Transferase
g2580,888623,Rv2484c,P9WKB3,CDS,Cytoplasmic,,Putative diacyglycerol O-acyltransferase Rv2484c,,,Metabolism,Lipid metabolism,"Cutin, suberine and wax biosynthesis; Glycerolipid metabolism",long-chain O-acyltransferase family,Glycerolipid metabolism; triacylglycerol biosynthesis,Acyltransferase;Glycerol metabolism;Lipid biosynthesis;Lipid metabolism;Reference proteome;Transferase
g2581,887876,Rv2485c,I6Y9F7,CDS,Cytoplasmic,lipQ,Esterase LipQ,,,,,,'GDXG' lipolytic enzyme family,,Hydrolase;Reference proteome;Virulence
g2582,887894,Rv2486,P9WNN5,CDS,Cytoplasmic,echA14,Probable enoyl-CoA hydratase EchA14,,,Metabolism,Carbohydrate metabolism; Lipid metabolism; Amino acid metabolism; Metabolism of other amino acids; Metabolism of terpenoids and polyketides; Xenobiotics biodegradation and metabolism,"Propanoate metabolism; Butanoate metabolism; Fatty acid degradation; Valine, leucine and isoleucine degradation; Lysine degradation; Phenylalanine metabolism; Tryptophan metabolism; beta-Alanine metabolism; Pinene, camphor and geraniol degradation; Benzoate degradation; Aminobenzoate degradation; Caprolactam degradation",enoyl-CoA hydratase/isomerase family,,Fatty acid metabolism;Lipid metabolism;Lyase;Reference proteome
g2583,887909,Rv2487c,I6XEF1,CDS,Extracellular,PE_PGRS42,PE-PGRS family protein PE_PGRS42,,,,,,,,Reference proteome;Signal
g2584,887997,Rv2488c,O53213,CDS,Cytoplasmic,,LuxR family transcriptional regulator,,,,,,,,Coiled coil;DNA-binding;Reference proteome;Transcription;Transcription regulation
g2585,888937,Rv2489c,O53214,CDS,Extracellular,,hypothetical protein,,,,,,,,Reference proteome
g2586,19394681,Rv2490a,,CDS,,,hypothetical protein,,,,,,,,
g2587,887941,Rv2490c,Q79FD4,CDS,Extracellular,PE_PGRS43,PE-PGRS family protein PE_PGRS43,,,,,,,,Reference proteome
g2588,887780,Rv2491,I6XEF6,CDS,Cytoplasmic,,TIGR00725 family protein,,,,,,,,Reference proteome
g2589,887436,Rv2492,I6YDJ7,CDS,Cytoplasmic,,Thymidylate synthase,,,,,,,,Reference proteome
g2590,887480,Rv2493,P9WJ25,CDS,Cytoplasmic,vapB38,Putative antitoxin VapB38,signaling and cellular processes,Prokaryotic defense system,,,,,,Reference proteome;Toxin-antitoxin system
g2591,887700,Rv2494,O53219,CDS,Cytoplasmic,vapC38,Ribonuclease VapC38,signaling and cellular processes,Prokaryotic defense system,,,,PINc/VapC protein family,,Hydrolase;Magnesium;Metal-binding;Nuclease;Reference proteome;Secreted;Toxin-antitoxin system
g2592,888237,Rv2495c,O06159,CDS,Cytoplasmic,bkdC,Dihydrolipoyllysine-residue acyltransferase component of branched-chain alpha-ketoacid dehydrogenase complex,,,Metabolism,Carbohydrate metabolism; Amino acid metabolism; Metabolism of cofactors and vitamins,"Propanoate metabolism; Valine, leucine and isoleucine degradation; Lipoic acid metabolism",2-oxoacid dehydrogenase family,,3D-structure;Acyltransferase;Lipoyl;Reference proteome;Transferase
g2593,888571,Rv2496c,P9WIS1,CDS,Cytoplasmic,bkdB,3-methyl-2-oxobutanoate dehydrogenase subunit beta,,,Metabolism,Carbohydrate metabolism; Amino acid metabolism; Metabolism of cofactors and vitamins,"Propanoate metabolism; Valine, leucine and isoleucine degradation; Lipoic acid metabolism",,,Oxidoreductase;Reference proteome;Thiamine pyrophosphate
g2594,888583,Rv2497c,P9WIS3,CDS,Cytoplasmic,bkdA,3-methyl-2-oxobutanoate dehydrogenase subunit alpha,,,Metabolism,Carbohydrate metabolism; Amino acid metabolism; Metabolism of cofactors and vitamins,"Propanoate metabolism; Valine, leucine and isoleucine degradation; Lipoic acid metabolism",,,Magnesium;Metal-binding;Oxidoreductase;Reference proteome;Thiamine pyrophosphate
g2595,887466,Rv2498c,P9WPE1,CDS,Cytoplasmic,citE,Citrate lyase subunit beta-like protein,,,Environmental Information Processing,Signal transduction,Two-component system,HpcH/HpaI aldolase family. Citrate lyase beta subunit-like subfamily,,3D-structure;Lyase;Magnesium;Metal-binding;Reference proteome
g2596,888584,Rv2499c,I6Y9H2,CDS,Cytoplasmic,,oxidase regulatory-like protein,,,,,,enoyl-CoA hydratase/isomerase family,,Reference proteome
g2597,888541,Rv2500c,I6Y0W5,CDS,Cytoplasmic,fadE19,acyl-CoA dehydrogenase FadE19,,,Metabolism,Amino acid metabolism,"Valine, leucine and isoleucine degradation",acyl-CoA dehydrogenase family,,FAD;Flavoprotein;Oxidoreductase;Reference proteome
g2598,887309,Rv2501c,P9WPQ3,CDS,Cytoplasmic,accA1,Biotin-dependent 3-methylcrotonyl-coenzyme A carboxylase alpha1 subunit,,,Metabolism,Amino acid metabolism,"Valine, leucine and isoleucine degradation",,Amino-acid degradation; L-leucine degradation,ATP-binding;Biotin;Isopeptide bond;Ligase;Magnesium;Manganese;Metal-binding;Nucleotide-binding;Reference proteome;Ubl conjugation
g2599,887168,Rv2502c,I6YDK7,CDS,Cytoplasmic,accD1,Biotin-dependent 3-methylcrotonyl-coenzyme A carboxylase beta1 subunit,,,Metabolism,Amino acid metabolism,"Valine, leucine and isoleucine degradation",AccD/PCCB family,Amino-acid degradation; L-leucine degradation,3D-structure;Reference proteome;Transferase
g2600,888502,Rv2503c,P9WPW3,CDS,Cytoplasmic,scoB,Probable succinyl-CoA:3-ketoacid coenzyme A transferase subunit B,,,Metabolism,Carbohydrate metabolism; Amino acid metabolism,"Butanoate metabolism; Valine, leucine and isoleucine degradation",3-oxoacid CoA-transferase subunit B family,,Reference proteome;Transferase
g2601,888503,Rv2504c,P9WPW5,CDS,Cytoplasmic,scoA,Probable succinyl-CoA:3-ketoacid coenzyme A transferase subunit A,,,Metabolism,Carbohydrate metabolism; Amino acid metabolism,"Butanoate metabolism; Valine, leucine and isoleucine degradation",3-oxoacid CoA-transferase subunit A family,,Reference proteome;Transferase
g2602,887774,Rv2505c,I6Y0X0,CDS,Cytoplasmic,fadD35,Long-chain-fatty-acid--CoA ligase FadD13,metabolism,Lipid biosynthesis proteins,,,,ATP-dependent AMP-binding enzyme family,,Ligase;Reference proteome
g2603,888516,Rv2506,O06169,CDS,Cytoplasmic,,TetR family transcriptional regulator,,,,,,,,3D-structure;DNA-binding;Reference proteome;Transcription;Transcription regulation
g2604,888244,Rv2507,O06170,CDS,Plasma Membrane,,hypothetical protein,,,,,,MmpS family,,Cell membrane;Membrane;Reference proteome;Transmembrane;Transmembrane helix
g2605,888527,Rv2508c,O06171,CDS,Plasma Membrane,,integral membrane protein,genetic information processing; signaling and cellular processes,Membrane trafficking; Transporters,,,,,,Membrane;Reference proteome;Transmembrane;Transmembrane helix;Transport
g2606,888526,Rv2509,I6Y9I3,CDS,Cytoplasmic,,short-chain type dehydrogenase/reductase,,,Metabolism,Lipid metabolism,Mycolic acid biosynthesis,short-chain dehydrogenases/reductases (SDR) family,,Oxidoreductase;Reference proteome
g2607,888613,Rv2510c,I6Y0X6,CDS,Cytoplasmic,,hypothetical protein,genetic information processing,DNA repair and recombination proteins,,,,,,Reference proteome
g2608,888633,Rv2511,P9WIU1,CDS,Cytoplasmic,orn,Oligoribonuclease,genetic information processing,Messenger RNA biogenesis; Ribosome biogenesis,Genetic Information Processing,Translation,Ribosome biogenesis in eukaryotes,oligoribonuclease family,,Cytoplasm;Exonuclease;Hydrolase;Nuclease;Reference proteome
g2609,19394682,Rv2512a,,CDS,,,hypothetical protein,,,,,,,,
g2610,888515,Rv2512c,P60230,CDS,Cytoplasmic,,Transposase for insertion sequence element IS1081,,,,,,transposase mutator family,,DNA recombination;DNA-binding;Reference proteome;Transposable element;Transposition
g2611,887808,Rv2513,O06175,CDS,Plasma Membrane,,hypothetical protein,,,,,,,,Reference proteome
g2612,887878,Rv2514c,I6Y0Y0,CDS,Cytoplasmic,,DUF4411 family protein,,,,,,,,Reference proteome
g2613,887812,Rv2515c,I6XEH5,CDS,Cytoplasmic,,HTH cro/C1-type domain-containing protein,,,,,,short-chain fatty acyl-CoA assimilation regulator (ScfR) family,,Reference proteome
g2614,887186,Rv2516c,I6YDM0,CDS,Cytoplasmic,,Helix-turn-helix domain-containing protein,,,,,,,,Reference proteome
g2615,887673,Rv2517c,O53222,CDS,Cytoplasmic,,hypothetical protein,,,,,,,,Reference proteome
g2616,888160,Rv2518c,I6Y9J2,CDS,Plasma Membrane,ldtB,"L,D-transpeptidase 2",,,,,,,Cell wall biogenesis; peptidoglycan biosynthesis,3D-structure;Acyltransferase;Calcium;Cell membrane;Cell shape;Cell wall biogenesis/degradation;Lipoprotein;Membrane;Metal-binding;Palmitate;Peptidoglycan synthesis;Reference proteome;Signal;Transferase
g2617,888172,Rv2519,Q79FD3,CDS,Extracellular,PE26,PE family protein PE26,,,,,,,,Reference proteome
g2618,887804,Rv2520c,I6XEI0,CDS,Plasma Membrane,,membrane protein,,,,,,,,Membrane;Reference proteome;Transmembrane;Transmembrane helix
g2619,887694,Rv2521,P9WIE1,CDS,Cytoplasmic,bcp,Putative peroxiredoxin Rv2521,,,,,,peroxiredoxin family. BCP/PrxQ subfamily,,Antioxidant;Disulfide bond;Isopeptide bond;Oxidoreductase;Peroxidase;Redox-active center;Reference proteome;Ubl conjugation
g2620,887375,Rv2522c,I6X4J0,CDS,Cytoplasmic,,Peptidase M20 dimerisation domain-containing protein,,,,,,,,Hydrolase;Metal-binding;Protease;Reference proteome
g2621,888626,Rv2523c,P9WQD3,CDS,Cytoplasmic,acpS,Holo-[acyl-carrier-protein] synthase,,,Metabolism,Lipid metabolism; Metabolism of cofactors and vitamins,Mycolic acid biosynthesis; Pantothenate and CoA biosynthesis,P-Pant transferase superfamily. AcpS family,,3D-structure;Cytoplasm;Fatty acid biosynthesis;Fatty acid metabolism;Lipid biosynthesis;Lipid metabolism;Magnesium;Metal-binding;Reference proteome;Transferase
g2622,887704,Rv2524c,P95029,CDS,Cytoplasmic,fas,fatty acid synthase,metabolism,Lipid biosynthesis proteins,Metabolism,Lipid metabolism,Fatty acid biosynthesis; Mycolic acid biosynthesis,enoyl-CoA hydratase/isomerase family,,Hydrolase;NADP;Oxidoreductase;Reference proteome;Transferase
g2623,888612,Rv2525c,I6XEI5,CDS,Extracellular,,Putative peptidoglycan hydrolase Rv2525c,,,,,,,Cell wall degradation; peptidoglycan degradation,3D-structure;Cell wall biogenesis/degradation;Glycosidase;Hydrolase;Reference proteome;Secreted;Signal
g2624,888254,Rv2526,P9WJ49,CDS,Cytoplasmic,vapB17,Putative antitoxin VapB17,signaling and cellular processes,Prokaryotic defense system,,,,,,Reference proteome;Toxin-antitoxin system
g2625,887266,Rv2527,P9WF95,CDS,Cytoplasmic,vapC17,Ribonuclease VapC17,signaling and cellular processes,Prokaryotic defense system,,,,PINc/VapC protein family,,Hydrolase;Magnesium;Metal-binding;Nuclease;Reference proteome;Toxin-antitoxin system
g2626,887150,Rv2528c,I6Y9K2,CDS,Cytoplasmic,mrr,restriction system protein,signaling and cellular processes,Prokaryotic defense system,,,,,,Reference proteome
g2627,887153,Rv2529,P95024,CDS,Cytoplasmic,,ERCC4 domain-containing protein,,,,,,,,DNA-binding;Reference proteome
g2628,3205085,Rv2530A,P9WJ23,CDS,Cytoplasmic,vapB39,Antitoxin VapB39,signaling and cellular processes,Prokaryotic defense system,,,,,,Reference proteome;Toxin-antitoxin system
g2629,887192,Rv2530c,P9WF63,CDS,Cytoplasmic,vapC39,Ribonuclease VapC39,signaling and cellular processes,Prokaryotic defense system,,,,PINc/VapC protein family,,Hydrolase;Magnesium;Metal-binding;Nuclease;Reference proteome;Secreted;Toxin-antitoxin system
g2630,887216,Rv2531c,I6X4K0,CDS,Cytoplasmic,adi,amino acid decarboxylase,,,,,,,,Aminotransferase;Reference proteome;Transferase
g2631,887152,Rv2532c,P95021,CDS,Plasma Membrane,,Antitermination protein NusB,,,,,,,,Membrane;Reference proteome;Transmembrane;Transmembrane helix
g2632,887359,Rv2533c,P9WIV1,CDS,Cytoplasmic,nusB,Transcription antitermination protein NusB,genetic information processing,Transcription machinery; Ribosome biogenesis,,,,NusB family,,3D-structure;Reference proteome;RNA-binding;Transcription;Transcription antitermination;Transcription regulation
g2633,888437,Rv2534c,P9WNM3,CDS,Cytoplasmic,efp,Elongation factor P,genetic information processing,Translation factors,,,,elongation factor P family,Protein biosynthesis; polypeptide chain elongation,Cytoplasm;Elongation factor;Protein biosynthesis;Reference proteome
g2634,888409,Rv2535c,I6YDN6,CDS,Cytoplasmic,pepQ,cytoplasmic peptidase PepQ,,,,,,,,Hydrolase;Metal-binding;Reference proteome
g2635,888386,Rv2536,P95017,CDS,Plasma Membrane,,transmembrane protein,,,,,,,,Membrane;Reference proteome;Transmembrane;Transmembrane helix
g2636,888397,Rv2537c,P9WPX7,CDS,Cytoplasmic,aroQ,3-dehydroquinate dehydratase,,,Metabolism,Amino acid metabolism,"Phenylalanine, tyrosine and tryptophan biosynthesis",type-II 3-dehydroquinase family,Metabolic intermediate biosynthesis; chorismate biosynthesis; chorismate from D-erythrose 4-phosphate and phosphoenolpyruvate,3D-structure;Amino-acid biosynthesis;Aromatic amino acid biosynthesis;Lyase;Reference proteome
g2637,888392,Rv2538c,P9WPX9,CDS,Cytoplasmic,aroB,3-dehydroquinate synthase,,,Metabolism,Amino acid metabolism,"Phenylalanine, tyrosine and tryptophan biosynthesis",sugar phosphate cyclases superfamily. Dehydroquinate synthase family,Metabolic intermediate biosynthesis; chorismate biosynthesis; chorismate from D-erythrose 4-phosphate and phosphoenolpyruvate,3D-structure;Amino-acid biosynthesis;Aromatic amino acid biosynthesis;Cobalt;Cytoplasm;Lyase;Metal-binding;NAD;Nucleotide-binding;Reference proteome;Zinc
g2638,887434,Rv2539c,P9WPY3,CDS,Cytoplasmic,aroK,Shikimate kinase,,,Metabolism,Amino acid metabolism,"Phenylalanine, tyrosine and tryptophan biosynthesis",shikimate kinase family,Metabolic intermediate biosynthesis; chorismate biosynthesis; chorismate from D-erythrose 4-phosphate and phosphoenolpyruvate,3D-structure;Amino-acid biosynthesis;Aromatic amino acid biosynthesis;ATP-binding;Cytoplasm;Kinase;Magnesium;Metal-binding;Nucleotide-binding;Reference proteome;Transferase
g2639,887379,Rv2540c,P9WPY1,CDS,Cytoplasmic,aroC,Chorismate synthase,,,Metabolism,Amino acid metabolism,"Phenylalanine, tyrosine and tryptophan biosynthesis",chorismate synthase family,Metabolic intermediate biosynthesis; chorismate biosynthesis; chorismate from D-erythrose 4-phosphate and phosphoenolpyruvate,3D-structure;Amino-acid biosynthesis;Aromatic amino acid biosynthesis;FAD;Flavoprotein;FMN;Lyase;NADP;Reference proteome
g2640,887831,Rv2541,P95012,CDS,Extracellular,,hypothetical protein,,,,,,,,Reference proteome
g2641,887261,Rv2542,P95011,CDS,Extracellular,,DUF1023 domain-containing protein,,,,,,,,Reference proteome
g2642,888052,Rv2543,P9WK81,CDS,Plasma Membrane,lppA,Putative lipoprotein LppA,,,,,,mycobacteriales LppA/LppB family,,3D-structure;Cell membrane;Lipoprotein;Membrane;Palmitate;Reference proteome;Signal
g2643,888054,Rv2544,P9WK79,CDS,Plasma Membrane,lppB,Putative lipoprotein LppB,,,,,,mycobacteriales LppA/LppB family,,Cell membrane;Lipoprotein;Membrane;Palmitate;Reference proteome;Signal
g2644,888038,Rv2545,P9WJ47,CDS,Cytoplasmic,vapB18,Putative antitoxin VapB18,signaling and cellular processes,Prokaryotic defense system,,,,,,Reference proteome;Toxin-antitoxin system
g2645,887365,Rv2546,P95007,CDS,Cytoplasmic,vapC18,Ribonuclease VapC18,signaling and cellular processes,Prokaryotic defense system,,,,PINc/VapC protein family,,Hydrolase;Magnesium;Metal-binding;Nuclease;Reference proteome;Toxin-antitoxin system
g2646,888452,Rv2547,P95006,CDS,Cytoplasmic,vapB19,Putative antitoxin VapB19,signaling and cellular processes,Prokaryotic defense system,,,,,,Reference proteome;Toxin-antitoxin system
g2647,888412,Rv2548,P9WF93,CDS,Cytoplasmic,vapC19,Ribonuclease VapC19,signaling and cellular processes,Prokaryotic defense system,,,,PINc/VapC protein family,,Hydrolase;Magnesium;Metal-binding;Nuclease;Reference proteome;Secreted;Toxin-antitoxin system
g2648,11117811,Rv2548A,I6XEK2,CDS,Cytoplasmic,,hypothetical protein,,,,,,,,Coiled coil;Reference proteome
g2649,887193,Rv2549c,P95004,CDS,Cytoplasmic,vapC20,23S rRNA-specific endonuclease VapC20,signaling and cellular processes,Prokaryotic defense system,,,,PINc/VapC protein family,,3D-structure;Endonuclease;Hydrolase;Magnesium;Metal-binding;Nuclease;Reference proteome;Toxin-antitoxin system
g2650,887353,Rv2550c,P9WJ45,CDS,Cytoplasmic,vapB20,Antitoxin VapB20,signaling and cellular processes,Prokaryotic defense system,,,,,,DNA-binding;Reference proteome;Toxin-antitoxin system
g2651,887855,Rv2551c,I6Y9M6,CDS,Plasma Membrane,,Prepilin type IV endopeptidase peptidase domain-containing protein,,,,,,peptidase A24 family,,Membrane;Reference proteome;Transmembrane;Transmembrane helix
g2652,887330,Rv2552c,I6Y120,CDS,Cytoplasmic,aroE,shikimate 5-dehydrogenase,,,,,,,Metabolic intermediate biosynthesis; chorismate biosynthesis; chorismate from D-erythrose 4-phosphate and phosphoenolpyruvate,3D-structure;Amino-acid biosynthesis;Aromatic amino acid biosynthesis;Reference proteome
g2653,888228,Rv2553c,I6XEK6,CDS,Plasma Membrane,mltG,Endolytic murein transglycosylase,metabolism,Peptidoglycan biosynthesis and degradation proteins,,,,transglycosylase MltG family,,Cell membrane;Cell wall biogenesis/degradation;Lyase;Membrane;Reference proteome;Transmembrane;Transmembrane helix
g2654,887490,Rv2554c,P9WGV7,CDS,Cytoplasmic,,Putative pre-16S rRNA nuclease,genetic information processing,Ribosome biogenesis,,,,YqgF nuclease family,,3D-structure;Cytoplasm;Hydrolase;Nuclease;Reference proteome;Ribosome biogenesis
g2655,887726,Rv2555c,P9WFW7,CDS,Cytoplasmic,alaS,Alanine--tRNA ligase,metabolism; genetic information processing,Amino acid related enzymes; Transfer RNA biogenesis,Genetic Information Processing,Translation,Aminoacyl-tRNA biosynthesis,class-II aminoacyl-tRNA synthetase family,,Aminoacyl-tRNA synthetase;ATP-binding;Cytoplasm;Ligase;Metal-binding;Nucleotide-binding;Protein biosynthesis;Reference proteome;RNA-binding;tRNA-binding;Zinc
g2656,887451,Rv2556c,P9WFP9,CDS,Cytoplasmic,,UPF0047 protein Rv2556c,,,,,,UPF0047 family,,Reference proteome
g2657,887865,Rv2557,P9WLA5,CDS,Cytoplasmic,,Uncharacterized protein Rv2557,,,,,,To M.tuberculosis Rv2558,,Reference proteome
g2658,887298,Rv2558,P9WLA3,CDS,Cytoplasmic,,Uncharacterized protein Rv2558,,,,,,To M.tuberculosis Rv2557,,Reference proteome
g2659,887368,Rv2559c,P9WQN1,CDS,Cytoplasmic,,Uncharacterized AAA domain-containing protein Rv2559c,,,,,,AAA ATPase family. RarA/MGS1/WRNIP1 subfamily,,ATP-binding;Nucleotide-binding;Reference proteome
g2660,887363,Rv2560,P9WLA1,CDS,Plasma Membrane,,Uncharacterized protein Rv2560,,,,,,,,Cell membrane;Membrane;Reference proteome;Transmembrane;Transmembrane helix
g2661,,Rv2561,P9WL99,CDS,Plasma Membrane,,Uncharacterized protein Rv2561/Rv2562,,,,,,,,Reference proteome
g2662,,Rv2562,P9WL99,CDS,Plasma Membrane,,Uncharacterized protein Rv2561/Rv2562,,,,,,,,Reference proteome
g2663,887516,Rv2563,P9WG15,CDS,Plasma Membrane,,Uncharacterized ABC transporter permease Rv2563,signaling and cellular processes,Transporters,,,,ABC-4 integral membrane protein family,,Cell membrane;Membrane;Reference proteome;Transmembrane;Transmembrane helix;Transport
g2664,887898,Rv2564,P9WQI5,CDS,Plasma Membrane,glnQ,Uncharacterized ABC transporter ATP-binding protein Rv2564,signaling and cellular processes,Transporters,,,,ABC transporter superfamily,,ATP-binding;Nucleotide-binding;Reference proteome;Transport
g2665,887288,Rv2565,P9WIY7,CDS,Cytoplasmic,,Uncharacterized NTE family protein Rv2565,,,,,,NTE family,,Hydrolase;Lipid degradation;Lipid metabolism;Reference proteome
g2666,887737,Rv2566,Q50732,CDS,Cytoplasmic,,hypothetical protein,,,,,,,,Reference proteome
g2667,888578,Rv2567,P9WL97,CDS,Cytoplasmic,,Uncharacterized protein Rv2567,,,,,,,,Reference proteome
g2668,887249,Rv2568c,P9WL95,CDS,Cytoplasmic,,Uncharacterized protein Rv2568c,,,,,,,,Reference proteome
g2669,887783,Rv2569c,P9WL93,CDS,Cytoplasmic,,Uncharacterized protein Rv2569c,,,,,,To M.leprae ML0607,,Acetylation;Reference proteome
g2670,887377,Rv2570,P9WL91,CDS,Cytoplasmic,,Uncharacterized protein Rv2570,,,,,,,,Reference proteome
g2671,887382,Rv2571c,P9WL89,CDS,Plasma Membrane,,Putative arylamide transporter,,,,,,,,Cell membrane;Membrane;Reference proteome;Transmembrane;Transmembrane helix;Transport
g2672,888532,Rv2572c,P9WFW3,CDS,Cytoplasmic,aspS,Aspartate--tRNA(Asp/Asn) ligase,metabolism; genetic information processing,Amino acid related enzymes; Transfer RNA biogenesis; Mitochondrial biogenesis,Genetic Information Processing,Translation,Aminoacyl-tRNA biosynthesis,class-II aminoacyl-tRNA synthetase family. Type 1 subfamily,,3D-structure;Aminoacyl-tRNA synthetase;ATP-binding;Cytoplasm;Ligase;Nucleotide-binding;Protein biosynthesis;Reference proteome
g2673,888188,Rv2573,P9WIL1,CDS,Cytoplasmic,,2-dehydropantoate 2-reductase,,,Metabolism,Metabolism of cofactors and vitamins,Pantothenate and CoA biosynthesis,ketopantoate reductase family,Cofactor biosynthesis; (R)-pantothenate biosynthesis; (R)-pantoate from 3-methyl-2-oxobutanoate,3D-structure;Cytoplasm;NADP;Oxidoreductase;Pantothenate biosynthesis;Reference proteome
g2674,887232,Rv2574,P9WL87,CDS,Plasma Membrane,,Uncharacterized protein Rv2574,,,,,,,,Reference proteome
g2675,888178,Rv2575,P9WL85,CDS,Plasma Membrane,,Uncharacterized protein Rv2575,,,,,,,,Membrane;Reference proteome;Transmembrane;Transmembrane helix
g2676,887251,Rv2576c,P9WL83,CDS,Extracellular,,Uncharacterized protein Rv2576c,,,,,,,,Membrane;Reference proteome;Transmembrane;Transmembrane helix
g2677,888207,Rv2577,P9WL81,CDS,Extracellular,,Uncharacterized protein Rv2577,,,,,,,,Reference proteome;Signal
g2678,887427,Rv2578c,P9WL79,CDS,Cytoplasmic,,Uncharacterized protein Rv2578c,,,,,,,,4Fe-4S;Cell membrane;Iron;Iron-sulfur;Membrane;Metal-binding;Reference proteome;S-adenosyl-L-methionine;Transmembrane;Transmembrane helix
g2679,888599,Rv2579,P9WMR9,CDS,Cytoplasmic,dhaA,Haloalkane dehalogenase 3,,,Metabolism,Xenobiotics biodegradation and metabolism,Chloroalkane and chloroalkene degradation; Chlorocyclohexane and chlorobenzene degradation,haloalkane dehalogenase family. Type 2 subfamily,,3D-structure;Acetylation;Hydrolase;Reference proteome
g2680,887479,Rv2580c,P9WFV5,CDS,Cytoplasmic,hisS,Histidine--tRNA ligase,metabolism; genetic information processing,Amino acid related enzymes; Transfer RNA biogenesis,Genetic Information Processing,Translation,Aminoacyl-tRNA biosynthesis,class-II aminoacyl-tRNA synthetase family,,Aminoacyl-tRNA synthetase;ATP-binding;Cytoplasm;Ligase;Nucleotide-binding;Protein biosynthesis;Reference proteome
g2681,888217,Rv2581c,P9WMW3,CDS,Cytoplasmic,,Uncharacterized protein Rv2581c,,,Metabolism,Carbohydrate metabolism,Pyruvate metabolism,metallo-beta-lactamase superfamily. Glyoxalase II family,,Hydrolase;Metal-binding;Reference proteome;Zinc
g2682,887691,Rv2582,P9WHW1,CDS,Plasma Membrane,ppiB,Probable peptidyl-prolyl cis-trans isomerase B,genetic information processing,Chaperones and folding catalysts,,,,cyclophilin-type PPIase family,,Isomerase;Reference proteome;Rotamase
g2683,887888,Rv2583c,P9WHG9,CDS,Cytoplasmic,relA,Bifunctional (p)ppGpp synthase/hydrolase RelA,genetic information processing,Ribosome biogenesis,Metabolism,Nucleotide metabolism,Purine metabolism,RelA/SpoT family,Purine metabolism; ppGpp biosynthesis; ppGpp from GDP; Purine metabolism; ppGpp biosynthesis; ppGpp from GTP,3D-structure;ATP-binding;Direct protein sequencing;GTP-binding;Hydrolase;Kinase;Magnesium;Manganese;Metal-binding;Nucleotide-binding;Reference proteome;Transferase
g2684,888579,Rv2584c,P9WQ07,CDS,Cytoplasmic,apt,Adenine phosphoribosyltransferase,signaling and cellular processes,Exosome,Metabolism,Nucleotide metabolism,Purine metabolism,purine/pyrimidine phosphoribosyltransferase family,Purine metabolism; AMP biosynthesis via salvage pathway; AMP from adenine,Cytoplasm;Glycosyltransferase;Purine salvage;Reference proteome;Transferase
g2685,887701,Rv2585c,P9WL77,CDS,Plasma Membrane,,Uncharacterized lipoprotein Rv2585c,signaling and cellular processes,Transporters,Cellular Processes,Cellular community - prokaryotes,Quorum sensing,To M.bovis Mb2616c and M.leprae ML0489,,Cell membrane;Lipoprotein;Membrane;Palmitate;Reference proteome;Signal
g2686,887229,Rv2586c,P9WGN9,CDS,Plasma Membrane,secF,Protein translocase subunit SecF,signaling and cellular processes,Secretion system,Genetic Information Processing; Environmental Information Processing,"Folding, sorting and degradation; Membrane transport",Protein export; Bacterial secretion system,SecD/SecF family. SecF subfamily,,Cell membrane;Membrane;Protein transport;Reference proteome;Translocation;Transmembrane;Transmembrane helix;Transport
g2687,888192,Rv2587c,P9WGP1,CDS,Plasma Membrane,secD,Protein translocase subunit SecD,signaling and cellular processes,Secretion system,Genetic Information Processing; Environmental Information Processing,"Folding, sorting and degradation; Membrane transport",Protein export; Bacterial secretion system,SecD/SecF family. SecD subfamily,,Cell membrane;Membrane;Protein transport;Reference proteome;Translocation;Transmembrane;Transmembrane helix;Transport
g2688,887346,Rv2588c,P9WL75,CDS,Plasma Membrane,yajC,Sec translocon accessory complex subunit YajC,signaling and cellular processes,Secretion system,Genetic Information Processing; Environmental Information Processing; Cellular Processes,"Folding, sorting and degradation; Membrane transport; Cellular community - prokaryotes",Protein export; Bacterial secretion system; Quorum sensing,YajC family,,Cell membrane;Membrane;Protein transport;Reference proteome;Translocation;Transmembrane;Transmembrane helix;Transport
g2689,887915,Rv2589,P9WQ79,CDS,Cytoplasmic,gabT,4-aminobutyrate aminotransferase,metabolism,Amino acid related enzymes,Metabolism,Carbohydrate metabolism; Amino acid metabolism; Metabolism of other amino acids,"Propanoate metabolism; Butanoate metabolism; Alanine, aspartate and glutamate metabolism; Valine, leucine and isoleucine degradation; Lysine degradation; beta-Alanine metabolism",class-III pyridoxal-phosphate-dependent aminotransferase family,Amino-acid degradation; 4-aminobutanoate degradation,Aminotransferase;Pyridoxal phosphate;Reference proteome;Transferase
g2690,888574,Rv2590,Q50631,CDS,Cytoplasmic,car,Carboxylic acid reductase,metabolism,Lipid biosynthesis proteins,,,,ATP-dependent AMP-binding enzyme family. Carboxylic acid reductase subfamily,,ATP-binding;Fatty acid metabolism;Ligase;Lipid metabolism;NADP;Nucleotide-binding;Oxidoreductase;Phosphopantetheine;Phosphoprotein;Reference proteome
g2691,887992,Rv2591,P9WIE9,CDS,Extracellular,PE_PGRS44,Uncharacterized PE-PGRS family protein PE_PGRS44,,,,,,mycobacterial PE family. PGRS subfamily,,Reference proteome
g2692,888173,Rv2592c,P9WGW1,CDS,Cytoplasmic,ruvB,Holliday junction branch migration complex subunit RuvB,genetic information processing,DNA repair and recombination proteins,Genetic Information Processing,Replication and repair,Homologous recombination,RuvB family,,ATP-binding;Cytoplasm;DNA damage;DNA recombination;DNA repair;DNA-binding;Hydrolase;Nucleotide-binding;Reference proteome
g2693,887688,Rv2593c,P9WGW3,CDS,Cytoplasmic,ruvA,Holliday junction branch migration complex subunit RuvA,genetic information processing,DNA repair and recombination proteins,Genetic Information Processing,Replication and repair,Homologous recombination,RuvA family,,3D-structure;Cytoplasm;DNA damage;DNA recombination;DNA repair;DNA-binding;Reference proteome
g2694,887418,Rv2594c,P9WGV9,CDS,Cytoplasmic,ruvC,Crossover junction endodeoxyribonuclease RuvC,genetic information processing,DNA repair and recombination proteins,Genetic Information Processing,Replication and repair,Homologous recombination,RuvC family,,Cytoplasm;DNA damage;DNA recombination;DNA repair;DNA-binding;Endonuclease;Hydrolase;Magnesium;Metal-binding;Nuclease;Reference proteome
g2695,887682,Rv2595,P9WFC3,CDS,Cytoplasmic,vapB40,Antitoxin VapB40,signaling and cellular processes,Prokaryotic defense system,,,,VapB family,,DNA-binding;Reference proteome;Toxin-antitoxin system
g2696,888218,Rv2596,P9WF61,CDS,Cytoplasmic,vapC40,Ribonuclease VapC40,signaling and cellular processes,Prokaryotic defense system,,,,PINc/VapC protein family,,Hydrolase;Magnesium;Metal-binding;Nuclease;Reference proteome;Toxin-antitoxin system
g2697,887679,Rv2597,P9WL73,CDS,Plasma Membrane,,Uncharacterized protein Rv2597,,,,,,,,Membrane;Reference proteome;Transmembrane;Transmembrane helix
g2698,887689,Rv2598,P9WL71,CDS,Extracellular,,Uncharacterized protein Rv2598,,,,,,,,Reference proteome
g2699,887832,Rv2599,P9WL69,CDS,Plasma Membrane,,Uncharacterized protein Rv2599,,,,,,,,Reference proteome;Secreted;Signal
g2700,887869,Rv2600,P9WFG5,CDS,Plasma Membrane,,UPF0719 transmembrane protein Rv2600,,,,,,UPF0719 family,,Cell membrane;Membrane;Reference proteome;Transmembrane;Transmembrane helix
g2701,887676,Rv2601,P9WGE5,CDS,Plasma Membrane,speE,Polyamine aminopropyltransferase,,,Metabolism,Amino acid metabolism; Metabolism of other amino acids,Cysteine and methionine metabolism; Arginine and proline metabolism; Glutathione metabolism,spermidine/spermine synthase family,Amine and polyamine biosynthesis; spermidine biosynthesis; spermidine from putrescine,Cell membrane;Membrane;Polyamine biosynthesis;Reference proteome;Spermidine biosynthesis;Transferase;Transmembrane;Transmembrane helix
g2702,3205108,Rv2601A,P9WJ21,CDS,Cytoplasmic,vapB41,Antitoxin VapB41,signaling and cellular processes,Prokaryotic defense system,,,,,,Reference proteome;Toxin-antitoxin system
g2703,888186,Rv2602,P9WF59,CDS,Cytoplasmic,vapC41,Ribonuclease VapC41,signaling and cellular processes,Prokaryotic defense system,,,,PINc/VapC protein family,,Hydrolase;Magnesium;Metal-binding;Nuclease;Reference proteome;Secreted;Toxin-antitoxin system
g2704,887369,Rv2603c,P9WGA5,CDS,Cytoplasmic,,Probable transcriptional regulatory protein Rv2603c,,,,,,TACO1 family,,Cytoplasm;DNA-binding;Reference proteome;Transcription;Transcription regulation
g2705,887371,Rv2604c,P9WII7,CDS,Cytoplasmic,pdxT,Pyridoxal 5'-phosphate synthase subunit PdxT,,,Metabolism,Metabolism of cofactors and vitamins,Vitamin B6 metabolism,glutaminase PdxT/SNO family,Cofactor biosynthesis; pyridoxal 5'-phosphate biosynthesis,Glutamine amidotransferase;Hydrolase;Lyase;Pyridoxal phosphate;Reference proteome
g2706,887588,Rv2605c,I6X4S7,CDS,Cytoplasmic,tesB2,acyl-CoA thioesterase II,metabolism,Lipid biosynthesis proteins,Metabolism,Lipid metabolism,Biosynthesis of unsaturated fatty acids,C/M/P thioester hydrolase family,,Hydrolase;Reference proteome
g2707,888592,Rv2606c,P9WII9,CDS,Cytoplasmic,pdxS,Pyridoxal 5'-phosphate synthase subunit PdxS,,,Metabolism,Metabolism of cofactors and vitamins,Vitamin B6 metabolism,PdxS/SNZ family,Cofactor biosynthesis; pyridoxal 5'-phosphate biosynthesis,3D-structure;Isopeptide bond;Lyase;Pyridoxal phosphate;Reference proteome;Schiff base;Ubl conjugation
g2708,888155,Rv2607,P9WIJ1,CDS,Cytoplasmic,pdxH,Pyridoxine 5'-phosphate oxidase,,,Metabolism,Metabolism of cofactors and vitamins,Vitamin B6 metabolism,pyridoxamine 5'-phosphate oxidase family,Cofactor metabolism; pyridoxal 5'-phosphate salvage; pyridoxal 5'-phosphate from pyridoxine 5'-phosphate,3D-structure;Flavoprotein;FMN;Oxidoreductase;Pyridoxine biosynthesis;Reference proteome
g2709,888204,Rv2608,P9WHZ5,CDS,Extracellular,PPE42,Uncharacterized PPE family protein PPE42,,,,,,mycobacterial PPE family,,Reference proteome
g2710,888208,Rv2609c,I6YDV4,CDS,Plasma Membrane,,membrane protein,,,,,,,,Hydrolase;Magnesium;Reference proteome
g2711,888627,Rv2610c,P9WMZ5,CDS,Cytoplasmic,pimA,Phosphatidyl-myo-inositol mannosyltransferase,metabolism,Glycosyltransferases,Metabolism,Glycan biosynthesis and metabolism,Lipoarabinomannan (LAM) biosynthesis,glycosyltransferase group 1 family. Glycosyltransferase 4 subfamily,Phospholipid metabolism; phosphatidylinositol metabolism,Cell membrane;Glycosyltransferase;Lipid biosynthesis;Lipid metabolism;Magnesium;Membrane;Phospholipid biosynthesis;Phospholipid metabolism;Reference proteome;Transferase;Virulence
g2712,888618,Rv2611c,P9WMB5,CDS,Plasma Membrane,patA,Phosphatidylinositol mannoside acyltransferase,,,Metabolism,Glycan biosynthesis and metabolism,Lipoarabinomannan (LAM) biosynthesis,LpxL/LpxM/LpxP family,Phospholipid metabolism; phosphatidylinositol metabolism,Acyltransferase;Cell inner membrane;Cell membrane;Lipid biosynthesis;Lipid metabolism;Membrane;Phospholipid biosynthesis;Phospholipid metabolism;Reference proteome;Transferase;Virulence
g2713,888209,Rv2612c,P9WPG7,CDS,Plasma Membrane,pgsA1,Phosphatidylinositol phosphate synthase,,,Metabolism,Carbohydrate metabolism,Inositol phosphate metabolism,CDP-alcohol phosphatidyltransferase class-I family,Phospholipid metabolism; phosphatidylinositol phosphate biosynthesis,3D-structure;Cell membrane;Lipid biosynthesis;Lipid metabolism;Magnesium;Membrane;Metal-binding;Phospholipid biosynthesis;Phospholipid metabolism;Reference proteome;Transferase;Transmembrane;Transmembrane helix
g2714,888193,Rv2613c,P9WMK9,CDS,Cytoplasmic,,AP-4-A phosphorylase,,,Metabolism,Nucleotide metabolism,Purine metabolism,,,3D-structure;ATP-binding;Direct protein sequencing;Nucleotide-binding;Nucleotidyltransferase;Reference proteome;Transferase
g2715,3205055,Rv2614A,Q79FC4,CDS,Plasma Membrane,,hypothetical protein,,,,,,,,Reference proteome
g2716,888211,Rv2614c,P9WFT5,CDS,Cytoplasmic,thrS,Threonine--tRNA ligase,metabolism; genetic information processing,Amino acid related enzymes; Transfer RNA biogenesis,Genetic Information Processing,Translation,Aminoacyl-tRNA biosynthesis,class-II aminoacyl-tRNA synthetase family,,Acetylation;Aminoacyl-tRNA synthetase;ATP-binding;Cytoplasm;Ligase;Metal-binding;Nucleotide-binding;Protein biosynthesis;Reference proteome;RNA-binding;tRNA-binding;Zinc
g2717,888215,Rv2615c,Q79FC3,CDS,Extracellular,PE_PGRS45,PE-PGRS family protein PE_PGRS45,,,,,,mycobacterial PE family. PGRS subfamily,,Cell membrane;Cell wall;Host mitochondrion;Membrane;Oxidoreductase;Reference proteome;Secreted;Virulence
g2718,887289,Rv2616,O06198,CDS,Cytoplasmic,,hypothetical protein,,,,,,,,Reference proteome
g2719,888610,Rv2617c,I6XER9,CDS,Plasma Membrane,,transmembrane protein,,,,,,,,Membrane;Reference proteome;Transmembrane;Transmembrane helix
g2720,887690,Rv2618,O06195,CDS,Cytoplasmic,,Transcriptional regulator,,,,,,,,Reference proteome
g2721,888601,Rv2619c,O06194,CDS,Cytoplasmic,,hypothetical protein,,,,,,,,Reference proteome
g2722,888497,Rv2620c,I6Y9U6,CDS,Plasma Membrane,,transmembrane protein,,,,,,,,Membrane;Reference proteome;Transmembrane;Transmembrane helix
g2723,888565,Rv2621c,I6Y187,CDS,Cytoplasmic,,transcriptional regulator,,,,,,,,Reference proteome
g2724,887825,Rv2622,I6XES4,CDS,Cytoplasmic,,methyltransferase,,,,,,,,Methyltransferase;Reference proteome;Transferase
g2725,887442,Rv2623,P9WFD7,CDS,Cytoplasmic,TB31.7,Universal stress protein Rv2623,,,,,,universal stress protein A family,,3D-structure;ATP-binding;Nucleotide-binding;Reference proteome;Virulence
g2726,888939,Rv2624c,P9WFD5,CDS,Cytoplasmic,,Universal stress protein Rv2624c,,,,,,universal stress protein A family,,ATP-binding;Isopeptide bond;Nucleotide-binding;Reference proteome;Ubl conjugation
g2727,887692,Rv2625c,P9WHR1,CDS,Plasma Membrane,rip3,Putative zinc metalloprotease Rip3,,,,,,peptidase M50B family,,CBS domain;Cell membrane;Hydrolase;Membrane;Metal-binding;Metalloprotease;Protease;Reference proteome;Repeat;Transmembrane;Transmembrane helix;Zinc
g2728,888576,Rv2626c,P9WJA3,CDS,Cytoplasmic,hrp1,Hypoxic response protein 1,,,,,,,,3D-structure;CBS domain;Disulfide bond;Metal-binding;Reference proteome;Repeat;Secreted;Zinc
g2729,888568,Rv2627c,P9WL67,CDS,Cytoplasmic,,Uncharacterized protein Rv2627c,,,,,,,,Reference proteome
g2730,888566,Rv2628,P9WL65,CDS,Cytoplasmic,,Putative uncharacterized protein Rv2628,,,,,,,,Reference proteome
g2731,888588,Rv2629,P9WL63,CDS,Cytoplasmic,,Uncharacterized protein Rv2629,,,,,,,,3D-structure;Coiled coil;Direct protein sequencing;Reference proteome
g2732,887426,Rv2630,P9WQ03,CDS,Cytoplasmic,,Probable protein archease,genetic information processing,Transfer RNA biogenesis,,,,archease family,,Calcium;Metal-binding;Reference proteome;tRNA processing
g2733,887431,Rv2631,P9WGW5,CDS,Cytoplasmic,rtcB,RNA-splicing ligase RtcB,genetic information processing,Transfer RNA biogenesis,,,,RtcB family,,GTP-binding;Ligase;Manganese;Metal-binding;Nucleotide-binding;Reference proteome;RNA repair
g2734,887231,Rv2632c,P9WL61,CDS,Cytoplasmic,,Uncharacterized protein Rv2632c,,,,,,To M.tuberculosis Rv1738,,3D-structure;Reference proteome
g2735,888597,Rv2633c,P9WL59,CDS,Cytoplasmic,,Uncharacterized protein Rv2633c,,,,,,,,Reference proteome
g2736,888573,Rv2634c,P9WIE7,CDS,Cell wall & surface,PE_PGRS46,Uncharacterized PE-PGRS family protein PE_PGRS46,,,,,,mycobacterial PE family. PGRS subfamily,,Reference proteome
g2737,887813,Rv2635,P9WL57,CDS,Extracellular,,DNA-binding protein Rv2635,,,,,,,,Cytoplasm;DNA-binding;Reference proteome
g2738,888196,Rv2636,P9WL55,CDS,Cytoplasmic,,Putative O-phosphotransferase Rv2636,signaling and cellular processes,Antimicrobial resistance genes,,,,To S.violaceus chloramphenicol 3-O phosphotransferase,,ATP-binding;Nucleotide-binding;Reference proteome;Transferase
g2739,888616,Rv2637,P9WP07,CDS,Plasma Membrane,dedA,Uncharacterized membrane protein Rv2637,,,,,,DedA family,,Cell membrane;Membrane;Reference proteome;Transmembrane;Transmembrane helix
g2740,888156,Rv2638,I6X4W0,CDS,Cytoplasmic,,Putative anti-anti-sigma factor Rv2638,,,,,,anti-sigma-factor antagonist family,,Reference proteome;Stress response
g2741,887428,Rv2639c,P9WFN9,CDS,Plasma Membrane,,UPF0060 membrane protein Rv2639c,signaling and cellular processes,Transporters,,,,UPF0060 family,,Cell membrane;Membrane;Reference proteome;Transmembrane;Transmembrane helix
g2742,888594,Rv2640c,I6Y1A7,CDS,Cytoplasmic,,ArsR family transcriptional regulator,genetic information processing,Transcription factors,,,,,,DNA-binding;Reference proteome;Transcription;Transcription regulation
g2743,888629,Rv2641,P9WIR5,CDS,Cytoplasmic,cadI,Cadmium-induced protein CadI,,,,,,To B.subtilis YqcK,,Direct protein sequencing;Reference proteome
g2744,887703,Rv2642,P71941,CDS,Cytoplasmic,,ArsR family transcriptional regulator,genetic information processing,Transcription factors,,,,,,DNA-binding;Reference proteome;Transcription;Transcription regulation
g2745,887674,Rv2643,I6X4W4,CDS,Plasma Membrane,arsC,arsenic-transport integral membrane protein ArsC,signaling and cellular processes,Transporters,,,,arsenical resistance-3 (ACR3) (TC 2.A.59) family,,Arsenical resistance;Cell membrane;Membrane;Reference proteome;Transmembrane;Transmembrane helix;Transport
g2746,887366,Rv2644c,P9WL53,CDS,Cytoplasmic,,Uncharacterized protein Rv2644c,,,,,,,,Reference proteome
g2747,887799,Rv2645,P9WL51,CDS,Cytoplasmic,,Uncharacterized protein Rv2645,,,,,,,,Reference proteome
g2748,887706,Rv2646,I6XEU5,CDS,Cytoplasmic,,integrase,,,,,,,,DNA recombination;DNA-binding;Reference proteome
g2749,885870,Rv2647,I6YDZ2,CDS,Cytoplasmic,,hypothetical protein,,,,,,,,Reference proteome
g2750,,Rv2648,P9WKH5,CDS,Cytoplasmic,,Insertion element IS6110 uncharacterized 12.0 kDa protein,,,,,,transposase 8 family,,Reference proteome;Transposable element
g2751,,Rv2649,P9WKH9,CDS,Cytoplasmic,,Putative transposase for insertion sequence element IS986/IS6110,,,,,,,,DNA recombination;DNA-binding;Reference proteome;Transposable element;Transposition
g2752,887478,Rv2650c,P71947,CDS,Extracellular,,prophage protein,,,,,,,,Reference proteome
g2753,887837,Rv2651c,I6XEX3,CDS,Cytoplasmic,,prophage protease,metabolism,Peptidases and inhibitors,,,,,,Hydrolase;Protease;Reference proteome;Viral release from host cell
g2754,888577,Rv2652c,P71949,CDS,Cytoplasmic,,prophage protein,,,,,,,,Reference proteome
g2755,887367,Rv2653c,P9WJ13,CDS,Cytoplasmic,,Toxin Rv2653c,,,,,,,,Reference proteome;Toxin-antitoxin system
g2756,888154,Rv2654c,P9WJ11,CDS,Extracellular,,Antitoxin Rv2654c,,,,,,,,Reference proteome;Toxin-antitoxin system
g2757,887388,Rv2655c,I6Y1F0,CDS,Cytoplasmic,,prophage protein,,,,,,,,Reference proteome
g2758,888179,Rv2656c,P9WL49,CDS,Extracellular,,Uncharacterized protein Rv2656c,,,,,,To M.tuberculosis Rv1583c,,Reference proteome
g2759,887399,Rv2657c,I6YE30,CDS,Cytoplasmic,,prophage protein,,,,,,,,Reference proteome
g2760,888562,Rv2658c,P9WL47,CDS,Cytoplasmic,,Uncharacterized protein Rv2658c,,,,,,,,Reference proteome
g2761,885098,Rv2659c,P9WMB3,CDS,Cytoplasmic,,Putative prophage phiRv2 integrase,,,,,,'phage' integrase family,,DNA integration;DNA recombination;DNA-binding;Reference proteome;Viral genome integration;Virus entry into host cell
g2762,887222,Rv2660c,I6Y1F5,CDS,Extracellular,,hypothetical protein,,,,,,,,Reference proteome
g2763,888545,Rv2661c,P71958,CDS,Extracellular,,hypothetical protein,,,,,,,,Reference proteome
g2764,888589,Rv2662,P71959,CDS,Extracellular,,hypothetical protein,,,,,,,,Reference proteome
g2765,888561,Rv2663,I6X520,CDS,Cytoplasmic,,Toxin,,,,,,,,Reference proteome
g2766,888501,Rv2664,I6Y9Z5,CDS,Cytoplasmic,,hypothetical protein,,,,,,,,Reference proteome
g2767,887748,Rv2665,I6Y1F9,CDS,Cytoplasmic,,hypothetical protein,,,,,,,,Reference proteome
g2768,,Rv2666,P71963,CDS,Cytoplasmic,,Mutator family transposase,,,,,,transposase mutator family,,DNA recombination;DNA-binding;Reference proteome;Transposable element;Transposition
g2769,887415,Rv2667,P9WPC7,CDS,Cytoplasmic,clpC2,Uncharacterized protein Rv2667,,,,,,ClpA/ClpB family. ClpC subfamily,,3D-structure;Reference proteome;Repeat
g2770,887993,Rv2668,P71965,CDS,Plasma Membrane,,hypothetical protein,,,,,,,,Reference proteome;Signal
g2771,887699,Rv2669,P9WQG5,CDS,Cytoplasmic,,Uncharacterized N-acetyltransferase Rv2669,,,,,,acetyltransferase family,,Acyltransferase;Reference proteome;Transferase
g2772,887407,Rv2670c,I6Y1G3,CDS,Cytoplasmic,,Cell division protein ZapE,genetic information processing,Chromosome and associated proteins,,,,,,ATP-binding;Nucleotide-binding;Reference proteome
g2773,887389,Rv2671,P71968,CDS,Cytoplasmic,ribD,Bacterial bifunctional deaminase-reductase C-terminal domain-containing protein,,,,,,,Cofactor biosynthesis; riboflavin biosynthesis,3D-structure;NADP;Nucleotide-binding;Oxidoreductase;Reference proteome
g2774,887398,Rv2672,P71969,CDS,Extracellular,,protease,,,,,,peptidase S33 family,,Hydrolase;Protease;Reference proteome;Signal
g2775,887396,Rv2673,P9WMZ7,CDS,Plasma Membrane,aftC,Alpha-(1->3)-arabinofuranosyltransferase,metabolism,Glycosyltransferases,Metabolism,Glycan biosynthesis and metabolism,Lipoarabinomannan (LAM) biosynthesis; Arabinogalactan biosynthesis - Mycobacterium,glycosyltransferase 87 family,Cell wall biogenesis; cell wall polysaccharide biosynthesis,Cell membrane;Cell wall biogenesis/degradation;Glycosyltransferase;Membrane;Reference proteome;Transferase;Transmembrane;Transmembrane helix
g2776,886019,Rv2674,I6YA00,CDS,Cytoplasmic,msrB,peptide-methionine (R)-S-oxide reductase,,,,,,,,Metal-binding;Oxidoreductase;Reference proteome;Zinc
g2777,887760,Rv2675c,I6Y1G8,CDS,Cytoplasmic,,Methyltransferase domain-containing protein,,,,,,,,Methyltransferase;Reference proteome;S-adenosyl-L-methionine;Transferase
g2778,887718,Rv2676c,P9WL45,CDS,Cytoplasmic,chdC,Coproheme decarboxylase,,,Metabolism,Metabolism of cofactors and vitamins,Porphyrin metabolism,ChdC family. Type 2 subfamily,Porphyrin-containing compound metabolism; protoheme biosynthesis,Heme;Heme biosynthesis;Iron;Isopeptide bond;Metal-binding;Oxidoreductase;Reference proteome;Ubl conjugation
g2779,887711,Rv2677c,P9WMP1,CDS,Cytoplasmic,cgoX,Coproporphyrinogen III oxidase,,,Metabolism,Metabolism of cofactors and vitamins,Porphyrin metabolism,protoporphyrinogen/coproporphyrinogen oxidase family. Coproporphyrinogen III oxidase subfamily,Porphyrin-containing compound metabolism; protoheme biosynthesis,Cytoplasm;FAD;Flavoprotein;Heme biosynthesis;Oxidoreductase;Reference proteome
g2780,888934,Rv2678c,P9WFE1,CDS,Cytoplasmic,hemE,Uroporphyrinogen decarboxylase,,,Metabolism,Metabolism of cofactors and vitamins,Porphyrin metabolism,uroporphyrinogen decarboxylase family,Porphyrin-containing compound metabolism; protoporphyrin-IX biosynthesis; coproporphyrinogen-III from 5-aminolevulinate,Cytoplasm;Decarboxylase;Lyase;Porphyrin biosynthesis;Reference proteome
g2781,887693,Rv2679,I6YA03,CDS,Cytoplasmic,echA15,enoyl-CoA hydratase EchA15,,,,,,enoyl-CoA hydratase/isomerase family,,Fatty acid metabolism;Lipid metabolism;Reference proteome
g2782,887734,Rv2680,O86317,CDS,Cytoplasmic,,hypothetical protein,,,,,,,,Reference proteome
g2783,887708,Rv2681,I6XF17,CDS,Cytoplasmic,,hypothetical protein,genetic information processing,Transfer RNA biogenesis,,,,,,Reference proteome
g2784,887461,Rv2682c,P9WNS3,CDS,Cytoplasmic,dxs,1-deoxy-D-xylulose-5-phosphate synthase,,,Metabolism,Metabolism of cofactors and vitamins; Metabolism of terpenoids and polyketides,Thiamine metabolism; Terpenoid backbone biosynthesis,transketolase family. DXPS subfamily,Metabolic intermediate biosynthesis; 1-deoxy-D-xylulose 5-phosphate biosynthesis; 1-deoxy-D-xylulose 5-phosphate from D-glyceraldehyde 3-phosphate and pyruvate,3D-structure;Isoprene biosynthesis;Magnesium;Metal-binding;Reference proteome;Thiamine biosynthesis;Thiamine pyrophosphate;Transferase
g2785,887207,Rv2683,I6X540,CDS,Cytoplasmic,,hypothetical protein,,,,,,,,CBS domain;Reference proteome
g2786,888366,Rv2684,P9WPD9,CDS,Plasma Membrane,arsA,Uncharacterized transporter Rv2684,,,,,,CitM (TC 2.A.11) transporter family,,Cell membrane;Membrane;Reference proteome;Transmembrane;Transmembrane helix;Transport
g2787,888150,Rv2685,P9WPD7,CDS,Plasma Membrane,arsB1,Uncharacterized transporter Rv2685,,,,,,CitM (TC 2.A.11) transporter family,,Cell membrane;Membrane;Reference proteome;Transmembrane;Transmembrane helix;Transport
g2788,888360,Rv2686c,P9WJB3,CDS,Plasma Membrane,,Fluoroquinolones export permease protein Rv2686c,signaling and cellular processes,Transporters,Environmental Information Processing,Membrane transport,ABC transporters,,,Antibiotic resistance;Cell membrane;Membrane;Reference proteome;Transmembrane;Transmembrane helix;Transport
g2789,888446,Rv2687c,P9WJB1,CDS,Plasma Membrane,,Fluoroquinolones export permease protein Rv2687c,signaling and cellular processes,Transporters,Environmental Information Processing,Membrane transport,ABC transporters,,,Antibiotic resistance;Cell membrane;Membrane;Reference proteome;Transmembrane;Transmembrane helix;Transport
g2790,888463,Rv2688c,P9WQL7,CDS,Plasma Membrane,,Fluoroquinolones export ATP-binding protein Rv2688c,signaling and cellular processes,Transporters,Environmental Information Processing,Membrane transport,ABC transporters,ABC transporter superfamily,,Antibiotic resistance;ATP-binding;Cell membrane;Membrane;Nucleotide-binding;Reference proteome;Translocase;Transport
g2791,887219,Rv2689c,O07191,CDS,Cytoplasmic,,hypothetical protein,,,,,,class I-like SAM-binding methyltransferase superfamily. RNA M5U methyltransferase family,,Methyltransferase;Reference proteome;S-adenosyl-L-methionine;Transferase
g2792,888011,Rv2690c,I6Y1H7,CDS,Plasma Membrane,,integral membrane protein,,,,,,,,Membrane;Reference proteome;Transmembrane;Transmembrane helix
g2793,887250,Rv2691,I6XF25,CDS,Cytoplasmic,ceoB,Trk system potassium uptake protein TrkA,signaling and cellular processes,Transporters,,,,,,Ion transport;NAD;Potassium;Potassium transport;Reference proteome;Transport
g2794,887493,Rv2692,P9WFZ3,CDS,Cytoplasmic,trkA,Trk system potassium uptake protein TrkA,signaling and cellular processes,Transporters,,,,,,Ion transport;NAD;Potassium;Potassium transport;Reference proteome;Transport
g2795,887917,Rv2693c,I6X548,CDS,Plasma Membrane,,integral membrane protein,,,,,,,,Membrane;Reference proteome;Transmembrane;Transmembrane helix
g2796,888911,Rv2694c,O07196,CDS,Cytoplasmic,,hypothetical protein,,,,,,,,Reference proteome
g2797,888223,Rv2695,I6Y1I1,CDS,Cytoplasmic,,hypothetical protein,,,,,,,,Reference proteome
g2798,888482,Rv2696c,I6XF31,CDS,Cytoplasmic,,hypothetical protein,,,,,,,,Reference proteome
g2799,887290,Rv2697c,P9WNS5,CDS,Cytoplasmic,dut,Deoxyuridine 5'-triphosphate nucleotidohydrolase,genetic information processing,DNA repair and recombination proteins,Metabolism,Nucleotide metabolism; Xenobiotics biodegradation and metabolism,Pyrimidine metabolism; Drug metabolism - other enzymes,dUTPase family,Pyrimidine metabolism; dUMP biosynthesis; dUMP from dCTP (dUTP route),3D-structure;Hydrolase;Magnesium;Metal-binding;Nucleotide metabolism;Reference proteome
g2800,888528,Rv2698,I6X552,CDS,Plasma Membrane,,transmembrane protein,,,,,,,,Membrane;Reference proteome;Transmembrane;Transmembrane helix
g2801,887218,Rv2699c,I6YA17,CDS,Cytoplasmic,,dUTPase,,,,,,,,Reference proteome
g2802,887405,Rv2700,I6Y1I5,CDS,Plasma Membrane,cei,Cell envelope integrity protein Cei,,,,,,,,Cell membrane;Membrane;Reference proteome;Transmembrane;Transmembrane helix;Virulence
g2803,887210,Rv2701c,P9WKI9,CDS,Cytoplasmic,suhB,Inositol-1-monophosphatase SuhB,,,Metabolism,Carbohydrate metabolism; Biosynthesis of other secondary metabolites,Inositol phosphate metabolism; Streptomycin biosynthesis,inositol monophosphatase superfamily,Polyol metabolism; myo-inositol biosynthesis; myo-inositol from D-glucose 6-phosphate,3D-structure;Acetylation;Hydrolase;Magnesium;Metal-binding;Reference proteome
g2804,887313,Rv2702,P9WIN1,CDS,Cytoplasmic,ppgK,Polyphosphate glucokinase,,,Metabolism,Carbohydrate metabolism; Glycan biosynthesis and metabolism,Glycolysis / Gluconeogenesis; Amino sugar and nucleotide sugar metabolism,ROK (NagC/XylR) family,,ATP-binding;Kinase;Nucleotide-binding;Reference proteome;Transferase
g2805,887477,Rv2703,P9WGI1,CDS,Cytoplasmic,sigA,RNA polymerase sigma factor SigA,genetic information processing,Transcription machinery,Cellular Processes,Cell motility,Flagellar assembly,sigma-70 factor family. RpoD/SigA subfamily,,3D-structure;Cytoplasm;DNA-binding;Reference proteome;Sigma factor;Transcription;Transcription regulation
g2806,887675,Rv2704,I6YA21,CDS,Cytoplasmic,,hypothetical protein,,,,,,,,Reference proteome
g2807,887302,Rv2705c,O07206,CDS,Cytoplasmic,,Glutathione S-transferase domain-containing protein,,,,,,,,Reference proteome
g2808,887484,Rv2706c,O07207,CDS,Extracellular,,hypothetical protein,,,,,,,,Reference proteome
g2809,887750,Rv2707,I6YE67,CDS,Plasma Membrane,,hypothetical protein,,,,,,,,Cell membrane;Membrane;Reference proteome;Transmembrane;Transmembrane helix
g2810,887159,Rv2708c,I6X562,CDS,Cytoplasmic,,DUF3039 domain-containing protein,,,,,,,,Reference proteome
g2811,887282,Rv2709,I6YA25,CDS,Plasma Membrane,,transmembrane protein,,,,,,,,Membrane;Reference proteome;Transmembrane;Transmembrane helix
g2812,888580,Rv2710,P9WGI5,CDS,Cytoplasmic,sigB,RNA polymerase sigma factor SigB,genetic information processing,Transcription machinery,,,,sigma-70 factor family,,3D-structure;DNA-binding;Reference proteome;Sigma factor;Stress response;Transcription;Transcription regulation
g2813,888590,Rv2711,P9WMH1,CDS,Cytoplasmic,ideR,Iron-dependent repressor IdeR,genetic information processing,Transcription factors,,,,DtxR/MntR family,,3D-structure;Activator;Cytoplasm;DNA-binding;Iron;Reference proteome;Repressor;Transcription;Transcription regulation
g2814,888586,Rv2712c,I6YE70,CDS,Cytoplasmic,,DUF4192 domain-containing protein,,,,,,,,Reference proteome
g2815,887355,Rv2713,P9WHH5,CDS,Cytoplasmic,sthA,Probable soluble pyridine nucleotide transhydrogenase,,,Metabolism,Metabolism of cofactors and vitamins,Nicotinate and nicotinamide metabolism,class-I pyridine nucleotide-disulfide oxidoreductase family,,Cytoplasm;FAD;Flavoprotein;NAD;NADP;Oxidoreductase;Reference proteome
g2816,887653,Rv2714,I6YA29,CDS,Cytoplasmic,,hypothetical protein,,,,,,,,Reference proteome
g2817,887974,Rv2715,P9WNH3,CDS,Plasma Membrane,,Uncharacterized protein Rv2715,,,,,,DmpD/TodF/XylF esterase family,,Hydrolase;Reference proteome
g2818,887775,Rv2716,P9WL43,CDS,Cytoplasmic,,Uncharacterized protein Rv2716,,,,,,,,Reference proteome
g2819,887284,Rv2717c,P9WFG7,CDS,Cytoplasmic,,Peroxynitrite isomerase 1,,,,,,nitrobindin family,Nitrogen metabolism,3D-structure;Heme;Iron;Isomerase;Metal-binding;Reference proteome
g2820,887985,Rv2718c,P9WIZ1,CDS,Cytoplasmic,nrdR,Transcriptional repressor NrdR,genetic information processing,Transcription factors,,,,NrdR family,,ATP-binding;DNA-binding;Metal-binding;Nucleotide-binding;Reference proteome;Repressor;Transcription;Transcription regulation;Zinc;Zinc-finger
g2821,887959,Rv2719c,I6YA32,CDS,Plasma Membrane,chiZ,Cell wall hydrolase ChiZ,,,,,,,,Cell membrane;Cell wall biogenesis/degradation;Hydrolase;Membrane;Reference proteome;Transmembrane;Transmembrane helix
g2822,888169,Rv2720,P9WHR7,CDS,Cytoplasmic,lexA,LexA repressor,metabolism; genetic information processing,Peptidases and inhibitors; DNA repair and recombination proteins,,,,peptidase S24 family,,3D-structure;Autocatalytic cleavage;DNA damage;DNA repair;DNA replication;DNA-binding;Hydrolase;Reference proteome;Repressor;SOS response;Transcription;Transcription regulation
g2823,888291,Rv2721c,I6XF52,CDS,Plasma Membrane,,hypothetical protein,,,,,,,,Membrane;Reference proteome;Signal;Transmembrane;Transmembrane helix
g2824,888399,Rv2722,O33227,CDS,Extracellular,,hypothetical protein,,,,,,,,Reference proteome
g2825,887768,Rv2723,P9WG93,CDS,Plasma Membrane,,Uncharacterized membrane protein Rv2723,,,,,,TerC family,,Cell membrane;Membrane;Reference proteome;Transmembrane;Transmembrane helix
g2826,887866,Rv2724c,O33229,CDS,Cytoplasmic,fadE20,acyl-CoA dehydrogenase FadE20,,,Metabolism,Lipid metabolism,Fatty acid degradation,acyl-CoA dehydrogenase family,,FAD;Flavoprotein;Oxidoreductase;Reference proteome
g2827,888241,Rv2725c,O33230,CDS,Cytoplasmic,hflX,GTPase HflX,genetic information processing,Ribosome biogenesis,,,,TRAFAC class OBG-HflX-like GTPase superfamily. HflX GTPase family,,Cytoplasm;GTP-binding;Magnesium;Metal-binding;Nucleotide-binding;Reference proteome
g2828,888614,Rv2726c,P9WP19,CDS,Cytoplasmic,dapF,Diaminopimelate epimerase,,,Metabolism,Amino acid metabolism; Metabolism of other amino acids,Lysine biosynthesis; D-Amino acid metabolism,diaminopimelate epimerase family,"Amino-acid biosynthesis; L-lysine biosynthesis via DAP pathway; DL-2,6-diaminopimelate from LL-2,6-diaminopimelate",3D-structure;Amino-acid biosynthesis;Cytoplasm;Isomerase;Lysine biosynthesis;Reference proteome
g2829,887242,Rv2727c,P9WJW1,CDS,Cytoplasmic,miaA,tRNA dimethylallyltransferase,metabolism; genetic information processing,Prenyltransferases; Transfer RNA biogenesis,,,,IPP transferase family,,ATP-binding;Magnesium;Nucleotide-binding;Reference proteome;Transferase;tRNA processing
g2830,888330,Rv2728c,I6X579,CDS,Cytoplasmic,,hypothetical protein,,,,,,,,Reference proteome
g2831,888333,Rv2729c,O33234,CDS,Plasma Membrane,,integral membrane protein,,,,,,,,Membrane;Reference proteome;Transmembrane;Transmembrane helix
g2832,888323,Rv2730,I6Y1K4,CDS,Extracellular,,hypothetical protein,,,,,,,,Reference proteome
g2833,888300,Rv2731,I6XF60,CDS,Cytoplasmic,,hypothetical protein,,,,,,,,Reference proteome
g2834,888319,Rv2732c,O33237,CDS,Plasma Membrane,,transmembrane protein,,,,,,,,Membrane;Reference proteome;Transmembrane;Transmembrane helix
g2835,888266,Rv2733c,P9WK05,CDS,Cytoplasmic,miaB,tRNA-2-methylthio-N(6)-dimethylallyladenosine synthase,genetic information processing,Transfer RNA biogenesis,,,,methylthiotransferase family. MiaB subfamily,,4Fe-4S;Cytoplasm;Iron;Iron-sulfur;Metal-binding;Reference proteome;S-adenosyl-L-methionine;Transferase;tRNA processing
g2836,888303,Rv2734,I6YA42,CDS,Cytoplasmic,,Phage Gp37Gp68 family protein,,,,,,,,Reference proteome
g2837,888389,Rv2735c,I6Y1K7,CDS,Cytoplasmic,,Three-Cys-motif partner protein TcmP,,,,,,,,Reference proteome
g2838,888393,Rv2736c,P9WHI1,CDS,Cytoplasmic,recX,Regulatory protein RecX,genetic information processing,DNA repair and recombination proteins,,,,RecX family,,Cytoplasm;Direct protein sequencing;Reference proteome
g2839,,Rv2737A,Q79FB4,CDS,Cytoplasmic,,Conserved hypothetical cysteine rich protein (fragment),,,,,,,,Reference proteome
g2840,888371,Rv2737c,P9WHJ3,CDS,Cytoplasmic,recA,Protein RecA,genetic information processing,DNA repair and recombination proteins,Genetic Information Processing,Replication and repair,Homologous recombination,RecA family,,3D-structure;ATP-binding;Autocatalytic cleavage;Cytoplasm;DNA damage;DNA recombination;DNA repair;DNA-binding;Endonuclease;Hydrolase;Intron homing;Isopeptide bond;Nuclease;Nucleotide-binding;Protein splicing;Reference proteome;SOS response;Ubl conjugation
g2841,888368,Rv2738c,I6YA47,CDS,Cytoplasmic,,DUF3046 domain-containing protein,,,,,,,,Reference proteome
g2842,888363,Rv2739c,O33282,CDS,Cytoplasmic,,transferase,,,,,,,,Reference proteome;Transferase
g2843,888365,Rv2740,O33283,CDS,Plasma Membrane,ephG,Epoxide hydrolase EphG,,,Metabolism,Metabolism of terpenoids and polyketides,Limonene degradation,"limonene-1,2-epoxide hydrolase family",,3D-structure;Hydrolase;Reference proteome
g2844,888339,Rv2741,Q79FB3,CDS,Extracellular,PE_PGRS47,PE-PGRS family protein PE_PGRS47,,,,,,mycobacterial PE family. PGRS subfamily,,Host cytoplasm;Reference proteome;Secreted;Virulence
g2845,,Rv2742A,P0DMQ8,CDS,Plasma Membrane,,Uncharacterized protein Rv2742A,,,,,,,,Cell membrane;Membrane;Reference proteome;Transmembrane;Transmembrane helix
g2846,888332,Rv2742c,O33285,CDS,Cytoplasmic,,Putative envelope-preserving system protein Rv2742c,,,,,,,,Reference proteome;Stress response
g2847,887779,Rv2743c,I6YA50,CDS,Plasma Membrane,,Putative envelope-preserving system protein Rv2743c,,,,,,,,Membrane;Reference proteome;Stress response;Transmembrane;Transmembrane helix
g2848,888304,Rv2744c,P9WHP5,CDS,Cytoplasmic,pspA,PspA protein,,,,,,PspA/Vipp/IM30 family,,Cytoplasm;Reference proteome;Stress response;Virulence
g2849,888315,Rv2745c,P9WMH7,CDS,Cytoplasmic,clgR,Transcriptional regulator ClgR,genetic information processing,Transcription factors,,,,,,DNA-binding;Reference proteome;Stress response;Transcription;Transcription regulation
g2850,888375,Rv2746c,P9WPG3,CDS,Plasma Membrane,pgsA3,Probable phosphatidylglycerophosphate synthase,,,Metabolism,Lipid metabolism,Glycerophospholipid metabolism,CDP-alcohol phosphatidyltransferase class-I family,Lipid metabolism; phospholipid metabolism,Cell membrane;Lipid biosynthesis;Lipid metabolism;Membrane;Phospholipid biosynthesis;Phospholipid metabolism;Reference proteome;Transferase;Transmembrane;Transmembrane helix
g2851,888407,Rv2747,O33289,CDS,Cytoplasmic,argA,Amino-acid acetyltransferase,,,Metabolism,Amino acid metabolism,Arginine biosynthesis,acetyltransferase family,Amino-acid biosynthesis; L-arginine biosynthesis; N(2)-acetyl-L-ornithine from L-glutamate,3D-structure;Acyltransferase;Amino-acid biosynthesis;Arginine biosynthesis;Reference proteome;Transferase
g2852,888408,Rv2748c,P9WNA3,CDS,Plasma Membrane,ftsK,DNA translocase FtsK,genetic information processing,Chromosome and associated proteins,,,,FtsK/SpoIIIE/SftA family,,ATP-binding;Cell cycle;Cell division;Cell membrane;Chromosome partition;DNA-binding;Membrane;Nucleotide-binding;Reference proteome;Transmembrane;Transmembrane helix
g2853,888390,Rv2749,O33291,CDS,Cytoplasmic,,hypothetical protein,,,,,,,,Reference proteome
g2854,888384,Rv2750,P9WGS5,CDS,Cytoplasmic,,Uncharacterized oxidoreductase Rv2750,,,,,,short-chain dehydrogenases/reductases (SDR) family,,NAD;Oxidoreductase;Reference proteome
g2855,887806,Rv2751,I6YEA3,CDS,Cytoplasmic,,S-adenosyl-L-methionine-dependent methyltransferase,,,,,,UPF0677 family,,Methyltransferase;Reference proteome;S-adenosyl-L-methionine;Transferase
g2856,887802,Rv2752c,P9WGZ9,CDS,Cytoplasmic,rnj,Ribonuclease J,genetic information processing,Messenger RNA biogenesis,Genetic Information Processing,"Folding, sorting and degradation",RNA degradation,metallo-beta-lactamase superfamily. RNA-metabolizing metallo-beta-lactamase-like family. Bacterial RNase J subfamily,,3D-structure;Cytoplasm;Endonuclease;Exonuclease;Hydrolase;Isopeptide bond;Metal-binding;Nuclease;Reference proteome;RNA-binding;rRNA processing;Ubl conjugation;Zinc
g2857,888289,Rv2753c,P9WP25,CDS,Cytoplasmic,dapA,4-hydroxy-tetrahydrodipicolinate synthase,,,Metabolism,Amino acid metabolism; Biosynthesis of other secondary metabolites,Lysine biosynthesis; Monobactam biosynthesis,DapA family,Amino-acid biosynthesis; L-lysine biosynthesis via DAP pathway; (S)-tetrahydrodipicolinate from L-aspartate,3D-structure;Amino-acid biosynthesis;Cytoplasm;Diaminopimelate biosynthesis;Lyase;Lysine biosynthesis;Reference proteome;Schiff base
g2858,887766,Rv2754c,P9WG57,CDS,Cytoplasmic,thyX,Flavin-dependent thymidylate synthase,,,Metabolism,Nucleotide metabolism; Metabolism of cofactors and vitamins,Pyrimidine metabolism; One carbon pool by folate,thymidylate synthase ThyX family,Pyrimidine metabolism; dTTP biosynthesis,3D-structure;FAD;Flavoprotein;Methyltransferase;NADP;Nucleotide biosynthesis;Reference proteome;Transferase
g2859,,Rv2755c,I6XF84,CDS,Cytoplasmic,hsdS.1,Possible type I restriction/modification system specificity determinant (fragment) HsdS.1 (S protein),,,,,,,,DNA-binding;Reference proteome;Restriction system
g2860,888278,Rv2756c,O33298,CDS,Cytoplasmic,hsdM,site-specific DNA-methyltransferase (adenine-specific),signaling and cellular processes,Prokaryotic defense system,,,,N(4)/N(6)-methyltransferase family,,Methyltransferase;Reference proteome;Restriction system;S-adenosyl-L-methionine;Transferase
g2861,888249,Rv2757c,P9WF91,CDS,Cytoplasmic,vapC21,Ribonuclease VapC21,signaling and cellular processes,Prokaryotic defense system,,,,PINc/VapC protein family,,3D-structure;Hydrolase;Magnesium;Metal-binding;Nuclease;Reference proteome;Toxin-antitoxin system
g2862,888263,Rv2758c,P9WJ43,CDS,Cytoplasmic,vapB21,Antitoxin VapB21,signaling and cellular processes,Prokaryotic defense system,,,,,,Reference proteome;Toxin-antitoxin system
g2863,888293,Rv2759c,P9WF57,CDS,Cytoplasmic,vapC42,Ribonuclease VapC42,signaling and cellular processes,Prokaryotic defense system,,,,PINc/VapC protein family,,Hydrolase;Magnesium;Metal-binding;Nuclease;Reference proteome;Toxin-antitoxin system
g2864,887705,Rv2760c,P9WJ19,CDS,Cytoplasmic,vapB42,Putative antitoxin VapB42,signaling and cellular processes,Prokaryotic defense system,,,,,,Reference proteome;Toxin-antitoxin system
g2865,887695,Rv2761c,I6YEB1,CDS,Cytoplasmic,hsdS,type I restriction/modification system specificity determinant HsdS,,,,,,type-I restriction system S methylase family,,DNA-binding;Reference proteome;Restriction system
g2866,887698,Rv2762c,I6X5B0,CDS,Cytoplasmic,,Winged helix-turn-helix domain-containing protein,,,,,,,,Reference proteome
g2867,887777,Rv2763c,P9WNX1,CDS,Cytoplasmic,folA,Dihydrofolate reductase,,,Metabolism; Organismal Systems,Metabolism of cofactors and vitamins; Digestive system,Folate biosynthesis; One carbon pool by folate; Folate transport and metabolism,dihydrofolate reductase family,"Cofactor biosynthesis; tetrahydrofolate biosynthesis; 5,6,7,8-tetrahydrofolate from 7,8-dihydrofolate",3D-structure;NADP;One-carbon metabolism;Oxidoreductase;Reference proteome
g2868,887728,Rv2764c,P9WFR9,CDS,Cytoplasmic,thyA,Thymidylate synthase ThyA,,,Metabolism; Organismal Systems,Nucleotide metabolism; Metabolism of cofactors and vitamins; Digestive system,Pyrimidine metabolism; One carbon pool by folate; Folate transport and metabolism,thymidylate synthase family. Bacterial-type ThyA subfamily,Pyrimidine metabolism; dTTP biosynthesis,3D-structure;Antibiotic resistance;Cytoplasm;Direct protein sequencing;Methyltransferase;Nucleotide biosynthesis;Reference proteome;Transferase
g2869,887714,Rv2765,I6XF92,CDS,Cytoplasmic,,hydrolase,,,Metabolism,Xenobiotics biodegradation and metabolism,Fluorobenzoate degradation; Chlorocyclohexane and chlorobenzene degradation; Toluene degradation,,,Hydrolase;Reference proteome
g2870,887727,Rv2766c,I6YEB6,CDS,Cytoplasmic,fabG5,short-chain type dehydrogenase/reductase,,,,,,short-chain dehydrogenases/reductases (SDR) family,,Reference proteome
g2871,887762,Rv2767c,O33309,CDS,Extracellular,,membrane protein,,,,,,,,Membrane;Reference proteome;Transmembrane;Transmembrane helix
g2872,887765,Rv2768c,Q79FA9,CDS,Extracellular,PPE43,PPE family protein PPE43,,,,,,mycobacterial PPE family,,Reference proteome
g2873,888461,Rv2769c,Q79FA8,CDS,Extracellular,PE27,PE family protein PE27,,,,,,,,Reference proteome
g2874,888456,Rv2770c,P9WHZ3,CDS,Extracellular,PPE44,PPE family protein PPE44,,,,,,mycobacterial PPE family,,Cell wall;Reference proteome;Secreted;Virulence
g2875,888434,Rv2771c,O33313,CDS,Cytoplasmic,,Flavodoxin,,,,,,,,Reference proteome
g2876,888449,Rv2772c,I6YA75,CDS,Plasma Membrane,,transmembrane protein,,,,,,,,Membrane;Reference proteome;Transmembrane;Transmembrane helix
g2877,888443,Rv2773c,P9WP23,CDS,Cytoplasmic,dapB,4-hydroxy-tetrahydrodipicolinate reductase,,,Metabolism,Amino acid metabolism; Biosynthesis of other secondary metabolites,Lysine biosynthesis; Monobactam biosynthesis,DapB family,Amino-acid biosynthesis; L-lysine biosynthesis via DAP pathway; (S)-tetrahydrodipicolinate from L-aspartate,3D-structure;Amino-acid biosynthesis;Cytoplasm;Diaminopimelate biosynthesis;Lysine biosynthesis;NAD;NADP;Oxidoreductase;Reference proteome
g2878,888439,Rv2774c,O33316,CDS,Extracellular,,hypothetical protein,,,,,,,,Reference proteome
g2879,888432,Rv2775,O33317,CDS,Cytoplasmic,,Probable N-acetyltransferase Rv2775,,,,,,acetyltransferase family,,Acyltransferase;Direct protein sequencing;Reference proteome;Transferase
g2880,888453,Rv2776c,O86347,CDS,Cytoplasmic,,oxidoreductase,,,,,,,,2Fe-2S;Flavoprotein;Iron;Iron-sulfur;Metal-binding;Oxidoreductase;Reference proteome
g2881,887833,Rv2777c,O33319,CDS,Plasma Membrane,,Metal-dependent hydrolase,,,,,,,,Reference proteome
g2882,887751,Rv2778c,I6Y1P2,CDS,Cytoplasmic,,hypothetical protein,,,,,,,,Reference proteome
g2883,888479,Rv2779c,O33321,CDS,Cytoplasmic,aldR,HTH-type transcriptional regulator AldR,,,,,,,,3D-structure;Activator;DNA-binding;Reference proteome;Repressor;Transcription;Transcription regulation
g2884,888493,Rv2780,P9WQB1,CDS,Cytoplasmic,ald,Alanine dehydrogenase,,,Metabolism,Amino acid metabolism; Metabolism of other amino acids,"Alanine, aspartate and glutamate metabolism; Taurine and hypotaurine metabolism",AlaDH/PNT family,Amino-acid degradation; L-alanine degradation via dehydrogenase pathway; NH(3) and pyruvate from L-alanine,3D-structure;Direct protein sequencing;Magnesium;Metal-binding;NAD;Nucleotide-binding;Oxidoreductase;Reference proteome;Secreted
g2885,888488,Rv2781c,I6X5C5,CDS,Cytoplasmic,,Probable nitronate monooxygenase,,,Metabolism,Energy metabolism,Nitrogen metabolism,nitronate monooxygenase family. NMO class I subfamily,,Detoxification;Flavoprotein;FMN;Monooxygenase;Nucleotide-binding;Oxidoreductase;Reference proteome
g2886,888470,Rv2782c,P9WHT5,CDS,Cytoplasmic,pepR,Uncharacterized zinc protease Rv2782c,,,,,,peptidase M16 family,,Hydrolase;Metal-binding;Metalloprotease;Protease;Reference proteome;Zinc
g2887,888467,Rv2783c,P9WI57,CDS,Cytoplasmic,pnp,Polyribonucleotide nucleotidyltransferase,genetic information processing,Messenger RNA biogenesis; Transfer RNA biogenesis,Genetic Information Processing,"Folding, sorting and degradation",RNA degradation,polyribonucleotide nucleotidyltransferase family,,3D-structure;Cytoplasm;Magnesium;Metal-binding;Nucleotidyltransferase;Reference proteome;RNA-binding;Transferase
g2888,888484,Rv2784c,I6XFA6,CDS,Plasma Membrane,lppU,lipoprotein LppU,,,,,,,,Lipoprotein;Reference proteome;Signal
g2889,888455,Rv2785c,P9WH55,CDS,Cytoplasmic,rpsO,Small ribosomal subunit protein uS15,genetic information processing,Ribosome,Genetic Information Processing,Translation,Ribosome,universal ribosomal protein uS15 family,,3D-structure;Reference proteome;Ribonucleoprotein;Ribosomal protein;RNA-binding;rRNA-binding
g2890,888468,Rv2786c,I6X5C9,CDS,Cytoplasmic,ribF,Riboflavin biosynthesis protein,,,Metabolism,Metabolism of cofactors and vitamins,Riboflavin metabolism,ribF family,Cofactor biosynthesis; FAD biosynthesis; FAD from FMN; Cofactor biosynthesis; FMN biosynthesis; FMN from riboflavin (ATP route),ATP-binding;FAD;Flavoprotein;FMN;Kinase;Multifunctional enzyme;Nucleotide-binding;Nucleotidyltransferase;Reference proteome;Transferase
g2891,888288,Rv2787,O33329,CDS,Cytoplasmic,,hypothetical protein,,,,,,,,Reference proteome
g2892,888253,Rv2788,I6Y1Q2,CDS,Cytoplasmic,mntR,Manganese-dependent transcriptional repressor MntR,genetic information processing,Transcription factors,,,,DtxR/MntR family,,3D-structure;Cytoplasm;DNA-binding;Manganese;Metal-binding;Reference proteome;Repressor;Transcription;Transcription regulation
g2893,888258,Rv2789c,I6XFA9,CDS,Cytoplasmic,fadE21,acyl-CoA dehydrogenase FadE21,,,,,,acyl-CoA dehydrogenase family,,FAD;Flavoprotein;Oxidoreductase;Reference proteome
g2894,888585,Rv2790c,O33332,CDS,Cytoplasmic,ltp1,propanoyl-CoA C-acyltransferase,,,Metabolism,Lipid metabolism; Amino acid metabolism; Metabolism of terpenoids and polyketides; Xenobiotics biodegradation and metabolism,"Fatty acid degradation; alpha-Linolenic acid metabolism; Valine, leucine and isoleucine degradation; Pinene, camphor and geraniol degradation; Benzoate degradation; Ethylbenzene degradation; Steroid degradation",,,Lipid transport;Lipid-binding;Peroxisome;Reference proteome;Transferase;Transport
g2895,888281,Rv2791c,O33333,CDS,Cytoplasmic,,transposase,,,,,,In the C-terminal section; belongs to the transposase 35 family,,DNA recombination;DNA-binding;Metal-binding;Reference proteome;Transposition;Zinc
g2896,888274,Rv2792c,I6YA93,CDS,Cytoplasmic,,resolvase,,,,,,,,DNA integration;DNA recombination;DNA-binding;Reference proteome
g2897,888587,Rv2793c,P9WHP7,CDS,Cytoplasmic,truB,tRNA pseudouridine synthase B,genetic information processing,Transfer RNA biogenesis,,,,pseudouridine synthase TruB family. Type 1 subfamily,,3D-structure;Isomerase;Reference proteome;tRNA processing
g2898,888226,Rv2794c,O33336,CDS,Cytoplasmic,pptT,4'-phosphopantetheinyl transferase PptT,metabolism,Polyketide biosynthesis proteins,Metabolism,Lipid metabolism; Metabolism of cofactors and vitamins; Metabolism of terpenoids and polyketides,Mycolic acid biosynthesis; Pantothenate and CoA biosynthesis; Biosynthesis of siderophore group nonribosomal peptides,P-Pant transferase superfamily,,3D-structure;Magnesium;Metal-binding;Reference proteome;Transferase
g2899,888492,Rv2795c,I6YEE1,CDS,Cytoplasmic,pptH,[Acyl-carrier-protein] phosphodiesterase PptH,,,Metabolism,Metabolism of cofactors and vitamins,Pantothenate and CoA biosynthesis,metallophosphoesterase superfamily,,3D-structure;Hydrolase;Iron;Manganese;Metal-binding;Reference proteome
g2900,888915,Rv2796c,P71655,CDS,Plasma Membrane,lppV,lipoprotein LppV,,,,,,,,Cell membrane;Lipoprotein;Membrane;Palmitate;Reference proteome;Signal
g2901,887713,Rv2797c,P71654,CDS,Extracellular,,DUF1023 domain-containing protein,,,,,,,,Coiled coil;Reference proteome
g2902,888431,Rv2798c,P71653,CDS,Extracellular,,WXG100 family type VII secretion target,,,,,,,,Reference proteome
g2903,887759,Rv2799,I6XFB7,CDS,Plasma Membrane,,membrane protein,,,,,,,,Membrane;Reference proteome;Transmembrane;Transmembrane helix
g2904,888932,Rv2800,I6YEE6,CDS,Cytoplasmic,,hydrolase,,,,,,,,Hydrolase;Reference proteome
g2905,14515892,Rv2801A,P0CL61,CDS,Cytoplasmic,mazE9,Antitoxin MazE9,signaling and cellular processes,Prokaryotic defense system,,,,,,3D-structure;Reference proteome;Toxin-antitoxin system
g2906,888921,Rv2801c,P71650,CDS,Cytoplasmic,mazF9,Endoribonuclease MazF9,signaling and cellular processes,Prokaryotic defense system,,,,PemK/MazF family,,3D-structure;Endonuclease;Hydrolase;Nuclease;Reference proteome;Toxin-antitoxin system
g2907,888931,Rv2802c,P71649,CDS,Cytoplasmic,,arginine/hypothetical protein,,,,,,,,Reference proteome
g2908,888416,Rv2803,I6XFC2,CDS,Cytoplasmic,,DUF1778 domain-containing protein,,,,,,TacA antitoxin family,,DNA-binding;Reference proteome;Repressor;Toxin-antitoxin system;Transcription;Transcription regulation
g2909,888418,Rv2804c,I6YEE9,CDS,Cytoplasmic,,hypothetical protein,,,,,,,,Reference proteome
g2910,888916,Rv2805,P71646,CDS,Cytoplasmic,,hypothetical protein,,,,,,,,Reference proteome
g2911,888905,Rv2806,I6YAA5,CDS,Plasma Membrane,,membrane protein,,,,,,,,Membrane;Reference proteome;Transmembrane;Transmembrane helix
g2912,888907,Rv2807,P71644,CDS,Cytoplasmic,,Integrase catalytic domain-containing protein,,,,,,,,Reference proteome
g2913,888944,Rv2808,P71643,CDS,Cytoplasmic,,hypothetical protein,,,,,,,,Reference proteome
g2914,888909,Rv2809,I6YEF3,CDS,Cytoplasmic,,hypothetical protein,,,,,,,,Reference proteome
g2915,,Rv2810c,P71641,CDS,Cytoplasmic,,Probable transposase,,,,,,,,Reference proteome
g2916,887740,Rv2811,P71640,CDS,Cytoplasmic,,hypothetical protein,,,,,,,,Reference proteome
g2917,888942,Rv2812,P71639,CDS,Cytoplasmic,,transposase,,,,,,,,Reference proteome
g2918,888570,Rv2813,I6XFD1,CDS,Cytoplasmic,,ORC1/DEAH AAA+ ATPase domain-containing protein,,,,,,,,Reference proteome
g2919,,Rv2814c,P9WKH9,CDS,Cytoplasmic,,Putative transposase for insertion sequence element IS986/IS6110,,,,,,,,DNA recombination;DNA-binding;Reference proteome;Transposable element;Transposition
g2920,,Rv2815c,P9WKH5,CDS,Cytoplasmic,,Insertion element IS6110 uncharacterized 12.0 kDa protein,,,,,,transposase 8 family,,Reference proteome;Transposable element
g2921,888520,Rv2816c,P9WPJ3,CDS,Cytoplasmic,cas2,CRISPR-associated endoribonuclease Cas2,signaling and cellular processes,Prokaryotic defense system,,,,CRISPR-associated endoribonuclease Cas2 protein family,,Antiviral defense;Endonuclease;Hydrolase;Magnesium;Metal-binding;Nuclease;Reference proteome
g2922,888506,Rv2817c,P9WPJ5,CDS,Cytoplasmic,cas1,CRISPR-associated endonuclease Cas1,genetic information processing; signaling and cellular processes,DNA repair and recombination proteins; Prokaryotic defense system,,,,CRISPR-associated endonuclease Cas1 family,,Antiviral defense;DNA-binding;Endonuclease;Hydrolase;Magnesium;Manganese;Metal-binding;Nuclease;Reference proteome
g2923,888510,Rv2818c,P71635,CDS,Cytoplasmic,csm6,CRISPR system endoribonuclease Csm6,,,,,,CRISPR-associated Csm6 family,,Antiviral defense;Endonuclease;Hydrolase;Nuclease;Reference proteome
g2924,888514,Rv2819c,P9WJF5,CDS,Cytoplasmic,csm5,CRISPR system Cms protein Csm5,signaling and cellular processes,Prokaryotic defense system,,,,CRISPR-associated Csm5 family,,3D-structure;Antiviral defense;Reference proteome;RNA-binding
g2925,888908,Rv2820c,P9WJF7,CDS,Cytoplasmic,csm4,CRISPR system Cms protein Csm4,signaling and cellular processes,Prokaryotic defense system,,,,CRISPR-associated Csm4 family,,Antiviral defense;Reference proteome;RNA-binding
g2926,887741,Rv2821c,P9WJF9,CDS,Cytoplasmic,csm3,CRISPR system Cms endoribonuclease Csm3,signaling and cellular processes,Prokaryotic defense system,,,,CRISPR-associated Csm3 family,,3D-structure;Antiviral defense;Endonuclease;Hydrolase;Nuclease;Reference proteome;RNA-binding
g2927,887778,Rv2822c,P9WJG1,CDS,Cytoplasmic,csm2,CRISPR system Cms protein Csm2,signaling and cellular processes,Prokaryotic defense system,,,,CRISPR-associated Csm2 family,,Antiviral defense;Reference proteome;RNA-binding
g2928,887735,Rv2823c,P71629,CDS,Cytoplasmic,cas10,CRISPR system single-strand-specific deoxyribonuclease Cas10/Csm1 (subtype III-A),signaling and cellular processes,Prokaryotic defense system,,,,CRISPR-associated Cas10/Csm1 family,,3D-structure;Antiviral defense;ATP-binding;Endonuclease;Exonuclease;Hydrolase;Nuclease;Nucleotide-binding;Reference proteome;RNA-binding;Transferase
g2929,888945,Rv2824c,P9WPJ1,CDS,Cytoplasmic,cas6,CRISPR-associated endoribonuclease Cas6,,,,,,CRISPR-associated protein Cas6/Cse3/CasE family,,Antiviral defense;Endonuclease;Hydrolase;Nuclease;Reference proteome;RNA-binding
g2930,887769,Rv2825c,P71627,CDS,Cytoplasmic,,DUF1802 family protein,,,,,,,,Reference proteome
g2931,887742,Rv2826c,P71626,CDS,Cytoplasmic,,Nucleotidyl transferase AbiEii/AbiGii toxin family protein,signaling and cellular processes,Prokaryotic defense system,,,,,,3D-structure;Reference proteome
g2932,887707,Rv2827c,P71625,CDS,Cytoplasmic,,AbiEi antitoxin C-terminal domain-containing protein,signaling and cellular processes,Prokaryotic defense system,,,,,,Reference proteome
g2933,14515869,Rv2828A,I6YAC9,CDS,Cytoplasmic,,DUF2277 domain-containing protein,,,,,,,,Reference proteome
g2934,887749,Rv2828c,I6X5G8,CDS,Cytoplasmic,,DUF1802 family protein,,,,,,,,Reference proteome
g2935,887730,Rv2829c,P71623,CDS,Cytoplasmic,vapC22,Ribonuclease VapC22,signaling and cellular processes,Prokaryotic defense system,,,,PINc/VapC protein family,,Hydrolase;Magnesium;Metal-binding;Nuclease;Reference proteome;Secreted;Toxin-antitoxin system
g2936,888537,Rv2830c,P71622,CDS,Cytoplasmic,vapB22,Antitoxin VapB22,signaling and cellular processes,Prokaryotic defense system,,,,phD/YefM antitoxin family,,Reference proteome;Toxin-antitoxin system
g2937,888519,Rv2831,I6YEH6,CDS,Cytoplasmic,echA16,enoyl-CoA hydratase EchA16,,,,,,enoyl-CoA hydratase/isomerase family,,3D-structure;Lyase;Reference proteome
g2938,888554,Rv2832c,I6X5H3,CDS,Plasma Membrane,ugpC,Trehalose import ATP-binding protein SugC,signaling and cellular processes,Transporters,Environmental Information Processing,Membrane transport,ABC transporters,,,ATP-binding;Nucleotide-binding;Reference proteome;Transport
g2939,888199,Rv2833c,P71619,CDS,Plasma Membrane,ugpB,sn-glycerol-3-phosphate ABC transporter substrate-binding lipoprotein UgpB,signaling and cellular processes,Transporters,Environmental Information Processing,Membrane transport,ABC transporters,,,3D-structure;Lipoprotein;Metal-binding;Reference proteome
g2940,888534,Rv2834c,I6Y1U3,CDS,Plasma Membrane,ugpE,sn-glycerol-3-phosphate ABC transporter permease UgpE,signaling and cellular processes,Transporters,Environmental Information Processing,Membrane transport,ABC transporters,binding-protein-dependent transport system permease family,,Cell membrane;Membrane;Reference proteome;Transmembrane;Transmembrane helix;Transport
g2941,888569,Rv2835c,I6XFF3,CDS,Plasma Membrane,ugpA,sn-glycerol-3-phosphate ABC transporter permease UgpA,signaling and cellular processes,Transporters,Environmental Information Processing,Membrane transport,ABC transporters,binding-protein-dependent transport system permease family,,Cell membrane;Membrane;Reference proteome;Transmembrane;Transmembrane helix;Transport
g2942,888547,Rv2836c,P71616,CDS,Plasma Membrane,dinF,DNA-damage-inducible protein DinF,signaling and cellular processes,Transporters,,,,multi antimicrobial extrusion (MATE) (TC 2.A.66.1) family,,Membrane;Reference proteome;Transmembrane;Transmembrane helix
g2943,888920,Rv2837c,P71615,CDS,Cytoplasmic,nrnA,Bifunctional oligoribonuclease and PAP phosphatase NrnA,genetic information processing,DNA repair and recombination proteins,Metabolism,Energy metabolism,Sulfur metabolism,NrnA oligoribonuclease family,,3D-structure;Exonuclease;Hydrolase;Nuclease;Reference proteome
g2944,888923,Rv2838c,P9WHJ7,CDS,Cytoplasmic,rbfA,Ribosome-binding factor A,genetic information processing,Ribosome biogenesis,,,,RbfA family,,Cytoplasm;Reference proteome;Ribosome biogenesis
g2945,888157,Rv2839c,P9WKK1,CDS,Cytoplasmic,infB,Translation initiation factor IF-2,genetic information processing,Translation factors; Mitochondrial biogenesis,,,,TRAFAC class translation factor GTPase superfamily. Classic translation factor GTPase family. IF-2 subfamily,,Cytoplasm;GTP-binding;Initiation factor;Nucleotide-binding;Protein biosynthesis;Reference proteome
g2946,888189,Rv2840c,I6XFF7,CDS,Cytoplasmic,,YlxR domain-containing protein,,,,,,,,Reference proteome
g2947,888213,Rv2841c,P9WIV3,CDS,Cytoplasmic,nusA,Transcription termination/antitermination protein NusA,genetic information processing,Transcription machinery; Ribosome biogenesis,,,,NusA family,,3D-structure;Cytoplasm;Reference proteome;Repeat;RNA-binding;Transcription;Transcription antitermination;Transcription regulation;Transcription termination
g2948,888159,Rv2842c,P9WH17,CDS,Cytoplasmic,rimP,Ribosome maturation factor RimP,genetic information processing,Ribosome biogenesis,,,,RimP family,,Cytoplasm;Reference proteome;Ribosome biogenesis
g2949,888522,Rv2843,I6YAE2,CDS,Plasma Membrane,,hypothetical protein,,,,,,,,Membrane;Reference proteome;Transmembrane
g2950,888536,Rv2844,I6Y1V1,CDS,Extracellular,,hypothetical protein,,,,,,,,Reference proteome
g2951,888539,Rv2845c,P9WFT9,CDS,Cytoplasmic,proS,Proline--tRNA ligase,metabolism; genetic information processing,Amino acid related enzymes; Transfer RNA biogenesis,Genetic Information Processing,Translation,Aminoacyl-tRNA biosynthesis,class-II aminoacyl-tRNA synthetase family. ProS type 1 subfamily,,Aminoacyl-tRNA synthetase;ATP-binding;Cytoplasm;Isopeptide bond;Ligase;Nucleotide-binding;Protein biosynthesis;Reference proteome;Ubl conjugation
g2952,888575,Rv2846c,P9WJY5,CDS,Plasma Membrane,efpA,Uncharacterized MFS-type transporter EfpA,,,,,,major facilitator superfamily,,3D-structure;Cell membrane;Membrane;Reference proteome;Transmembrane;Transmembrane helix;Transport
g2953,887481,Rv2847c,I6X5I7,CDS,Cytoplasmic,cysG,uroporphyrinogen-III C-methyltransferase,,,Metabolism,Metabolism of cofactors and vitamins,Porphyrin metabolism,,,Methyltransferase;Porphyrin biosynthesis;Reference proteome;S-adenosyl-L-methionine;Transferase
g2954,888499,Rv2848c,P9WP97,CDS,Cytoplasmic,cobB,"Hydrogenobyrinate a,c-diamide synthase",,,Metabolism,Metabolism of cofactors and vitamins,Porphyrin metabolism,CobB/CbiA family,"Cofactor biosynthesis; adenosylcobalamin biosynthesis; cob(II)yrinate a,c-diamide from precorrin-2 (aerobic route)",ATP-binding;Cobalamin biosynthesis;Glutamine amidotransferase;Ligase;Magnesium;Nucleotide-binding;Reference proteome
g2955,888236,Rv2849c,I6Y1V6,CDS,Cytoplasmic,cobO,cob(I)alamin adenosyltransferase,,,Metabolism,Metabolism of cofactors and vitamins,Porphyrin metabolism,,,Reference proteome
g2956,887364,Rv2850c,P9WPR3,CDS,Cytoplasmic,,Uncharacterized protein Rv2850c,,,Metabolism,Metabolism of cofactors and vitamins,Porphyrin metabolism,Mg-chelatase subunits D/I family,,Acetylation;Reference proteome
g2957,887664,Rv2851c,P9WFQ5,CDS,Cytoplasmic,,UPF0039 protein Rv2851c,,,,,,UPF0039 (ElaA) family,,Reference proteome
g2958,888544,Rv2852c,P9WJP5,CDS,Cytoplasmic,mqo,Probable malate:quinone oxidoreductase,,,Metabolism,Carbohydrate metabolism,Citrate cycle (TCA cycle); Pyruvate metabolism,MQO family,Carbohydrate metabolism; tricarboxylic acid cycle; oxaloacetate from (S)-malate (quinone route),FAD;Flavoprotein;Oxidoreductase;Reference proteome;Tricarboxylic acid cycle
g2959,888171,Rv2853,Q6MX26,CDS,Extracellular,PE_PGRS48,PE-PGRS family protein PE_PGRS48,,,,,,,,Reference proteome
g2960,888542,Rv2854,O05805,CDS,Plasma Membrane,,Serine aminopeptidase S33 domain-containing protein,,,,,,,,Reference proteome
g2961,887773,Rv2855,P9WHH3,CDS,Cytoplasmic,mtr,Mycothione reductase,,,,,,class-I pyridine nucleotide-disulfide oxidoreductase family,,3D-structure;Direct protein sequencing;Disulfide bond;FAD;Flavoprotein;NAD;NADP;Oxidoreductase;Redox-active center;Reference proteome
g2962,888643,Rv2856,I6YEJ7,CDS,Plasma Membrane,nicT,Nickel transporter NicT,signaling and cellular processes,Transporters,,,,NiCoT transporter (TC 2.A.52) family,,Antibiotic resistance;Cell membrane;Ion transport;Membrane;Nickel;Nickel transport;Reference proteome;Transmembrane;Transmembrane helix;Transport
g2963,888560,Rv2857c,I6Y1W3,CDS,Cytoplasmic,,3-oxoacyl-ACP reductase,,,,,,short-chain dehydrogenases/reductases (SDR) family,,Oxidoreductase;Reference proteome
g2964,888636,Rv2858c,O33340,CDS,Cytoplasmic,aldC,Putative succinate-semialdehyde dehydrogenase [NADP(+)] 2,,,,,,aldehyde dehydrogenase family,,Oxidoreductase;Reference proteome
g2965,887495,Rv2859c,O33341,CDS,Cytoplasmic,,Putative glutamine amidotransferase Rv2859c,metabolism,Peptidases and inhibitors,,,,,,Glutamine amidotransferase;Isopeptide bond;Reference proteome;Transferase;Ubl conjugation
g2966,887420,Rv2860c,I6X5K1,CDS,Cytoplasmic,glnA4,glutamine synthetase,signaling and cellular processes,Exosome,Metabolism; Environmental Information Processing,Carbohydrate metabolism; Energy metabolism; Amino acid metabolism; Signal transduction,"Glyoxylate and dicarboxylate metabolism; Nitrogen metabolism; Alanine, aspartate and glutamate metabolism; Arginine biosynthesis; Two-component system",glutamine synthetase family,,ATP-binding;Ligase;Nucleotide-binding;Reference proteome
g2967,888596,Rv2861c,P9WK19,CDS,Cytoplasmic,map,Methionine aminopeptidase 2,metabolism,Peptidases and inhibitors,,,,peptidase M24A family. Methionine aminopeptidase type 1 subfamily,,3D-structure;Aminopeptidase;Hydrolase;Metal-binding;Protease;Reference proteome
g2968,14515870,Rv2862A,P0CW32,CDS,Cytoplasmic,vapB23,Putative antitoxin VapB23,signaling and cellular processes,Prokaryotic defense system,,,,,,Reference proteome;Toxin-antitoxin system
g2969,887423,Rv2862c,I6Y1W7,CDS,Cytoplasmic,,DUF1707 domain-containing protein,,,,,,,,Reference proteome
g2970,888195,Rv2863,P9WF89,CDS,Cytoplasmic,vapC23,Ribonuclease VapC23,signaling and cellular processes,Prokaryotic defense system,,,,PINc/VapC protein family,,Hydrolase;Magnesium;Metal-binding;Nuclease;Reference proteome;Toxin-antitoxin system
g2971,888496,Rv2864c,O33346,CDS,Extracellular,,penicillin-binding lipoprotein,,,,,,,,Lipoprotein;Reference proteome;Signal
g2972,887458,Rv2865,O33347,CDS,Cytoplasmic,relF,Antitoxin RelF,signaling and cellular processes,Prokaryotic defense system,,,,phD/YefM antitoxin family,,3D-structure;DNA-binding;Reference proteome;Repressor;Toxin-antitoxin system;Transcription;Transcription regulation
g2973,887450,Rv2866,O33348,CDS,Cytoplasmic,relG,Toxin RelG,signaling and cellular processes,Prokaryotic defense system,,,,RelE toxin family,,3D-structure;DNA-binding;Hydrolase;Nuclease;Reference proteome;Repressor;Toxin-antitoxin system;Transcription;Transcription regulation
g2974,887475,Rv2867c,I6XFI7,CDS,Cytoplasmic,,GCN5-like N-acetyltransferase,,,,,,,,Reference proteome
g2975,887463,Rv2868c,P9WKG3,CDS,Cytoplasmic,ispG,4-hydroxy-3-methylbut-2-en-1-yl diphosphate synthase (flavodoxin),,,Metabolism,Metabolism of terpenoids and polyketides,Terpenoid backbone biosynthesis,IspG family,Isoprenoid biosynthesis; isopentenyl diphosphate biosynthesis via DXP pathway; isopentenyl diphosphate from 1-deoxy-D-xylulose 5-phosphate,4Fe-4S;Acetylation;Iron;Iron-sulfur;Isoprene biosynthesis;Metal-binding;Oxidoreductase;Reference proteome
g2976,887449,Rv2869c,P9WHS3,CDS,Plasma Membrane,rip1,Zinc metalloprotease Rip1,,,,,,peptidase M50B family,,Cell membrane;Hydrolase;Membrane;Metal-binding;Metalloprotease;Protease;Reference proteome;Transmembrane;Transmembrane helix;Zinc
g2977,887800,Rv2870c,P9WNS1,CDS,Cytoplasmic,dxr,1-deoxy-D-xylulose 5-phosphate reductoisomerase,,,Metabolism,Metabolism of terpenoids and polyketides,Terpenoid backbone biosynthesis,DXR family,Isoprenoid biosynthesis; isopentenyl diphosphate biosynthesis via DXP pathway; isopentenyl diphosphate from 1-deoxy-D-xylulose 5-phosphate,3D-structure;Isoprene biosynthesis;Manganese;Metal-binding;NADP;Oxidoreductase;Reference proteome
g2978,887468,Rv2871,P9WL41,CDS,Cytoplasmic,vapB43,Antitoxin VapB43,signaling and cellular processes,Prokaryotic defense system,,,,,,3D-structure;Reference proteome;Toxin-antitoxin system
g2979,887361,Rv2872,P9WF55,CDS,Cytoplasmic,vapC43,Ribonuclease VapC43,signaling and cellular processes,Prokaryotic defense system,,,,PINc/VapC protein family,,3D-structure;Hydrolase;Magnesium;Metal-binding;Nuclease;Reference proteome;Toxin-antitoxin system
g2980,887155,Rv2873,P9WNF3,CDS,Plasma Membrane,mpt83,Cell surface glycolipoprotein MPT83,,,,,,,,Cell membrane;Cell wall;Glycoprotein;Lipoprotein;Membrane;Palmitate;Reference proteome;Secreted;Signal
g2981,888162,Rv2874,P9WG63,CDS,Plasma Membrane,dipZ,Protein DipZ,,,,,,,,3D-structure;Cell membrane;Membrane;Reference proteome;Transmembrane;Transmembrane helix
g2982,887724,Rv2875,P9WNF5,CDS,Extracellular,mpt70,Immunogenic protein MPT70,,,,,,,,3D-structure;Reference proteome;Secreted;Signal
g2983,887823,Rv2876,P9WL39,CDS,Plasma Membrane,,Uncharacterized protein Rv2876,,,,,,To M.leprae ML1584,,Cell membrane;Membrane;Reference proteome;Transmembrane;Transmembrane helix
g2984,887196,Rv2877c,I6YEL8,CDS,Plasma Membrane,merT,integral membrane protein,,,,,,,,Membrane;Reference proteome;Transmembrane;Transmembrane helix
g2985,887184,Rv2878c,P9WG65,CDS,Plasma Membrane,mpt53,Soluble secreted antigen MPT53,,,,,,thioredoxin family,,3D-structure;Direct protein sequencing;Disulfide bond;Redox-active center;Reference proteome;Secreted;Signal
g2986,,Rv2879c,P9WH15,CDS,Cytoplasmic,rlmN,Probable dual-specificity RNA methyltransferase RlmN,,,,,,radical SAM superfamily. RlmN family,,4Fe-4S;Cytoplasm;Disulfide bond;Iron;Iron-sulfur;Metal-binding;Methyltransferase;Reference proteome;rRNA processing;S-adenosyl-L-methionine;Transferase;tRNA processing
g2987,,Rv2880c,P9WH15,CDS,Cytoplasmic,rlmN,Probable dual-specificity RNA methyltransferase RlmN,,,,,,radical SAM superfamily. RlmN family,,4Fe-4S;Cytoplasm;Disulfide bond;Iron;Iron-sulfur;Metal-binding;Methyltransferase;Reference proteome;rRNA processing;S-adenosyl-L-methionine;Transferase;tRNA processing
g2988,888910,Rv2881c,P9WPF7,CDS,Plasma Membrane,cdsA,Phosphatidate cytidylyltransferase,,,Metabolism,Lipid metabolism,Glycerophospholipid metabolism,CDS family,Phospholipid metabolism; CDP-diacylglycerol biosynthesis; CDP-diacylglycerol from sn-glycerol 3-phosphate,Acetylation;Alternative initiation;Cell membrane;Direct protein sequencing;Lipid biosynthesis;Lipid metabolism;Membrane;Nucleotidyltransferase;Phospholipid biosynthesis;Phospholipid metabolism;Reference proteome;Transferase;Transmembrane;Transmembrane helix
g2989,887464,Rv2882c,P9WGY1,CDS,Cytoplasmic,frr,Ribosome-recycling factor,genetic information processing,Translation factors,,,,RRF family,,3D-structure;Cytoplasm;Protein biosynthesis;Reference proteome
g2990,887709,Rv2883c,P9WHK5,CDS,Cytoplasmic,pyrH,Uridylate kinase,,,Metabolism,Nucleotide metabolism,Pyrimidine metabolism,UMP kinase family,Pyrimidine metabolism; CTP biosynthesis via de novo pathway; UDP from UMP (UMPK route),3D-structure;Acetylation;ATP-binding;Cytoplasm;Kinase;Nucleotide-binding;Pyrimidine biosynthesis;Reference proteome;Transferase
g2991,887443,Rv2884,I6X5M3,CDS,Cytoplasmic,,transcriptional regulator,,,,,,,,Activator;DNA-binding;Phosphoprotein;Reference proteome;Transcription;Transcription regulation;Two-component regulatory system
g2992,887173,Rv2885c,P9WL37,CDS,Cytoplasmic,,Putative RNA-guided DNA endonuclease Rv2885c,,,,,,In the N-terminal section; belongs to the transposase 2 family; In the C-terminal section; belongs to the transposase 35 family,,DNA recombination;DNA-binding;Endonuclease;Hydrolase;Metal-binding;Nuclease;Reference proteome;Transposable element;Transposition;Zinc
g2993,887424,Rv2886c,P9WL35,CDS,Cytoplasmic,,Uncharacterized protein Rv2886c,,,,,,,,Reference proteome
g2994,888563,Rv2887,P9WME9,CDS,Cytoplasmic,,HTH-type transcriptional repressor Rv2887,,,,,,,,3D-structure;DNA-binding;Reference proteome;Repressor;Transcription;Transcription regulation
g2995,887401,Rv2888c,P9WQ95,CDS,Plasma Membrane,amiC,Putative amidase AmiC,,,Metabolism,Amino acid metabolism; Xenobiotics biodegradation and metabolism,Arginine and proline metabolism; Phenylalanine metabolism; Tryptophan metabolism; Aminobenzoate degradation; Styrene degradation,amidase family,,Hydrolase;Reference proteome
g2996,888187,Rv2889c,P9WNM1,CDS,Cytoplasmic,tsf,Elongation factor Ts,genetic information processing,Translation factors; Mitochondrial biogenesis,,,,EF-Ts family,,3D-structure;Cytoplasm;Elongation factor;Protein biosynthesis;Reference proteome
g2997,887187,Rv2890c,P9WH39,CDS,Cytoplasmic,rpsB,Small ribosomal subunit protein uS2,genetic information processing,Ribosome,Genetic Information Processing,Translation,Ribosome,universal ribosomal protein uS2 family,,Reference proteome;Ribonucleoprotein;Ribosomal protein
g2998,888328,Rv2891,P9WL33,CDS,Extracellular,,Uncharacterized protein Rv2891,,,,,,,,Reference proteome;Signal
g2999,887824,Rv2892c,P9WHZ1,CDS,Extracellular,PPE45,Uncharacterized PPE family protein PPE45,,,,,,mycobacterial PPE family,,Cell membrane;Membrane;Reference proteome;Transmembrane;Transmembrane helix
g3000,887337,Rv2893,I6YEN3,CDS,Cytoplasmic,,oxidoreductase,,,,,,,,Flavoprotein;FMN;Monooxygenase;Oxidoreductase;Reference proteome
g3001,887392,Rv2894c,P9WF35,CDS,Cytoplasmic,xerC,Tyrosine recombinase XerC,genetic information processing,Chromosome and associated proteins,,,,'phage' integrase family. XerC subfamily,,Cell cycle;Cell division;Chromosome partition;Cytoplasm;DNA integration;DNA recombination;DNA-binding;Reference proteome
g3002,888180,Rv2895c,P9WL31,CDS,Cytoplasmic,viuB,Uncharacterized protein Rv2895c,,,,,,,,Reference proteome
g3003,887177,Rv2896c,P9WL29,CDS,Cytoplasmic,dprA,Putative DNA processing protein DprA,,,,,,DprA/Smf family,,Reference proteome
g3004,888212,Rv2897c,P9WPR1,CDS,Cytoplasmic,,Uncharacterized protein Rv2897c,,,,,,Mg-chelatase subunits D/I family. ComM subfamily,,Reference proteome
g3005,888507,Rv2898c,P9WFM9,CDS,Cytoplasmic,,UPF0102 protein Rv2898c,,,,,,UPF0102 family,,Reference proteome
g3006,888201,Rv2899c,P9WNF1,CDS,Cytoplasmic,fdhD,Sulfur carrier protein FdhD,,,,,,FdhD family,,Cytoplasm;Molybdenum cofactor biosynthesis;Reference proteome
g3007,887987,Rv2900c,P9WJP9,CDS,Cytoplasmic,fdhF,Uncharacterized oxidoreductase Rv2900c,,,,,,prokaryotic molybdopterin-containing oxidoreductase family,,4Fe-4S;Iron;Iron-sulfur;Metal-binding;Molybdenum;Oxidoreductase;Reference proteome
g3008,888605,Rv2901c,P9WL27,CDS,Cytoplasmic,,Uncharacterized protein Rv2901c,,,,,,,,Acetylation;Reference proteome
g3009,888504,Rv2902c,P9WH01,CDS,Cytoplasmic,rnhB,Ribonuclease HII,genetic information processing,DNA replication proteins,Genetic Information Processing,Replication and repair,DNA replication,RNase HII family,,Cytoplasm;Endonuclease;Hydrolase;Manganese;Metal-binding;Nuclease;Reference proteome
g3010,887157,Rv2903c,P9WKA1,CDS,Plasma Membrane,lepB,Signal peptidase I,metabolism,Peptidases and inhibitors,Genetic Information Processing,"Folding, sorting and degradation",Protein export,peptidase S26 family,,Cell membrane;Hydrolase;Membrane;Protease;Reference proteome;Transmembrane;Transmembrane helix
g3011,887356,Rv2904c,P9WHC9,CDS,Cytoplasmic,rplS,Large ribosomal subunit protein bL19,genetic information processing,Ribosome,Genetic Information Processing,Translation,Ribosome,bacterial ribosomal protein bL19 family,,3D-structure;Reference proteome;Ribonucleoprotein;Ribosomal protein;RNA-binding;rRNA-binding
g3012,887421,Rv2905,P9WK67,CDS,Extracellular,lppW,Putative lipoprotein LppW,,,,,,,,Cell membrane;Lipoprotein;Membrane;Palmitate;Reference proteome;Signal
g3013,888495,Rv2906c,P9WFY7,CDS,Cytoplasmic,trmD,tRNA (guanine-N(1)-)-methyltransferase,genetic information processing,Transfer RNA biogenesis,,,,RNA methyltransferase TrmD family,,3D-structure;Cytoplasm;Methyltransferase;Reference proteome;S-adenosyl-L-methionine;Transferase;tRNA processing
g3014,887188,Rv2907c,P9WH19,CDS,Cytoplasmic,rimM,Ribosome maturation factor RimM,genetic information processing,Ribosome biogenesis,,,,RimM family,,3D-structure;Chaperone;Cytoplasm;Reference proteome;Ribosome biogenesis;rRNA processing
g3015,887336,Rv2908c,P9WFM7,CDS,Cytoplasmic,khpA,RNA-binding protein KhpA,,,,,,KhpA RNA-binding protein family,,3D-structure;Cytoplasm;Reference proteome;RNA-binding
g3016,888631,Rv2909c,P9WH53,CDS,Cytoplasmic,rpsP,Small ribosomal subunit protein bS16,genetic information processing,Ribosome,Genetic Information Processing,Translation,Ribosome,bacterial ribosomal protein bS16 family,,3D-structure;Reference proteome;Ribonucleoprotein;Ribosomal protein;RNA-binding;rRNA-binding
g3017,887387,Rv2910c,P9WL25,CDS,Cytoplasmic,,Uncharacterized protein Rv2910c,,,,,,,,Reference proteome
g3018,887189,Rv2911,I6Y204,CDS,Extracellular,dacB2,D-alanyl-D-alanine carboxypeptidase DacB2,metabolism,Peptidases and inhibitors; Peptidoglycan biosynthesis and degradation proteins,Metabolism,Glycan biosynthesis and metabolism,Peptidoglycan biosynthesis,peptidase S11 family,Cell wall biogenesis; peptidoglycan biosynthesis,3D-structure;Carboxypeptidase;Cell shape;Cell wall biogenesis/degradation;Hydrolase;Peptidoglycan synthesis;Periplasm;Protease;Reference proteome;Signal
g3019,888017,Rv2912c,P9WMC7,CDS,Cytoplasmic,,Uncharacterized HTH-type transcriptional regulator Rv2912c,,,,,,,,DNA-binding;Reference proteome;Transcription;Transcription regulation
g3020,887809,Rv2913c,P9WJH9,CDS,Plasma Membrane,,Uncharacterized protein Rv2913c,,,,,,metallo-dependent hydrolases superfamily. N-acyl-D-amino-acid deacylase family,,Hydrolase;Reference proteome
g3021,887642,Rv2914c,P9WI69,CDS,Plasma Membrane,pknI,Serine/threonine-protein kinase PknI,metabolism,Protein kinases,,,,protein kinase superfamily. Ser/Thr protein kinase family,,3D-structure;ATP-binding;Cell membrane;Cytoplasm;Kinase;Membrane;Nucleotide-binding;Reference proteome;Serine/threonine-protein kinase;Transferase;Transmembrane;Transmembrane helix;Virulence
g3022,888083,Rv2915c,P9WL23,CDS,Cytoplasmic,,Uncharacterized protein Rv2915c,,,,,,metallo-dependent hydrolases superfamily,,Reference proteome
g3023,888242,Rv2916c,P9WGD7,CDS,Cytoplasmic,ffh,Signal recognition particle protein,signaling and cellular processes,Secretion system,Genetic Information Processing; Environmental Information Processing; Cellular Processes,"Folding, sorting and degradation; Membrane transport; Cellular community - prokaryotes",Protein export; Bacterial secretion system; Quorum sensing,GTP-binding SRP family. SRP54 subfamily,,Cytoplasm;GTP-binding;Hydrolase;Nucleotide-binding;Reference proteome;Ribonucleoprotein;RNA-binding;Signal recognition particle
g3024,887758,Rv2917,P9WL21,CDS,Cytoplasmic,,Uncharacterized protein Rv2917,,,,,,To M.leprae ML1624,,Reference proteome
g3025,888621,Rv2918c,P9WN29,CDS,Cytoplasmic,glnD,Bifunctional uridylyltransferase/uridylyl-removing enzyme,,,Environmental Information Processing,Signal transduction,Two-component system,GlnD family,,Hydrolase;Magnesium;Multifunctional enzyme;Nucleotidyltransferase;Reference proteome;Repeat;Transferase
g3026,887756,Rv2919c,P9WN31,CDS,Cytoplasmic,glnB,Nitrogen regulatory protein P-II,,,Environmental Information Processing,Signal transduction,Two-component system,P(II) protein family,,3D-structure;Nucleotide-binding;Phosphoprotein;Reference proteome;Transcription;Transcription regulation
g3027,887683,Rv2920c,P9WQ65,CDS,Plasma Membrane,amt,Ammonium transporter,signaling and cellular processes,Transporters,,,,ammonia transporter channel (TC 1.A.11.2) family,,Ammonia transport;Cell membrane;Membrane;Reference proteome;Transmembrane;Transmembrane helix;Transport
g3028,887205,Rv2921c,P9WGD9,CDS,Plasma Membrane,ftsY,Signal recognition particle receptor FtsY,signaling and cellular processes,Secretion system,Genetic Information Processing; Environmental Information Processing; Cellular Processes,"Folding, sorting and degradation; Membrane transport; Cellular community - prokaryotes",Protein export; Bacterial secretion system; Quorum sensing,GTP-binding SRP family. FtsY subfamily,,Cell membrane;Cytoplasm;GTP-binding;Hydrolase;Membrane;Nucleotide-binding;Receptor;Reference proteome
g3029,3205043,Rv2922A,P9WQC9,CDS,Cytoplasmic,acyP,Acylphosphatase,,,Metabolism,Carbohydrate metabolism; Xenobiotics biodegradation and metabolism,Pyruvate metabolism; Aminobenzoate degradation,acylphosphatase family,,Hydrolase;Reference proteome
g3030,887179,Rv2922c,P9WGF3,CDS,Cytoplasmic,smc,Chromosome partition protein Smc,genetic information processing,Chromosome and associated proteins,,,,SMC family,,ATP-binding;Coiled coil;Cytoplasm;DNA-binding;Nucleotide-binding;Reference proteome
g3031,887687,Rv2923c,P9WL19,CDS,Cytoplasmic,,Uncharacterized protein Rv2923c,,,,,,,,Reference proteome
g3032,887438,Rv2924c,P9WNC3,CDS,Cytoplasmic,fpg1,Formamidopyrimidine-DNA glycosylase 1,genetic information processing,DNA repair and recombination proteins,Genetic Information Processing,Replication and repair,Base excision repair,FPG family,,DNA damage;DNA repair;DNA-binding;Glycosidase;Hydrolase;Lyase;Metal-binding;Multifunctional enzyme;Reference proteome;Zinc;Zinc-finger
g3033,887873,Rv2925c,P9WH03,CDS,Cytoplasmic,rnc,Ribonuclease 3,genetic information processing,Messenger RNA biogenesis; Ribosome biogenesis; Chromosome and associated proteins,Genetic Information Processing,Translation,Ribosome biogenesis in eukaryotes,ribonuclease III family,,3D-structure;Cytoplasm;Endonuclease;Hydrolase;Magnesium;Metal-binding;mRNA processing;Nuclease;Reference proteome;RNA-binding;rRNA processing;tRNA processing
g3034,887487,Rv2926c,P9WL17,CDS,Cytoplasmic,,Uncharacterized protein Rv2926c,genetic information processing,Ribosome biogenesis,,,,To M.leprae ML1660,,Reference proteome
g3035,887317,Rv2927c,P9WL15,CDS,Cytoplasmic,,Uncharacterized protein Rv2927c,,,,,,,,Reference proteome
g3036,887446,Rv2928,P9WQD5,CDS,Cytoplasmic,tesA,Thioesterase TesA,,,,,,thioesterase family,,3D-structure;Hydrolase;Lipid biosynthesis;Lipid metabolism;Reference proteome;Virulence
g3037,888112,Rv2929,P9WL13,CDS,Extracellular,,Uncharacterized protein Rv2929,,,,,,,,Reference proteome;Signal
g3038,887603,Rv2930,P9WQ43,CDS,Cytoplasmic,fadD26,Long-chain-fatty-acid--AMP ligase FadD26,metabolism,Lipid biosynthesis proteins,,,,ATP-dependent AMP-binding enzyme family,Lipid metabolism; fatty acid biosynthesis,ATP-binding;Fatty acid metabolism;Ligase;Lipid metabolism;Nucleotide-binding;Reference proteome
g3039,888183,Rv2931,P9WQE7,CDS,Cytoplasmic,ppsA,Phenolphthiocerol/phthiocerol polyketide synthase subunit A,metabolism,Lipid biosynthesis proteins; Polyketide biosynthesis proteins,,,,,Lipid metabolism; fatty acid biosynthesis,Acetylation;Fatty acid metabolism;Lipid metabolism;Multifunctional enzyme;NADP;Oxidoreductase;Phosphopantetheine;Phosphoprotein;Reference proteome;Repeat;Transferase
g3040,888023,Rv2932,P9WQE5,CDS,Cytoplasmic,ppsB,Phenolphthiocerol/phthiocerol polyketide synthase subunit B,metabolism,Lipid biosynthesis proteins; Polyketide biosynthesis proteins,,,,,Lipid metabolism; fatty acid biosynthesis,3D-structure;Fatty acid metabolism;Lipid metabolism;Multifunctional enzyme;NADP;Oxidoreductase;Phosphopantetheine;Phosphoprotein;Reference proteome;Transferase
g3041,887686,Rv2933,P96202,CDS,Cytoplasmic,ppsC,Phenolphthiocerol/phthiocerol polyketide synthase subunit C,metabolism,Lipid biosynthesis proteins; Polyketide biosynthesis proteins,,,,,Lipid metabolism; fatty acid biosynthesis,3D-structure;Acetylation;Fatty acid metabolism;Lipid metabolism;Multifunctional enzyme;NADP;Oxidoreductase;Phosphopantetheine;Phosphoprotein;Reference proteome;Transferase
g3042,887172,Rv2934,P9WQE3,CDS,Cytoplasmic,ppsD,Phenolphthiocerol/phthiocerol polyketide synthase subunit D,metabolism,Lipid biosynthesis proteins; Polyketide biosynthesis proteins,,,,,Lipid metabolism; fatty acid biosynthesis,Fatty acid metabolism;Lipid metabolism;Multifunctional enzyme;NADP;Oxidoreductase;Phosphopantetheine;Phosphoprotein;Reference proteome;Transferase
g3043,888210,Rv2935,P9WQE1,CDS,Cytoplasmic,ppsE,Phenolphthiocerol/phthiocerol polyketide synthase subunit E,metabolism,Lipid biosynthesis proteins; Polyketide biosynthesis proteins,,,,,Lipid metabolism; fatty acid biosynthesis,Acetylation;Fatty acid metabolism;Lipid metabolism;Multifunctional enzyme;NADP;Oxidoreductase;Phosphopantetheine;Phosphoprotein;Reference proteome;Transferase
g3044,888168,Rv2936,P9WQL9,CDS,Plasma Membrane,drrA,Doxorubicin resistance ATP-binding protein DrrA,signaling and cellular processes,Transporters,,,,ABC transporter superfamily. Drug exporter-1 (DrugE1) (TC 3.A.1.105) family,,Antibiotic resistance;ATP-binding;Cell membrane;Membrane;Nucleotide-binding;Reference proteome;Translocase;Transport
g3045,887968,Rv2937,P9WG23,CDS,Plasma Membrane,drrB,Doxorubicin resistance ABC transporter permease protein DrrB,signaling and cellular processes,Transporters,,,,ABC-2 integral membrane protein family,,Antibiotic resistance;Cell membrane;Membrane;Reference proteome;Transmembrane;Transmembrane helix;Transport
g3046,888491,Rv2938,P9WG21,CDS,Plasma Membrane,drrC,Probable doxorubicin resistance ABC transporter permease protein DrrC,signaling and cellular processes,Transporters,,,,ABC-2 integral membrane protein family,,Antibiotic resistance;Cell membrane;Membrane;Reference proteome;Transmembrane;Transmembrane helix;Transport
g3047,887327,Rv2939,P9WIN5,CDS,Cytoplasmic,papA5,Phthiocerol/phthiodiolone dimycocerosyl transferase,,,,,,acyltransferase PapA5 family,,3D-structure;Acetylation;Acyltransferase;Lipid biosynthesis;Lipid metabolism;Phosphoprotein;Reference proteome;Transferase
g3048,887982,Rv2940c,I6Y231,CDS,Plasma Membrane,mas,multifunctional mycocerosic acid synthase,metabolism,Lipid biosynthesis proteins,,,,,,Fatty acid biosynthesis;Fatty acid metabolism;Lipid biosynthesis;Lipid metabolism;Multifunctional enzyme;NADP;Phosphopantetheine;Phosphoprotein;Reference proteome;Transferase
g3049,887454,Rv2941,P9WQ59,CDS,Cytoplasmic,fadD28,Long-chain-fatty-acid--AMP ligase FadD28,metabolism,Lipid biosynthesis proteins,,,,ATP-dependent AMP-binding enzyme family,Lipid metabolism; fatty acid biosynthesis,3D-structure;ATP-binding;Fatty acid metabolism;Ligase;Lipid metabolism;Nucleotide-binding;Reference proteome
g3050,887548,Rv2942,P9WJU7,CDS,Plasma Membrane,mmpL7,Phthiocerol dimycocerosate exporter MmpL7,,,,,,resistance-nodulation-cell division (RND) (TC 2.A.6) family. MmpL subfamily,,Cell inner membrane;Cell membrane;Cell wall biogenesis/degradation;Lipid transport;Membrane;Phosphoprotein;Reference proteome;Transmembrane;Transmembrane helix;Transport;Virulence
g3051,887834,Rv2943,I6X5T4,CDS,Cytoplasmic,,insertion sequence element IS1533 transposase,,,,,,transposase IS21/IS408/IS1162 family,,Reference proteome
g3052,3205061,Rv2943A,Q6MX22,CDS,Cytoplasmic,,transposase,,,,,,,,Reference proteome
g3053,887636,Rv2944,P96287,CDS,Cytoplasmic,,insertion sequence element IS1533 transposase,,,,,,,,Reference proteome
g3054,887956,Rv2945c,P9WK65,CDS,Cell wall & surface,lppX,Putative phthiocerol dimycocerosate transporter LppX,,,,,,LppX/LprAFG lipoprotein family,,3D-structure;Cell membrane;Cell wall;Glycoprotein;Lipid transport;Lipoprotein;Membrane;Palmitate;Reference proteome;Secreted;Signal;Transport;Virulence
g3055,888122,Rv2946c,P96285,CDS,Cytoplasmic,pks1,Putative inactive phenolphthiocerol synthesis polyketide synthase type I Pks1,metabolism,Lipid biosynthesis proteins,,,,,Lipid metabolism; fatty acid biosynthesis,Acyltransferase;Fatty acid metabolism;Lipid metabolism;Phosphopantetheine;Phosphoprotein;Reference proteome;Transferase
g3056,887291,Rv2947c,P96284,CDS,Plasma Membrane,pks15,Putative inactive phenolphthiocerol synthesis polyketide synthase type I Pks15,metabolism,Lipid biosynthesis proteins,,,,,,Reference proteome;Transferase
g3057,887295,Rv2948c,P9WQ61,CDS,Cytoplasmic,fadD22,p-hydroxybenzoic acid--AMP ligase FadD22,metabolism,Lipid biosynthesis proteins,,,,ATP-dependent AMP-binding enzyme family,Lipid metabolism; fatty acid biosynthesis,Fatty acid metabolism;Ligase;Lipid metabolism;Phosphopantetheine;Phosphoprotein;Reference proteome
g3058,887206,Rv2949c,P9WIC5,CDS,Cytoplasmic,,Chorismate pyruvate-lyase,,,Metabolism,Metabolism of cofactors and vitamins,Ubiquinone and other terpenoid-quinone biosynthesis,chorismate pyruvate-lyase type 2 family,,Lyase;Reference proteome
g3059,887202,Rv2950c,P95141,CDS,Cytoplasmic,fadD29,4-hydroxyphenylalkanoate adenylyltransferase,metabolism,Lipid biosynthesis proteins,,,,ATP-dependent AMP-binding enzyme family,Lipid metabolism; fatty acid biosynthesis,ATP-binding;Fatty acid metabolism;Ligase;Lipid metabolism;Nucleotide-binding;Reference proteome
g3060,887887,Rv2951c,P9WIB7,CDS,Cytoplasmic,,Phthiodiolone/phenolphthiodiolone dimycocerosates ketoreductase,,,,,,mer family. Phthiodiolone/phenolphthiodiolone dimycocerosates ketoreductase subfamily,,Lipid biosynthesis;Lipid metabolism;Oxidoreductase;Reference proteome
g3061,887311,Rv2952,P9WIN3,CDS,Cytoplasmic,,Phthiotriol/phenolphthiotriol dimycocerosates methyltransferase,,,,,,methyltransferase superfamily. Phthiotriol/phenolphthiotriol dimycocerosates methyltransferase family,,Lipid biosynthesis;Lipid metabolism;Methyltransferase;Reference proteome;Transferase
g3062,887772,Rv2953,P9WGV5,CDS,Cytoplasmic,,Trans-acting enoyl reductase,metabolism,Lipid biosynthesis proteins,,,,saccharopine dehydrogenase family. Enoyl reductase subfamily,,Lipid biosynthesis;Lipid metabolism;Oxidoreductase;Reference proteome
g3063,887214,Rv2954c,I6X5U4,CDS,Cytoplasmic,,Methyltransferase type 12 domain-containing protein,,,,,,,,Reference proteome
g3064,887318,Rv2955c,P95137,CDS,Cytoplasmic,,hypothetical protein,,,,,,,,Reference proteome
g3065,887486,Rv2956,I6Y242,CDS,Cytoplasmic,,hypothetical protein,,,,,,,,Reference proteome
g3066,887258,Rv2957,P9WMX7,CDS,Plasma Membrane,,PGL/p-HBAD biosynthesis glycosyltransferase Rv2957,,,,,,glycosyltransferase 2 family,,Glycosyltransferase;Reference proteome;Transferase
g3067,887816,Rv2958c,P9WFR1,CDS,Plasma Membrane,,PGL/p-HBAD biosynthesis glycosyltransferase Rv2958c,,,,,,UDP-glycosyltransferase family,,Glycosyltransferase;Reference proteome;Transferase
g3068,887862,Rv2959c,P9WIM5,CDS,Plasma Membrane,,Rhamnosyl O-methyltransferase,,,,,,rhamnosyl O-methyltransferase family,,Lipid biosynthesis;Lipid metabolism;Methyltransferase;Reference proteome;Signal;Transferase
g3069,887224,Rv2960c,P95133,CDS,Extracellular,,hypothetical protein,,,,,,,,Reference proteome
g3070,887316,Rv2961,P95131,CDS,Extracellular,,transposase,,,,,,,,Reference proteome
g3071,887892,Rv2962c,P9WN09,CDS,Plasma Membrane,,PGL/p-HBAD biosynthesis rhamnosyltransferase,,,,,,glycosyltransferase 28 family,,Glycosyltransferase;Reference proteome;Transferase
g3072,887263,Rv2963,I6YET7,CDS,Plasma Membrane,,Putative permease Rv2963,,,,,,UPF0718 family,,Cell membrane;Membrane;Reference proteome;Transmembrane;Transmembrane helix
g3073,887338,Rv2964,P9WHM3,CDS,Cytoplasmic,purU,Formyltetrahydrofolate deformylase,,,Metabolism,Carbohydrate metabolism; Metabolism of cofactors and vitamins,Glyoxylate and dicarboxylate metabolism; One carbon pool by folate,PurU family,"Purine metabolism; IMP biosynthesis via de novo pathway; formate from 10-formyl-5,6,7,8-tetrahydrofolate",Hydrolase;One-carbon metabolism;Purine biosynthesis;Reference proteome
g3074,888423,Rv2965c,P9WPA5,CDS,Cytoplasmic,coaD,Phosphopantetheine adenylyltransferase,,,Metabolism,Metabolism of cofactors and vitamins,Pantothenate and CoA biosynthesis,bacterial CoaD family,Cofactor biosynthesis; coenzyme A biosynthesis; CoA from (R)-pantothenate,3D-structure;Acetylation;ATP-binding;Coenzyme A biosynthesis;Cytoplasm;Magnesium;Nucleotide-binding;Nucleotidyltransferase;Reference proteome;Transferase
g3075,888469,Rv2966c,I6XFS7,CDS,Cytoplasmic,,RNA/DNA methyltransferase Rv2966c,genetic information processing,Ribosome biogenesis,,,,methyltransferase superfamily,,3D-structure;Host cytoplasm;Host nucleus;Methyltransferase;Reference proteome;rRNA processing;S-adenosyl-L-methionine;Secreted;Transferase;Virulence
g3076,887299,Rv2967c,I6YEU0,CDS,Cytoplasmic,pca,Pyruvate carboxylase,,,Metabolism,Carbohydrate metabolism; Energy metabolism,Citrate cycle (TCA cycle); Pyruvate metabolism; Other carbon fixation pathways,,Carbohydrate biosynthesis; gluconeogenesis,3D-structure;ATP-binding;Biotin;Gluconeogenesis;Ligase;Metal-binding;Multifunctional enzyme;Nucleotide-binding;Pyruvate;Reference proteome;Zinc
g3077,888476,Rv2968c,I6X5W1,CDS,Plasma Membrane,,integral membrane protein,,,,,,VKOR family,,Disulfide bond;Membrane;Oxidoreductase;Quinone;Redox-active center;Reference proteome;Transmembrane;Transmembrane helix
g3078,888481,Rv2969c,O33272,CDS,Plasma Membrane,,hypothetical protein,,,,,,thioredoxin family. DsbA subfamily,,3D-structure;Disulfide bond;Membrane;Oxidoreductase;Redox-active center;Reference proteome;Signal;Transmembrane;Transmembrane helix
g3079,3205038,Rv2970A,I6XFT2,CDS,Cytoplasmic,,hypothetical protein,,,,,,,,Reference proteome
g3080,887194,Rv2970c,P95125,CDS,Cytoplasmic,lipN,Carboxylic ester hydrolase LipN,,,,,,'GDXG' lipolytic enzyme family,,Cytoplasm;Hydrolase;Reference proteome
g3081,887275,Rv2971,P9WQA5,CDS,Cytoplasmic,,Aldo-keto reductase Rv2971,,,,,,aldo/keto reductase family,,3D-structure;NADP;Oxidoreductase;Reference proteome
g3082,887191,Rv2972c,I6X5W6,CDS,Plasma Membrane,,hypothetical protein,,,,,,,,Reference proteome
g3083,887439,Rv2973c,P9WMQ7,CDS,Cytoplasmic,recG,ATP-dependent DNA helicase RecG,genetic information processing,DNA repair and recombination proteins,Genetic Information Processing,Replication and repair,Homologous recombination,helicase family. RecG subfamily,,ATP-binding;DNA damage;DNA recombination;DNA repair;DNA-binding;Helicase;Hydrolase;Isomerase;Nucleotide-binding;Reference proteome
g3084,887383,Rv2974c,I6Y259,CDS,Cytoplasmic,,hypothetical protein,,,,,,,,Reference proteome
g3085,19394683,Rv2975a,P0DV54,CDS,Extracellular,rpmB3,Large ribosomal subunit protein bL28C,genetic information processing,Ribosome,Genetic Information Processing,Translation,Ribosome,bacterial ribosomal protein bL28 family,,3D-structure;Direct protein sequencing;Metal-binding;Reference proteome;Ribonucleoprotein;Ribosomal protein;RNA-binding;rRNA-binding;Zinc
g3086,887512,Rv2975c,P95120,CDS,Cytoplasmic,,DhaL domain-containing protein,,,,,,,,Reference proteome
g3087,887410,Rv2976c,P9WFQ9,CDS,Cytoplasmic,ung,Uracil-DNA glycosylase,genetic information processing,DNA repair and recombination proteins,Genetic Information Processing,Replication and repair,Base excision repair,uracil-DNA glycosylase (UDG) superfamily. UNG family,,3D-structure;Cytoplasm;DNA damage;DNA repair;Hydrolase;Reference proteome
g3088,888342,Rv2977c,P9WG71,CDS,Cytoplasmic,thiL,Thiamine-monophosphate kinase,,,Metabolism,Metabolism of cofactors and vitamins,Thiamine metabolism,thiamine-monophosphate kinase family,Cofactor biosynthesis; thiamine diphosphate biosynthesis; thiamine diphosphate from thiamine phosphate,ATP-binding;Kinase;Magnesium;Metal-binding;Nucleotide-binding;Reference proteome;Thiamine biosynthesis;Transferase
g3089,887390,Rv2978c,I6Y263,CDS,Cytoplasmic,,transposase,,,,,,In the C-terminal section; belongs to the transposase 35 family; In the N-terminal section; belongs to the transposase 2 family,,DNA recombination;DNA-binding;Metal-binding;Reference proteome;Transposition;Zinc
g3090,888325,Rv2979c,I6XFU1,CDS,Cytoplasmic,,resolvase,,,,,,,,DNA integration;DNA recombination;DNA-binding;Reference proteome
g3091,887506,Rv2980,P95115,CDS,Plasma Membrane,,hypothetical protein,,,,,,,,Membrane;Reference proteome;Transmembrane;Transmembrane helix
g3092,888415,Rv2981c,P9WP31,CDS,Cytoplasmic,ddl,D-alanine--D-alanine ligase,metabolism,Peptidoglycan biosynthesis and degradation proteins,Metabolism; Human Diseases,Metabolism of other amino acids; Glycan biosynthesis and metabolism; Drug resistance: antimicrobial,D-Amino acid metabolism; Peptidoglycan biosynthesis; Vancomycin resistance,D-alanine--D-alanine ligase family,Cell wall biogenesis; peptidoglycan biosynthesis,3D-structure;ATP-binding;Cell shape;Cell wall biogenesis/degradation;Cytoplasm;Ligase;Magnesium;Manganese;Metal-binding;Nucleotide-binding;Peptidoglycan synthesis;Reference proteome
g3093,887864,Rv2982c,P9WN77,CDS,Cytoplasmic,gpsA2,Glycerol-3-phosphate dehydrogenase [NAD(P)+] 2,,,Metabolism,Lipid metabolism,Glycerophospholipid metabolism,NAD-dependent glycerol-3-phosphate dehydrogenase family,Membrane lipid metabolism; glycerophospholipid metabolism,Cytoplasm;Lipid biosynthesis;Lipid metabolism;NAD;NADP;Nucleotide-binding;Oxidoreductase;Phospholipid biosynthesis;Phospholipid metabolism;Reference proteome
g3094,888161,Rv2983,P9WP83,CDS,Cytoplasmic,fbiD,Phosphoenolpyruvate guanylyltransferase,,,Metabolism,Energy metabolism,Methane metabolism,CofC family,Cofactor biosynthesis; coenzyme F420 biosynthesis,3D-structure;GTP-binding;Nucleotide-binding;Nucleotidyltransferase;Reference proteome;Transferase
g3095,887482,Rv2984,P9WHV9,CDS,Cytoplasmic,ppk,Polyphosphate kinase,genetic information processing,Messenger RNA biogenesis,Metabolism; Genetic Information Processing,"Energy metabolism; Folding, sorting and degradation",Oxidative phosphorylation; RNA degradation,polyphosphate kinase 1 (PPK1) family,,ATP-binding;Kinase;Magnesium;Metal-binding;Nucleotide-binding;Phosphoprotein;Reference proteome;Transferase
g3096,888165,Rv2985,P9WIY3,CDS,Cytoplasmic,mutT1,8-oxo-(d)GTP phosphatase,genetic information processing,DNA repair and recombination proteins,,,,Nudix hydrolase family,,DNA damage;DNA repair;DNA replication;Hydrolase;Magnesium;Metal-binding;Reference proteome
g3097,888166,Rv2986c,P9WMK7,CDS,Extracellular,hupB,DNA-binding protein HupB,genetic information processing,DNA replication proteins; Chromosome and associated proteins; DNA repair and recombination proteins,,,,bacterial histone-like protein family. Long actinobacterial subfamily,,Acetylation;Activator;Cell wall;Cell wall biogenesis/degradation;Cytoplasm;Direct protein sequencing;DNA condensation;DNA-binding;Ion transport;Iron;Iron transport;Methylation;Oxidoreductase;Reference proteome;Repeat;Secreted;Transcription;Transcription regulation;Transport;Virulence
g3098,888225,Rv2987c,P9WK95,CDS,Cytoplasmic,leuD,3-isopropylmalate dehydratase small subunit,,,Metabolism,Carbohydrate metabolism; Amino acid metabolism,"C5-Branched dibasic acid metabolism; Valine, leucine and isoleucine biosynthesis",LeuD family. LeuD type 1 subfamily,Amino-acid biosynthesis; L-leucine biosynthesis; L-leucine from 3-methyl-2-oxobutanoate,3D-structure;Amino-acid biosynthesis;Branched-chain amino acid biosynthesis;Isopeptide bond;Leucine biosynthesis;Lyase;Reference proteome;Ubl conjugation
g3099,887875,Rv2988c,P9WQF5,CDS,Cytoplasmic,leuC,3-isopropylmalate dehydratase large subunit,,,Metabolism,Carbohydrate metabolism; Amino acid metabolism,"C5-Branched dibasic acid metabolism; Valine, leucine and isoleucine biosynthesis",aconitase/IPM isomerase family. LeuC type 1 subfamily,Amino-acid biosynthesis; L-leucine biosynthesis; L-leucine from 3-methyl-2-oxobutanoate,4Fe-4S;Amino-acid biosynthesis;Branched-chain amino acid biosynthesis;Iron;Iron-sulfur;Leucine biosynthesis;Lyase;Metal-binding;Reference proteome
g3100,887723,Rv2989,O53238,CDS,Cytoplasmic,,transcriptional regulator,,,,,,,,DNA-binding;Reference proteome;Transcription;Transcription regulation
g3101,887176,Rv2990c,I6YEW1,CDS,Cytoplasmic,,Class I SAM-dependent methyltransferase,,,,,,,,Reference proteome
g3102,887792,Rv2991,O53240,CDS,Cytoplasmic,,hypothetical protein,,,,,,,,3D-structure;Oxidoreductase;Reference proteome
g3103,887850,Rv2992c,P9WFV9,CDS,Cytoplasmic,gltX,Glutamate--tRNA ligase,metabolism; genetic information processing; signaling and cellular processes,Amino acid related enzymes; Transfer RNA biogenesis; Prokaryotic defense system,Metabolism; Genetic Information Processing,Metabolism of cofactors and vitamins; Translation,Porphyrin metabolism; Aminoacyl-tRNA biosynthesis,class-I aminoacyl-tRNA synthetase family. Glutamate--tRNA ligase type 1 subfamily,,3D-structure;Aminoacyl-tRNA synthetase;ATP-binding;Cytoplasm;Ligase;Nucleotide-binding;Protein biosynthesis;Reference proteome
g3104,887867,Rv2993c,I6Y276,CDS,Cytoplasmic,,Protein Rv2993c,,,,,,In the C-terminal section; belongs to the FAH family,,Direct protein sequencing;Metal-binding;Reference proteome
g3105,888200,Rv2994,P9WJW7,CDS,Plasma Membrane,,Uncharacterized MFS-type transporter Rv2994,,,,,,major facilitator superfamily,,Cell membrane;Membrane;Reference proteome;Transmembrane;Transmembrane helix;Transport
g3106,888182,Rv2995c,P9WKK9,CDS,Cytoplasmic,leuB,3-isopropylmalate dehydrogenase,,,Metabolism,Carbohydrate metabolism; Amino acid metabolism,"C5-Branched dibasic acid metabolism; Valine, leucine and isoleucine biosynthesis",isocitrate and isopropylmalate dehydrogenases family. LeuB type 2 subfamily,Amino-acid biosynthesis; L-leucine biosynthesis; L-leucine from 3-methyl-2-oxobutanoate,3D-structure;Amino-acid biosynthesis;Branched-chain amino acid biosynthesis;Cytoplasm;Leucine biosynthesis;Magnesium;Manganese;Metal-binding;NAD;Oxidoreductase;Reference proteome
g3107,887154,Rv2996c,P9WNX3,CDS,Cytoplasmic,serA,D-3-phosphoglycerate dehydrogenase,signaling and cellular processes,Exosome,Metabolism,Energy metabolism; Amino acid metabolism,"Methane metabolism; Glycine, serine and threonine metabolism; Cysteine and methionine metabolism",D-isomer specific 2-hydroxyacid dehydrogenase family,Amino-acid biosynthesis; L-serine biosynthesis; L-serine from 3-phospho-D-glycerate,3D-structure;Amino-acid biosynthesis;NAD;Oxidoreductase;Reference proteome;Serine biosynthesis
g3108,888637,Rv2997,I6YAU3,CDS,Plasma Membrane,,dehydrogenase,,,,,,,,Reference proteome
g3109,888646,Rv2998,O53245,CDS,Extracellular,,hypothetical protein,,,,,,,,Reference proteome
g3110,,Rv2998A,Q6MX20,CDS,Cytoplasmic,,histidine kinase,,,,,,,,Kinase;Membrane;Phosphoprotein;Reference proteome;Transferase;Transmembrane;Transmembrane helix;Two-component regulatory system
g3111,887357,Rv2999,O53246,CDS,Plasma Membrane,lppY,lipoprotein LppY,,,,,,,,Lipoprotein;Reference proteome
g3112,887271,Rv3000,I6X5Z8,CDS,Plasma Membrane,,transmembrane protein,signaling and cellular processes,Transporters,,,,UPF0014 family,,Membrane;Reference proteome;Transmembrane;Transmembrane helix
g3113,887483,Rv3001c,P9WKJ7,CDS,Cytoplasmic,ilvC,Ketol-acid reductoisomerase (NADP(+)),,,Metabolism,Amino acid metabolism; Metabolism of cofactors and vitamins,"Valine, leucine and isoleucine biosynthesis; Pantothenate and CoA biosynthesis",ketol-acid reductoisomerase family,Amino-acid biosynthesis; L-isoleucine biosynthesis; L-isoleucine from 2-oxobutanoate; Amino-acid biosynthesis; L-valine biosynthesis; L-valine from pyruvate,3D-structure;Amino-acid biosynthesis;Branched-chain amino acid biosynthesis;Direct protein sequencing;Magnesium;Metal-binding;NADP;Oxidoreductase;Reference proteome
g3114,887226,Rv3002c,P9WKJ3,CDS,Cytoplasmic,ilvH,Putative acetolactate synthase small subunit,,,Metabolism,Carbohydrate metabolism; Amino acid metabolism; Metabolism of cofactors and vitamins,"Butanoate metabolism; C5-Branched dibasic acid metabolism; Valine, leucine and isoleucine biosynthesis; Pantothenate and CoA biosynthesis",acetolactate synthase small subunit family,Amino-acid biosynthesis; L-isoleucine biosynthesis; L-isoleucine from 2-oxobutanoate; Amino-acid biosynthesis; L-valine biosynthesis; L-valine from pyruvate,Amino-acid biosynthesis;Branched-chain amino acid biosynthesis;Isopeptide bond;Reference proteome;Transferase;Ubl conjugation
g3115,887286,Rv3003c,P9WG41,CDS,Cytoplasmic,ilvB1,Acetolactate synthase large subunit IlvB1,,,Metabolism,Carbohydrate metabolism; Amino acid metabolism; Metabolism of cofactors and vitamins,"Butanoate metabolism; C5-Branched dibasic acid metabolism; Valine, leucine and isoleucine biosynthesis; Pantothenate and CoA biosynthesis",TPP enzyme family,Amino-acid biosynthesis; L-isoleucine biosynthesis; L-isoleucine from 2-oxobutanoate; Amino-acid biosynthesis; L-valine biosynthesis; L-valine from pyruvate,Amino-acid biosynthesis;Branched-chain amino acid biosynthesis;FAD;Flavoprotein;Magnesium;Metal-binding;Reference proteome;Thiamine pyrophosphate;Transferase
g3116,887891,Rv3004,P9WIR1,CDS,Extracellular,cfp6,Low molecular weight protein antigen 6,,,,,,,,Direct protein sequencing;Reference proteome;Secreted
g3117,887305,Rv3005c,I6YAV3,CDS,Plasma Membrane,,DoxX family protein,,,,,,DoxX family,,Cell membrane;Membrane;Reference proteome;Transmembrane;Transmembrane helix
g3118,887308,Rv3006,I6Y293,CDS,Plasma Membrane,lppZ,lipoprotein LppZ,,,,,,,,Lipoprotein;Reference proteome;Signal
g3119,888938,Rv3007c,O53254,CDS,Cytoplasmic,,oxidoreductase,,,,,,non-flavoprotein flavin reductase family,,Oxidoreductase;Reference proteome
g3120,888530,Rv3008,I6YEY1,CDS,Plasma Membrane,,MgtC/SapB family protein,,,,,,,,Reference proteome
g3121,888919,Rv3009c,P9WN61,CDS,Cytoplasmic,gatB,Aspartyl/glutamyl-tRNA(Asn/Gln) amidotransferase subunit B,genetic information processing,Mitochondrial biogenesis,Genetic Information Processing,Translation,Aminoacyl-tRNA biosynthesis,GatB/GatE family. GatB subfamily,,ATP-binding;Ligase;Nucleotide-binding;Protein biosynthesis;Reference proteome
g3122,888509,Rv3010c,P9WID7,CDS,Cytoplasmic,pfkA,ATP-dependent 6-phosphofructokinase,,,Metabolism,Carbohydrate metabolism; Energy metabolism,Glycolysis / Gluconeogenesis; Pentose phosphate pathway; Fructose and mannose metabolism; Galactose metabolism; Methane metabolism,phosphofructokinase type A (PFKA) family. Mixed-substrate PFK group III subfamily,Carbohydrate degradation; glycolysis; D-glyceraldehyde 3-phosphate and glycerone phosphate from D-glucose,Allosteric enzyme;ATP-binding;Cytoplasm;Glycolysis;Kinase;Magnesium;Metal-binding;Nucleotide-binding;Reference proteome;Transferase
g3123,887262,Rv3011c,P9WQA1,CDS,Cytoplasmic,gatA,Glutamyl-tRNA(Gln) amidotransferase subunit A,genetic information processing,Mitochondrial biogenesis,Genetic Information Processing,Translation,Aminoacyl-tRNA biosynthesis,amidase family. GatA subfamily,,ATP-binding;Ligase;Nucleotide-binding;Protein biosynthesis;Reference proteome
g3124,887335,Rv3012c,P9WN59,CDS,Cytoplasmic,gatC,Glutamyl-tRNA(Gln) amidotransferase subunit C,genetic information processing,Mitochondrial biogenesis,Genetic Information Processing,Translation,Aminoacyl-tRNA biosynthesis,GatC family,,ATP-binding;Ligase;Nucleotide-binding;Protein biosynthesis;Reference proteome
g3125,888642,Rv3013,O53260,CDS,Cytoplasmic,,hypothetical protein,,,,,,,,Reference proteome
g3126,887354,Rv3014c,P9WNV1,CDS,Cytoplasmic,ligA,DNA ligase A,genetic information processing,DNA replication proteins; DNA repair and recombination proteins,Genetic Information Processing,Replication and repair,DNA replication; Base excision repair; Nucleotide excision repair; Mismatch repair,NAD-dependent DNA ligase family. LigA subfamily,,3D-structure;DNA damage;DNA repair;DNA replication;Ligase;Magnesium;Metal-binding;NAD;Reference proteome;Zinc
g3127,887181,Rv3015c,I6YAW3,CDS,Cytoplasmic,,Cobalamin-independent methionine synthase MetE C-terminal/archaeal domain-containing protein,,,,,,,,Reference proteome
g3128,888557,Rv3016,I6Y2A3,CDS,Extracellular,lpqA,lipoprotein LpqA,,,,,,,,Lipoprotein;Reference proteome;Signal
g3129,888508,Rv3017c,P9WNJ1,CDS,Extracellular,esxQ,ESAT-6-like protein EsxQ,signaling and cellular processes,Secretion system,Human Diseases,Infectious disease: bacterial,Tuberculosis,WXG100 family. ESAT-6 subfamily,,Reference proteome;Secreted
g3130,,Rv3018A,Q6MX19,CDS,Extracellular,PE27A,PE family protein PE27A,,,,,,,,Reference proteome
g3131,888940,Rv3018c,P9WHY9,CDS,Extracellular,PPE46,Uncharacterized PPE family protein PPE46,,,,,,mycobacterial PPE family,,Reference proteome
g3132,888926,Rv3019c,P9WNI9,CDS,Extracellular,esxR,ESAT-6-like protein EsxR,signaling and cellular processes,Secretion system,Human Diseases,Infectious disease: bacterial,Tuberculosis,WXG100 family. ESAT-6 subfamily,,3D-structure;Reference proteome;Secreted
g3133,888946,Rv3020c,Q6MX18,CDS,Extracellular,esxS,ESAT-6-like protein EsxS,signaling and cellular processes,Secretion system,Human Diseases,Infectious disease: bacterial,Tuberculosis,WXG100 family. CFP-10 subfamily,,3D-structure;Reference proteome;Secreted
g3134,,Rv3021c,P9WHY7,misc_feature,Extracellular,PPE47,,,,,,,mycobacterial PPE family,,Reference proteome
g3135,3205088,Rv3022A,Q6MX17,CDS,Extracellular,PE29,PE family protein PE29,,,,,,,,Reference proteome
g3136,,Rv3022c,P9WHY7,misc_feature,Extracellular,PPE48,,,,,,,mycobacterial PPE family,,Reference proteome
g3137,888525,Rv3023c,P96354,CDS,Cytoplasmic,,Mutator family transposase,,,,,,transposase mutator family,,DNA recombination;DNA-binding;Reference proteome;Transposable element;Transposition
g3138,888524,Rv3024c,P9WJS5,CDS,Cytoplasmic,mnmA,tRNA-specific 2-thiouridylase MnmA,genetic information processing,Transfer RNA biogenesis,Genetic Information Processing,"Folding, sorting and degradation",Sulfur relay system,MnmA/TRMU family,,ATP-binding;Cytoplasm;Disulfide bond;Nucleotide-binding;Reference proteome;RNA-binding;Transferase;tRNA processing;tRNA-binding
g3139,887677,Rv3025c,P9WQ71,CDS,Cytoplasmic,iscS,IscS-like cysteine desulfurase,genetic information processing; signaling and cellular processes,Transfer RNA biogenesis; Mitochondrial biogenesis; Prokaryotic defense system,Metabolism; Genetic Information Processing,"Metabolism of cofactors and vitamins; Folding, sorting and degradation",Thiamine metabolism; Sulfur relay system,class-V pyridoxal-phosphate-dependent aminotransferase family. NifS/IscS subfamily,,3D-structure;Aminotransferase;Iron;Iron-sulfur;Metal-binding;Pyridoxal phosphate;Reference proteome;Transferase
g3140,888489,Rv3026c,I6XFY8,CDS,Plasma Membrane,,Phospholipid/glycerol acyltransferase domain-containing protein,,,,,,,Lipid metabolism,Acyltransferase;Lipid biosynthesis;Lipid metabolism;Membrane;Reference proteome;Transferase;Transmembrane;Transmembrane helix
g3141,887851,Rv3027c,I6YEZ8,CDS,Cytoplasmic,,GCN5-like N-acetyltransferase,,,,,,,Lipid metabolism,Acyltransferase;Lipid biosynthesis;Lipid metabolism;Reference proteome;Transferase
g3142,888549,Rv3028c,P9WNG9,CDS,Cytoplasmic,etfA,Electron transfer flavoprotein subunit alpha,signaling and cellular processes,Exosome,,,,ETF alpha-subunit/FixB family,,Electron transport;FAD;Flavoprotein;Reference proteome;Transport
g3143,887670,Rv3029c,P9WNG7,CDS,Cytoplasmic,etfB,Electron transfer flavoprotein subunit beta,,,,,,ETF beta-subunit/FixA family,,Electron transport;FAD;Flavoprotein;Reference proteome;Transport
g3144,888604,Rv3030,P9WJZ1,CDS,Cytoplasmic,,Probable S-adenosylmethionine-dependent methyltransferase Rv3030,,,,,,methyltransferase superfamily,,Methyltransferase;Reference proteome;S-adenosyl-L-methionine;Transferase
g3145,888543,Rv3031,P9WQ27,CDS,Cytoplasmic,,"Probable 1,4-alpha-glucan branching enzyme Rv3031",,,Metabolism,Carbohydrate metabolism,Starch and sucrose metabolism,glycosyl hydrolase 57 family,,Carbohydrate metabolism;Glycosyltransferase;Reference proteome;Transferase
g3146,888185,Rv3032,P9WMY9,CDS,Cytoplasmic,,Glycogen synthase,metabolism,Glycosyltransferases,Metabolism,Carbohydrate metabolism,Starch and sucrose metabolism,glycosyltransferase group 1 family,Glycan biosynthesis; glycogen biosynthesis,Carbohydrate metabolism;Glycogen biosynthesis;Glycogen metabolism;Glycosyltransferase;Reference proteome;Transferase
g3147,11117812,Rv3032A,I6X630,CDS,Plasma Membrane,,hypothetical protein,,,,,,,,Reference proteome
g3148,888865,Rv3033,I6YAY5,CDS,Plasma Membrane,,DUF4333 domain-containing protein,,,,,,,,Reference proteome;Signal
g3149,887470,Rv3034c,O53281,CDS,Plasma Membrane,,Probable acetyltransferase Rv3034c,,,,,,transferase hexapeptide repeat family,,Acyltransferase;Reference proteome;Repeat;Signal;Transferase;Virulence
g3150,887842,Rv3035,I6XFZ8,CDS,Extracellular,,Protein Rv3035,,,,,,,,Direct protein sequencing;Reference proteome
g3151,887320,Rv3036c,I6YF08,CDS,Extracellular,TB22.2,Esterase Rv3036c,,,,,,RsiV family,,Cell membrane;Cell wall;Hydrolase;Lipid metabolism;Membrane;Reference proteome;Secreted;Transmembrane;Transmembrane helix
g3152,888640,Rv3037c,P9WJZ3,CDS,Cytoplasmic,,Uncharacterized S-adenosylmethionine-dependent methyltransferase Rv3037c,,,,,,methyltransferase superfamily,,Methyltransferase;Reference proteome;S-adenosyl-L-methionine;Transferase
g3153,888517,Rv3038c,I6YAZ1,CDS,Plasma Membrane,,hypothetical protein,,,,,,,,Methyltransferase;Reference proteome;Transferase
g3154,888216,Rv3039c,P9WNN3,CDS,Cytoplasmic,echA17,Probable enoyl-CoA hydratase EchA17,,,Metabolism,Carbohydrate metabolism; Lipid metabolism; Amino acid metabolism; Metabolism of other amino acids; Metabolism of terpenoids and polyketides; Xenobiotics biodegradation and metabolism,"Propanoate metabolism; Butanoate metabolism; Fatty acid degradation; Valine, leucine and isoleucine degradation; Lysine degradation; Phenylalanine metabolism; Tryptophan metabolism; beta-Alanine metabolism; Pinene, camphor and geraniol degradation; Benzoate degradation; Aminobenzoate degradation; Caprolactam degradation",enoyl-CoA hydratase/isomerase family,,Direct protein sequencing;Fatty acid metabolism;Lipid metabolism;Lyase;Reference proteome
g3155,887672,Rv3040c,O53287,CDS,Cytoplasmic,,hypothetical protein,,,,,,,,Hydrolase;Magnesium;Manganese;Metal-binding;Reference proteome
g3156,887197,Rv3041c,I6YF11,CDS,Cytoplasmic,,ABC transporter ATP-binding protein,signaling and cellular processes,Transporters,,,,,,ATP-binding;Nucleotide-binding;Reference proteome;Transport
g3157,887815,Rv3042c,O53289,CDS,Cytoplasmic,serB2,Phosphoserine phosphatase SerB2,metabolism,Protein phosphatases and associated proteins,Metabolism,Energy metabolism; Amino acid metabolism,"Methane metabolism; Glycine, serine and threonine metabolism",HAD-like hydrolase superfamily. SerB family,Amino-acid biosynthesis; L-serine biosynthesis; L-serine from 3-phospho-D-glycerate,Amino-acid biosynthesis;Host cytoplasm;Hydrolase;Magnesium;Metal-binding;Reference proteome;Secreted;Serine biosynthesis
g3158,887881,Rv3043c,P9WP71,CDS,Plasma Membrane,ctaD,Probable cytochrome c oxidase subunit 1,,,Metabolism,Energy metabolism,Oxidative phosphorylation,heme-copper respiratory oxidase family,Energy metabolism; oxidative phosphorylation,3D-structure;Acetylation;Cell membrane;Copper;Electron transport;Heme;Iron;Membrane;Metal-binding;Reference proteome;Respiratory chain;Translocase;Transmembrane;Transmembrane helix;Transport
g3159,888745,Rv3044,O53291,CDS,Extracellular,fecB,FeIII-dicitrate-binding periplasmic lipoprotein,signaling and cellular processes,Transporters,,,,bacterial solute-binding protein 8 family,,3D-structure;Lipoprotein;Reference proteome;Signal;Transport
g3160,888888,Rv3045,P9WQC5,CDS,Cytoplasmic,adhC,NADP-dependent alcohol dehydrogenase C,,,Metabolism,Carbohydrate metabolism; Lipid metabolism,Glycolysis / Gluconeogenesis; Pyruvate metabolism; Glycerolipid metabolism,zinc-containing alcohol dehydrogenase family,,Acetylation;Isopeptide bond;Metal-binding;NADP;Oxidoreductase;Reference proteome;Ubl conjugation;Zinc
g3161,888870,Rv3046c,I6YF16,CDS,Cytoplasmic,,hypothetical protein,,,,,,,,Reference proteome
g3162,888898,Rv3047c,I6X642,CDS,Extracellular,,hypothetical protein,,,,,,,,Reference proteome
g3163,888886,Rv3048c,P9WH71,CDS,Cytoplasmic,nrdF2,Ribonucleoside-diphosphate reductase subunit beta nrdF2,genetic information processing,DNA repair and recombination proteins,Metabolism,Nucleotide metabolism,Purine metabolism; Pyrimidine metabolism,ribonucleoside diphosphate reductase small chain family,,3D-structure;Deoxyribonucleotide synthesis;Iron;Metal-binding;Oxidoreductase;Reference proteome
g3164,888894,Rv3049c,I6Y2E2,CDS,Plasma Membrane,,Baeyer-Villiger monooxygenase,,,,,,FAD-binding monooxygenase family,,FAD;Flavoprotein;Monooxygenase;NADP;Oxidoreductase;Reference proteome
g3165,888866,Rv3050c,I6XG13,CDS,Cytoplasmic,,AsnC family transcriptional regulator,,,,,,,,DNA-binding;Membrane;Reference proteome;Transmembrane;Transmembrane helix
g3166,888869,Rv3051c,P9WH75,CDS,Extracellular,nrdE,Ribonucleoside-diphosphate reductase subunit alpha,genetic information processing,DNA repair and recombination proteins,Metabolism,Nucleotide metabolism,Purine metabolism; Pyrimidine metabolism,ribonucleoside diphosphate reductase large chain family,,Allosteric enzyme;ATP-binding;Deoxyribonucleotide synthesis;Disulfide bond;Nucleotide-binding;Oxidoreductase;Reference proteome
g3167,888885,Rv3052c,P9WIZ3,CDS,Cytoplasmic,nrdI,Protein NrdI,,,,,,NrdI family,,3D-structure;Reference proteome
g3168,888884,Rv3053c,I6YB06,CDS,Cytoplasmic,nrdH,Glutaredoxin-like protein NrdH,,,,,,glutaredoxin family,,3D-structure;Disulfide bond;Electron transport;Redox-active center;Reference proteome;Transport
g3169,887963,Rv3054c,P95105,CDS,Cytoplasmic,,NADPH-dependent FMN reductase-like domain-containing protein,,,,,,,,Reference proteome
g3170,888882,Rv3055,P95103,CDS,Cytoplasmic,,TetR family transcriptional regulator,,,,,,,,DNA-binding;Reference proteome
g3171,887519,Rv3056,P9WNT1,CDS,Cytoplasmic,dinB2,DNA polymerase IV 2,genetic information processing,DNA repair and recombination proteins,,,,DNA polymerase type-Y family,,Cytoplasm;DNA damage;DNA repair;DNA replication;DNA-binding;DNA-directed DNA polymerase;Magnesium;Metal-binding;Mutator protein;Nucleotidyltransferase;Reference proteome;Transferase
g3172,888617,Rv3057c,I6YB11,CDS,Plasma Membrane,,short chain alcohol dehydrogenase/reductase,,,,,,short-chain dehydrogenases/reductases (SDR) family,,Oxidoreductase;Reference proteome
g3173,888878,Rv3058c,P95100,CDS,Cytoplasmic,,TetR family transcriptional regulator,,,,,,,,DNA-binding;Reference proteome;Transcription;Transcription regulation
g3174,888883,Rv3059,P9WPM7,CDS,Plasma Membrane,cyp136,Putative cytochrome P450 136,,,,,,cytochrome P450 family,,Acetylation;Heme;Iron;Metal-binding;Monooxygenase;Oxidoreductase;Reference proteome
g3175,888855,Rv3060c,P95098,CDS,Cytoplasmic,,GntR family transcriptional regulator,,,,,,,,Aminotransferase;DNA-binding;Reference proteome;Transcription;Transcription regulation;Transferase
g3176,887617,Rv3061c,I6X654,CDS,Cytoplasmic,fadE22,acyl-CoA dehydrogenase FadE22,,,,,,acyl-CoA dehydrogenase family,,FAD;Flavoprotein;Oxidoreductase;Reference proteome
g3177,887553,Rv3062,P9WNV5,CDS,Cytoplasmic,ligB,DNA ligase B,,,,,,ATP-dependent DNA ligase family,,ATP-binding;Cell cycle;Cell division;DNA damage;DNA recombination;DNA repair;DNA replication;Ligase;Magnesium;Metal-binding;Nucleotide-binding;Reference proteome
g3178,887948,Rv3063,P9WP47,CDS,Plasma Membrane,cstA,Peptide transporter CstA,signaling and cellular processes,Transporters,,,,peptide transporter carbon starvation (CstA) (TC 2.A.114) family,,Cell membrane;Membrane;Peptide transport;Protein transport;Reference proteome;Transmembrane;Transmembrane helix;Transport
g3179,888879,Rv3064c,I6XG31,CDS,Plasma Membrane,,integral membrane protein,,,,,,DoxX family,,Cell membrane;Membrane;Reference proteome;Transmembrane;Transmembrane helix
g3180,887550,Rv3065,P9WGF1,CDS,Plasma Membrane,mmr,Multidrug resistance protein Mmr,signaling and cellular processes,Transporters,,,,drug/metabolite transporter (DMT) superfamily. Small multidrug resistance (SMR) (TC 2.A.7.1) family. Mmr subfamily,,Antibiotic resistance;Cell membrane;Membrane;Reference proteome;Transmembrane;Transmembrane helix;Transport
g3181,888847,Rv3066,I6X658,CDS,Cytoplasmic,,DeoR family transcriptional regulator,,,,,,,,3D-structure;DNA-binding;Reference proteome
g3182,888822,Rv3067,I6YB21,CDS,Plasma Membrane,,Uncharacterized protein Rv3067,,,,,,,,Cell membrane;Membrane;Reference proteome;Transmembrane;Transmembrane helix
g3183,888826,Rv3068c,I6Y2G3,CDS,Cytoplasmic,pgmA,phosphoglucomutase PgmA,,,Metabolism,Carbohydrate metabolism; Nucleotide metabolism; Glycan biosynthesis and metabolism; Biosynthesis of other secondary metabolites,Glycolysis / Gluconeogenesis; Pentose phosphate pathway; Galactose metabolism; Starch and sucrose metabolism; Purine metabolism; Amino sugar and nucleotide sugar metabolism; Streptomycin biosynthesis,phosphohexose mutase family,,Isomerase;Magnesium;Metal-binding;Phosphoprotein;Reference proteome
g3184,888859,Rv3069,P9WP63,CDS,Plasma Membrane,fluC1,Fluoride-specific ion channel FluC 1,signaling and cellular processes,Transporters,,,,fluoride channel Fluc/FEX (TC 1.A.43) family,,Cell membrane;Ion channel;Ion transport;Membrane;Metal-binding;Reference proteome;Sodium;Transmembrane;Transmembrane helix;Transport
g3185,888651,Rv3070,P9WP61,CDS,Plasma Membrane,fluC2,Fluoride-specific ion channel FluC 2,signaling and cellular processes,Transporters,,,,fluoride channel Fluc/FEX (TC 1.A.43) family,,Cell membrane;Ion channel;Ion transport;Membrane;Metal-binding;Reference proteome;Sodium;Transmembrane;Transmembrane helix;Transport
g3186,888649,Rv3071,P95087,CDS,Cytoplasmic,,DUF190 domain-containing protein,,,,,,UPF0166 family,,Reference proteome
g3187,887175,Rv3072c,P95086,CDS,Cytoplasmic,,Luciferase-like domain-containing protein,,,,,,,,Flavoprotein;FMN;Monooxygenase;Oxidoreductase;Reference proteome
g3188,888647,Rv3073c,P9WL11,CDS,Cytoplasmic,,Uncharacterized protein Rv3073c,,,,,,To E.coli YeaO,,Reference proteome
g3189,888027,Rv3074,I6XG38,CDS,Cytoplasmic,,HNH nuclease domain-containing protein,,,,,,,,Reference proteome
g3190,887178,Rv3075c,I6YF40,CDS,Cytoplasmic,,hypothetical protein,,,Environmental Information Processing,Signal transduction,Two-component system,,,Magnesium;Metal-binding;Reference proteome
g3191,888026,Rv3076,I6X666,CDS,Cytoplasmic,,Cyclase,,,,,,,,Reference proteome
g3192,887419,Rv3077,Q6MX15,CDS,Cytoplasmic,atsF,hydrolase,,,,,,sulfatase family,,Hydrolase;Reference proteome
g3193,888891,Rv3078,I6Y2H3,CDS,Plasma Membrane,hab,hydroxylaminobenzene mutase,,,Metabolism,Xenobiotics biodegradation and metabolism,Aminobenzoate degradation,,,Membrane;Reference proteome;Transmembrane;Transmembrane helix
g3194,888660,Rv3079c,I6XG43,CDS,Cytoplasmic,,hypothetical protein,,,,,,,,Reference proteome
g3195,888659,Rv3080c,P9WI65,CDS,Cytoplasmic,pknK,Serine/threonine-protein kinase PknK,metabolism,Protein kinases,,,,protein kinase superfamily. Ser/Thr protein kinase family,,ATP-binding;Cell membrane;Cell wall;Cytoplasm;Kinase;Magnesium;Membrane;Metal-binding;Nucleotide-binding;Phosphoprotein;Reference proteome;Secreted;Serine/threonine-protein kinase;Transferase;Virulence
g3196,888650,Rv3081,O53298,CDS,Cytoplasmic,,hypothetical protein,,,,,,,,Reference proteome
g3197,888657,Rv3082c,P9WMJ3,CDS,Cytoplasmic,virS,HTH-type transcriptional regulator VirS,genetic information processing,Transcription factors,,,,,,3D-structure;DNA-binding;Phosphoprotein;Reference proteome;Transcription;Transcription regulation;Virulence
g3198,888655,Rv3083,P9WNF7,CDS,Plasma Membrane,mymA,Putative FAD-containing monooxygenase MymA,,,Metabolism,Xenobiotics biodegradation and metabolism,Aminobenzoate degradation,FAD-binding monooxygenase family,,FAD;Flavoprotein;Monooxygenase;Oxidoreductase;Reference proteome
g3199,888652,Rv3084,P9WK85,CDS,Plasma Membrane,lipR,Putative acetyl-hydrolase LipR,,,,,,'GDXG' lipolytic enzyme family,,Hydrolase;Reference proteome;Signal
g3200,888656,Rv3085,P9WGP9,CDS,Cytoplasmic,sadH,Putative oxidoreductase SadH,,,,,,short-chain dehydrogenases/reductases (SDR) family,,Oxidoreductase;Reference proteome
g3201,888654,Rv3086,P9WQB9,CDS,Cytoplasmic,adhD,Putative alcohol dehydrogenase D,,,,,,zinc-containing alcohol dehydrogenase family,,Metal-binding;NAD;Oxidoreductase;Reference proteome;Zinc
g3202,888653,Rv3087,P9WKB1,CDS,Cytoplasmic,,Putative diacyglycerol O-acyltransferase Rv3087,,,Metabolism,Lipid metabolism,"Cutin, suberine and wax biosynthesis; Glycerolipid metabolism",long-chain O-acyltransferase family,Glycerolipid metabolism; triacylglycerol biosynthesis,Acyltransferase;Glycerol metabolism;Lipid biosynthesis;Lipid metabolism;Reference proteome;Transferase
g3203,888669,Rv3088,P9WKC3,CDS,Cytoplasmic,tgs4,Probable diacyglycerol O-acyltransferase Tgs4,,,Metabolism,Lipid metabolism,"Cutin, suberine and wax biosynthesis; Glycerolipid metabolism",long-chain O-acyltransferase family,Glycerolipid metabolism; triacylglycerol biosynthesis,Acyltransferase;Glycerol metabolism;Lipid biosynthesis;Lipid metabolism;Reference proteome;Transferase
g3204,888666,Rv3089,P9WQ37,CDS,Cytoplasmic,fadD13,Long-chain-fatty-acid--CoA ligase FadD13,,,Metabolism,Lipid metabolism,Fatty acid biosynthesis; Fatty acid degradation,ATP-dependent AMP-binding enzyme family,Lipid metabolism; fatty acid biosynthesis,3D-structure;ATP-binding;Cell membrane;Fatty acid metabolism;Ligase;Lipid metabolism;Membrane;Nucleotide-binding;Reference proteome
g3205,888668,Rv3090,O05769,CDS,Plasma Membrane,,Protease Rv3090,,,,,,,,Cell membrane;Cell wall;Hydrolase;Membrane;Protease;Reference proteome;Secreted;Transmembrane;Transmembrane helix;Virulence
g3206,888665,Rv3091,I6YB49,CDS,Cytoplasmic,,hypothetical protein,,,,,,,,Hydrolase;Lipid degradation;Lipid metabolism;Reference proteome
g3207,888667,Rv3092c,I6Y2I9,CDS,Plasma Membrane,,integral membrane protein,,,,,,,,Membrane;Reference proteome;Transmembrane;Transmembrane helix
g3208,888663,Rv3093c,O05772,CDS,Cytoplasmic,,oxidoreductase,,,,,,,,Oxidoreductase;Reference proteome
g3209,888661,Rv3094c,O05773,CDS,Cytoplasmic,,Hydroxylase,,,,,,,,3D-structure;Flavoprotein;FMN;Nucleotide-binding;Oxidoreductase;Reference proteome
g3210,888679,Rv3095,P9WMG3,CDS,Cytoplasmic,,Uncharacterized HTH-type transcriptional regulator Rv3095,,,,,,,,DNA-binding;Reference proteome;Transcription;Transcription regulation
g3211,888678,Rv3096,I6YB54,CDS,Extracellular,,"1,4-beta-xylanase",,,,,,,,Reference proteome;Signal
g3212,888677,Rv3097c,I6Y2J4,CDS,Cytoplasmic,lipY,Triacylglycerol lipase,,,Metabolism,Lipid metabolism,Glycerolipid metabolism,In the N-terminal section; belongs to the mycobacterial PE family. PGRS subfamily; In the C-terminal section; belongs to the 'GDXG' lipolytic enzyme family,,Cell wall;Cytoplasm;Hydrolase;Lipid degradation;Lipid metabolism;Reference proteome;Secreted;Virulence
g3213,14515872,Rv3098A,V5QRX7,CDS,Cytoplasmic,,Putative toxin Rv3098A/RVBD_3098A,signaling and cellular processes,Prokaryotic defense system,,,,PemK/MazF family,,Reference proteome;Toxin-antitoxin system
g3214,,Rv3098B,V5QPS4,CDS,Cytoplasmic,,Putative antitoxin Rv3098B/RVBD_3098B,,,,,,,,Reference proteome;Toxin-antitoxin system
g3215,888676,Rv3098c,O05776,CDS,Extracellular,,hypothetical protein,,,,,,,,Reference proteome
g3216,888674,Rv3099c,O05777,CDS,Cytoplasmic,,hypothetical protein,,,,,,,,Reference proteome
g3217,888675,Rv3100c,P9WGD3,CDS,Cytoplasmic,smpB,SsrA-binding protein,,,,,,SmpB family,,Cytoplasm;Reference proteome;RNA-binding
g3218,888673,Rv3101c,P9WG19,CDS,Plasma Membrane,ftsX,Cell division protein FtsX,genetic information processing; signaling and cellular processes,Chromosome and associated proteins; Transporters,Environmental Information Processing,Membrane transport,ABC transporters,ABC-4 integral membrane protein family. FtsX subfamily,,3D-structure;Cell cycle;Cell division;Cell membrane;Membrane;Reference proteome;Transmembrane;Transmembrane helix
g3219,888672,Rv3102c,O05779,CDS,Plasma Membrane,ftsE,Cell division ATP-binding protein FtsE,genetic information processing; signaling and cellular processes,Chromosome and associated proteins; Transporters,Environmental Information Processing,Membrane transport,ABC transporters,ABC transporter superfamily,,3D-structure;ATP-binding;Cell cycle;Cell division;Cell membrane;Hydrolase;Membrane;Nucleotide-binding;Reference proteome
g3220,888798,Rv3103c,O05780,CDS,Plasma Membrane,,hypothetical protein,,,,,,,,Membrane;Reference proteome;Transmembrane;Transmembrane helix
g3221,888685,Rv3104c,O05781,CDS,Plasma Membrane,,transmembrane protein,signaling and cellular processes,Transporters,,,,MscS (TC 1.A.23) family,,Cell membrane;Membrane;Reference proteome;Transmembrane;Transmembrane helix
g3222,888820,Rv3105c,P9WHG1,CDS,Cytoplasmic,prfB,Peptide chain release factor 2,genetic information processing,Translation factors,,,,prokaryotic/mitochondrial release factor family,,Cytoplasm;Methylation;Protein biosynthesis;Reference proteome
g3223,888839,Rv3106,P9WIQ3,CDS,Cytoplasmic,fprA,NADPH-ferredoxin reductase FprA,,,,,,ferredoxin--NADP reductase type 1 family,,3D-structure;Direct protein sequencing;FAD;Flavoprotein;NADP;Oxidoreductase;Reference proteome
g3224,887657,Rv3107c,O05784,CDS,Cytoplasmic,agpS,alkyldihydroxyacetonephosphate synthase,,,Metabolism; Cellular Processes,Lipid metabolism; Transport and catabolism,Ether lipid metabolism; Peroxisome,FAD-binding oxidoreductase/transferase type 4 family,,FAD;Flavoprotein;Reference proteome
g3225,888686,Rv3108,O05785,CDS,Extracellular,,hypothetical protein,,,,,,,,Reference proteome
g3226,888836,Rv3109,P9WJS3,CDS,Cytoplasmic,moaA1,"GTP 3',8-cyclase 1",,,Metabolism; Genetic Information Processing,"Metabolism of cofactors and vitamins; Folding, sorting and degradation",Folate biosynthesis; Sulfur relay system,radical SAM superfamily. MoaA family,Cofactor biosynthesis; molybdopterin biosynthesis,4Fe-4S;GTP-binding;Iron;Iron-sulfur;Lyase;Metal-binding;Molybdenum cofactor biosynthesis;Nucleotide-binding;Reference proteome;S-adenosyl-L-methionine
g3227,888683,Rv3110,Q6MX13,CDS,Cytoplasmic,moaB1,Putative pterin-4-alpha-carbinolamine dehydratase,signaling and cellular processes,Exosome,Metabolism,Metabolism of cofactors and vitamins,Folate biosynthesis,pterin-4-alpha-carbinolamine dehydratase family,,Lyase;Reference proteome
g3228,888680,Rv3111,P9WJR9,CDS,Cytoplasmic,moaC1,Cyclic pyranopterin monophosphate synthase 1,,,Metabolism; Genetic Information Processing,"Metabolism of cofactors and vitamins; Folding, sorting and degradation",Folate biosynthesis; Sulfur relay system,MoaC family,Cofactor biosynthesis; molybdopterin biosynthesis,Lyase;Molybdenum cofactor biosynthesis;Reference proteome
g3229,888897,Rv3112,L7N6B4,CDS,Cytoplasmic,moaD1,Molybdopterin synthase sulfur carrier subunit,,,Genetic Information Processing,"Folding, sorting and degradation",Sulfur relay system,MoaD family,Cofactor biosynthesis; molybdopterin biosynthesis,Molybdenum cofactor biosynthesis;Nucleotide-binding;Reference proteome
g3230,888781,Rv3113,O05790,CDS,Cytoplasmic,,phosphatase,,,,,,,,Reference proteome
g3231,888779,Rv3114,O05791,CDS,Cytoplasmic,,CMP/dCMP-type deaminase domain-containing protein,,,,,,,,Reference proteome
g3232,888790,Rv3115,P96354,CDS,Cytoplasmic,,Mutator family transposase,,,,,,transposase mutator family,,DNA recombination;DNA-binding;Reference proteome;Transposable element;Transposition
g3233,888808,Rv3116,L7N674,CDS,Cytoplasmic,moeB2,Probable adenylyltransferase/sulfurtransferase MoeZ,,,Genetic Information Processing,"Folding, sorting and degradation",Sulfur relay system,In the N-terminal section; belongs to the HesA/MoeB/ThiF family,,ATP-binding;Membrane;Multifunctional enzyme;Nucleotide-binding;Nucleotidyltransferase;Reference proteome;Transferase;Transmembrane;Transmembrane helix
g3234,888802,Rv3117,P9WHF9,CDS,Cytoplasmic,cysA1,Putative thiosulfate sulfurtransferase,,,Metabolism; Genetic Information Processing,"Energy metabolism; Amino acid metabolism; Folding, sorting and degradation",Sulfur metabolism; Cysteine and methionine metabolism; Sulfur relay system,,,3D-structure;Reference proteome;Repeat;Transferase
g3235,888809,Rv3118,P0CG96,CDS,Plasma Membrane,sseC1,Uncharacterized protein Rv3118,,,,,,,,Isopeptide bond;Reference proteome;Ubl conjugation
g3236,888811,Rv3119,P9WJR3,CDS,Cytoplasmic,moaE1,Molybdopterin synthase catalytic subunit 1,,,Metabolism; Genetic Information Processing,"Metabolism of cofactors and vitamins; Folding, sorting and degradation",Folate biosynthesis; Sulfur relay system,MoaE family,Cofactor biosynthesis; molybdopterin biosynthesis,3D-structure;Molybdenum cofactor biosynthesis;Reference proteome;Transferase
g3237,888828,Rv3120,O05796,CDS,Cytoplasmic,,Methyltransferase domain-containing protein,,,,,,,,Reference proteome
g3238,887409,Rv3121,P9WPL7,CDS,Cytoplasmic,cyp141,Putative cytochrome P450 141,,,,,,cytochrome P450 family,,3D-structure;Cell membrane;Heme;Iron;Membrane;Metal-binding;Monooxygenase;Oxidoreductase;Reference proteome;Transmembrane;Transmembrane helix
g3239,888890,Rv3122,O07033,CDS,Cytoplasmic,,DUF6788 domain-containing protein,,,,,,,,Reference proteome
g3240,888823,Rv3123,O07034,CDS,Extracellular,,hypothetical protein,,,,,,,,Reference proteome
g3241,888825,Rv3124,O05797,CDS,Cytoplasmic,moaR1,Transcriptional regulatory protein MoaR1,genetic information processing,Transcription factors,,,,AfsR/DnrI/RedD regulatory family,,Activator;DNA-binding;Reference proteome;Transcription;Transcription regulation
g3242,888892,Rv3125c,P9WHY5,CDS,Extracellular,PPE49,Uncharacterized PPE family protein PPE49,,,,,,mycobacterial PPE family,,Reference proteome
g3243,888806,Rv3126c,P9WL09,CDS,Extracellular,,Uncharacterized protein Rv3126c,,,,,,,,Reference proteome
g3244,888850,Rv3127,P9WL07,CDS,Cytoplasmic,,Uncharacterized protein Rv3127,,,,,,,,Reference proteome
g3245,,Rv3128c,,misc_feature,,,,,,,,,,,
g3246,,Rv3129,P9WL05,CDS,Cytoplasmic,,Uncharacterized protein Rv3129,,,,,,,,Reference proteome
g3247,888841,Rv3130c,P9WKC9,CDS,Cytoplasmic,tgs1,Probable diacyglycerol O-acyltransferase tgs1,,,Metabolism,Lipid metabolism,"Cutin, suberine and wax biosynthesis; Glycerolipid metabolism",long-chain O-acyltransferase family,Glycerolipid metabolism; triacylglycerol biosynthesis,Acetylation;Acyltransferase;Glycerol metabolism;Lipid biosynthesis;Lipid metabolism;Reference proteome;Transferase
g3248,888838,Rv3131,P9WIZ7,CDS,Cytoplasmic,,Putative NAD(P)H nitroreductase Rv3131,,,,,,nitroreductase family,,Direct protein sequencing;Flavoprotein;FMN;NAD;NADP;Oxidoreductase;Reference proteome;Virulence
g3249,888829,Rv3132c,P9WGK3,CDS,Cytoplasmic,devS,Oxygen sensor histidine kinase response regulator DevS/DosS,metabolism; signaling and cellular processes,Protein kinases; Two-component system,Environmental Information Processing,Signal transduction,Two-component system,,,3D-structure;Acetylation;ATP-binding;Cytoplasm;Heme;Iron;Kinase;Magnesium;Metal-binding;Nucleotide-binding;Phosphoprotein;Reference proteome;Repeat;Transferase;Two-component regulatory system
g3250,888842,Rv3133c,P9WMF9,CDS,Cytoplasmic,devR,DNA-binding transcriptional activator DevR/DosR,signaling and cellular processes,Two-component system,Environmental Information Processing,Signal transduction,Two-component system,,,3D-structure;Activator;Cytoplasm;DNA-binding;Host cytoplasmic vesicle;Phosphoprotein;Reference proteome;Transcription;Transcription regulation;Two-component regulatory system
g3251,887558,Rv3134c,P9WFD3,CDS,Cytoplasmic,,Universal stress protein Rv3134c,,,,,,universal stress protein A family,,ATP-binding;Nucleotide-binding;Reference proteome
g3252,888153,Rv3135,Q6MX07,CDS,Extracellular,PPE50,Uncharacterized PPE family protein PPE50,,,,,,mycobacterial PPE family,,Reference proteome
g3253,888835,Rv3136,P9WHY3,CDS,Extracellular,PPE51,Transporter PPE51,,,,,,mycobacterial PPE family,,Acetylation;Cell outer membrane;Membrane;Reference proteome;Transport;Virulence
g3254,14515898,Rv3136A,I6Y2Q7,CDS,Plasma Membrane,,hypothetical protein,,,,,,,,Membrane;Reference proteome;Transmembrane;Transmembrane helix
g3255,888827,Rv3137,P95189,CDS,Cytoplasmic,hisN,Histidinol-phosphatase,,,Metabolism,Amino acid metabolism,Histidine metabolism,inositol monophosphatase superfamily,Amino-acid biosynthesis; L-histidine biosynthesis; L-histidine from 5-phospho-alpha-D-ribose 1-diphosphate,3D-structure;Amino-acid biosynthesis;Histidine biosynthesis;Hydrolase;Magnesium;Metal-binding;Reference proteome
g3256,887973,Rv3138,P95188,CDS,Cytoplasmic,pflA,pyruvate formate lyase activating protein PflA,,,,,,,,4Fe-4S;Iron;Iron-sulfur;Lyase;Metal-binding;Pyruvate;Reference proteome;S-adenosyl-L-methionine
g3257,887971,Rv3139,P95187,CDS,Plasma Membrane,fadE24,acyl-CoA dehydrogenase,,,,,,acyl-CoA dehydrogenase family,,FAD;Flavoprotein;Oxidoreductase;Reference proteome
g3258,887417,Rv3140,P95186,CDS,Cytoplasmic,fadE23,acyl-CoA dehydrogenase FadE23,,,Metabolism,Lipid metabolism; Amino acid metabolism,"Fatty acid degradation; Valine, leucine and isoleucine degradation",acyl-CoA dehydrogenase family,,FAD;Flavoprotein;Oxidoreductase;Reference proteome
g3259,888051,Rv3141,P95185,CDS,Cytoplasmic,fadB4,NADPH quinone oxidoreductase FadB,,,,,,,,Reference proteome
g3260,887521,Rv3142c,P95184,CDS,Cytoplasmic,,hypothetical protein,,,,,,,,Reference proteome
g3261,887576,Rv3143,P9WGL7,CDS,Cytoplasmic,,Uncharacterized response regulatory protein Rv3143,,,,,,,,Phosphoprotein;Reference proteome;Two-component regulatory system
g3262,887930,Rv3144c,I6X6H8,CDS,Extracellular,PPE52,PPE family protein PPE52,,,,,,mycobacterial PPE family,,Reference proteome
g3263,887397,Rv3145,P9WIW7,CDS,Plasma Membrane,nuoA,NADH-quinone oxidoreductase subunit A,,,Metabolism,Energy metabolism,Oxidative phosphorylation,complex I subunit 3 family,,Cell membrane;Membrane;NAD;Quinone;Reference proteome;Translocase;Transmembrane;Transmembrane helix;Transport
g3264,888791,Rv3146,P9WJH1,CDS,Plasma Membrane,nuoB,NADH-quinone oxidoreductase subunit B,,,Metabolism,Energy metabolism,Oxidative phosphorylation,complex I 20 kDa subunit family,,4Fe-4S;Cell membrane;Iron;Iron-sulfur;Membrane;Metal-binding;NAD;Quinone;Reference proteome;Translocase;Transport
g3265,888816,Rv3147,P9WJH3,CDS,Cytoplasmic,nuoC,NADH-quinone oxidoreductase subunit C,,,Metabolism,Energy metabolism,Oxidative phosphorylation,complex I 30 kDa subunit family,,Cell membrane;Membrane;NAD;Quinone;Reference proteome;Translocase;Transport
g3266,888851,Rv3148,P9WJH5,CDS,Cytoplasmic,nuoD,NADH-quinone oxidoreductase subunit D,,,Metabolism,Energy metabolism,Oxidative phosphorylation,complex I 49 kDa subunit family,,Acetylation;Cell membrane;Membrane;NAD;Quinone;Reference proteome;Translocase;Transport
g3267,887903,Rv3149,P9WIV5,CDS,Cytoplasmic,nuoE,NADH-quinone oxidoreductase subunit E,,,Metabolism,Energy metabolism,Oxidative phosphorylation,complex I 24 kDa subunit family,,2Fe-2S;Acetylation;Iron;Iron-sulfur;Isopeptide bond;Metal-binding;NAD;Quinone;Reference proteome;Translocase;Ubl conjugation
g3268,888854,Rv3150,P9WIV7,CDS,Cytoplasmic,nuoF,NADH-quinone oxidoreductase subunit F,,,Metabolism,Energy metabolism,Oxidative phosphorylation,complex I 51 kDa subunit family,,4Fe-4S;Flavoprotein;FMN;Iron;Iron-sulfur;Metal-binding;NAD;Quinone;Reference proteome;Translocase
g3269,887540,Rv3151,P9WIV9,CDS,Cytoplasmic,nuoG,NADH-quinone oxidoreductase subunit G,,,Metabolism,Energy metabolism,Oxidative phosphorylation,complex I 75 kDa subunit family,,2Fe-2S;4Fe-4S;Acetylation;Iron;Iron-sulfur;Metal-binding;NAD;Quinone;Reference proteome;Translocase;Virulence
g3270,887531,Rv3152,P9WIX1,CDS,Plasma Membrane,nuoH,NADH-quinone oxidoreductase subunit H,,,Metabolism,Energy metabolism,Oxidative phosphorylation,complex I subunit 1 family,,Cell membrane;Membrane;NAD;Quinone;Reference proteome;Translocase;Transmembrane;Transmembrane helix
g3271,887530,Rv3153,P9WJG9,CDS,Plasma Membrane,nuoI,NADH-quinone oxidoreductase subunit I,,,Metabolism,Energy metabolism,Oxidative phosphorylation,complex I 23 kDa subunit family,,4Fe-4S;Cell membrane;Iron;Iron-sulfur;Membrane;Metal-binding;NAD;Quinone;Reference proteome;Repeat;Translocase
g3272,888762,Rv3154,P95172,CDS,Plasma Membrane,nuoJ,NADH-quinone oxidoreductase subunit J,,,Metabolism,Energy metabolism,Oxidative phosphorylation,complex I subunit 6 family,,Cell membrane;Membrane;NAD;Quinone;Reference proteome;Transmembrane;Transmembrane helix
g3273,888764,Rv3155,P9WIX3,CDS,Plasma Membrane,nuoK,NADH-quinone oxidoreductase subunit K,,,Metabolism,Energy metabolism,Oxidative phosphorylation,complex I subunit 4L family,,Cell membrane;Membrane;NAD;Quinone;Reference proteome;Translocase;Transmembrane;Transmembrane helix;Transport
g3274,888063,Rv3156,P9WIW1,CDS,Plasma Membrane,nuoL,NADH-quinone oxidoreductase subunit L,,,Metabolism,Energy metabolism,Oxidative phosphorylation,complex I subunit 5 family,,Cell membrane;Membrane;NAD;Quinone;Reference proteome;Translocase;Transmembrane;Transmembrane helix
g3275,888765,Rv3157,P9WIW5,CDS,Plasma Membrane,nuoM,NADH-quinone oxidoreductase subunit M,,,Metabolism,Energy metabolism,Oxidative phosphorylation,complex I subunit 4 family,,Cell membrane;Membrane;NAD;Quinone;Reference proteome;Translocase;Transmembrane;Transmembrane helix
g3276,888780,Rv3158,P9WIW9,CDS,Plasma Membrane,nuoN,NADH-quinone oxidoreductase subunit N,,,Metabolism,Energy metabolism,Oxidative phosphorylation,complex I subunit 2 family,,Cell membrane;Membrane;NAD;Quinone;Reference proteome;Translocase;Transmembrane;Transmembrane helix;Transport
g3277,888794,Rv3159c,Q6MX04,CDS,Extracellular,PPE53,PPE family protein PPE53,,,,,,mycobacterial PPE family,,Reference proteome
g3278,888797,Rv3160c,O53310,CDS,Cytoplasmic,,TetR family transcriptional regulator,,,,,,,,DNA-binding;Reference proteome;Transcription;Transcription regulation
g3279,888800,Rv3161c,O53311,CDS,Cytoplasmic,,dioxygenase,,,,,,,,2Fe-2S;Dioxygenase;Iron;Iron-sulfur;Metal-binding;Oxidoreductase;Reference proteome
g3280,888756,Rv3162c,O53312,CDS,Plasma Membrane,,integral membrane protein,,,,,,,,Membrane;Reference proteome;Transmembrane;Transmembrane helix
g3281,888789,Rv3163c,O53313,CDS,Plasma Membrane,,hypothetical protein,,,,,,,,Reference proteome
g3282,887658,Rv3164c,O53314,CDS,Cytoplasmic,moxR3,methanol dehydrogenase transcriptional regulator MoxR,,,,,,MoxR family,,ATP-binding;Nucleotide-binding;Reference proteome
g3283,887661,Rv3165c,O53315,CDS,Plasma Membrane,,hypothetical protein,,,,,,,,Membrane;Reference proteome;Transmembrane;Transmembrane helix
g3284,888750,Rv3166c,O53316,CDS,Plasma Membrane,,Protein-glutamine gamma-glutamyltransferase-like C-terminal domain-containing protein,,,,,,,,Membrane;Reference proteome;Transmembrane;Transmembrane helix
g3285,888763,Rv3167c,O53317,CDS,Cytoplasmic,,TetR family transcriptional regulator,,,,,,,,DNA-binding;Reference proteome;Transcription;Transcription regulation
g3286,888778,Rv3168,P9WI99,CDS,Cytoplasmic,,Putative aminoglycoside phosphotransferase,,,,,,aminoglycoside phosphotransferase family,,3D-structure;Antibiotic resistance;ATP-binding;Kinase;Magnesium;Metal-binding;Nucleotide-binding;Reference proteome;Transferase
g3287,888774,Rv3169,O53319,CDS,Cytoplasmic,,hypothetical protein,,,,,,,,Reference proteome
g3288,888754,Rv3170,P9WQ15,CDS,Plasma Membrane,aofH,Putative flavin-containing monoamine oxidase AofH,,,Metabolism,Amino acid metabolism,"Glycine, serine and threonine metabolism; Arginine and proline metabolism; Histidine metabolism; Tyrosine metabolism; Phenylalanine metabolism; Tryptophan metabolism",flavin monoamine oxidase family,,FAD;Flavoprotein;Oxidoreductase;Reference proteome
g3289,887293,Rv3171c,O53321,CDS,Plasma Membrane,hpx,non-heme haloperoxidase Hpx,,,,,,,,Reference proteome
g3290,888848,Rv3172c,O53322,CDS,Cytoplasmic,,SnoaL-like domain-containing protein,,,,,,,,Reference proteome
g3291,888844,Rv3173c,O53323,CDS,Cytoplasmic,,TetR/Acr family transcriptional regulator,,,,,,,,DNA-binding;Reference proteome
g3292,887989,Rv3174,O53324,CDS,Cytoplasmic,,short-chain dehydrogenase/reductase,,,,,,short-chain dehydrogenases/reductases (SDR) family,,Oxidoreductase;Reference proteome
g3293,887294,Rv3175,O53325,CDS,Plasma Membrane,,amidase,,,Metabolism,Amino acid metabolism; Xenobiotics biodegradation and metabolism,Arginine and proline metabolism; Phenylalanine metabolism; Tryptophan metabolism; Aminobenzoate degradation; Styrene degradation,,,Reference proteome
g3294,888846,Rv3176c,Q6MX03,CDS,Plasma Membrane,mesT,epoxide hydrolase MesT,,,,,,,,Hydrolase;Reference proteome
g3295,888766,Rv3177,O53327,CDS,Plasma Membrane,,peroxidase,,,,,,,,Oxidoreductase;Peroxidase;Reference proteome
g3296,888786,Rv3178,O53328,CDS,Cytoplasmic,,Putative F420H(2)-dependent quinone reductase Rv3178,,,,,,F420H(2)-dependent quinone reductase family,,Cell membrane;Membrane;Oxidoreductase;Reference proteome
g3297,19394684,Rv3178a,,CDS,,,hypothetical protein,,,,,,,,
g3298,887947,Rv3179,O53329,CDS,Cytoplasmic,,hypothetical protein,,,,,,,,Reference proteome
g3299,887946,Rv3180c,P9WF51,CDS,Cytoplasmic,vapC49,Ribonuclease VapC49,signaling and cellular processes,Prokaryotic defense system,,,,PINc/VapC protein family,,Hydrolase;Magnesium;Metal-binding;Nuclease;Reference proteome;Toxin-antitoxin system
g3300,888787,Rv3181c,P9WF15,CDS,Cytoplasmic,vapB49,Putative antitoxin VapB49,signaling and cellular processes,Prokaryotic defense system,,,,phD/YefM antitoxin family,,Reference proteome;Toxin-antitoxin system
g3301,888795,Rv3182,O53332,CDS,Cytoplasmic,higB3,Putative toxin HigB3,,,,,,mycobacterial HigB family,,Reference proteome;Toxin-antitoxin system
g3302,888059,Rv3183,O53333,CDS,Cytoplasmic,higA3,Putative antitoxin HigA3,,,,,,,,3D-structure;DNA-binding;Reference proteome;Toxin-antitoxin system;Transcription;Transcription regulation
g3303,,Rv3184,P9WKH5,CDS,Cytoplasmic,,Insertion element IS6110 uncharacterized 12.0 kDa protein,,,,,,transposase 8 family,,Reference proteome;Transposable element
g3304,,Rv3185,P9WKH9,CDS,Cytoplasmic,,Putative transposase for insertion sequence element IS986/IS6110,,,,,,,,DNA recombination;DNA-binding;Reference proteome;Transposable element;Transposition
g3305,,Rv3186,P9WKH5,CDS,Cytoplasmic,,Insertion element IS6110 uncharacterized 12.0 kDa protein,,,,,,transposase 8 family,,Reference proteome;Transposable element
g3306,,Rv3187,P9WKH9,CDS,Cytoplasmic,,Putative transposase for insertion sequence element IS986/IS6110,,,,,,,,DNA recombination;DNA-binding;Reference proteome;Transposable element;Transposition
g3307,888103,Rv3188,O53334,CDS,Cytoplasmic,,Probable mycobacterial cidal antitoxin Rv3188,,,,,,MbcA/ParS/Xre antitoxin family,,Reference proteome;Toxin-antitoxin system
g3308,888034,Rv3189,O53335,CDS,Cytoplasmic,,Probable NAD(+) phosphorylase Rv3189,,,,,,MbcT/ParT/Res family,,NAD;Nucleotidyltransferase;Reference proteome;Toxin-antitoxin system;Transferase
g3309,14515873,Rv3190A,I6XGJ1,CDS,Cytoplasmic,,hypothetical protein,,,,,,,,Reference proteome
g3310,888119,Rv3190c,O53336,CDS,Cytoplasmic,,Restriction endonuclease,,,,,,,,Reference proteome
g3311,887628,Rv3191c,O53337,CDS,Cytoplasmic,,transposase,,,,,,transposase IS30 family,,DNA recombination;DNA-binding;Reference proteome
g3312,887899,Rv3192,O53338,CDS,Extracellular,,hypothetical protein,,,,,,,,Reference proteome
g3313,888012,Rv3193c,P9WFL3,CDS,Plasma Membrane,,UPF0182 protein Rv3193c,,,,,,UPF0182 family,,Cell membrane;Membrane;Reference proteome;Transmembrane;Transmembrane helix
g3314,888062,Rv3194c,O53340,CDS,Plasma Membrane,,endopeptidase La,metabolism,Peptidases and inhibitors,,,,peptidase S16 family,,Hydrolase;Protease;Reference proteome;Serine protease
g3315,888900,Rv3195,O53341,CDS,Cytoplasmic,,Hydrolase,,,,,,,,Reference proteome
g3316,888903,Rv3196,O53342,CDS,Cytoplasmic,,Cyclodehydratase,,,,,,,,Reference proteome
g3317,3205082,Rv3196A,L7N668,CDS,Cytoplasmic,,hypothetical protein,,,,,,,,Reference proteome
g3318,887858,Rv3197,O53343,CDS,Cytoplasmic,,ABC transporter ATP-binding protein,,,,,,protein kinase superfamily. ADCK protein kinase family,,3D-structure;ATP-binding;Nucleotide-binding;Reference proteome;Transferase
g3319,3205083,Rv3197A,Q6MX01,CDS,Cytoplasmic,whiB7,Probable transcriptional regulator WhiB7,genetic information processing,Transcription factors,,,,WhiB family,,3D-structure;4Fe-4S;Antibiotic resistance;Cytoplasm;Disulfide bond;DNA-binding;Iron;Iron-sulfur;Metal-binding;Reference proteome;Transcription;Transcription regulation
g3320,3205084,Rv3198A,P9WN17,CDS,Cytoplasmic,,Putative glutaredoxin Rv3198A,,,,,,,,3D-structure;Oxidoreductase;Reference proteome
g3321,888902,Rv3198c,P9WMP9,CDS,Cytoplasmic,uvrD2,ATP-dependent DNA helicase UvrD2,genetic information processing,DNA repair and recombination proteins,Genetic Information Processing,Replication and repair,Nucleotide excision repair; Mismatch repair,helicase family. UvrD subfamily,,ATP-binding;DNA damage;DNA repair;DNA-binding;Helicase;Hydrolase;Isomerase;Nucleotide-binding;Reference proteome
g3322,887860,Rv3199c,P9WIX5,CDS,Cytoplasmic,nudC,NAD-capped RNA hydrolase NudC,,,Metabolism; Cellular Processes,Metabolism of cofactors and vitamins; Transport and catabolism,Nicotinate and nicotinamide metabolism; Peroxisome,Nudix hydrolase family. NudC subfamily,,Hydrolase;Magnesium;Manganese;Metal-binding;NAD;Reference proteome
g3323,887543,Rv3200c,O53346,CDS,Plasma Membrane,,transmembrane cation transporter,signaling and cellular processes,Transporters,,,,,,Membrane;Reference proteome;Transmembrane;Transmembrane helix
g3324,887663,Rv3201c,O53347,CDS,Cytoplasmic,,DNA 3'-5' helicase,genetic information processing,DNA repair and recombination proteins,Genetic Information Processing,Replication and repair,Nucleotide excision repair; Mismatch repair,helicase family. UvrD subfamily,,ATP-binding;DNA damage;DNA repair;DNA-binding;Exonuclease;Helicase;Hydrolase;Isomerase;Nuclease;Nucleotide-binding;Reference proteome
g3325,19394685,Rv3202a,P0DMM3,CDS,Cytoplasmic,,Uncharacterized protein Rv3202A,,,,,,,,Reference proteome
g3326,887574,Rv3202c,O53348,CDS,Cytoplasmic,,DNA 3'-5' helicase,,,,,,helicase family. UvrD subfamily,,ATP-binding;DNA damage;DNA repair;DNA-binding;Exonuclease;Helicase;Hydrolase;Isomerase;Nuclease;Nucleotide-binding;Reference proteome
g3327,888133,Rv3203,L0TC47,CDS,Cytoplasmic,lipV,Lipase LipV,,,,,,AB hydrolase superfamily,,Direct protein sequencing;Hydrolase;Lipid degradation;Lipid metabolism;Reference proteome;Serine esterase
g3328,888132,Rv3204,O05862,CDS,Cytoplasmic,,DNA-methyltransferase,,,,,,,,DNA damage;Methyltransferase;Reference proteome;Transferase
g3329,888877,Rv3205c,O05861,CDS,Cytoplasmic,,hypothetical protein,,,,,,,,Reference proteome
g3330,888871,Rv3206c,P9WMN7,CDS,Cytoplasmic,moeZ,Probable adenylyltransferase/sulfurtransferase MoeZ,,,Genetic Information Processing,"Folding, sorting and degradation",Sulfur relay system,In the N-terminal section; belongs to the HesA/MoeB/ThiF family,,ATP-binding;Membrane;Multifunctional enzyme;Nucleotide-binding;Nucleotidyltransferase;Reference proteome;Transferase;Transmembrane;Transmembrane helix
g3331,888874,Rv3207c,O05859,CDS,Plasma Membrane,,hypothetical protein,,,,,,,,Membrane;Reference proteome;Transmembrane;Transmembrane helix
g3332,887905,Rv3208,O05858,CDS,Cytoplasmic,fasR,HTH-type transcriptional activator FasR,,,,,,,,3D-structure;Activator;DNA-binding;Reference proteome;Transcription;Transcription regulation
g3333,3205107,Rv3208A,Q6MWZ8,CDS,Cytoplasmic,TB9.4,hypothetical protein,,,,,,,,3D-structure;Reference proteome
g3334,888875,Rv3209,O05857,CDS,Plasma Membrane,,hypothetical protein,,,,,,MmpS family,,Cell membrane;Membrane;Reference proteome;Transmembrane;Transmembrane helix
g3335,888876,Rv3210c,O05856,CDS,Cytoplasmic,,hypothetical protein,,,,,,,,Reference proteome
g3336,888840,Rv3211,O05855,CDS,Cytoplasmic,rhlE,RNA helicase,,,,,,DEAD box helicase family,,ATP-binding;Helicase;Hydrolase;Nucleotide-binding;Reference proteome
g3337,887931,Rv3212,O05854,CDS,Plasma Membrane,,hypothetical protein,,,,,,,,Membrane;Reference proteome;Transmembrane;Transmembrane helix
g3338,888896,Rv3213c,O05853,CDS,Cytoplasmic,,SOJ/ParA-like protein,genetic information processing; signaling and cellular processes,Chromosome and associated proteins; Cytoskeleton proteins,,,,ParA family,,Reference proteome
g3339,888830,Rv3214,Q6MWZ7,CDS,Cytoplasmic,gpm2,Acid phosphatase,,,Metabolism,Carbohydrate metabolism,Glycolysis / Gluconeogenesis; Pentose phosphate pathway; Fructose and mannose metabolism,phosphoglycerate mutase family,Carbohydrate biosynthesis; gluconeogenesis,3D-structure;Carbohydrate metabolism;Gluconeogenesis;Hydrolase;Reference proteome
g3340,888824,Rv3215,P9WFW9,CDS,Cytoplasmic,menF,Putative isochorismate synthase MenF,,,Metabolism,Metabolism of cofactors and vitamins; Metabolism of terpenoids and polyketides,Ubiquinone and other terpenoid-quinone biosynthesis; Biosynthesis of siderophore group nonribosomal peptides,isochorismate synthase family,"Quinol/quinone metabolism; 1,4-dihydroxy-2-naphthoate biosynthesis; 1,4-dihydroxy-2-naphthoate from chorismate; Quinol/quinone metabolism; menaquinone biosynthesis",Isomerase;Magnesium;Menaquinone biosynthesis;Metal-binding;Reference proteome
g3341,,Rv3216,,misc_feature,,,,,,,,,,,
g3342,888843,Rv3217c,O05849,CDS,Plasma Membrane,,integral membrane protein,,,,,,,,Membrane;Reference proteome;Transmembrane;Transmembrane helix
g3343,888906,Rv3218,O05848,CDS,Cytoplasmic,,hypothetical protein,,,,,,diacylglycerol/lipid kinase family,,Reference proteome
g3344,887980,Rv3219,P9WF43,CDS,Cytoplasmic,whiB1,Transcriptional regulator WhiB1,genetic information processing,Transcription factors,,,,WhiB family,,3D-structure;4Fe-4S;Cytoplasm;Disulfide bond;DNA-binding;Iron;Iron-sulfur;Metal-binding;Reference proteome;Transcription;Transcription regulation
g3345,888801,Rv3220c,P9WGL5,CDS,Cytoplasmic,pdtaS,Sensor histidine kinase PdtaS,metabolism; signaling and cellular processes,Protein kinases; Two-component system,,,,,,3D-structure;ATP-binding;Cytoplasm;Kinase;Nucleotide-binding;Phosphoprotein;Reference proteome;Stress response;Transferase;Two-component regulatory system
g3346,3205091,Rv3221A,P9WJ69,CDS,Cytoplasmic,rshA,Anti-sigma factor RshA,,,,,,zinc-associated anti-sigma factor (ZAS) superfamily,,Direct protein sequencing;Iron;Iron-sulfur;Metal-binding;Phosphoprotein;Reference proteome;Stress response;Transcription;Transcription regulation
g3347,,Rv3221B,P0DY90,CDS,Cytoplasmic,rpmM,Large ribosomal subunit protein bL37,,,,,,bacterial ribosomal protein bL37 family,,3D-structure;Reference proteome;Ribonucleoprotein;Ribosomal protein
g3348,888096,Rv3221c,P9WPQ1,CDS,Cytoplasmic,TB7.3,Biotinylated protein TB7.3,,,Metabolism,Carbohydrate metabolism; Energy metabolism; Lipid metabolism,Pyruvate metabolism; Propanoate metabolism; Other carbon fixation pathways; Fatty acid biosynthesis,,,Biotin;Direct protein sequencing;Reference proteome
g3349,887655,Rv3222c,O05844,CDS,Extracellular,,hypothetical protein,,,,,,,,Reference proteome
g3350,888094,Rv3223c,P9WGH9,CDS,Cytoplasmic,sigH,ECF RNA polymerase sigma factor SigH,genetic information processing,Transcription machinery,,,,sigma-70 factor family. ECF subfamily,,3D-structure;Direct protein sequencing;DNA-binding;Phosphoprotein;Reference proteome;Sigma factor;Stress response;Transcription;Transcription regulation
g3351,888852,Rv3224,O05842,CDS,Cytoplasmic,,iron-regulated short-chain dehydrogenase/reductase,,,Metabolism,Metabolism of terpenoids and polyketides,"Pinene, camphor and geraniol degradation",short-chain dehydrogenases/reductases (SDR) family,,NADP;Oxidoreductase;Peroxisome;Reference proteome
g3352,,Rv3224A,Q6MWZ5,CDS,Extracellular,,Conserved hypothetical protein,,,,,,,,Reference proteome
g3353,,Rv3224B,Q6MWZ4,CDS,Extracellular,,Conserved hypothetical protein,,,,,,,,Reference proteome
g3354,888804,Rv3225c,O05841,CDS,Cytoplasmic,,Bifunctional AAC/APH,,,,,,In the C-terminal section; belongs to the aminoglycoside phosphotransferase family,,Multifunctional enzyme;Reference proteome
g3355,888220,Rv3226c,O05872,CDS,Cytoplasmic,,Abasic site processing protein,,,,,,SOS response-associated peptidase family,,Covalent protein-DNA linkage;DNA damage;DNA-binding;Hydrolase;Lyase;Protease;Reference proteome
g3356,888753,Rv3227,P9WPY5,CDS,Cytoplasmic,aroA,3-phosphoshikimate 1-carboxyvinyltransferase,,,Metabolism,Amino acid metabolism,"Phenylalanine, tyrosine and tryptophan biosynthesis",EPSP synthase family,Metabolic intermediate biosynthesis; chorismate biosynthesis; chorismate from D-erythrose 4-phosphate and phosphoenolpyruvate,3D-structure;Amino-acid biosynthesis;Aromatic amino acid biosynthesis;Cytoplasm;Reference proteome;Transferase
g3357,888785,Rv3228,O05873,CDS,Cytoplasmic,,Ribosome small subunit-dependent GTPase A,genetic information processing,Ribosome biogenesis,Metabolism,Metabolism of cofactors and vitamins,Thiamine metabolism,,,GTP-binding;Nucleotide-binding;Reference proteome
g3358,888821,Rv3229c,P9WNZ3,CDS,Plasma Membrane,desA3,NADPH-dependent stearoyl-CoA 9-desaturase,metabolism,Lipid biosynthesis proteins,Metabolism,Lipid metabolism,Biosynthesis of unsaturated fatty acids,fatty acid desaturase type 1 family,Lipid metabolism; fatty acid metabolism,Cell membrane;Fatty acid biosynthesis;Fatty acid metabolism;Iron;Lipid biosynthesis;Lipid metabolism;Membrane;Metal-binding;NADP;Oxidoreductase;Reference proteome
g3359,888748,Rv3230c,P9WNE9,CDS,Cytoplasmic,,NADPH oxidoreductase,,,Metabolism,Lipid metabolism,Biosynthesis of unsaturated fatty acids,,Lipid metabolism; fatty acid metabolism,2Fe-2S;Cell membrane;Electron transport;FAD;Flavoprotein;Iron;Iron-sulfur;Membrane;Metal-binding;NAD;Oxidoreductase;Reference proteome;Transport
g3360,888749,Rv3231c,O05876,CDS,Cytoplasmic,,hypothetical protein,,,,,,,,Reference proteome
g3361,888760,Rv3232c,O05877,CDS,Cytoplasmic,ppk2,GDP-polyphosphate phosphotransferase,genetic information processing,Messenger RNA biogenesis,Metabolism; Genetic Information Processing,"Energy metabolism; Folding, sorting and degradation",Oxidative phosphorylation; RNA degradation,polyphosphate kinase 2 (PPK2) family. Class I subfamily,,Kinase;Phosphoprotein;Reference proteome;Transferase
g3362,,Rv3233c,O05878,CDS,Cytoplasmic,,Possible triacylglycerol synthase (diacylglycerol acyltransferase),,,,,,,,Acyltransferase;Reference proteome;Transferase
g3363,888767,Rv3234c,P9WKC5,CDS,Plasma Membrane,tgs3,Probable diacyglycerol O-acyltransferase tgs3,,,Metabolism,Lipid metabolism,"Cutin, suberine and wax biosynthesis; Glycerolipid metabolism",long-chain O-acyltransferase family,Glycerolipid metabolism; triacylglycerol biosynthesis,Acyltransferase;Glycerol metabolism;Lipid biosynthesis;Lipid metabolism;Reference proteome;Transferase
g3364,888862,Rv3235,O05880,CDS,Cytoplasmic,,hypothetical protein,,,,,,,,Reference proteome
g3365,888861,Rv3236c,L7N665,CDS,Plasma Membrane,kefB,integral membrane transport protein,signaling and cellular processes,Transporters,,,,monovalent cation:proton antiporter 2 (CPA2) transporter (TC 2.A.37) family,,Membrane;Reference proteome;Transmembrane;Transmembrane helix;Transport
g3366,888803,Rv3237c,O05882,CDS,Cytoplasmic,,hypothetical protein,signaling and cellular processes,Transporters,,,,,,Reference proteome
g3367,888858,Rv3238c,O05883,CDS,Plasma Membrane,mddA,Methanethiol S-methyltransferase,,,Metabolism,Energy metabolism,Sulfur metabolism,nurim family,,Membrane;Methyltransferase;Reference proteome;S-adenosyl-L-methionine;Transferase;Transmembrane;Transmembrane helix
g3368,888856,Rv3239c,O05884,CDS,Plasma Membrane,,transmembrane transport protein,,,,,,NTE family,,Cell membrane;Hydrolase;Lipid degradation;Lipid metabolism;Membrane;Reference proteome;Transmembrane;Transmembrane helix;Transport
g3369,888860,Rv3240c,P9WGP5,CDS,Cytoplasmic,secA1,Protein translocase subunit SecA 1,signaling and cellular processes,Secretion system,Genetic Information Processing; Environmental Information Processing; Cellular Processes,"Folding, sorting and degradation; Membrane transport; Cellular community - prokaryotes",Protein export; Bacterial secretion system; Quorum sensing,SecA family,,3D-structure;ATP-binding;Cell membrane;Cytoplasm;Membrane;Nucleotide-binding;Protein transport;Reference proteome;Translocase;Translocation;Transport
g3370,888849,Rv3241c,O05886,CDS,Cytoplasmic,hpf,Ribosome hibernation promotion factor,,,,,,HPF/YfiA ribosome-associated protein family. Long HPF subfamily,,Cytoplasm;Direct protein sequencing;Reference proteome;Translation regulation
g3371,888757,Rv3242c,O05887,CDS,Cytoplasmic,,Phosphoribosyltransferase,,,,,,ComF/GntX family,,Reference proteome
g3372,888810,Rv3243c,O05888,CDS,Plasma Membrane,,hypothetical protein,,,,,,,,Reference proteome
g3373,888815,Rv3244c,P9WK37,CDS,Plasma Membrane,lpqB,Lipoprotein LpqB,,,,,,LpqB lipoprotein family,,Cell membrane;Cell wall;Lipoprotein;Membrane;Palmitate;Reference proteome;Secreted;Signal
g3374,888719,Rv3245c,P9WGK9,CDS,Plasma Membrane,mtrB,Sensor histidine kinase MtrB,metabolism; signaling and cellular processes,Protein kinases; Two-component system,Environmental Information Processing,Signal transduction,Two-component system,,,ATP-binding;Cell membrane;Kinase;Membrane;Nucleotide-binding;Phosphoprotein;Reference proteome;Transferase;Transmembrane;Transmembrane helix;Two-component regulatory system
g3375,888743,Rv3246c,P9WGM7,CDS,Cytoplasmic,mtrA,DNA-binding response regulator MtrA,signaling and cellular processes,Two-component system,Environmental Information Processing,Signal transduction,Two-component system,,,3D-structure;Cytoplasm;DNA-binding;Isopeptide bond;Metal-binding;Phosphoprotein;Reference proteome;Transcription;Transcription regulation;Two-component regulatory system;Ubl conjugation
g3376,888740,Rv3247c,P9WKE1,CDS,Cytoplasmic,tmk,Thymidylate kinase,,,Metabolism,Nucleotide metabolism,Pyrimidine metabolism,thymidylate kinase family,Pyrimidine metabolism; dTTP biosynthesis,3D-structure;ATP-binding;Direct protein sequencing;Kinase;Magnesium;Metal-binding;Nucleotide biosynthesis;Nucleotide-binding;Reference proteome;Transferase
g3377,888746,Rv3248c,P9WGV3,CDS,Cytoplasmic,ahcY,Adenosylhomocysteinase,metabolism; signaling and cellular processes,Protein phosphatases and associated proteins; Exosome,Metabolism,Amino acid metabolism; Metabolism of cofactors and vitamins,Cysteine and methionine metabolism; One carbon pool by folate,adenosylhomocysteinase family,Amino-acid biosynthesis; L-homocysteine biosynthesis; L-homocysteine from S-adenosyl-L-homocysteine,3D-structure;Cytoplasm;Hydrolase;Isopeptide bond;NAD;One-carbon metabolism;Reference proteome;Ubl conjugation
g3378,888741,Rv3249c,O05892,CDS,Cytoplasmic,alkX,HTH-type transcriptional regulator AlkX,,,,,,,,3D-structure;Cytoplasm;DNA-binding;Reference proteome;Repressor;Transcription;Transcription regulation
g3379,888744,Rv3250c,I6YFL7,CDS,Cytoplasmic,rubB,Rubredoxin,,,,,,rubredoxin family,,3D-structure;Electron transport;Iron;Metal-binding;Reference proteome;Transport;Zinc
g3380,888747,Rv3251c,O05894,CDS,Cytoplasmic,rubA,Rubredoxin,,,,,,rubredoxin family,,Electron transport;Iron;Metal-binding;Reference proteome;Transport
g3381,888690,Rv3252c,O05895,CDS,Plasma Membrane,alkB,transmembrane alkane 1-monooxygenase AlkB,,,Metabolism,Lipid metabolism; Xenobiotics biodegradation and metabolism,Fatty acid degradation; Caprolactam degradation,fatty acid desaturase type 1 family. AlkB subfamily,,Cell inner membrane;Cell membrane;Iron;Membrane;Metal-binding;Monooxygenase;Oxidoreductase;Reference proteome;Transmembrane;Transmembrane helix
g3382,888739,Rv3253c,O05896,CDS,Plasma Membrane,,cationic amino acid transport integral membrane protein,,,,,,,,Membrane;Reference proteome;Transmembrane;Transmembrane helix;Transport
g3383,887237,Rv3254,O05897,CDS,Cytoplasmic,,Protein Rv3254,,,,,,,,Direct protein sequencing;Reference proteome
g3384,888698,Rv3255c,O05898,CDS,Cytoplasmic,manA,mannose-6-phosphate isomerase,,,Metabolism,Carbohydrate metabolism; Glycan biosynthesis and metabolism,Fructose and mannose metabolism; Amino sugar and nucleotide sugar metabolism,mannose-6-phosphate isomerase type 1 family,,Isomerase;Metal-binding;Reference proteome;Zinc
g3385,888696,Rv3256c,O05899,CDS,Cytoplasmic,,hypothetical protein,,,,,,,,Reference proteome
g3386,888699,Rv3257c,O86374,CDS,Cytoplasmic,pmmA,phosphomannomutase PmmA,,,Metabolism,Carbohydrate metabolism; Glycan biosynthesis and metabolism,Fructose and mannose metabolism; Amino sugar and nucleotide sugar metabolism,phosphohexose mutase family,,Isomerase;Magnesium;Metal-binding;Phosphoprotein;Reference proteome
g3387,888694,Rv3258c,O53351,CDS,Cytoplasmic,,DUF3499 domain-containing protein,,,,,,,,Reference proteome
g3388,888697,Rv3259,O53352,CDS,Cytoplasmic,,Exonuclease,,,,,,,,Reference proteome
g3389,888687,Rv3260c,O53353,CDS,Cytoplasmic,whiB2,Transcriptional regulator WhiB2,genetic information processing,Transcription factors,,,,WhiB family,,4Fe-4S;Chaperone;Cytoplasm;Disulfide bond;DNA-binding;Iron;Iron-sulfur;Metal-binding;Phosphoprotein;Reference proteome;Transcription;Transcription regulation
g3390,888701,Rv3261,P9WP81,CDS,Cytoplasmic,fbiA,Phosphoenolpyruvate transferase,,,Metabolism,Energy metabolism,Methane metabolism,CofD family,Cofactor biosynthesis; coenzyme F420 biosynthesis,Magnesium;Reference proteome;Transferase
g3391,888693,Rv3262,P9WP79,CDS,Cytoplasmic,fbiB,Bifunctional F420 biosynthesis protein FbiB,,,Metabolism,Energy metabolism,Methane metabolism,In the N-terminal section; belongs to the CofE family,Cofactor biosynthesis; coenzyme F420 biosynthesis,3D-structure;GTP-binding;Ligase;Magnesium;Manganese;Metal-binding;Multifunctional enzyme;Nucleotide-binding;Oxidoreductase;Potassium;Reference proteome
g3392,888691,Rv3263,P96868,CDS,Cytoplasmic,,site-specific DNA-methyltransferase (adenine-specific),,,,,,N(4)/N(6)-methyltransferase family,,Methyltransferase;Reference proteome;S-adenosyl-L-methionine;Transferase
g3393,888715,Rv3264c,L7N6A5,CDS,Cytoplasmic,manB,Mannose-1-phosphate guanylyltransferase,,,Metabolism,Carbohydrate metabolism; Glycan biosynthesis and metabolism,Fructose and mannose metabolism; Amino sugar and nucleotide sugar metabolism; Biosynthesis of various nucleotide sugars,transferase hexapeptide repeat family,Cell wall biogenesis; Nucleotide-sugar biosynthesis; GDP-alpha-D-mannose biosynthesis; GDP-alpha-D-mannose from alpha-D-mannose 1-phosphate (GTP route),Cell wall biogenesis/degradation;GTP-binding;Nucleotide-binding;Nucleotidyltransferase;Reference proteome;Transferase
g3394,888714,Rv3265c,P9WMY3,CDS,Plasma Membrane,wbbL,N-acetylglucosaminyl-diphospho-decaprenol L-rhamnosyltransferase,metabolism,Glycosyltransferases,Metabolism,Glycan biosynthesis and metabolism,Arabinogalactan biosynthesis - Mycobacterium,glycosyltransferase 2 family,,Direct protein sequencing;Glycosyltransferase;Reference proteome;Transferase
g3395,888704,Rv3266c,P9WH09,CDS,Cytoplasmic,rmlD,dTDP-4-dehydrorhamnose reductase,,,Metabolism,Glycan biosynthesis and metabolism; Metabolism of terpenoids and polyketides; Biosynthesis of other secondary metabolites,Biosynthesis of various nucleotide sugars; Polyketide sugar unit biosynthesis; Streptomycin biosynthesis,dTDP-4-dehydrorhamnose reductase family,Carbohydrate biosynthesis; dTDP-L-rhamnose biosynthesis,Carbohydrate metabolism;Magnesium;Metal-binding;NAD;NADP;Oxidoreductase;Reference proteome
g3396,888713,Rv3267,P96872,CDS,Plasma Membrane,,hypothetical protein,,,Metabolism,Glycan biosynthesis and metabolism,Arabinogalactan biosynthesis - Mycobacterium,LytR/CpsA/Psr (LCP) family,,Reference proteome
g3397,888703,Rv3268,P96873,CDS,Cytoplasmic,,TIGR03089 family protein,,,,,,TIGR03089 family,,Direct protein sequencing;Reference proteome
g3398,888709,Rv3269,P96874,CDS,Plasma Membrane,,hypothetical protein,signaling and cellular processes,Transporters,,,,,,Reference proteome
g3399,888705,Rv3270,P9WPT5,CDS,Plasma Membrane,ctpC,Manganese-exporting P-type ATPase,,,,,,cation transport ATPase (P-type) (TC 3.A.3) family. Type IB subfamily,,ATP-binding;Cell membrane;Magnesium;Manganese;Membrane;Metal-binding;Nucleotide-binding;Reference proteome;Translocase;Transmembrane;Transmembrane helix;Virulence
g3400,888716,Rv3271c,P96876,CDS,Plasma Membrane,,integral membrane protein,,,,,,TMEM163 family,,Cytoplasmic vesicle;Endosome;Membrane;Reference proteome;Synapse;Transmembrane;Transmembrane helix;Zinc
g3401,888702,Rv3272,P96877,CDS,Cytoplasmic,,Probable fatty acyl-CoA transferase Rv3272,,,,,,CoA-transferase III family,,3D-structure;Reference proteome;Transferase
g3402,888700,Rv3273,P96878,CDS,Plasma Membrane,,carbonic anhydrase,,,Metabolism,Energy metabolism,Nitrogen metabolism,beta-class carbonic anhydrase family,,Lyase;Membrane;Metal-binding;Reference proteome;Transmembrane;Transmembrane helix;Zinc
g3403,888731,Rv3274c,P9WQG1,CDS,Cytoplasmic,fadE25,Probable acyl-CoA dehydrogenase FadE25,,,,,,acyl-CoA dehydrogenase family,,FAD;Flavoprotein;Oxidoreductase;Reference proteome
g3404,888721,Rv3275c,P9WHM1,CDS,Cytoplasmic,purE,N5-carboxyaminoimidazole ribonucleotide mutase,,,Metabolism,Nucleotide metabolism,Purine metabolism,AIR carboxylase family. Class I subfamily,Purine metabolism; IMP biosynthesis via de novo pathway; 5-amino-1-(5-phospho-D-ribosyl)imidazole-4-carboxylate from 5-amino-1-(5-phospho-D-ribosyl)imidazole (N5-CAIR route),3D-structure;Isomerase;Purine biosynthesis;Reference proteome
g3405,888720,Rv3276c,P9WHL9,CDS,Cytoplasmic,purK,N5-carboxyaminoimidazole ribonucleotide synthase,,,Metabolism,Nucleotide metabolism,Purine metabolism,PurK/PurT family,Purine metabolism; IMP biosynthesis via de novo pathway; 5-amino-1-(5-phospho-D-ribosyl)imidazole-4-carboxylate from 5-amino-1-(5-phospho-D-ribosyl)imidazole (N5-CAIR route),ATP-binding;Ligase;Nucleotide-binding;Purine biosynthesis;Reference proteome
g3406,888729,Rv3277,P96882,CDS,Plasma Membrane,,transmembrane protein,,,,,,GtrA family,,Membrane;Reference proteome;Transmembrane;Transmembrane helix
g3407,888724,Rv3278c,P96883,CDS,Plasma Membrane,,transmembrane protein,,,,,,,,Membrane;Reference proteome;Transmembrane;Transmembrane helix
g3408,888726,Rv3279c,I6YFP0,CDS,Cytoplasmic,birA,Biotin--[acetyl-CoA-carboxylase] ligase,genetic information processing,Transcription factors,Metabolism,Metabolism of cofactors and vitamins,Biotin metabolism,biotin--protein ligase family,,3D-structure;ATP-binding;Biotin;Ligase;Nucleotide-binding;Reference proteome
g3409,888725,Rv3280,P9WQH7,CDS,Cytoplasmic,accD5,Biotin-dependent acetyl-/propionyl-coenzyme A carboxylase beta5 subunit,,,Metabolism,Carbohydrate metabolism; Lipid metabolism; Amino acid metabolism,"Glyoxylate and dicarboxylate metabolism; Propanoate metabolism; Mycolic acid biosynthesis; Valine, leucine and isoleucine degradation",AccD/PCCB family,Lipid metabolism; mycolic acid biosynthesis,3D-structure;Direct protein sequencing;Lipid metabolism;Reference proteome;Transferase
g3410,888732,Rv3281,P96886,CDS,Cytoplasmic,accE5,Biotin-dependent acetyl-/propionyl-coenzyme A carboxylase epsilon subunit,,,Metabolism,Carbohydrate metabolism; Lipid metabolism; Amino acid metabolism,"Glyoxylate and dicarboxylate metabolism; Propanoate metabolism; Mycolic acid biosynthesis; Valine, leucine and isoleucine degradation",,,Reference proteome
g3411,888718,Rv3282,P9WK27,CDS,Cytoplasmic,,Nucleoside triphosphate pyrophosphatase,,,Metabolism,Nucleotide metabolism,Pyrimidine metabolism,Maf family,,Cytoplasm;Hydrolase;Nucleotide metabolism;Reference proteome
g3412,888717,Rv3283,P9WHF7,CDS,Cytoplasmic,sseA,Putative thiosulfate sulfurtransferase SseA,,,Metabolism; Genetic Information Processing,"Energy metabolism; Amino acid metabolism; Folding, sorting and degradation",Sulfur metabolism; Cysteine and methionine metabolism; Sulfur relay system,,,3D-structure;Acetylation;Reference proteome;Repeat;Transferase
g3413,887966,Rv3284,P9WGC3,CDS,Cytoplasmic,,Uncharacterized SufE-like protein Rv3284,,,,,,SufE family,,Acetylation;Reference proteome
g3414,887912,Rv3285,P96890,CDS,Cytoplasmic,accA3,Biotin-dependent acyl-coenzyme A carboxylase alpha3 subunit,,,Metabolism,Carbohydrate metabolism; Lipid metabolism; Amino acid metabolism,"Pyruvate metabolism; Glyoxylate and dicarboxylate metabolism; Propanoate metabolism; Fatty acid biosynthesis; Mycolic acid biosynthesis; Valine, leucine and isoleucine degradation",,Lipid metabolism; fatty acid biosynthesis; Lipid metabolism; mycolic acid biosynthesis,3D-structure;ATP-binding;Biotin;Direct protein sequencing;Fatty acid biosynthesis;Fatty acid metabolism;Ligase;Lipid biosynthesis;Lipid metabolism;Magnesium;Manganese;Metal-binding;Nucleotide-binding;Reference proteome
g3415,888727,Rv3286c,P9WGI3,CDS,Cytoplasmic,sigF,RNA polymerase sigma factor SigF,genetic information processing,Transcription machinery,,,,sigma-70 factor family,,3D-structure;DNA-binding;Reference proteome;Sigma factor;Transcription;Transcription regulation
g3416,887977,Rv3287c,P9WGX7,CDS,Cytoplasmic,rsbW,Anti-sigma-F factor RsbW,,,,,,anti-sigma-factor family,,3D-structure;ATP-binding;Hydrolase;Nucleotide-binding;Reference proteome;Transcription;Transcription regulation
g3417,888735,Rv3288c,L7N685,CDS,Plasma Membrane,usfY,Protein USFY,,,,,,,,Membrane;Reference proteome;Transmembrane;Transmembrane helix
g3418,888736,Rv3289c,P96894,CDS,Plasma Membrane,,transmembrane protein,,,,,,,,Membrane;Reference proteome;Transmembrane;Transmembrane helix
g3419,887904,Rv3290c,P9WQ77,CDS,Cytoplasmic,lat,L-lysine-epsilon aminotransferase,metabolism,Amino acid related enzymes,,,,class-III pyridoxal-phosphate-dependent aminotransferase family,,3D-structure;Aminotransferase;Pyridoxal phosphate;Reference proteome;Transferase
g3420,888728,Rv3291c,I6YBQ3,CDS,Cytoplasmic,lrpA,HTH-type transcriptional regulator LrpA,genetic information processing,Transcription factors; Chromosome and associated proteins,,,,,,3D-structure;DNA-binding;Reference proteome;Transcription;Transcription regulation
g3421,888734,Rv3292,P9WL01,CDS,Cytoplasmic,,2-oxoadipate dioxygenase/decarboxylase,,,,,,2-oxoadipate dioxygenase/decarboxylase family,,Dioxygenase;Iron;Metal-binding;Oxidoreductase;Reference proteome
g3422,888733,Rv3293,L7N650,CDS,Cytoplasmic,pcd,aldehyde dehydrogenase (NAD(+)),,,Metabolism,Amino acid metabolism,Lysine degradation,aldehyde dehydrogenase family,,NAD;Oxidoreductase;Reference proteome
g3423,3205051,Rv3294c,L7N658,CDS,Cytoplasmic,,DUF4143 domain-containing protein,,,,,,,,Reference proteome
g3424,887180,Rv3295,P96900,CDS,Cytoplasmic,,TetR family transcriptional regulator,,,,,,,,DNA-binding;Reference proteome
g3425,887503,Rv3296,P96901,CDS,Cytoplasmic,lhr,ATP-dependent helicase,genetic information processing,DNA repair and recombination proteins,,,,,,ATP-binding;DNA damage;DNA repair;DNA-binding;Helicase;Hydrolase;Isomerase;Nucleotide-binding;Reference proteome
g3426,887937,Rv3297,P9WNC1,CDS,Cytoplasmic,nei2,Endonuclease 8 2,genetic information processing,DNA repair and recombination proteins,Genetic Information Processing,Replication and repair,Base excision repair,FPG family,,DNA damage;DNA repair;DNA-binding;Glycosidase;Hydrolase;Lyase;Metal-binding;Multifunctional enzyme;Reference proteome;Zinc;Zinc-finger
g3427,887984,Rv3298c,P96903,CDS,Extracellular,lpqC,esterase LpqC,,,,,,,,Carbohydrate metabolism;Hydrolase;Lipoprotein;Polysaccharide degradation;Reference proteome;Secreted;Signal;Xylan degradation
g3428,887500,Rv3299c,O65931,CDS,Cytoplasmic,atsB,arylsulfatase AtsB,,,,,,sulfatase family,,Calcium;Hydrolase;Metal-binding;Reference proteome
g3429,887958,Rv3300c,O07166,CDS,Cytoplasmic,,RNA pseudouridylate synthase,genetic information processing,Ribosome biogenesis; Transfer RNA biogenesis,,,,,,Reference proteome
g3430,887212,Rv3301c,P9WI97,CDS,Cytoplasmic,phoU1,Phosphate-specific transport system accessory protein PhoU homolog 1,,,,,,PhoU family,,Cytoplasm;Phosphate transport;Reference proteome;Transport
g3431,887211,Rv3302c,P9WN79,CDS,Cytoplasmic,glpD2,Glycerol-3-phosphate dehydrogenase 2,,,Metabolism,Lipid metabolism,Glycerophospholipid metabolism,FAD-dependent glycerol-3-phosphate dehydrogenase family,,Cytoplasm;FAD;Flavoprotein;Glycerol metabolism;Oxidoreductase;Reference proteome
g3432,887659,Rv3303c,P9WHH7,CDS,Cytoplasmic,lpdA,NAD(P)H dehydrogenase (quinone),,,,,,class-I pyridine nucleotide-disulfide oxidoreductase family,,3D-structure;FAD;Flavoprotein;NAD;Oxidoreductase;Reference proteome
g3433,887605,Rv3304,O53356,CDS,Cytoplasmic,,hypothetical protein,,,,,,,,Lyase;Reference proteome
g3434,887545,Rv3305c,L7N663,CDS,Cytoplasmic,amiA1,N-acyl-L-amino acid amidohydrolase AmiA,,,,,,,,Manganese;Metal-binding;Reference proteome
g3435,887645,Rv3306c,L7N690,CDS,Cytoplasmic,amiB1,Peptidase M20 domain-containing protein 2,,,,,,peptidase M20A family,,Reference proteome
g3436,887542,Rv3307,P9WP01,CDS,Cytoplasmic,punA,Purine nucleoside phosphorylase,,,Metabolism,Nucleotide metabolism; Metabolism of cofactors and vitamins,Purine metabolism; Nicotinate and nicotinamide metabolism,PNP/MTAP phosphorylase family,Purine metabolism; purine nucleoside salvage,3D-structure;Glycosyltransferase;Reference proteome;Transferase
g3437,887541,Rv3308,O53360,CDS,Cytoplasmic,pmmB,phosphomannomutase PmmB,,,Metabolism,Carbohydrate metabolism; Glycan biosynthesis and metabolism,Fructose and mannose metabolism; Amino sugar and nucleotide sugar metabolism,phosphohexose mutase family,,Isomerase;Magnesium;Metal-binding;Phosphoprotein;Reference proteome
g3438,887944,Rv3309c,P9WFF3,CDS,Cytoplasmic,upp,Uracil phosphoribosyltransferase,,,Metabolism,Nucleotide metabolism,Pyrimidine metabolism,UPRTase family,Pyrimidine metabolism; UMP biosynthesis via salvage pathway; UMP from uracil,3D-structure;Allosteric enzyme;Glycosyltransferase;GTP-binding;Magnesium;Nucleotide-binding;Reference proteome;Transferase
g3439,887988,Rv3310,O53361,CDS,Extracellular,sapM,Phosphatidylinositol-3-phosphatase,,,Metabolism; Human Diseases,Carbohydrate metabolism; Infectious disease: bacterial,Inositol phosphate metabolism; Tuberculosis,,,Direct protein sequencing;Host cytoplasmic vesicle;Hydrolase;Reference proteome;Secreted;Signal;Virulence
g3440,887533,Rv3311,O53362,CDS,Cytoplasmic,,hypothetical protein,,,,,,,,Reference proteome
g3441,3205113,Rv3312A,P9WI87,CDS,Extracellular,mtp,Pilin,,,,,,mycobacterial pilin family,,Cell adhesion;Direct protein sequencing;Fimbrium;Reference proteome;Signal;Virulence
g3442,19394686,Rv3312b,,CDS,,,hypothetical protein,,,,,,,,
g3443,887939,Rv3312c,O53363,CDS,Plasma Membrane,,AB hydrolase-1 domain-containing protein,,,,,,,,Reference proteome
g3444,887994,Rv3313c,P63907,CDS,Cytoplasmic,add,Adenosine deaminase,,,Metabolism,Nucleotide metabolism,Purine metabolism,metallo-dependent hydrolases superfamily. Adenosine and AMP deaminases family. Adenosine deaminase subfamily,,Hydrolase;Metal-binding;Nucleotide metabolism;Reference proteome;Zinc
g3445,887929,Rv3314c,P9WFS1,CDS,Cytoplasmic,deoA,Thymidine phosphorylase,,,Metabolism,Nucleotide metabolism; Xenobiotics biodegradation and metabolism,Pyrimidine metabolism; Drug metabolism - other enzymes,thymidine/pyrimidine-nucleoside phosphorylase family,,Glycosyltransferase;Reference proteome;Transferase
g3446,887975,Rv3315c,P9WPH3,CDS,Cytoplasmic,cdd,Cytidine deaminase,,,Metabolism,Nucleotide metabolism; Xenobiotics biodegradation and metabolism,Pyrimidine metabolism; Drug metabolism - other enzymes,cytidine and deoxycytidylate deaminase family,,3D-structure;Direct protein sequencing;Hydrolase;Metal-binding;Reference proteome;Zinc
g3447,887969,Rv3316,O53368,CDS,Plasma Membrane,sdhC,Succinate dehydrogenase 2 membrane subunit SdhC,,,Metabolism,Carbohydrate metabolism; Energy metabolism,Citrate cycle (TCA cycle); Butanoate metabolism; Oxidative phosphorylation; Other carbon fixation pathways,cytochrome b560 family,,Cell membrane;Direct protein sequencing;Electron transport;Heme;Iron;Membrane;Metal-binding;Reference proteome;Transmembrane;Transmembrane helix;Transport;Tricarboxylic acid cycle
g3448,887845,Rv3317,O53369,CDS,Plasma Membrane,sdhD,succinate dehydrogenase hydrophobic membrane anchor subunit,,,Metabolism,Carbohydrate metabolism; Energy metabolism,Citrate cycle (TCA cycle); Butanoate metabolism; Oxidative phosphorylation; Other carbon fixation pathways,,,Heme;Iron;Membrane;Metal-binding;Reference proteome;Transmembrane;Transmembrane helix
g3449,887639,Rv3318,O53370,CDS,Cytoplasmic,sdhA,Succinate dehydrogenase flavoprotein subunit,,,Metabolism,Carbohydrate metabolism; Energy metabolism,Citrate cycle (TCA cycle); Butanoate metabolism; Oxidative phosphorylation; Other carbon fixation pathways,FAD-dependent oxidoreductase 2 family. FRD/SDH subfamily,Carbohydrate metabolism; tricarboxylic acid cycle; fumarate from succinate (bacterial route),Electron transport;FAD;Flavoprotein;Membrane;Oxidoreductase;Reference proteome;Transport;Tricarboxylic acid cycle
g3450,887562,Rv3319,O53371,CDS,Plasma Membrane,sdhB,succinate dehydrogenase,,,Metabolism,Carbohydrate metabolism; Energy metabolism,Citrate cycle (TCA cycle); Butanoate metabolism; Oxidative phosphorylation; Other carbon fixation pathways,succinate dehydrogenase/fumarate reductase iron-sulfur protein family,,2Fe-2S;3Fe-4S;4Fe-4S;Iron;Iron-sulfur;Metal-binding;Oxidoreductase;Reference proteome;Tricarboxylic acid cycle
g3451,887245,Rv3320c,P9WF53,CDS,Cytoplasmic,vapC44,Ribonuclease VapC44,signaling and cellular processes,Prokaryotic defense system,,,,PINc/VapC protein family,,Hydrolase;Magnesium;Metal-binding;Nuclease;Reference proteome;Secreted;Toxin-antitoxin system
g3452,887577,Rv3321c,P9WJ17,CDS,Cytoplasmic,vapB44,Putative antitoxin VapB44,signaling and cellular processes,Prokaryotic defense system,,,,,,Reference proteome;Toxin-antitoxin system
g3453,887520,Rv3322c,L7N687,CDS,Cytoplasmic,,methyltransferase,,,,,,,,Methyltransferase;Reference proteome;Transferase
g3454,887578,Rv3323c,Q6MWY3,CDS,Cytoplasmic,moaX,Molybdopterin synthase catalytic subunit 1,,,Metabolism; Genetic Information Processing,"Metabolism of cofactors and vitamins; Folding, sorting and degradation",Folate biosynthesis; Sulfur relay system,MoaD family; MoaE family,Cofactor biosynthesis; molybdopterin biosynthesis,3D-structure;Molybdenum cofactor biosynthesis;Nucleotide-binding;Reference proteome;Transferase
g3455,,Rv3324A,,misc_feature,,,,,,,,,,,
g3456,887981,Rv3324c,P9WJR5,CDS,Cytoplasmic,moaC3,Cyclic pyranopterin monophosphate synthase 3,,,Metabolism; Genetic Information Processing,"Metabolism of cofactors and vitamins; Folding, sorting and degradation",Folate biosynthesis; Sulfur relay system,MoaC family,Cofactor biosynthesis; molybdopterin biosynthesis,Lyase;Molybdenum cofactor biosynthesis;Reference proteome
g3457,,Rv3325,P9WKH5,CDS,Cytoplasmic,,Insertion element IS6110 uncharacterized 12.0 kDa protein,,,,,,transposase 8 family,,Reference proteome;Transposable element
g3458,,Rv3326,P9WKH9,CDS,Cytoplasmic,,Putative transposase for insertion sequence element IS986/IS6110,,,,,,,,DNA recombination;DNA-binding;Reference proteome;Transposable element;Transposition
g3459,887965,Rv3327,O53377,CDS,Cytoplasmic,,transposase fusion protein,,,,,,,,Reference proteome
g3460,887964,Rv3328c,L0TCG5,CDS,Cytoplasmic,sigJ,ECF RNA polymerase sigma factor SigJ,genetic information processing,Transcription machinery,,,,sigma-70 factor family. ECF subfamily,,3D-structure;DNA-binding;Reference proteome;Sigma factor;Stress response;Transcription;Transcription regulation
g3461,888028,Rv3329,O53379,CDS,Cytoplasmic,,Probable aminotransferase Rv3329,,,,,,class-III pyridoxal-phosphate-dependent aminotransferase family,,Aminotransferase;Direct protein sequencing;Pyridoxal phosphate;Reference proteome;Transferase
g3462,887607,Rv3330,O53380,CDS,Plasma Membrane,dacB1,D-alanyl-D-alanine carboxypeptidase DacB1,metabolism,Peptidases and inhibitors; Peptidoglycan biosynthesis and degradation proteins,Metabolism,Glycan biosynthesis and metabolism,Peptidoglycan biosynthesis,peptidase S11 family,Cell wall biogenesis; peptidoglycan biosynthesis,3D-structure;Carboxypeptidase;Cell membrane;Cell shape;Cell wall biogenesis/degradation;Hydrolase;Membrane;Peptidoglycan synthesis;Phosphoprotein;Protease;Reference proteome;Signal;Transmembrane;Transmembrane helix
g3463,887504,Rv3331,L0TDU1,CDS,Plasma Membrane,sugI,sugar-transport integral membrane protein SugI,,,,,,major facilitator superfamily. Sugar transporter (TC 2.A.1.1) family,,Membrane;Reference proteome;Transmembrane;Transmembrane helix;Transport
g3464,887518,Rv3332,O53382,CDS,Cytoplasmic,nagA,N-acetylglucosamine-6-phosphate deacetylase,,,Metabolism,Glycan biosynthesis and metabolism,Amino sugar and nucleotide sugar metabolism,metallo-dependent hydrolases superfamily. NagA family,Amino-sugar metabolism; N-acetylneuraminate degradation; D-fructose 6-phosphate from N-acetylneuraminate,Carbohydrate metabolism;Hydrolase;Metal-binding;Reference proteome
g3465,887632,Rv3333c,O53383,CDS,Extracellular,,hypothetical protein,,,,,,,,Reference proteome
g3466,887593,Rv3334,O53384,CDS,Cytoplasmic,,MerR family transcriptional regulator,,,,,,,,DNA-binding;Reference proteome;Transcription;Transcription regulation
g3467,888029,Rv3335c,O53385,CDS,Plasma Membrane,,integral membrane protein,,,,,,,,Cell membrane;Membrane;Reference proteome;Transmembrane;Transmembrane helix
g3468,887559,Rv3336c,P9WFT3,CDS,Cytoplasmic,trpS,Tryptophan--tRNA ligase,metabolism; genetic information processing,Amino acid related enzymes; Transfer RNA biogenesis,Genetic Information Processing,Translation,Aminoacyl-tRNA biosynthesis,class-I aminoacyl-tRNA synthetase family,,3D-structure;Aminoacyl-tRNA synthetase;ATP-binding;Cytoplasm;Ligase;Nucleotide-binding;Protein biosynthesis;Reference proteome
g3469,,Rv3337,O53387,CDS,Plasma Membrane,,Conserved hypothetical protein,,,,,,,,Reference proteome
g3470,,Rv3338,O53388,CDS,Plasma Membrane,ephH,Epoxide hydrolase EphH,,,,,,AB hydrolase superfamily,,Hydrolase;Reference proteome
g3471,888013,Rv3339c,P9WKL1,CDS,Cytoplasmic,icd-1,Isocitrate dehydrogenase [NADP] 1,,,Metabolism; Cellular Processes,Carbohydrate metabolism; Energy metabolism; Metabolism of other amino acids; Transport and catabolism,Citrate cycle (TCA cycle); Other carbon fixation pathways; Glutathione metabolism; Peroxisome,isocitrate and isopropylmalate dehydrogenases family,,3D-structure;Acetylation;Glyoxylate bypass;Magnesium;Manganese;Metal-binding;NADP;Oxidoreductase;Reference proteome;Tricarboxylic acid cycle
g3472,888037,Rv3340,O53390,CDS,Cytoplasmic,metC,O-acetylhomoserine sulfhydrylase,,,Metabolism,Amino acid metabolism,Cysteine and methionine metabolism,trans-sulfuration enzymes family,,Amino-acid biosynthesis;Methionine biosynthesis;Pyridoxal phosphate;Reference proteome;Transferase
g3473,888030,Rv3341,P9WJY9,CDS,Cytoplasmic,metXA,Homoserine O-acetyltransferase,,,Metabolism,Energy metabolism; Amino acid metabolism,Sulfur metabolism; Cysteine and methionine metabolism,AB hydrolase superfamily. MetX family,Amino-acid biosynthesis; L-methionine biosynthesis via de novo pathway; O-acetyl-L-homoserine from L-homoserine,3D-structure;Acyltransferase;Amino-acid biosynthesis;Cytoplasm;Methionine biosynthesis;Reference proteome;Transferase
g3474,888046,Rv3342,P9WK01,CDS,Cytoplasmic,,Uncharacterized methyltransferase Rv3342,,,,,,methyltransferase superfamily,,Methyltransferase;Reference proteome;Transferase
g3475,888033,Rv3343c,Q6MWY2,CDS,Plasma Membrane,PPE54,Uncharacterized PPE family protein PPE54,,,,,,mycobacterial PPE family,,Reference proteome
g3476,888115,Rv3344c,L0TFC2,CDS,Cell wall & surface,PE_PGRS49,PE-PGRS family protein PE_PGRS49,,,,,,,,Reference proteome
g3477,888114,Rv3345c,Q6MWY0,CDS,Cell wall & surface,PE_PGRS50,PE-PGRS family protein PE_PGRS50,,,,,,,,Reference proteome
g3478,888010,Rv3346c,O50377,CDS,Plasma Membrane,,transmembrane protein,,,,,,,,Membrane;Reference proteome;Transmembrane;Transmembrane helix
g3479,888120,Rv3347c,Q6MWX9,CDS,Plasma Membrane,PPE55,PPE family protein PPE55,,,,,,mycobacterial PPE family,,Reference proteome
g3480,888110,Rv3348,P96234,CDS,Cytoplasmic,,transposase,,,,,,,,Reference proteome
g3481,888126,Rv3349c,V5QQS8,CDS,Extracellular,,transposase,,,,,,,,Reference proteome
g3482,888113,Rv3350c,Q6MWX8,CDS,Plasma Membrane,PPE56,PPE family protein PPE56,,,,,,mycobacterial PPE family,,Reference proteome
g3483,888109,Rv3351c,O50380,CDS,Extracellular,,Berberine/berberine-like domain-containing protein,,,,,,,,Reference proteome
g3484,888104,Rv3352c,O50381,CDS,Extracellular,,oxidoreductase,,,,,,oxygen-dependent FAD-linked oxidoreductase family,,FAD;Flavoprotein;Oxidoreductase;Reference proteome
g3485,888095,Rv3353c,O50382,CDS,Extracellular,,hypothetical protein,,,,,,,,Reference proteome
g3486,887643,Rv3354,O50383,CDS,Extracellular,,DUF732 domain-containing protein,,,,,,,,Reference proteome;Signal
g3487,887660,Rv3355c,O50384,CDS,Plasma Membrane,,integral membrane protein,,,,,,,,Membrane;Reference proteome;Transmembrane;Transmembrane helix
g3488,888145,Rv3356c,P9WG81,CDS,Cytoplasmic,folD,Bifunctional protein FolD,,,Metabolism,Energy metabolism; Metabolism of cofactors and vitamins,Other carbon fixation pathways; One carbon pool by folate,tetrahydrofolate dehydrogenase/cyclohydrolase family,One-carbon metabolism; tetrahydrofolate interconversion,3D-structure;Amino-acid biosynthesis;Histidine biosynthesis;Hydrolase;Methionine biosynthesis;Multifunctional enzyme;NADP;One-carbon metabolism;Oxidoreductase;Purine biosynthesis;Reference proteome
g3489,888135,Rv3357,P9WF25,CDS,Cytoplasmic,relJ,Antitoxin RelJ,signaling and cellular processes,Prokaryotic defense system,,,,phD/YefM antitoxin family,,3D-structure;DNA-binding;Reference proteome;Repressor;Toxin-antitoxin system;Transcription;Transcription regulation
g3490,888139,Rv3358,P9WF09,CDS,Cytoplasmic,relK,Toxin RelK,signaling and cellular processes,Prokaryotic defense system,,,,YoeB family,,3D-structure;DNA-binding;Endonuclease;Hydrolase;Nuclease;Reference proteome;Repressor;Toxin-antitoxin system;Transcription;Transcription regulation
g3491,887668,Rv3359,O50388,CDS,Cytoplasmic,,oxidoreductase,,,,,,,,Flavoprotein;Oxidoreductase;Reference proteome
g3492,888136,Rv3360,O50389,CDS,Cytoplasmic,,FHA domain-containing protein,,,,,,,,Phosphoprotein;Reference proteome
g3493,888130,Rv3361c,I6YBX3,CDS,Extracellular,mfpA,Pentapeptide repeat protein MfpA,,,,,,pentapeptide repeat protein family,,3D-structure;Reference proteome
g3494,888088,Rv3362c,O50391,CDS,Cytoplasmic,,ATP/GTP-binding protein,,,,,,GPN-loop GTPase family,,GTP-binding;Hydrolase;Nucleotide-binding;Reference proteome
g3495,888090,Rv3363c,O50392,CDS,Cytoplasmic,,DUF742 domain-containing protein,,,,,,,,Reference proteome
g3496,888085,Rv3364c,O50393,CDS,Extracellular,,Serine protease inhibitor Rv3364c,,,,,,mycobacterial serine protease inhibitor Rv3364c family,,Host cytoplasm;Protease inhibitor;Reference proteome;Secreted;Serine protease inhibitor;Virulence
g3497,887652,Rv3365c,Q93IG6,CDS,Plasma Membrane,,histidine kinase,,,,,,,,ATP-binding;Kinase;Membrane;Nucleotide-binding;Phosphoprotein;Reference proteome;Transferase;Transmembrane;Transmembrane helix;Two-component regulatory system
g3498,887648,Rv3366,O50394,CDS,Cytoplasmic,spoU,Putative tRNA (cytidine(34)-2'-O)-methyltransferase,genetic information processing,Transfer RNA biogenesis,,,,class IV-like SAM-binding methyltransferase superfamily. RNA methyltransferase TrmH family. TrmL subfamily,,Cytoplasm;Methyltransferase;Reference proteome;S-adenosyl-L-methionine;Transferase;tRNA processing
g3499,887404,Rv3367,L0TCB8,CDS,Extracellular,PE_PGRS51,PE-PGRS family protein PE_PGRS51,,,,,,,,Reference proteome
g3500,887641,Rv3368c,O50397,CDS,Cytoplasmic,,oxidoreductase,,,,,,nitroreductase family,,Oxidoreductase;Reference proteome
g3501,887669,Rv3369,O50398,CDS,Cytoplasmic,,hypothetical protein,,,,,,,,Oxidoreductase;Reference proteome
g3502,887259,Rv3370c,P9WNT5,CDS,Cytoplasmic,dnaE2,Error-prone DNA polymerase,genetic information processing,DNA repair and recombination proteins,,,,DNA polymerase type-C family. DnaE2 subfamily,,Cytoplasm;DNA damage;DNA repair;DNA replication;DNA-directed DNA polymerase;Nucleotidyltransferase;Reference proteome;Transferase
g3503,888053,Rv3371,P9WKA9,CDS,Cytoplasmic,,Putative diacyglycerol O-acyltransferase Rv3371,,,Metabolism,Lipid metabolism,"Cutin, suberine and wax biosynthesis; Glycerolipid metabolism",long-chain O-acyltransferase family,Glycerolipid metabolism; triacylglycerol biosynthesis,Acyltransferase;Glycerol metabolism;Lipid biosynthesis;Lipid metabolism;Reference proteome;Transferase
g3504,888137,Rv3372,P9WFZ5,CDS,Cytoplasmic,otsB,Trehalose-phosphate phosphatase,,,Metabolism,Carbohydrate metabolism,Starch and sucrose metabolism,trehalose phosphatase family,Glycan biosynthesis; trehalose biosynthesis,3D-structure;Hydrolase;Magnesium;Manganese;Metal-binding;Reference proteome
g3505,888123,Rv3373,O50402,CDS,Cytoplasmic,echA18,enoyl-CoA hydratase,,,,,,enoyl-CoA hydratase/isomerase family,,Fatty acid metabolism;Lipid metabolism;Reference proteome
g3506,,Rv3374,Q6MWX6,CDS,Cytoplasmic,echA18.1,Probable enoyl-CoA hydratase (fragment) EchA18.1 (enoyl hydrase) (unsaturated acyl-CoA hydratase) (crotonase),,,,,,,,Reference proteome
g3507,888064,Rv3375,P9WQ93,CDS,Cytoplasmic,amiD,Putative amidase AmiD,,,Metabolism,Amino acid metabolism; Xenobiotics biodegradation and metabolism,Arginine and proline metabolism; Phenylalanine metabolism; Tryptophan metabolism; Aminobenzoate degradation; Styrene degradation,amidase family,,Hydrolase;Reference proteome
g3508,888066,Rv3376,P9WMS5,CDS,Cytoplasmic,,Phosphatase Rv3376,,,,,,HAD-like hydrolase superfamily,,Hydrolase;Reference proteome
g3509,888073,Rv3377c,O50406,CDS,Cytoplasmic,,Type B diterpene cyclase,,,,,,terpene synthase family,,3D-structure;Isomerase;Lyase;Magnesium;Metal-binding;Reference proteome
g3510,888075,Rv3378c,P9WJ61,CDS,Cytoplasmic,,Tuberculosinyl adenosine transferase,,,,,,diterpene synthase family,,3D-structure;Reference proteome;Transferase;Virulence
g3511,888080,Rv3379c,O50408,CDS,Cytoplasmic,dxs2,1-deoxy-D-xylulose-5-phosphate synthase,,,Metabolism,Metabolism of cofactors and vitamins; Metabolism of terpenoids and polyketides,Thiamine metabolism; Terpenoid backbone biosynthesis,transketolase family. DXPS subfamily,Metabolic intermediate biosynthesis; 1-deoxy-D-xylulose 5-phosphate biosynthesis; 1-deoxy-D-xylulose 5-phosphate from D-glyceraldehyde 3-phosphate and pyruvate,Isoprene biosynthesis;Magnesium;Metal-binding;Reference proteome;Thiamine biosynthesis;Thiamine pyrophosphate;Transferase
g3512,,Rv3380c,P9WKH9,CDS,Cytoplasmic,,Putative transposase for insertion sequence element IS986/IS6110,,,,,,,,DNA recombination;DNA-binding;Reference proteome;Transposable element;Transposition
g3513,,Rv3381c,P9WKH5,CDS,Cytoplasmic,,Insertion element IS6110 uncharacterized 12.0 kDa protein,,,,,,transposase 8 family,,Reference proteome;Transposable element
g3514,887953,Rv3382c,P9WKF9,CDS,Cytoplasmic,ispH1,4-hydroxy-3-methylbut-2-enyl diphosphate reductase 1,,,Metabolism,Metabolism of terpenoids and polyketides,Terpenoid backbone biosynthesis,IspH family,Isoprenoid biosynthesis; dimethylallyl diphosphate biosynthesis; dimethylallyl diphosphate from (2E)-4-hydroxy-3-methylbutenyl diphosphate; Isoprenoid biosynthesis; isopentenyl diphosphate biosynthesis via DXP pathway; isopentenyl diphosphate from 1-deoxy-D-xylulose 5-phosphate,4Fe-4S;Iron;Iron-sulfur;Isoprene biosynthesis;Metal-binding;Oxidoreductase;Reference proteome
g3515,887680,Rv3383c,O50410,CDS,Cytoplasmic,idsB,Geranylgeranyl diphosphate synthase,metabolism,Prenyltransferases,Metabolism,Metabolism of terpenoids and polyketides; Biosynthesis of other secondary metabolites,Terpenoid backbone biosynthesis; Biosynthesis of various other secondary metabolites,FPP/GGPP synthase family,Isoprenoid biosynthesis; geranylgeranyl diphosphate biosynthesis; geranylgeranyl diphosphate from farnesyl diphosphate and isopentenyl diphosphate,Lipid biosynthesis;Lipid metabolism;Magnesium;Metal-binding;Reference proteome;Transferase
g3516,887432,Rv3384c,O50411,CDS,Extracellular,vapC46,Ribonuclease VapC46,signaling and cellular processes,Prokaryotic defense system,,,,PINc/VapC protein family,,Hydrolase;Magnesium;Metal-binding;Nuclease;Reference proteome;Toxin-antitoxin system
g3517,887429,Rv3385c,P9WF13,CDS,Cytoplasmic,vapB46,Antitoxin VapB46,signaling and cellular processes,Prokaryotic defense system,,,,phD/YefM antitoxin family,,3D-structure;Reference proteome;Toxin-antitoxin system
g3518,888044,Rv3386,O50413,CDS,Cytoplasmic,,transposase,,,,,,,,Reference proteome
g3519,887820,Rv3387,O50414,CDS,Cytoplasmic,,transposase,,,,,,,,Reference proteome
g3520,888151,Rv3388,Q6MWX5,CDS,Extracellular,PE_PGRS52,PE-PGRS family protein PE_PGRS52,,,,,,,,Reference proteome
g3521,887923,Rv3389c,I6YBZ8,CDS,Cytoplasmic,htdY,3-hydroxyacyl-thioester dehydratase Y,,,,,,enoyl-CoA hydratase/isomerase family,,3D-structure;Fatty acid metabolism;Lipid metabolism;Lyase;Reference proteome
g3522,887627,Rv3390,O50416,CDS,Plasma Membrane,lpqD,lipoprotein LpqD,,,,,,,,Lipoprotein;Reference proteome;Signal
g3523,887950,Rv3391,O50417,CDS,Cytoplasmic,acrA1,acyl-CoA-reductase AcrA,,,Metabolism,Lipid metabolism,"Cutin, suberine and wax biosynthesis",short-chain dehydrogenases/reductases (SDR) family,,Oxidoreductase;Reference proteome
g3524,887961,Rv3392c,P9WPB7,CDS,Cytoplasmic,cmaA1,Cyclopropane mycolic acid synthase 1,,,,,,CFA/CMAS family,Lipid metabolism; mycolic acid biosynthesis,3D-structure;Cytoplasm;Lipid biosynthesis;Lipid metabolism;Methyltransferase;Reference proteome;S-adenosyl-L-methionine;Transferase
g3525,887625,Rv3393,O50418,CDS,Cytoplasmic,iunH,nucleoside hydrolase,,,Metabolism,Nucleotide metabolism,Purine metabolism,,,Glycosidase;Hydrolase;Reference proteome
g3526,887945,Rv3394c,O50419,CDS,Cytoplasmic,,UmuC domain-containing protein,genetic information processing,DNA repair and recombination proteins,,,,,,DNA damage;Reference proteome;Signal
g3527,3205044,Rv3395A,Q6MWX4,CDS,Extracellular,,membrane protein,,,,,,,,Reference proteome;Signal
g3528,887960,Rv3395c,P9WKZ9,CDS,Cytoplasmic,,Uncharacterized protein Rv3395c,,,,,,,,Membrane;Reference proteome;Transmembrane;Transmembrane helix
g3529,887412,Rv3396c,P9WMS7,CDS,Cytoplasmic,guaA,GMP synthase [glutamine-hydrolyzing],metabolism,Peptidases and inhibitors,Metabolism,Nucleotide metabolism; Xenobiotics biodegradation and metabolism,Purine metabolism; Drug metabolism - other enzymes,,Purine metabolism; GMP biosynthesis; GMP from XMP (L-Gln route),Acetylation;ATP-binding;Glutamine amidotransferase;GMP biosynthesis;Ligase;Nucleotide-binding;Purine biosynthesis;Reference proteome
g3530,887911,Rv3397c,P9WHP3,CDS,Cytoplasmic,crtB,Phytoene synthase,metabolism,Prenyltransferases,Metabolism,Metabolism of terpenoids and polyketides,Carotenoid biosynthesis,phytoene/squalene synthase family,Carotenoid biosynthesis; phytoene biosynthesis,Carotenoid biosynthesis;Magnesium;Manganese;Metal-binding;Reference proteome;Transferase
g3531,887919,Rv3398c,P9WKH1,CDS,Cytoplasmic,idsA1,"(2E,6E)-farnesyl diphosphate synthase",metabolism,Prenyltransferases,Metabolism,Metabolism of terpenoids and polyketides; Biosynthesis of other secondary metabolites,Terpenoid backbone biosynthesis; Biosynthesis of various other secondary metabolites,FPP/GGPP synthase family,Isoprenoid biosynthesis; farnesyl diphosphate biosynthesis; farnesyl diphosphate from geranyl diphosphate and isopentenyl diphosphate,Cytoplasm;Lipid biosynthesis;Lipid metabolism;Magnesium;Metal-binding;Reference proteome;Transferase
g3532,887938,Rv3399,P9WFH1,CDS,Cytoplasmic,,Putative S-adenosyl-L-methionine-dependent methyltransferase Rv3399,,,,,,UPF0677 family,,Methyltransferase;Reference proteome;S-adenosyl-L-methionine;Transferase
g3533,887918,Rv3400,P9WKZ7,CDS,Cytoplasmic,,Beta-phosphoglucomutase,,,,,,HAD-like hydrolase superfamily. CbbY/CbbZ/Gph/YieH family,,3D-structure;Carbohydrate metabolism;Isomerase;Magnesium;Metal-binding;Phosphoprotein;Reference proteome
g3534,887928,Rv3401,P9WN13,CDS,Cytoplasmic,,Uncharacterized glycosyl hydrolase Rv3401,,,,,,glycosyl hydrolase 65 family,,Glycosidase;Hydrolase;Reference proteome
g3535,887910,Rv3402c,P9WGJ7,CDS,Cytoplasmic,,Protein Rv3402c,,,,,,DegT/DnrJ/EryC1 family,,Pyridoxal phosphate;Reference proteome
g3536,887907,Rv3403c,P9WKZ5,CDS,Cytoplasmic,,Uncharacterized protein Rv3403c,,,,,,,,3D-structure;Cell membrane;Membrane;Reference proteome;Transmembrane;Transmembrane helix
g3537,887902,Rv3404c,P9WKZ3,CDS,Cytoplasmic,,"dTDP-4-amino-4,6-dideoxyglucose formyltransferase",,,,,,dTDP-Qui4N formyltransferase family,,3D-structure;Carbohydrate metabolism;Reference proteome;Transferase
g3538,887940,Rv3405c,P9WMC3,CDS,Cytoplasmic,,HTH-type transcriptional repressor Rv3405c,genetic information processing,Transcription factors,,,,,,DNA-binding;Reference proteome;Repressor;Transcription;Transcription regulation
g3539,887955,Rv3406,P9WKZ1,CDS,Cytoplasmic,,Alpha-ketoglutarate-dependent sulfate ester dioxygenase,,,,,,TfdA dioxygenase family,,3D-structure;Antibiotic resistance;Dioxygenase;Iron;Metal-binding;Oxidoreductase;Reference proteome
g3540,887505,Rv3407,P9WF23,CDS,Cytoplasmic,vapB47,Antitoxin VapB47,signaling and cellular processes,Prokaryotic defense system,,,,phD/YefM antitoxin family,,Reference proteome;Toxin-antitoxin system
g3541,887900,Rv3408,P9WF49,CDS,Cytoplasmic,vapC47,Ribonuclease VapC47,signaling and cellular processes,Prokaryotic defense system,,,,PINc/VapC protein family,,Hydrolase;Magnesium;Metal-binding;Nuclease;Reference proteome;Toxin-antitoxin system
g3542,887502,Rv3409c,P9WMV9,CDS,Plasma Membrane,choD,Cholesterol oxidase,,,Metabolism,Xenobiotics biodegradation and metabolism,Steroid degradation,GMC oxidoreductase family,Steroid metabolism; cholesterol degradation,Cholesterol metabolism;FAD;Flavoprotein;Isomerase;Lipid metabolism;Oxidoreductase;Reference proteome;Secreted;Steroid metabolism;Sterol metabolism;Virulence
g3543,887510,Rv3410c,P9WKI5,CDS,Cytoplasmic,guaB3,Uncharacterized oxidoreductase Rv3410c,signaling and cellular processes,Exosome,Metabolism,Nucleotide metabolism; Xenobiotics biodegradation and metabolism,Purine metabolism; Drug metabolism - other enzymes,IMPDH/GMPR family,,NAD;Oxidoreductase;Reference proteome
g3544,887498,Rv3411c,P9WKI7,CDS,Cytoplasmic,guaB,Inosine-5'-monophosphate dehydrogenase,signaling and cellular processes,Exosome,Metabolism,Nucleotide metabolism; Xenobiotics biodegradation and metabolism,Purine metabolism; Drug metabolism - other enzymes,IMPDH/GMPR family,Purine metabolism; XMP biosynthesis via de novo pathway; XMP from IMP,3D-structure;CBS domain;GMP biosynthesis;Metal-binding;NAD;Oxidoreductase;Potassium;Purine biosynthesis;Reference proteome;Repeat
g3545,887499,Rv3412,P9WKY9,CDS,Cytoplasmic,,Uncharacterized protein Rv3412,,,,,,To M.leprae ML0386,,Reference proteome
g3546,887925,Rv3413c,P9WJ71,CDS,Extracellular,rsdA,Anti-sigma-D factor RsdA,,,,,,,,3D-structure;Cell membrane;Membrane;Reference proteome;Transcription;Transcription regulation;Transmembrane;Transmembrane helix
g3547,887594,Rv3414c,P9WGG9,CDS,Cytoplasmic,sigD,ECF RNA polymerase sigma factor SigD,genetic information processing,Transcription machinery,,,,sigma-70 factor family. ECF subfamily,,3D-structure;DNA-binding;Reference proteome;Sigma factor;Transcription;Transcription regulation;Virulence
g3548,887599,Rv3415c,I6YG27,CDS,Cytoplasmic,,hypothetical protein,,,,,,,,Reference proteome
g3549,887598,Rv3416,P9WF41,CDS,Cytoplasmic,whiB3,Redox- and pH-responsive transcriptional regulator WhiB3,genetic information processing,Transcription factors,,,,WhiB family,,3D-structure;4Fe-4S;Cytoplasm;Disulfide bond;DNA-binding;Iron;Iron-sulfur;Metal-binding;Reference proteome;Stress response;Transcription;Transcription regulation;Virulence
g3550,887877,Rv3417c,P9WPE9,CDS,Cytoplasmic,groEL1,Chaperonin GroEL 1,genetic information processing; signaling and cellular processes,Messenger RNA biogenesis; Chaperones and folding catalysts; Mitochondrial biogenesis; Exosome,Genetic Information Processing; Human Diseases,"Folding, sorting and degradation; Infectious disease: bacterial",RNA degradation; Tuberculosis,chaperonin (HSP60) family,,3D-structure;Acetylation;ATP-binding;Chaperone;Copper;Cytoplasm;Isomerase;Metal-binding;Nucleotide-binding;Phosphoprotein;Reference proteome
g3551,887583,Rv3418c,P9WPE5,CDS,Cytoplasmic,groES,Co-chaperonin GroES,genetic information processing,Chaperones and folding catalysts; Mitochondrial biogenesis,,,,GroES chaperonin family,,3D-structure;Acetylation;Chaperone;Cytoplasm;Direct protein sequencing;Isopeptide bond;Reference proteome;Stress response;Ubl conjugation
g3552,887595,Rv3419c,P9WHT7,CDS,Cytoplasmic,tsaD,tRNA N6-adenosine threonylcarbamoyltransferase,genetic information processing,Transfer RNA biogenesis,,,,KAE1 / TsaD family,,Acyltransferase;Cytoplasm;Iron;Metal-binding;Reference proteome;Transferase;tRNA processing
g3553,887555,Rv3420c,I6YG32,CDS,Cytoplasmic,rimI,N-alpha-acetyltransferase RimI,genetic information processing,Ribosome biogenesis,,,,acetyltransferase family. RimI subfamily,,Acyltransferase;Reference proteome;Transferase
g3554,887532,Rv3421c,P9WKY7,CDS,Cytoplasmic,,Uncharacterized protein Rv3421c,genetic information processing,Transfer RNA biogenesis,,,,To M.leprae ML0378,,Reference proteome;Signal
g3555,887557,Rv3422c,P9WFS7,CDS,Cytoplasmic,tsaE,tRNA threonylcarbamoyladenosine biosynthesis protein TsaE,genetic information processing,Transfer RNA biogenesis,,,,TsaE family,,ATP-binding;Cytoplasm;Magnesium;Metal-binding;Nucleotide-binding;Reference proteome;tRNA processing
g3556,,Rv3423.1,P9WKY5,CDS,Extracellular,,Histone acetyltransferase,,,,,,,,Acyltransferase;Direct protein sequencing;Host cytoplasm;Host nucleus;Reference proteome;Secreted;Transferase
g3557,887634,Rv3423c,P9WQA9,CDS,Cytoplasmic,alr,Alanine racemase,metabolism,Peptidoglycan biosynthesis and degradation proteins,Metabolism; Human Diseases,Metabolism of other amino acids; Drug resistance: antimicrobial,D-Amino acid metabolism; Vancomycin resistance,alanine racemase family,Amino-acid biosynthesis; D-alanine biosynthesis; D-alanine from L-alanine,3D-structure;Isomerase;Pyridoxal phosphate;Reference proteome
g3558,887618,Rv3424c,P9WKY3,CDS,Extracellular,,Uncharacterized protein Rv3424c,,,,,,,,Reference proteome
g3559,887635,Rv3425,Q50703,CDS,Extracellular,PPE57,PPE family protein PPE57,,,,,,mycobacterial PPE family,,Cell wall;Reference proteome;Secreted;Virulence
g3560,887622,Rv3426,Q50702,CDS,Extracellular,PPE58,Uncharacterized PPE family protein PPE58,,,,,,mycobacterial PPE family,,Reference proteome
g3561,887631,Rv3427c,Q50701,CDS,Cytoplasmic,,Putative ATP-binding protein Rv3427c in insertion sequence,,,,,,IS21/IS1162 putative ATP-binding protein family,,ATP-binding;Nucleotide-binding;Reference proteome;Transposable element
g3562,887621,Rv3428c,Q50700,CDS,Cytoplasmic,,Putative transposase Rv3428c,,,,,,transposase IS21/IS408/IS1162 family,,Reference proteome;Transposable element
g3563,887630,Rv3429,P9WHY1,CDS,Extracellular,PPE59,Uncharacterized PPE family protein PPE59,,,,,,mycobacterial PPE family,,Reference proteome
g3564,19394687,Rv3430a,,CDS,,,hypothetical protein,,,,,,,,
g3565,887615,Rv3430c,I6YC39,CDS,Cytoplasmic,,transposase,,,,,,,,Reference proteome
g3566,,Rv3431c,I6XH73,CDS,Cytoplasmic,,Mutator family transposase,,,,,,transposase mutator family,,DNA recombination;DNA-binding;Reference proteome;Transposable element;Transposition
g3567,887580,Rv3432c,I6YG46,CDS,Cytoplasmic,gadB,Glutamate decarboxylase,,,Metabolism; Cellular Processes,Carbohydrate metabolism; Amino acid metabolism; Metabolism of other amino acids; Cellular community - prokaryotes,"Butanoate metabolism; Alanine, aspartate and glutamate metabolism; beta-Alanine metabolism; Taurine and hypotaurine metabolism; Quorum sensing",group II decarboxylase family,,Decarboxylase;Lyase;Pyridoxal phosphate;Reference proteome
g3568,887571,Rv3433c,P9WF11,CDS,Cytoplasmic,nnr,Bifunctional NAD(P)H-hydrate repair enzyme Nnr,,,,,,In the N-terminal section; belongs to the NnrE/AIBP family; In the C-terminal section; belongs to the NnrD/CARKD family,,ATP-binding;Isomerase;Lyase;Metal-binding;Multifunctional enzyme;NAD;NADP;Nucleotide-binding;Potassium;Reference proteome
g3569,887573,Rv3434c,I6YC44,CDS,Plasma Membrane,,transmembrane protein,,,,,,,,Membrane;Reference proteome;Transmembrane;Transmembrane helix
g3570,887564,Rv3435c,O06252,CDS,Plasma Membrane,,transmembrane protein,,,,,,,,Membrane;Reference proteome;Transmembrane;Transmembrane helix
g3571,887568,Rv3436c,P9WN49,CDS,Cytoplasmic,glmS,Glutamine--fructose-6-phosphate aminotransferase [isomerizing],metabolism,Peptidases and inhibitors,Metabolism,Amino acid metabolism; Glycan biosynthesis and metabolism,"Alanine, aspartate and glutamate metabolism; Amino sugar and nucleotide sugar metabolism",,,Aminotransferase;Cytoplasm;Glutamine amidotransferase;Reference proteome;Repeat;Transferase
g3572,887567,Rv3437,I6YG51,CDS,Plasma Membrane,,transmembrane protein,,,,,,,,Membrane;Reference proteome;Transmembrane;Transmembrane helix
g3573,887561,Rv3438,I6X7B3,CDS,Cytoplasmic,,hypothetical protein,,,,,,,,Reference proteome
g3574,887565,Rv3439c,I6YC49,CDS,Extracellular,,hypothetical protein,,,,,,,,Reference proteome
g3575,887592,Rv3440c,O06257,CDS,Extracellular,,hypothetical protein,,,,,,,,Reference proteome
g3576,887589,Rv3441c,P9WN41,CDS,Cytoplasmic,glmM,Phosphoglucosamine mutase,,,Metabolism,Glycan biosynthesis and metabolism,Amino sugar and nucleotide sugar metabolism,phosphohexose mutase family,,Isomerase;Magnesium;Metal-binding;Phosphoprotein;Reference proteome
g3577,887488,Rv3442c,P9WH25,CDS,Extracellular,rpsI,Small ribosomal subunit protein uS9,genetic information processing,Ribosome,Genetic Information Processing,Translation,Ribosome,universal ribosomal protein uS9 family,,3D-structure;Acetylation;Reference proteome;Ribonucleoprotein;Ribosomal protein;RNA-binding;rRNA-binding
g3578,887584,Rv3443c,P9WHE1,CDS,Cytoplasmic,rplM,Large ribosomal subunit protein uL13,genetic information processing,Ribosome,Genetic Information Processing,Translation,Ribosome,universal ribosomal protein uL13 family,,3D-structure;Reference proteome;Ribonucleoprotein;Ribosomal protein;RNA-binding;rRNA-binding
g3579,887587,Rv3444c,I6YC53,CDS,Extracellular,esxT,ESAT-6-like protein EsxT,signaling and cellular processes,Secretion system,Human Diseases,Infectious disease: bacterial,Tuberculosis,WXG100 family. ESAT-6 subfamily,,Reference proteome;Secreted;Virulence
g3580,887585,Rv3445c,I6Y3I6,CDS,Extracellular,esxU,ESAT-6-like protein EsxU,signaling and cellular processes,Secretion system,Human Diseases,Infectious disease: bacterial,Tuberculosis,WXG100 family. CFP-10 subfamily,,Reference proteome;Secreted;Virulence
g3581,887586,Rv3446c,O06263,CDS,Plasma Membrane,,hypothetical protein,,,,,,,,Reference proteome
g3582,887581,Rv3447c,P9WNA7,CDS,Plasma Membrane,eccC4,ESX-4 secretion system protein EccC4,signaling and cellular processes,Secretion system,,,,,,ATP-binding;Cell membrane;Membrane;Nucleotide-binding;Reference proteome;Repeat;Transmembrane;Transmembrane helix
g3583,887624,Rv3448,P9WNQ1,CDS,Plasma Membrane,eccD4,ESX-4 secretion system protein eccD4,signaling and cellular processes,Secretion system,,,,EccD/Snm4 family,,Cell membrane;Membrane;Reference proteome;Transmembrane;Transmembrane helix
g3584,887602,Rv3449,I6YC58,CDS,Plasma Membrane,mycP4,Mycosin-4,metabolism; genetic information processing; signaling and cellular processes,Peptidases and inhibitors; Chaperones and folding catalysts; Secretion system,,,,peptidase S8 family,,Cell membrane;Hydrolase;Membrane;Protease;Reference proteome;Serine protease;Signal;Transmembrane;Transmembrane helix
g3585,887619,Rv3450c,P9WNR1,CDS,Plasma Membrane,eccB4,ESX-4 secretion system ATPase EccB4,signaling and cellular processes,Secretion system,,,,EccB family,,ATP-binding;Cell membrane;Hydrolase;Membrane;Nucleotide-binding;Reference proteome;Transmembrane;Transmembrane helix
g3586,887611,Rv3451,P9WP39,CDS,Extracellular,cut3,Probable carboxylesterase Culp3,,,Metabolism,Lipid metabolism,Mycolic acid biosynthesis,cutinase family,,Disulfide bond;Hydrolase;Reference proteome;Secreted;Serine esterase;Signal
g3587,887610,Rv3452,O06319,CDS,Plasma Membrane,cut4,Phospholipase Culp4,,,,,,cutinase family,,Cell membrane;Cell wall;Disulfide bond;Hydrolase;Membrane;Reference proteome;Secreted;Serine esterase;Signal
g3588,,Rv3453,O06320,CDS,Plasma Membrane,,Possible conserved transmembrane protein,,,,,,,,Membrane;Reference proteome;Transmembrane;Transmembrane helix
g3589,,Rv3454,O06321,CDS,Plasma Membrane,,Probable conserved integral membrane protein,,,,,,,,Membrane;Reference proteome;Transmembrane;Transmembrane helix
g3590,887590,Rv3455c,P9WHP9,CDS,Cytoplasmic,truA,tRNA pseudouridine synthase A,genetic information processing,Transfer RNA biogenesis,,,,tRNA pseudouridine synthase TruA family,,Isomerase;Reference proteome;tRNA processing
g3591,887523,Rv3456c,P9WHD3,CDS,Cytoplasmic,rplQ,Large ribosomal subunit protein bL17,genetic information processing,Ribosome,Genetic Information Processing,Translation,Ribosome,bacterial ribosomal protein bL17 family,,3D-structure;Reference proteome;Ribonucleoprotein;Ribosomal protein;RNA-binding;rRNA-binding
g3592,887629,Rv3457c,P9WGZ1,CDS,Cytoplasmic,rpoA,DNA-directed RNA polymerase subunit alpha,genetic information processing,Transcription machinery; DNA repair and recombination proteins,Genetic Information Processing,Transcription,RNA polymerase,RNA polymerase alpha chain family,,3D-structure;DNA-directed RNA polymerase;Nucleotidyltransferase;Reference proteome;Transcription;Transferase
g3593,887620,Rv3458c,P9WH35,CDS,Cytoplasmic,rpsD,Small ribosomal subunit protein uS4,genetic information processing,Ribosome,Genetic Information Processing,Translation,Ribosome,universal ribosomal protein uS4 family,,3D-structure;Reference proteome;Ribonucleoprotein;Ribosomal protein;RNA-binding;rRNA-binding
g3594,887524,Rv3459c,P9WH65,CDS,Cytoplasmic,rpsK,Small ribosomal subunit protein uS11,genetic information processing,Ribosome,Genetic Information Processing,Translation,Ribosome,universal ribosomal protein uS11 family,,3D-structure;Reference proteome;Ribonucleoprotein;Ribosomal protein;RNA-binding;rRNA-binding
g3595,887514,Rv3460c,P9WH61,CDS,Cytoplasmic,rpsM,Small ribosomal subunit protein uS13,genetic information processing,Ribosome,Genetic Information Processing,Translation,Ribosome,universal ribosomal protein uS13 family,,3D-structure;Reference proteome;Ribonucleoprotein;Ribosomal protein;RNA-binding;rRNA-binding;tRNA-binding
g3596,887272,Rv3461c,P9WH89,CDS,Extracellular,rpmJ,Large ribosomal subunit protein bL36,genetic information processing,Ribosome,Genetic Information Processing,Translation,Ribosome,bacterial ribosomal protein bL36 family,,3D-structure;Metal-binding;Reference proteome;Ribonucleoprotein;Ribosomal protein;RNA-binding;rRNA-binding;Zinc
g3597,887325,Rv3462c,P9WKK3,CDS,Cytoplasmic,infA,Translation initiation factor IF-1,genetic information processing,Translation factors,,,,IF-1 family,,3D-structure;Cytoplasm;Initiation factor;Protein biosynthesis;Reference proteome;RNA-binding;rRNA-binding
g3598,888286,Rv3463,I6X7D4,CDS,Cytoplasmic,,hypothetical protein,,,,,,,,Reference proteome
g3599,887332,Rv3464,P9WN65,CDS,Cytoplasmic,rmlB,"dTDP-glucose 4,6-dehydratase",,,Metabolism,Glycan biosynthesis and metabolism; Metabolism of terpenoids and polyketides; Biosynthesis of other secondary metabolites,Biosynthesis of various nucleotide sugars; Polyketide sugar unit biosynthesis; Biosynthesis of vancomycin group antibiotics; Streptomycin biosynthesis; Acarbose and validamycin biosynthesis,NAD(P)-dependent epimerase/dehydratase family. dTDP-glucose dehydratase subfamily,Carbohydrate biosynthesis; dTDP-L-rhamnose biosynthesis,Lyase;NAD;Reference proteome
g3600,887352,Rv3465,P9WH11,CDS,Cytoplasmic,rmlC,"dTDP-4-dehydrorhamnose 3,5-epimerase",,,Metabolism,Glycan biosynthesis and metabolism; Metabolism of terpenoids and polyketides; Biosynthesis of other secondary metabolites,Biosynthesis of various nucleotide sugars; Polyketide sugar unit biosynthesis; Streptomycin biosynthesis,"dTDP-4-dehydrorhamnose 3,5-epimerase family",Carbohydrate biosynthesis; dTDP-L-rhamnose biosynthesis,3D-structure;Carbohydrate metabolism;Isomerase;Reference proteome
g3601,887830,Rv3466,P9WKY1,CDS,Cytoplasmic,,Uncharacterized protein Rv3466,,,,,,Rv1128c/1148c/1588c/1702c/1945/3466 family,,Reference proteome
g3602,888022,Rv3467,Q50655,CDS,Cytoplasmic,,HNH nuclease domain-containing protein,,,,,,,,Reference proteome
g3603,888007,Rv3468c,Q6MWX3,CDS,Cytoplasmic,rmlB3,"dTDP-glucose 4,6-dehydratase",,,,,,,,Reference proteome
g3604,888074,Rv3469c,O06334,CDS,Cytoplasmic,mhpE,Oxaloacetate decarboxylase,,,Metabolism,Amino acid metabolism; Xenobiotics biodegradation and metabolism,Phenylalanine metabolism; Benzoate degradation; Xylene degradation; Dioxin degradation,4-hydroxy-2-oxovalerate aldolase family,,Lyase;Manganese;Metal-binding;Reference proteome
g3605,888041,Rv3470c,O06335,CDS,Cytoplasmic,ilvB2,Putative acetolactate synthase large subunit IlvB2,,,Metabolism,Carbohydrate metabolism; Amino acid metabolism; Metabolism of cofactors and vitamins,"Butanoate metabolism; C5-Branched dibasic acid metabolism; Valine, leucine and isoleucine biosynthesis; Pantothenate and CoA biosynthesis",TPP enzyme family,Amino-acid biosynthesis; L-isoleucine biosynthesis; L-isoleucine from 2-oxobutanoate; Amino-acid biosynthesis; L-valine biosynthesis; L-valine from pyruvate,Amino-acid biosynthesis;Branched-chain amino acid biosynthesis;FAD;Flavoprotein;Magnesium;Metal-binding;Reference proteome;Thiamine pyrophosphate;Transferase
g3606,888050,Rv3471c,O06336,CDS,Cytoplasmic,,Cupin type-1 domain-containing protein,,,,,,,,Reference proteome
g3607,888006,Rv3472,I6YG83,CDS,Cytoplasmic,,hypothetical protein,,,,,,,,Reference proteome
g3608,888101,Rv3473c,O06338,CDS,Cytoplasmic,bpoA,peroxidase BpoA,,,,,,,,Oxidoreductase;Peroxidase;Reference proteome
g3609,,Rv3474,P9WKH5,CDS,Cytoplasmic,,Insertion element IS6110 uncharacterized 12.0 kDa protein,,,,,,transposase 8 family,,Reference proteome;Transposable element
g3610,,Rv3475,P9WKH9,CDS,Cytoplasmic,,Putative transposase for insertion sequence element IS986/IS6110,,,,,,,,DNA recombination;DNA-binding;Reference proteome;Transposable element;Transposition
g3611,,Rv3476c,I6XHB8,CDS,Plasma Membrane,kgtP,Alpha-ketoglutarate permease,,,,,,,,Cell inner membrane;Cell membrane;Membrane;Reference proteome;Symport;Transmembrane;Transmembrane helix;Transport
g3612,888474,Rv3477,I6YG87,CDS,Extracellular,PE31,PE family protein PE31,,,,,,,,Reference proteome
g3613,888047,Rv3478,Q6MWX1,CDS,Extracellular,PPE60,PPE family protein PPE60,,,,,,mycobacterial PPE family,,Cell wall;Reference proteome;Secreted;Virulence
g3614,888478,Rv3479,O06342,CDS,Plasma Membrane,,Uncharacterized membrane protein Rv3479,,,,,,,,Cell membrane;Hydrolase;Lipid degradation;Lipid metabolism;Membrane;Reference proteome;Transmembrane;Transmembrane helix
g3615,888473,Rv3480c,P9WKA7,CDS,Cytoplasmic,,Putative diacyglycerol O-acyltransferase Rv3480c,,,Metabolism,Lipid metabolism,"Cutin, suberine and wax biosynthesis; Glycerolipid metabolism",long-chain O-acyltransferase family,Glycerolipid metabolism; triacylglycerol biosynthesis,Acyltransferase;Glycerol metabolism;Lipid biosynthesis;Lipid metabolism;Reference proteome;Transferase
g3616,888466,Rv3481c,I6XHC3,CDS,Plasma Membrane,,integral membrane protein,,,,,,,,Membrane;Reference proteome;Transmembrane;Transmembrane helix
g3617,888480,Rv3482c,I6YG92,CDS,Plasma Membrane,,membrane protein,,,,,,,,Membrane;Reference proteome;Transmembrane;Transmembrane helix
g3618,888448,Rv3483c,I6X7F2,CDS,Plasma Membrane,,hypothetical protein,,,,,,,,Cell membrane;Lipoprotein;Membrane;Palmitate;Reference proteome;Signal;Transmembrane;Transmembrane helix
g3619,888445,Rv3484,O06347,CDS,Plasma Membrane,cpsA,hypothetical protein,,,,,,LytR/CpsA/Psr (LCP) family,,Membrane;Reference proteome;Transmembrane;Transmembrane helix
g3620,888427,Rv3485c,O06348,CDS,Cytoplasmic,,short-chain type dehydrogenase/reductase,,,,,,short-chain dehydrogenases/reductases (SDR) family,,Aromatic hydrocarbons catabolism;NAD;Oxidoreductase;Reference proteome
g3621,888276,Rv3486,O06349,CDS,Plasma Membrane,,Uncharacterized membrane protein Rv3486,,,,,,DoxX family,,Cell membrane;Membrane;Reference proteome;Transmembrane;Transmembrane helix
g3622,888430,Rv3487c,O06350,CDS,Cytoplasmic,lipF,Carboxylesterase/phospholipase LipF,,,,,,'GDXG' lipolytic enzyme family,,Cell wall;Direct protein sequencing;Hydrolase;Reference proteome;Secreted;Serine esterase;Stress response
g3623,888417,Rv3488,I6X7F9,CDS,Cytoplasmic,,Transcriptional regulator Rv3488,,,,,,,,3D-structure;Cadmium;DNA-binding;Metal-binding;Reference proteome;Transcription;Transcription regulation
g3624,888410,Rv3489,I6YC91,CDS,Cytoplasmic,,hypothetical protein,,,,,,,,Reference proteome
g3625,888404,Rv3490,P9WN11,CDS,Cytoplasmic,otsA,Trehalose-6-phosphate synthase,metabolism,Glycosyltransferases,Metabolism,Carbohydrate metabolism,Starch and sucrose metabolism,glycosyltransferase 20 family,Glycan biosynthesis; trehalose biosynthesis,Glycosyltransferase;Reference proteome;Transferase
g3626,888382,Rv3491,I6XHD1,CDS,Extracellular,,Secreted protein,,,,,,,,Reference proteome;Signal
g3627,888381,Rv3492c,I6YGA5,CDS,Plasma Membrane,,Mce associated protein,signaling and cellular processes,Transporters,,,,,,Membrane;Reference proteome;Transmembrane;Transmembrane helix
g3628,888379,Rv3493c,I6X7G4,CDS,Plasma Membrane,,Mce associated protein,signaling and cellular processes,Transporters,,,,,,Membrane;Reference proteome;Transmembrane;Transmembrane helix
g3629,888376,Rv3494c,I6YC95,CDS,Plasma Membrane,mce4F,Mce family protein Mce4,signaling and cellular processes,Transporters,Environmental Information Processing,Membrane transport,ABC transporters,,,Membrane;Reference proteome;Transmembrane;Transmembrane helix
g3630,888364,Rv3495c,I6Y3P1,CDS,Plasma Membrane,lprN,Lipoprotein LprN,signaling and cellular processes,Transporters,Environmental Information Processing,Membrane transport,ABC transporters,,,Cell membrane;Lipoprotein;Membrane;Palmitate;Reference proteome;Signal;Virulence
g3631,888361,Rv3496c,I6XHD6,CDS,Plasma Membrane,mce4D,Mce family protein Mce4D,signaling and cellular processes,Transporters,Environmental Information Processing,Membrane transport,ABC transporters,,,Reference proteome
g3632,888354,Rv3497c,I6YGB1,CDS,Plasma Membrane,mce4C,Mce family protein Mce4C,signaling and cellular processes,Transporters,Environmental Information Processing,Membrane transport,ABC transporters,,,Membrane;Reference proteome;Transmembrane;Transmembrane helix
g3633,888349,Rv3498c,I6X7G8,CDS,Plasma Membrane,mce4B,Mce family protein Mce4B,signaling and cellular processes,Transporters,Environmental Information Processing,Membrane transport,ABC transporters,,,Membrane;Reference proteome;Transmembrane;Transmembrane helix
g3634,888344,Rv3499c,I6YC99,CDS,Plasma Membrane,mce4A,Mce family protein Mce4A,signaling and cellular processes,Transporters,Environmental Information Processing,Membrane transport,ABC transporters,,,3D-structure;Membrane;Reference proteome;Transmembrane;Transmembrane helix
g3635,888336,Rv3500c,I6Y3P5,CDS,Plasma Membrane,yrbE4B,integral membrane protein,signaling and cellular processes,Transporters,Environmental Information Processing,Membrane transport,ABC transporters,,,Membrane;Reference proteome;Transmembrane;Transmembrane helix
g3636,888320,Rv3501c,O53546,CDS,Plasma Membrane,yrbE4A,integral membrane protein,signaling and cellular processes,Transporters,Environmental Information Processing,Membrane transport,ABC transporters,,,Membrane;Reference proteome;Transmembrane;Transmembrane helix
g3637,887697,Rv3502c,O53547,CDS,Cytoplasmic,chsB1,Hydroxyacyl-CoA dehydrogenase ChsB1,,,Metabolism,Xenobiotics biodegradation and metabolism,Steroid degradation,short-chain dehydrogenases/reductases (SDR) family,Steroid metabolism; cholesterol degradation,3D-structure;Cholesterol metabolism;Lipid metabolism;NAD;Oxidoreductase;Reference proteome;Steroid metabolism;Sterol metabolism
g3638,888311,Rv3503c,I6X7H4,CDS,Cytoplasmic,fdxD,Ferredoxin,,,,,,,,3Fe-4S;Electron transport;Iron;Iron-sulfur;Metal-binding;Reference proteome;Transport
g3639,887722,Rv3504,I6YCA3,CDS,Cytoplasmic,fadE26,Acyl-CoA dehydrogenase FadE26,,,Metabolism,Xenobiotics biodegradation and metabolism,Steroid degradation,acyl-CoA dehydrogenase family,Steroid metabolism; cholesterol degradation,3D-structure;Cholesterol metabolism;FAD;Flavoprotein;Lipid degradation;Lipid metabolism;Oxidoreductase;Reference proteome;Steroid metabolism;Sterol metabolism;Virulence
g3640,888248,Rv3505,I6Y3Q0,CDS,Cytoplasmic,fadE27,Acyl-CoA dehydrogenase FadE27,,,Metabolism,Xenobiotics biodegradation and metabolism,Steroid degradation,acyl-CoA dehydrogenase family,Steroid metabolism; cholesterol degradation,3D-structure;Cholesterol metabolism;FAD;Flavoprotein;Lipid degradation;Lipid metabolism;Oxidoreductase;Reference proteome;Steroid metabolism;Sterol metabolism;Virulence
g3641,888251,Rv3506,O53551,CDS,Cytoplasmic,fadD17,Medium/long-chain-fatty-acid--CoA ligase FadD17,metabolism,Lipid biosynthesis proteins,,,,ATP-dependent AMP-binding enzyme family,Lipid metabolism; fatty acid biosynthesis,ATP-binding;Fatty acid metabolism;Ligase;Lipid metabolism;Nucleotide-binding;Reference proteome
g3642,888256,Rv3507,Q6MWW9,CDS,Cell wall & surface,PE_PGRS53,PE-PGRS family protein PE_PGRS53,,,,,,,,Reference proteome
g3643,888270,Rv3508,O53553,CDS,Extracellular,PE_PGRS54,Uncharacterized PE-PGRS family protein PE_PGRS54,,,,,,mycobacterial PE family. PGRS subfamily,,Reference proteome;Repeat
g3644,888267,Rv3509c,O53554,CDS,Cytoplasmic,ilvX,Putative acetolactate synthase large subunit IlvX,,,Metabolism,Carbohydrate metabolism; Amino acid metabolism; Metabolism of cofactors and vitamins,"Butanoate metabolism; C5-Branched dibasic acid metabolism; Valine, leucine and isoleucine biosynthesis; Pantothenate and CoA biosynthesis",TPP enzyme family,Amino-acid biosynthesis; L-isoleucine biosynthesis; L-isoleucine from 2-oxobutanoate; Amino-acid biosynthesis; L-valine biosynthesis; L-valine from pyruvate,Amino-acid biosynthesis;Branched-chain amino acid biosynthesis;FAD;Flavoprotein;Magnesium;Metal-binding;Reference proteome;Thiamine pyrophosphate;Transferase
g3645,888298,Rv3510c,I6Y3Q7,CDS,Cytoplasmic,,hypothetical protein,,,,,,,,Lyase;Reference proteome
g3646,888273,Rv3511,Q6MWW8,CDS,Extracellular,PE_PGRS55,PE-PGRS family protein PE_PGRS55,,,,,,,,Reference proteome
g3647,888306,Rv3512,Q6MWW7,CDS,Cell wall & surface,PE_PGRS56,PE-PGRS family protein PE_PGRS56,,,,,,,,Reference proteome
g3648,888277,Rv3513c,I6YGC8,CDS,Cytoplasmic,fadD18,fatty-acid--CoA ligase FadD18,,,,,,ATP-dependent AMP-binding enzyme family,,Ligase;Reference proteome
g3649,888294,Rv3514,Q6MWW6,CDS,Extracellular,PE_PGRS57,PE-PGRS family protein PE_PGRS57,,,,,,,,Reference proteome
g3650,888275,Rv3515c,P9WQ51,CDS,Cytoplasmic,fadD19,Medium/long-chain-fatty-acid--CoA/3-oxocholest-4-en-26-oate--CoA ligase,,,Metabolism,Xenobiotics biodegradation and metabolism,Steroid degradation,ATP-dependent AMP-binding enzyme family,Lipid metabolism; fatty acid biosynthesis; Steroid metabolism; cholesterol metabolism,ATP-binding;Cholesterol metabolism;Fatty acid metabolism;Ligase;Lipid metabolism;Nucleotide-binding;Reference proteome;Steroid metabolism;Sterol metabolism
g3651,888301,Rv3516,O53561,CDS,Cytoplasmic,echA19,Enoyl-CoA hydratase EchA19,,,,,,enoyl-CoA hydratase/isomerase family,Steroid metabolism; cholesterol degradation,3D-structure;Cholesterol metabolism;Direct protein sequencing;Lipid degradation;Lipid metabolism;Lyase;Reference proteome;Steroid metabolism;Sterol metabolism
g3652,888284,Rv3517,O53562,CDS,Cytoplasmic,,"Cullin, a subunit of E3 ubiquitin ligase",,,,,,,,Reference proteome
g3653,888282,Rv3518c,P9WPL5,CDS,Cytoplasmic,cyp142,Steroid C26-monooxygenase,metabolism,Cytochrome P450,Metabolism,Xenobiotics biodegradation and metabolism,Steroid degradation,cytochrome P450 family,Steroid metabolism; cholesterol degradation,3D-structure;Cholesterol metabolism;Heme;Iron;Lipid degradation;Lipid metabolism;Metal-binding;Monooxygenase;NADP;Oxidoreductase;Reference proteome;Steroid metabolism;Sterol metabolism;Virulence
g3654,887247,Rv3519,O53564,CDS,Cytoplasmic,,Acetoacetate decarboxylase,,,,,,,,Reference proteome
g3655,887310,Rv3520c,O53565,CDS,Cytoplasmic,,Putative coenzyme F420-dependent oxidoreductase Rv3520c,,,,,,,,Oxidoreductase;Reference proteome
g3656,887209,Rv3521,O53566,CDS,Cytoplasmic,,ChsH2 C-terminal OB-fold domain-containing protein,,,,,,,,Reference proteome
g3657,887885,Rv3522,O53567,CDS,Cytoplasmic,ltp4,lipid transfer protein,,,,,,,,Reference proteome
g3658,888247,Rv3523,I6YGD8,CDS,Cytoplasmic,ltp3,lipid carrier protein,signaling and cellular processes,Exosome,Metabolism; Environmental Information Processing,Carbohydrate metabolism; Energy metabolism; Lipid metabolism; Amino acid metabolism; Metabolism of terpenoids and polyketides; Xenobiotics biodegradation and metabolism; Signal transduction,"Pyruvate metabolism; Glyoxylate and dicarboxylate metabolism; Butanoate metabolism; Other carbon fixation pathways; Fatty acid degradation; Valine, leucine and isoleucine degradation; Lysine degradation; Tryptophan metabolism; Terpenoid backbone biosynthesis; Benzoate degradation; Two-component system",,,Reference proteome
g3659,888250,Rv3524,I6X7J6,CDS,Plasma Membrane,,membrane protein,,,,,,,,Membrane;Reference proteome;Repeat;Transmembrane;Transmembrane helix
g3660,888255,Rv3525c,I6YCB9,CDS,Cytoplasmic,,siderophore-binding protein,,,,,,,,Reference proteome
g3661,888268,Rv3526,P71875,CDS,Cytoplasmic,kshA,"3-ketosteroid-9-alpha-monooxygenase, oxygenase component",,,Metabolism,Xenobiotics biodegradation and metabolism,Steroid degradation,,Lipid metabolism; steroid biosynthesis,2Fe-2S;3D-structure;Cholesterol metabolism;Iron;Iron-sulfur;Lipid degradation;Lipid metabolism;Metal-binding;Oxidoreductase;Reference proteome;Steroid metabolism;Sterol metabolism;Virulence
g3662,888295,Rv3527,I6XHG6,CDS,Cytoplasmic,,hypothetical protein,,,,,,,,Reference proteome
g3663,888297,Rv3528c,I6YGE4,CDS,Plasma Membrane,,Methyltransferase,,,,,,,,Reference proteome
g3664,888324,Rv3529c,I6YCC4,CDS,Cytoplasmic,,Sulfotransferase,,,,,,,,Reference proteome
g3665,888338,Rv3530c,I6Y3S9,CDS,Cytoplasmic,,oxidoreductase,,,,,,,,Oxidoreductase;Reference proteome
g3666,888348,Rv3531c,I6XHH2,CDS,Cytoplasmic,,DUF1214 domain-containing protein,,,,,,,,Reference proteome
g3667,888370,Rv3532,P9WHX9,CDS,Extracellular,PPE61,Uncharacterized PPE family protein PPE61,,,,,,mycobacterial PPE family,,Reference proteome
g3668,888385,Rv3533c,P9WHX7,CDS,Extracellular,PPE62,Uncharacterized PPE family protein PPE62,,,,,,mycobacterial PPE family,,Reference proteome;Signal
g3669,888387,Rv3534c,P9WMK5,CDS,Cytoplasmic,hsaF,4-hydroxy-2-oxohexanoate aldolase,,,Metabolism,Amino acid metabolism; Xenobiotics biodegradation and metabolism,Phenylalanine metabolism; Benzoate degradation; Xylene degradation; Dioxin degradation,4-hydroxy-2-oxovalerate aldolase family,,3D-structure;Aromatic hydrocarbons catabolism;Cobalt;Lyase;Manganese;Metal-binding;Nickel;Reference proteome
g3670,888396,Rv3535c,P9WQH3,CDS,Cytoplasmic,hsaG,Propanal dehydrogenase (CoA-propanoylating),,,Metabolism,Carbohydrate metabolism; Amino acid metabolism; Xenobiotics biodegradation and metabolism,Pyruvate metabolism; Butanoate metabolism; Phenylalanine metabolism; Benzoate degradation; Xylene degradation; Dioxin degradation,acetaldehyde dehydrogenase family,,3D-structure;Aromatic hydrocarbons catabolism;NAD;Oxidoreductase;Reference proteome
g3671,888406,Rv3536c,I6XHH5,CDS,Cytoplasmic,hsaE,hydratase,,,Metabolism,Amino acid metabolism; Xenobiotics biodegradation and metabolism,Phenylalanine metabolism; Benzoate degradation; Xylene degradation; Dioxin degradation,,,Lyase;Reference proteome
g3672,888422,Rv3537,P71864,CDS,Plasma Membrane,kstD,3-oxosteroid 1-dehydrogenase,,,Metabolism,Xenobiotics biodegradation and metabolism,Steroid degradation,FAD-dependent oxidoreductase 2 family. 3-oxosteroid dehydrogenase subfamily,,FAD;Flavoprotein;Lipid degradation;Lipid metabolism;Oxidoreductase;Reference proteome;Steroid metabolism;Virulence
g3673,888426,Rv3538,Q6MWW2,CDS,Cytoplasmic,chsH3,Enoyl-CoA hydratase ChsH3,,,Metabolism,Xenobiotics biodegradation and metabolism,Steroid degradation,enoyl-CoA hydratase/isomerase family,Steroid metabolism; cholesterol degradation,Cholesterol metabolism;Lipid degradation;Lipid metabolism;Lyase;Reference proteome;Steroid metabolism;Sterol metabolism
g3674,888438,Rv3539,P9WHX5,CDS,Extracellular,PPE63,Esterase PPE63,,,,,,mycobacterial PPE family,,Cell membrane;Hydrolase;Membrane;Reference proteome;Secreted;Serine esterase
g3675,888450,Rv3540c,I6Y3T7,CDS,Cytoplasmic,ltp2,17-hydroxy-3-oxo-4-pregnene-20-carboxyl-CoA lyase,,,Metabolism,Xenobiotics biodegradation and metabolism,Steroid degradation,thiolase-like superfamily,Steroid metabolism; cholesterol degradation,Cholesterol metabolism;Lipid metabolism;Lyase;Reference proteome;Steroid metabolism;Sterol metabolism
g3676,888475,Rv3541c,I6XHI0,CDS,Cytoplasmic,chsH1,"3-oxo-4,17-pregnadiene-20-carboxyl-CoA hydratase beta subunit",,,Metabolism,Xenobiotics biodegradation and metabolism,Steroid degradation,thioester dehydratase family,Steroid metabolism; cholesterol degradation,3D-structure;Cholesterol metabolism;Lipid metabolism;Lyase;Reference proteome;Steroid metabolism;Sterol metabolism
g3677,888486,Rv3542c,I6YGF8,CDS,Cytoplasmic,chsH2,"3-oxo-4,17-pregnadiene-20-carboxyl-CoA hydratase alpha subunit",,,Metabolism,Xenobiotics biodegradation and metabolism,Steroid degradation,thioester dehydratase family,Steroid metabolism; cholesterol degradation,3D-structure;Cholesterol metabolism;Lipid metabolism;Lyase;Reference proteome;Steroid metabolism;Sterol metabolism
g3678,888131,Rv3543c,P71858,CDS,Cytoplasmic,fadE29,Acyl-CoA dehydrogenase FadE29,,,Metabolism,Xenobiotics biodegradation and metabolism,Steroid degradation,acyl-CoA dehydrogenase family,Steroid metabolism; cholesterol degradation,Cholesterol metabolism;FAD;Flavoprotein;Lipid degradation;Lipid metabolism;NAD;NADP;Oxidoreductase;Reference proteome;Steroid metabolism;Sterol metabolism;Virulence
g3679,888091,Rv3544c,P71857,CDS,Cytoplasmic,fadE28,Acyl-CoA dehydrogenase FadE28,,,Metabolism,Xenobiotics biodegradation and metabolism,Steroid degradation,acyl-CoA dehydrogenase family,Steroid metabolism; cholesterol degradation,Cholesterol metabolism;FAD;Flavoprotein;Lipid degradation;Lipid metabolism;NAD;NADP;Oxidoreductase;Reference proteome;Steroid metabolism;Sterol metabolism;Virulence
g3680,887782,Rv3545c,P9WPP1,CDS,Cytoplasmic,cyp125,Steroid C26-monooxygenase,metabolism,Cytochrome P450,Metabolism,Xenobiotics biodegradation and metabolism,Steroid degradation,cytochrome P450 family,Steroid metabolism; cholesterol degradation,3D-structure;Cholesterol metabolism;Heme;Iron;Lipid degradation;Lipid metabolism;Metal-binding;Monooxygenase;NAD;Oxidoreductase;Reference proteome;Steroid metabolism;Sterol metabolism;Virulence
g3681,887360,Rv3546,I6XHI4,CDS,Cytoplasmic,fadA5,Steroid 3-ketoacyl-CoA thiolase,,,Metabolism,Lipid metabolism; Amino acid metabolism; Metabolism of terpenoids and polyketides; Xenobiotics biodegradation and metabolism,"Fatty acid degradation; alpha-Linolenic acid metabolism; Valine, leucine and isoleucine degradation; Pinene, camphor and geraniol degradation; Benzoate degradation; Ethylbenzene degradation; Steroid degradation",thiolase-like superfamily. Thiolase family,Steroid metabolism; cholesterol degradation,3D-structure;Acyltransferase;Cholesterol metabolism;Lipid degradation;Lipid metabolism;Reference proteome;Steroid metabolism;Sterol metabolism;Transferase;Virulence
g3682,887496,Rv3547,P9WP15,CDS,Plasma Membrane,ddn,Deazaflavin-dependent nitroreductase,,,,,,F420H(2)-dependent quinone reductase family,,3D-structure;Cell membrane;Membrane;Oxidoreductase;Reference proteome
g3683,887452,Rv3548c,P71853,CDS,Cytoplasmic,,short-chain type dehydrogenase/reductase,,,Metabolism,Xenobiotics biodegradation and metabolism,Steroid degradation,short-chain dehydrogenases/reductases (SDR) family,,Oxidoreductase;Reference proteome
g3684,887849,Rv3549c,I6YCE1,CDS,Cytoplasmic,,short-chain type dehydrogenase/reductase,,,,,,short-chain dehydrogenases/reductases (SDR) family,,Oxidoreductase;Reference proteome
g3685,888232,Rv3550,I6Y3U6,CDS,Cytoplasmic,echA20,"(7aS)-7a-methyl-1,5-dioxo-2,3,5,6,7,7a-hexahydro-1H-indene-carboxyl-CoA hydrolase",,,Metabolism,Xenobiotics biodegradation and metabolism,Steroid degradation,enoyl-CoA hydratase/isomerase family,Steroid metabolism; cholesterol degradation,Cholesterol metabolism;Lipid metabolism;Lyase;Reference proteome;Steroid metabolism;Sterol metabolism
g3686,887235,Rv3551,P9WPW1,CDS,Cytoplasmic,ipdA,Cholesterol ring-cleaving hydrolase IpdA subunit,,,Metabolism,Xenobiotics biodegradation and metabolism,Steroid degradation,3-oxoacid CoA-transferase subunit A family,Steroid metabolism; cholesterol degradation,3D-structure;Cholesterol metabolism;Lipid metabolism;Lyase;Reference proteome;Steroid metabolism;Sterol metabolism
g3687,887453,Rv3552,P9WPV9,CDS,Cytoplasmic,ipdB,Cholesterol ring-cleaving hydrolase IpdB subunit,,,Metabolism,Xenobiotics biodegradation and metabolism,Steroid degradation,3-oxoacid CoA-transferase subunit B family,Steroid metabolism; cholesterol degradation,3D-structure;Cholesterol metabolism;Lipid metabolism;Lyase;Reference proteome;Steroid metabolism;Sterol metabolism
g3688,887190,Rv3553,P71847,CDS,Cytoplasmic,ipdC,"(3aS,4S,5R,7aS)-5-hydroxy-7a-methyl-1-oxo-octahydro-1H-indene-4-carboxyl-CoA dehydrogenase",,,Metabolism,Xenobiotics biodegradation and metabolism,Steroid degradation,nitronate monooxygenase family,Steroid metabolism; cholesterol degradation,Cholesterol metabolism;Flavoprotein;FMN;Lipid metabolism;NAD;Nucleotide-binding;Oxidoreductase;Reference proteome;Steroid metabolism;Sterol metabolism
g3689,887221,Rv3554,P71846,CDS,Plasma Membrane,fdxB,electron transfer protein FdxB,,,,,,,,2Fe-2S;FAD;Flavoprotein;Iron;Iron-sulfur;Membrane;Metal-binding;Oxidoreductase;Reference proteome;Transmembrane;Transmembrane helix
g3690,887952,Rv3555c,P96837,CDS,Cytoplasmic,,hypothetical protein,,,,,,,,Reference proteome
g3691,887285,Rv3556c,I6XHJ3,CDS,Cytoplasmic,fadA6,Steroid 3-ketoacyl-CoA thiolase FadA6,,,Metabolism,Lipid metabolism; Amino acid metabolism; Metabolism of terpenoids and polyketides; Xenobiotics biodegradation and metabolism,"Fatty acid degradation; alpha-Linolenic acid metabolism; Valine, leucine and isoleucine degradation; Pinene, camphor and geraniol degradation; Benzoate degradation; Ethylbenzene degradation; Steroid degradation",thiolase-like superfamily. Thiolase family,Steroid metabolism; cholesterol degradation,Acyltransferase;Cholesterol metabolism;Direct protein sequencing;Lipid metabolism;Reference proteome;Steroid metabolism;Sterol metabolism;Transferase
g3692,887467,Rv3557c,P9WMB9,CDS,Cytoplasmic,kstR2,HTH-type transcriptional repressor KstR2,genetic information processing,Transcription factors,,,,,,3D-structure;DNA-binding;Reference proteome;Repressor;Transcription;Transcription regulation
g3693,887822,Rv3558,Q6MWW0,CDS,Extracellular,PPE64,PPE family protein PPE64,,,,,,mycobacterial PPE family,,Reference proteome
g3694,887897,Rv3559c,I6YCF0,CDS,Cytoplasmic,ipdF,"(5R,7aS)-5-hydroxy-7a-methyl-1-oxo-2,3,5,6,7,7a-hexahydro-1H-indene-carboxyl-CoA reductase",,,Metabolism,Lipid metabolism; Xenobiotics biodegradation and metabolism,Fatty acid biosynthesis; Steroid degradation,short-chain dehydrogenases/reductases (SDR) family,Steroid metabolism; cholesterol degradation,Cholesterol metabolism;Lipid metabolism;NAD;Oxidoreductase;Reference proteome;Steroid metabolism;Sterol metabolism
g3695,887838,Rv3560c,I6Y3V5,CDS,Cytoplasmic,ipdE1,Acyl-CoA dehydrogenase IpdE1,,,Metabolism,Xenobiotics biodegradation and metabolism,Steroid degradation,acyl-CoA dehydrogenase family,Steroid metabolism; cholesterol degradation,Cholesterol metabolism;FAD;Flavoprotein;Lipid metabolism;Oxidoreductase;Reference proteome;Steroid metabolism;Sterol metabolism
g3696,887244,Rv3561,P96843,CDS,Cytoplasmic,fadD3,"3-[(3aS,4S,7aS)-7a-methyl-1,5-dioxo-octahydro-1H-inden-4-yl]propanoyl:CoA ligase",,,Metabolism,Xenobiotics biodegradation and metabolism,Steroid degradation,ATP-dependent AMP-binding enzyme family,,ATP-binding;Cholesterol metabolism;Ligase;Lipid metabolism;Nucleotide-binding;Reference proteome;Steroid metabolism;Sterol metabolism
g3697,887884,Rv3562,I6YGH7,CDS,Cytoplasmic,fadE31,acyl-CoA dehydrogenase FadE31,,,Metabolism,Xenobiotics biodegradation and metabolism,Steroid degradation,acyl-CoA dehydrogenase family,,FAD;Flavoprotein;Oxidoreductase;Reference proteome
g3698,887818,Rv3563,P96845,CDS,Cytoplasmic,fadE32,acyl-CoA dehydrogenase FadE32,,,Metabolism,Xenobiotics biodegradation and metabolism,Steroid degradation,acyl-CoA dehydrogenase family,,FAD;Flavoprotein;Oxidoreductase;Reference proteome
g3699,888458,Rv3564,I6YCF5,CDS,Cytoplasmic,ipdE2,Acyl-CoA dehydrogenase IpdE2,,,Metabolism,Xenobiotics biodegradation and metabolism,Steroid degradation,acyl-CoA dehydrogenase family,Steroid metabolism; cholesterol degradation,Cholesterol metabolism;FAD;Flavoprotein;Lipid metabolism;Oxidoreductase;Reference proteome;Steroid metabolism;Sterol metabolism
g3700,888305,Rv3565,P96847,CDS,Cytoplasmic,aspB,Valine--pyruvate aminotransferase,,,,,,class-I pyridoxal-phosphate-dependent aminotransferase family,,3D-structure;Aminotransferase;Pyridoxal phosphate;Reference proteome;Transferase
g3701,3205089,Rv3566A,I6YGI1,CDS,Extracellular,,Arylamine N-acetyltransferase,,,,,,,,Reference proteome
g3702,888005,Rv3566c,P9WJI5,CDS,Cytoplasmic,nat,Arylamine N-acetyltransferase,,,Metabolism,Biosynthesis of other secondary metabolites; Xenobiotics biodegradation and metabolism,Caffeine metabolism; Nitrotoluene degradation; Drug metabolism - other enzymes,arylamine N-acetyltransferase family,,Acyltransferase;Antibiotic resistance;Reference proteome;Transferase
g3703,887525,Rv3567c,P9WND9,CDS,Cytoplasmic,hsaB,"Flavin-dependent monooxygenase, reductase subunit HsaB",,,Metabolism,Xenobiotics biodegradation and metabolism,Steroid degradation,non-flavoprotein flavin reductase family,Lipid metabolism; steroid biosynthesis,Aromatic hydrocarbons catabolism;FAD;Flavoprotein;FMN;Lipid degradation;Lipid metabolism;NAD;Oxidoreductase;Reference proteome;Steroid metabolism
g3704,887886,Rv3568c,P9WNW7,CDS,Cytoplasmic,hsaC,Iron-dependent extradiol dioxygenase,,,Metabolism,Xenobiotics biodegradation and metabolism,Steroid degradation,extradiol ring-cleavage dioxygenase family,Steroid metabolism; cholesterol metabolism,3D-structure;Aromatic hydrocarbons catabolism;Cholesterol metabolism;Dioxygenase;Iron;Lipid degradation;Lipid metabolism;Metal-binding;Oxidoreductase;Reference proteome;Repeat;Steroid metabolism;Sterol metabolism
g3705,887378,Rv3569c,P9WNH5,CDS,Cytoplasmic,hsaD,"4,5:9,10-diseco-3-hydroxy-5,9,17-trioxoandrosta-1(10),2-diene-4-oate hydrolase",,,Metabolism,Xenobiotics biodegradation and metabolism,Steroid degradation,AB hydrolase superfamily. HsaD family,Lipid metabolism; steroid biosynthesis,3D-structure;Aromatic hydrocarbons catabolism;Hydrolase;Lipid degradation;Lipid metabolism;Reference proteome
g3706,887241,Rv3570c,P9WJA1,CDS,Cytoplasmic,hsaA,"Flavin-dependent monooxygenase, oxygenase subunit HsaA",,,Metabolism,Xenobiotics biodegradation and metabolism,Steroid degradation,HpaH/HsaA monooxygenase family,Lipid metabolism; steroid biosynthesis,3D-structure;Aromatic hydrocarbons catabolism;FAD;Flavoprotein;FMN;Lipid degradation;Lipid metabolism;Monooxygenase;Oxidoreductase;Reference proteome;Steroid metabolism
g3707,887315,Rv3571,P9WJ93,CDS,Cytoplasmic,hmp,"3-ketosteroid-9-alpha-monooxygenase, ferredoxin reductase component",,,Metabolism,Xenobiotics biodegradation and metabolism,Steroid degradation,,Lipid metabolism; steroid biosynthesis,2Fe-2S;Cholesterol metabolism;FAD;Flavoprotein;Iron;Iron-sulfur;Lipid degradation;Lipid metabolism;Metal-binding;Oxidoreductase;Reference proteome;Steroid metabolism;Sterol metabolism;Virulence
g3708,887227,Rv3572,I6X7P2,CDS,Extracellular,,Secreted protein,,,,,,,,Reference proteome;Signal
g3709,887843,Rv3573c,P96855,CDS,Cytoplasmic,fadE34,Acyl-CoA dehydrogenase FadE34,,,Metabolism,Xenobiotics biodegradation and metabolism,Steroid degradation,acyl-CoA dehydrogenase family,Steroid metabolism; cholesterol degradation,Cholesterol metabolism;FAD;Flavoprotein;Lipid degradation;Lipid metabolism;Oxidoreductase;Reference proteome;Steroid metabolism;Sterol metabolism;Virulence
g3710,887204,Rv3574,P96856,CDS,Cytoplasmic,kstR,HTH-type transcriptional repressor KstR,genetic information processing,Transcription factors,,,,,,3D-structure;DNA-binding;Reference proteome;Repressor;Transcription;Transcription regulation
g3711,888084,Rv3575c,P96857,CDS,Cytoplasmic,,HTH-type transcriptional regulator Rv3575c,,,,,,,,DNA-binding;Reference proteome;Repressor;Transcription;Transcription regulation
g3712,888444,Rv3576,I6YGJ4,CDS,Plasma Membrane,lppH,lipoprotein LppH,,,,,,,,Lipoprotein;Reference proteome;Signal
g3713,888442,Rv3577,P96859,CDS,Cytoplasmic,,MBL fold metallo-hydrolase,,,,,,,,Reference proteome
g3714,888329,Rv3578,I6YCG9,CDS,Plasma Membrane,arsB2,arsenic transport integral membrane protein ArsB,signaling and cellular processes,Transporters,,,,ArsB family; CitM (TC 2.A.11) transporter family,,Arsenical resistance;Cell membrane;Membrane;Reference proteome;Transmembrane;Transmembrane helix;Transport
g3715,888317,Rv3579c,P9WFY5,CDS,Cytoplasmic,,Uncharacterized tRNA/rRNA methyltransferase Rv3579c,genetic information processing,Ribosome biogenesis,,,,class IV-like SAM-binding methyltransferase superfamily. RNA methyltransferase TrmH family,,Methyltransferase;Reference proteome;S-adenosyl-L-methionine;Transferase
g3716,888628,Rv3580c,P9WFW1,CDS,Cytoplasmic,cysS,Cysteine--tRNA ligase,metabolism; genetic information processing,Amino acid related enzymes; Transfer RNA biogenesis,Genetic Information Processing,Translation,Aminoacyl-tRNA biosynthesis,class-I aminoacyl-tRNA synthetase family,,Aminoacyl-tRNA synthetase;ATP-binding;Cytoplasm;Ligase;Metal-binding;Nucleotide-binding;Protein biosynthesis;Reference proteome;Zinc
g3717,888221,Rv3581c,P9WKG5,CDS,Cytoplasmic,ispF,"2-C-methyl-D-erythritol 2,4-cyclodiphosphate synthase",,,Metabolism,Metabolism of terpenoids and polyketides,Terpenoid backbone biosynthesis,IspF family,Isoprenoid biosynthesis; isopentenyl diphosphate biosynthesis via DXP pathway; isopentenyl diphosphate from 1-deoxy-D-xylulose 5-phosphate,Isoprene biosynthesis;Lyase;Metal-binding;Reference proteome
g3718,887787,Rv3582c,P9WKG9,CDS,Cytoplasmic,ispD,2-C-methyl-D-erythritol 4-phosphate cytidylyltransferase,,,Metabolism,Metabolism of terpenoids and polyketides,Terpenoid backbone biosynthesis,IspD/TarI cytidylyltransferase family. IspD subfamily,Isoprenoid biosynthesis; isopentenyl diphosphate biosynthesis via DXP pathway; isopentenyl diphosphate from 1-deoxy-D-xylulose 5-phosphate,3D-structure;Isoprene biosynthesis;Nucleotidyltransferase;Reference proteome;Transferase
g3719,887854,Rv3583c,P9WJG3,CDS,Cytoplasmic,carD,RNA polymerase-binding transcription factor CarD,genetic information processing,Transcription factors,,,,CarD family,,3D-structure;Reference proteome;Virulence
g3720,887254,Rv3584,P9WK63,CDS,Plasma Membrane,lpqE,Putative lipoprotein LpqE,,,,,,,,Cell membrane;Lipoprotein;Membrane;Palmitate;Reference proteome;Signal
g3721,887287,Rv3585,P9WHJ9,CDS,Cytoplasmic,radA,DNA repair protein RadA,genetic information processing,DNA repair and recombination proteins,,,,RecA family. RadA subfamily,,ATP-binding;DNA damage;DNA repair;DNA-binding;Hydrolase;Metal-binding;Nucleotide-binding;Reference proteome;Stress response;Zinc;Zinc-finger
g3722,887485,Rv3586,P9WNW5,CDS,Cytoplasmic,disA,DNA integrity scanning protein DisA,,,,,,DisA family,,ATP-binding;DNA damage;DNA repair;DNA-binding;Magnesium;Manganese;Nucleotide-binding;Nucleotidyltransferase;Reference proteome;Transferase
g3723,888057,Rv3587c,O53572,CDS,Plasma Membrane,,membrane protein,,,,,,,,Membrane;Reference proteome;Transmembrane;Transmembrane helix
g3724,887836,Rv3588c,P9WPJ9,CDS,Cytoplasmic,mtcA2,Carbonic anhydrase 2,,,Metabolism,Energy metabolism,Nitrogen metabolism,beta-class carbonic anhydrase family,,3D-structure;Lyase;Metal-binding;Reference proteome;Zinc
g3725,886639,Rv3589,P9WQ09,CDS,Cytoplasmic,mutY,Adenine DNA glycosylase,genetic information processing,DNA repair and recombination proteins,Genetic Information Processing,Replication and repair,Base excision repair,Nth/MutY family,,4Fe-4S;DNA damage;DNA repair;Glycosidase;Hydrolase;Iron;Iron-sulfur;Metal-binding;Reference proteome
g3726,887874,Rv3590c,I6XHM5,CDS,Extracellular,PE_PGRS58,PE-PGRS family protein PE_PGRS58,,,,,,,,Reference proteome
g3727,886316,Rv3591c,I6YGL1,CDS,Cytoplasmic,,hydrolase,,,,,,,,Hydrolase;Reference proteome
g3728,886278,Rv3592,P9WKH3,CDS,Cytoplasmic,mhuD,Heme oxygenase (mycobilin-producing),,,,,,antibiotic biosynthesis monooxygenase family,,3D-structure;Heme;Iron;Metal-binding;Monooxygenase;Oxidoreductase;Reference proteome
g3729,886290,Rv3593,O06155,CDS,Extracellular,lpqF,lipoprotein LpqF,,,,,,,,Lipoprotein;Reference proteome;Signal
g3730,885659,Rv3594,I6Y3Z2,CDS,Cytoplasmic,,N-acetylmuramoyl-L-alanine amidase domain-containing protein,,,,,,,,Reference proteome
g3731,885464,Rv3595c,Q6MWV6,CDS,Extracellular,PE_PGRS59,PE-PGRS family protein PE_PGRS59,,,,,,,,Reference proteome
g3732,885104,Rv3596c,P9WPC9,CDS,Cytoplasmic,clpC1,ATP-dependent Clp protease ATP-binding subunit ClpC1,genetic information processing,Chaperones and folding catalysts,,,,ClpA/ClpB family. ClpC subfamily,,3D-structure;ATP-binding;Chaperone;Nucleotide-binding;Reference proteome;Repeat
g3733,885580,Rv3597c,P9WIP7,CDS,Cytoplasmic,lsr2,Nucleoid-associated protein Lsr2,genetic information processing,Chromosome and associated proteins,,,,Lsr2 family,,3D-structure;Cytoplasm;DNA-binding;Reference proteome;Repressor;Transcription;Transcription regulation;Virulence
g3734,885574,Rv3598c,P9WFU9,CDS,Cytoplasmic,lysS1,Lysine--tRNA ligase 1,metabolism; genetic information processing,Amino acid related enzymes; Transfer RNA biogenesis,Genetic Information Processing,Translation,Aminoacyl-tRNA biosynthesis,class-II aminoacyl-tRNA synthetase family,,3D-structure;Aminoacyl-tRNA synthetase;ATP-binding;Cytoplasm;Ligase;Magnesium;Metal-binding;Nucleotide-binding;Protein biosynthesis;Reference proteome
g3735,,Rv3599c,O06283,CDS,Extracellular,,Hypothetical short protein,,,,,,,,Reference proteome
g3736,885572,Rv3600c,P9WPA1,CDS,Cytoplasmic,coaX,Type III pantothenate kinase,,,Metabolism,Metabolism of cofactors and vitamins,Pantothenate and CoA biosynthesis,type III pantothenate kinase family,Cofactor biosynthesis; coenzyme A biosynthesis; CoA from (R)-pantothenate,3D-structure;ATP-binding;Coenzyme A biosynthesis;Cytoplasm;Kinase;Metal-binding;Nucleotide-binding;Potassium;Reference proteome;Transferase
g3737,885596,Rv3601c,P9WIL3,CDS,Cytoplasmic,panD,Aspartate 1-decarboxylase,,,Metabolism,Metabolism of other amino acids; Metabolism of cofactors and vitamins,beta-Alanine metabolism; Pantothenate and CoA biosynthesis,PanD family,Cofactor biosynthesis; (R)-pantothenate biosynthesis; beta-alanine from L-aspartate,3D-structure;Autocatalytic cleavage;Cytoplasm;Decarboxylase;Direct protein sequencing;Lyase;Pantothenate biosynthesis;Pyruvate;Reference proteome;Schiff base;Virulence;Zymogen
g3738,885459,Rv3602c,P9WIL5,CDS,Cytoplasmic,panC,Pantothenate synthetase,,,Metabolism,Metabolism of other amino acids; Metabolism of cofactors and vitamins,beta-Alanine metabolism; Pantothenate and CoA biosynthesis,pantothenate synthetase family,Cofactor biosynthesis; (R)-pantothenate biosynthesis; (R)-pantothenate from (R)-pantoate and beta-alanine,3D-structure;Acetylation;ATP-binding;Cytoplasm;Direct protein sequencing;Ligase;Magnesium;Metal-binding;Nucleotide-binding;Pantothenate biosynthesis;Reference proteome;Virulence
g3739,885583,Rv3603c,O06279,CDS,Cytoplasmic,,hypothetical protein,,,,,,,,Reference proteome
g3740,885232,Rv3604c,O06278,CDS,Cytoplasmic,,transmembrane protein,,,,,,,,Membrane;Reference proteome;Transmembrane;Transmembrane helix
g3741,885844,Rv3605c,O06277,CDS,Plasma Membrane,,hypothetical protein,,,,,,,,Membrane;Reference proteome;Transmembrane;Transmembrane helix
g3742,885848,Rv3606c,P9WNC7,CDS,Cytoplasmic,folK,2-amino-4-hydroxy-6-hydroxymethyldihydropteridine pyrophosphokinase,,,Metabolism,Metabolism of cofactors and vitamins,Folate biosynthesis,HPPK family,"Cofactor biosynthesis; tetrahydrofolate biosynthesis; 2-amino-4-hydroxy-6-hydroxymethyl-7,8-dihydropteridine diphosphate from 7,8-dihydroneopterin triphosphate",ATP-binding;Folate biosynthesis;Kinase;Nucleotide-binding;Reference proteome;Transferase
g3743,885345,Rv3607c,P9WNC5,CDS,Cytoplasmic,folB,Dihydroneopterin aldolase,,,Metabolism,Metabolism of cofactors and vitamins,Folate biosynthesis,DHNA family,"Cofactor biosynthesis; tetrahydrofolate biosynthesis; 2-amino-4-hydroxy-6-hydroxymethyl-7,8-dihydropteridine diphosphate from 7,8-dihydroneopterin triphosphate",3D-structure;Encapsulin nanocompartment;Folate biosynthesis;Isomerase;Lyase;Oxidoreductase;Reference proteome
g3744,885831,Rv3608c,P9WND1,CDS,Cytoplasmic,folP1,Dihydropteroate synthase,,,Metabolism,Metabolism of cofactors and vitamins,Folate biosynthesis,DHPS family,"Cofactor biosynthesis; tetrahydrofolate biosynthesis; 7,8-dihydrofolate from 2-amino-4-hydroxy-6-hydroxymethyl-7,8-dihydropteridine diphosphate and 4-aminobenzoate",3D-structure;Folate biosynthesis;Magnesium;Metal-binding;Reference proteome;Transferase
g3745,885346,Rv3609c,P9WN57,CDS,Cytoplasmic,folE,GTP cyclohydrolase 1,,,Metabolism,Metabolism of cofactors and vitamins,Folate biosynthesis,GTP cyclohydrolase I family,"Cofactor biosynthesis; 7,8-dihydroneopterin triphosphate biosynthesis; 7,8-dihydroneopterin triphosphate from GTP",3D-structure;GTP-binding;Hydrolase;Metal-binding;Nucleotide-binding;One-carbon metabolism;Reference proteome;Zinc
g3746,885732,Rv3610c,P9WQN3,CDS,Plasma Membrane,ftsH,ATP-dependent zinc metalloprotease FtsH,metabolism; genetic information processing,Peptidases and inhibitors; Chaperones and folding catalysts,,,,In the central section; belongs to the AAA ATPase family; In the C-terminal section; belongs to the peptidase M41 family,,ATP-binding;Cell membrane;Hydrolase;Membrane;Metal-binding;Metalloprotease;Nucleotide-binding;Protease;Reference proteome;Transmembrane;Transmembrane helix;Zinc
g3747,,Rv3611,O06272,CDS,Cytoplasmic,,Hypothetical arginine and proline rich protein,,,,,,,,Reference proteome
g3748,885381,Rv3612c,I6YGR2,CDS,Extracellular,,hypothetical protein,,,,,,,,Reference proteome
g3749,885124,Rv3613c,O06270,CDS,Extracellular,,hypothetical protein,,,,,,,,Reference proteome
g3750,885777,Rv3614c,P9WJD5,CDS,Extracellular,espD,ESX-1 secretion-associated protein EspD,signaling and cellular processes,Secretion system,,,,,,Reference proteome;Secreted;Virulence
g3751,885770,Rv3615c,P9WJD7,CDS,Extracellular,espC,ESX-1 secretion-associated protein EspC,signaling and cellular processes,Secretion system,,,,EspC family,,Acetylation;Reference proteome;Secreted;Virulence
g3752,885377,Rv3616c,P9WJE1,CDS,Extracellular,espA,ESX-1 secretion-associated protein EspA,signaling and cellular processes,Secretion system,,,,,,Disulfide bond;Reference proteome;Secreted;Virulence
g3753,885769,Rv3617,I6YGS0,CDS,Cytoplasmic,ephA,Epoxide hydrolase A,metabolism,Peptidases and inhibitors,,,,AB hydrolase superfamily. Epoxide hydrolase family,,Detoxification;Hydrolase;Reference proteome
g3754,885276,Rv3618,I6X7W8,CDS,Cytoplasmic,,monooxygenase,,,Metabolism,Metabolism of terpenoids and polyketides,Limonene degradation,bacterial luciferase oxidoreductase family,,Flavoprotein;Monooxygenase;Oxidoreductase;Reference proteome
g3755,885328,Rv3619c,P0DOA7,CDS,Extracellular,esxV,ESAT-6-like protein EsxV,signaling and cellular processes,Secretion system,Human Diseases,Infectious disease: bacterial,Tuberculosis,WXG100 family. ESAT-6 subfamily,,Reference proteome;Secreted;Virulence
g3756,885787,Rv3620c,P9WNI3,CDS,Extracellular,esxW,ESAT-6-like protein EsxW,signaling and cellular processes,Secretion system,Human Diseases,Infectious disease: bacterial,Tuberculosis,WXG100 family. CFP-10 subfamily,,Reference proteome;Secreted
g3757,885097,Rv3621c,P9WHX3,CDS,Extracellular,PPE65,Uncharacterized PPE family protein PPE65,,,,,,mycobacterial PPE family,,Reference proteome
g3758,885712,Rv3622c,I6YGS7,CDS,Extracellular,PE32,PE family protein PE32,,,,,,,,Reference proteome
g3759,885233,Rv3623,I6X7X3,CDS,Plasma Membrane,lpqG,lipoprotein LpqG,,,,,,,,Lipoprotein;Reference proteome;Signal
g3760,885398,Rv3624c,P9WHQ9,CDS,Cytoplasmic,hpt,Hypoxanthine-guanine phosphoribosyltransferase,,,Metabolism,Nucleotide metabolism; Xenobiotics biodegradation and metabolism,Purine metabolism; Drug metabolism - other enzymes,purine/pyrimidine phosphoribosyltransferase family,Purine metabolism; IMP biosynthesis via salvage pathway; IMP from hypoxanthine; Purine metabolism; GMP biosynthesis via salvage pathway; GMP from guanine,3D-structure;Cytoplasm;Glycosyltransferase;Magnesium;Metal-binding;Nucleotide-binding;Purine salvage;Reference proteome;Transferase
g3761,885409,Rv3625c,P9WG53,CDS,Cytoplasmic,tilS,tRNA(Ile)-lysidine synthase,genetic information processing,Transfer RNA biogenesis,,,,tRNA(Ile)-lysidine synthase family,,ATP-binding;Cytoplasm;Ligase;Nucleotide-binding;Reference proteome;tRNA processing
g3762,885792,Rv3626c,O06381,CDS,Cytoplasmic,,Hydrolase,,,,,,,,Reference proteome
g3763,885728,Rv3627c,O06380,CDS,Plasma Membrane,,Carboxypeptidase Rv3627c,metabolism,Peptidases and inhibitors; Peptidoglycan biosynthesis and degradation proteins,Metabolism,Glycan biosynthesis and metabolism,Peptidoglycan biosynthesis,peptidase S13 family,,Carboxypeptidase;Cell wall biogenesis/degradation;Hydrolase;Protease;Reference proteome;Signal
g3764,885775,Rv3628,P9WI55,CDS,Cytoplasmic,ppa,Inorganic pyrophosphatase,,,Metabolism,Energy metabolism,Oxidative phosphorylation,PPase family,,3D-structure;Cytoplasm;Hydrolase;Magnesium;Metal-binding;Reference proteome;Secreted
g3765,885351,Rv3629c,O06378,CDS,Plasma Membrane,,integral membrane protein,,,,,,,,Membrane;Reference proteome;Transmembrane;Transmembrane helix
g3766,885802,Rv3630,P9WKX9,CDS,Plasma Membrane,,Uncharacterized protein Rv3630,,,,,,To M.tuberculosis Rv1510 and M.bovis Mb3654,,Cell membrane;Membrane;Reference proteome;Transmembrane;Transmembrane helix
g3767,885314,Rv3631,O06376,CDS,Plasma Membrane,,transferase,,,,,,glycosyltransferase 2 family,,Reference proteome;Transferase
g3768,885711,Rv3632,I6YGT7,CDS,Plasma Membrane,,membrane protein,,,,,,,,Membrane;Reference proteome;Transmembrane;Transmembrane helix
g3769,885252,Rv3633,P9WI89,CDS,Cytoplasmic,,Uncharacterized protein Rv3633,,,,,,PhyH family,,Reference proteome
g3770,885765,Rv3634c,P9WN67,CDS,Cytoplasmic,galE1,UDP-glucose 4-epimerase,,,Metabolism,Carbohydrate metabolism; Glycan biosynthesis and metabolism,Galactose metabolism; Amino sugar and nucleotide sugar metabolism,NAD(P)-dependent epimerase/dehydratase family,Carbohydrate metabolism; galactose metabolism,3D-structure;Carbohydrate metabolism;Galactose metabolism;Isomerase;NAD;Reference proteome
g3771,885675,Rv3635,I6Y460,CDS,Plasma Membrane,,transmembrane protein,,,,,,,,Membrane;Reference proteome;Transmembrane;Transmembrane helix
g3772,,Rv3636,O06371,CDS,Cytoplasmic,,Possible transposase,,,,,,,,Reference proteome
g3773,,Rv3637,O06370,CDS,Cytoplasmic,,Possible transposase,,,,,,,,Reference proteome
g3774,885803,Rv3638,I6XHU7,CDS,Cytoplasmic,,transposase,,,,,,,,Reference proteome
g3775,885244,Rv3639c,I6YGU1,CDS,Extracellular,,hypothetical protein,,,,,,,,Reference proteome
g3776,885324,Rv3640c,O06367,CDS,Cytoplasmic,,Mutator family transposase,,,,,,transposase mutator family,,DNA recombination;DNA-binding;Reference proteome;Transposable element;Transposition
g3777,885540,Rv3641c,I6YCN3,CDS,Cytoplasmic,fic,protein adenylyltransferase,genetic information processing,Chromosome and associated proteins,,,,,,ATP-binding;Nucleotide-binding;Nucleotidyltransferase;Reference proteome;Transferase
g3778,885220,Rv3642c,I6Y464,CDS,Cytoplasmic,,Antitoxin VbhA domain-containing protein,,,,,,,,Reference proteome
g3779,885600,Rv3643,O06364,CDS,Cytoplasmic,,hypothetical protein,,,,,,,,Reference proteome
g3780,885553,Rv3644c,O06363,CDS,Cytoplasmic,,DNA polymerase III subunit delta',genetic information processing,DNA replication proteins; DNA repair and recombination proteins,Genetic Information Processing,Replication and repair,DNA replication; Mismatch repair; Homologous recombination,,,Coiled coil;DNA replication;DNA-directed DNA polymerase;Nucleotidyltransferase;Reference proteome;Transferase
g3781,885620,Rv3645,I6X7Z3,CDS,Plasma Membrane,,transmembrane protein,,,Metabolism,Nucleotide metabolism,Purine metabolism,adenylyl cyclase class-3 family,,Cell membrane;Membrane;Reference proteome;Transmembrane;Transmembrane helix
g3782,885608,Rv3646c,P9WG49,CDS,Cytoplasmic,topA,DNA topoisomerase 1,genetic information processing,DNA replication proteins; DNA repair and recombination proteins,,,,type IA topoisomerase family,,3D-structure;DNA-binding;Isomerase;Magnesium;Metal-binding;Reference proteome;Topoisomerase
g3783,885217,Rv3647c,I6Y469,CDS,Cytoplasmic,,hypothetical protein,,,,,,,,Reference proteome
g3784,885837,Rv3648c,P9WP75,CDS,Cytoplasmic,cspA,Probable cold shock protein A,,,,,,,,Activator;Cytoplasm;DNA-binding;Reference proteome;Transcription;Transcription regulation
g3785,885841,Rv3649,O06359,CDS,Cytoplasmic,,helicase,,,,,,,,ATP-binding;Helicase;Hydrolase;Nucleotide-binding;Reference proteome
g3786,885832,Rv3650,I6X7Z8,CDS,Extracellular,PE33,PE family protein PE33,,,,,,,,Reference proteome
g3787,885296,Rv3651,I6YCP0,CDS,Cytoplasmic,,Triple sensor-domain protein Rv3651,,,,,,,,3D-structure;Reference proteome;Repeat
g3788,886260,Rv3652,Q6MWV1,CDS,Extracellular,PE_PGRS60,PE-PGRS family protein PE_PGRS60,,,,,,mycobacterial PE family. PGRS subfamily,,Reference proteome
g3789,886259,Rv3653,Q6MWV0,CDS,Extracellular,PE_PGRS61,PE-PGRS family protein PE_PGRS61,,,,,,mycobacterial PE family. PGRS subfamily,,Calcium;Cell wall;Reference proteome;Secreted
g3790,885612,Rv3654c,O69622,CDS,Extracellular,,Apoptosis inhibitor Rv3654c,,,,,,,,Host cytoplasm;Reference proteome;Secreted;Signal;Virulence
g3791,885614,Rv3655c,O69623,CDS,Extracellular,,Apoptosis inhibitor Rv3655c,,,,,,,,Host cytoplasm;Reference proteome;Secreted;Signal;Virulence
g3792,885624,Rv3656c,O69624,CDS,Extracellular,,DUF4244 domain-containing protein,,,,,,,,Membrane;Reference proteome;Transmembrane;Transmembrane helix
g3793,885619,Rv3657c,O69625,CDS,Plasma Membrane,,membrane protein,signaling and cellular processes,Secretion system,Environmental Information Processing,Signal transduction,Two-component system,,,Cell membrane;Membrane;Reference proteome;Transmembrane;Transmembrane helix
g3794,885618,Rv3658c,I6Y479,CDS,Plasma Membrane,,transmembrane protein,signaling and cellular processes,Secretion system,Environmental Information Processing,Signal transduction,Two-component system,,,Cell membrane;Membrane;Reference proteome;Transmembrane;Transmembrane helix
g3795,885627,Rv3659c,P9WMT3,CDS,Cytoplasmic,,Putative conjugal transfer protein Rv3659c,signaling and cellular processes,Secretion system; Bacterial motility proteins,Environmental Information Processing,Signal transduction,Two-component system,GSP E family,,ATP-binding;Conjugation;Cytoplasm;Nucleotide-binding;Reference proteome;Transport
g3796,885319,Rv3660c,P9WKX7,CDS,Cytoplasmic,,Uncharacterized protein Rv3660c,,,,,,,,Reference proteome
g3797,885316,Rv3661,P9WGJ1,CDS,Plasma Membrane,,Probable phosphatase Rv3661,,,,,,HAD-like hydrolase superfamily. SerB family,,Cell membrane;Hydrolase;Magnesium;Membrane;Metal-binding;Reference proteome;Transmembrane;Transmembrane helix
g3798,885178,Rv3662c,I6YCP7,CDS,Cytoplasmic,,Fido domain-containing protein,,,,,,,,Reference proteome
g3799,885039,Rv3663c,I6Y482,CDS,Plasma Membrane,dppD,dipeptide ABC transporter ATP-binding protein DppD,signaling and cellular processes,Transporters,Environmental Information Processing; Cellular Processes; Human Diseases,Membrane transport; Cellular community - prokaryotes; Drug resistance: antimicrobial,ABC transporters; Quorum sensing; beta-Lactam resistance,ABC transporter superfamily,,3D-structure;ATP-binding;Cell membrane;Membrane;Metal-binding;Nucleotide-binding;Reference proteome;Transport
g3800,885483,Rv3664c,L0TEV4,CDS,Plasma Membrane,dppC,dipeptide ABC transporter permease DppC,signaling and cellular processes,Transporters,Environmental Information Processing; Cellular Processes; Human Diseases,Membrane transport; Cellular community - prokaryotes; Drug resistance: antimicrobial,ABC transporters; Quorum sensing; beta-Lactam resistance,binding-protein-dependent transport system permease family,,3D-structure;Cell membrane;Membrane;Reference proteome;Signal;Transmembrane;Transmembrane helix;Transport
g3801,885474,Rv3665c,I6YGV9,CDS,Plasma Membrane,dppB,dipeptide ABC transporter permease DppB,signaling and cellular processes,Transporters,Environmental Information Processing; Cellular Processes; Human Diseases,Membrane transport; Cellular community - prokaryotes; Drug resistance: antimicrobial,ABC transporters; Quorum sensing; beta-Lactam resistance,binding-protein-dependent transport system permease family,,3D-structure;Cell membrane;Membrane;Reference proteome;Transmembrane;Transmembrane helix;Transport
g3802,885315,Rv3666c,I6X811,CDS,Plasma Membrane,dppA,dipeptide ABC transporter substrate-binding lipoprotein DppA,signaling and cellular processes,Transporters,Environmental Information Processing; Cellular Processes; Human Diseases,Membrane transport; Cellular community - prokaryotes; Drug resistance: antimicrobial,ABC transporters; Quorum sensing; beta-Lactam resistance,,,3D-structure;Lipoprotein;Reference proteome
g3803,885479,Rv3667,P9WQD1,CDS,Cytoplasmic,acsA,Acetyl-coenzyme A synthetase,metabolism,Lipid biosynthesis proteins,Metabolism,Carbohydrate metabolism; Energy metabolism,Glycolysis / Gluconeogenesis; Pyruvate metabolism; Glyoxylate and dicarboxylate metabolism; Propanoate metabolism; Other carbon fixation pathways; Methane metabolism,ATP-dependent AMP-binding enzyme family,,Acetylation;ATP-binding;Ligase;Magnesium;Metal-binding;Nucleotide-binding;Reference proteome
g3804,885609,Rv3668c,I6YGW2,CDS,Extracellular,,protease,,,,,,,,Hydrolase;Protease;Reference proteome;Signal
g3805,885626,Rv3669,O69637,CDS,Plasma Membrane,,transmembrane protein,,,,,,,,Membrane;Reference proteome;Transmembrane;Transmembrane helix
g3806,885577,Rv3670,I6YCQ4,CDS,Plasma Membrane,ephE,epoxide hydrolase EphE,,,,,,,,Hydrolase;Reference proteome
g3807,885176,Rv3671c,P9WHR9,CDS,Plasma Membrane,,Serine protease Rv3671c,,,,,,peptidase S1C family,,3D-structure;Autocatalytic cleavage;Disulfide bond;Hydrolase;Membrane;Protease;Reference proteome;Transmembrane;Transmembrane helix
g3808,885463,Rv3672c,I6XHX8,CDS,Cytoplasmic,,Nudix hydrolase domain-containing protein,,,,,,Nudix hydrolase family. PCD1 subfamily,,Hydrolase;Magnesium;Manganese;Metal-binding;Reference proteome
g3809,885190,Rv3673c,I6YGW6,CDS,Plasma Membrane,,membrane-anchored thioredoxin-like protein,,,,,,,,Cytochrome c-type biogenesis;Disulfide bond;Membrane;Redox-active center;Reference proteome;Signal-anchor;Transmembrane;Transmembrane helix
g3810,885058,Rv3674c,P9WQ11,CDS,Cytoplasmic,nth,Endonuclease III,genetic information processing,DNA repair and recombination proteins,Genetic Information Processing,Replication and repair,Base excision repair,Nth/MutY family,,4Fe-4S;DNA damage;DNA repair;DNA-binding;Glycosidase;Hydrolase;Iron;Iron-sulfur;Lyase;Metal-binding;Multifunctional enzyme;Reference proteome
g3811,885155,Rv3675,I6YCQ7,CDS,Plasma Membrane,,membrane protein,,,,,,,,Reference proteome
g3812,885502,Rv3676,P9WMH3,CDS,Cytoplasmic,crp,CRP-like cAMP-activated global transcriptional regulator,genetic information processing,Transcription factors,Environmental Information Processing; Cellular Processes,Signal transduction; Cellular community - prokaryotes,Two-component system; Quorum sensing,,,3D-structure;Activator;cAMP;cAMP-binding;DNA-binding;Nucleotide-binding;Reference proteome;Repressor;Transcription;Transcription regulation;Virulence
g3813,885079,Rv3677c,I6XHY3,CDS,Cytoplasmic,,beta lactamase,,,,,,,,Hydrolase;Reference proteome
g3814,3205049,Rv3678A,I6X824,CDS,Cytoplasmic,,DUF4177 domain-containing protein,,,,,,,,Reference proteome
g3815,885495,Rv3678c,I6YGW9,CDS,Cytoplasmic,,hypothetical protein,,,,,,,,Reference proteome
g3816,885809,Rv3679,P9WKX5,CDS,Cytoplasmic,bagA,ATPase BagA,,,,,,arsA ATPase family. BagA/BagB subfamily,,3D-structure;ATP-binding;Hydrolase;Nucleotide-binding;Reference proteome
g3817,885317,Rv3680,I6Y498,CDS,Plasma Membrane,bagB,ATPase BagB,,,,,,arsA ATPase family. BagA/BagB subfamily,,3D-structure;ATP-binding;Hydrolase;Nucleotide-binding;Reference proteome
g3818,885320,Rv3681c,P9WF39,CDS,Cytoplasmic,whiB4,Transcriptional regulator WhiB4,genetic information processing,Transcription factors,,,,WhiB family,,3D-structure;4Fe-4S;Cytoplasm;Disulfide bond;DNA-binding;Iron;Iron-sulfur;Metal-binding;Reference proteome;Transcription;Transcription regulation
g3819,885751,Rv3682,I6YGX2,CDS,Plasma Membrane,ponA2,Penicillin-binding protein A2,,,,,,In the N-terminal section; belongs to the glycosyltransferase 51 family; In the C-terminal section; belongs to the transpeptidase family,Cell wall biogenesis; peptidoglycan biosynthesis,3D-structure;Carboxypeptidase;Cell membrane;Cell shape;Cell wall biogenesis/degradation;Glycosyltransferase;Hydrolase;Membrane;Multifunctional enzyme;Peptidoglycan synthesis;Protease;Reference proteome;Transferase;Transmembrane;Transmembrane helix
g3820,885780,Rv3683,I6X827,CDS,Plasma Membrane,,hypothetical protein,,,,,,,,Reference proteome
g3821,885598,Rv3684,O69652,CDS,Cytoplasmic,cds1,L-cysteine desulfhydrase Cds1,,,Metabolism,Energy metabolism; Amino acid metabolism,Sulfur metabolism; Cysteine and methionine metabolism,cysteine synthase/cystathionine beta-synthase family. Cds1 subfamily,,Cytoplasm;Direct protein sequencing;Lyase;Pyridoxal phosphate;Reference proteome
g3822,885625,Rv3685c,P9WPM5,CDS,Plasma Membrane,cyp137,Putative cytochrome P450 137,,,,,,cytochrome P450 family,,Heme;Iron;Metal-binding;Monooxygenase;Oxidoreductase;Reference proteome
g3823,885306,Rv3686c,O69654,CDS,Plasma Membrane,,Transmembrane protein,,,,,,,,Membrane;Reference proteome;Transmembrane;Transmembrane helix
g3824,885599,Rv3687c,P9WGE1,CDS,Cytoplasmic,rsfB,Anti-sigma-F factor antagonist RsfB,,,,,,anti-sigma-factor antagonist family,,3D-structure;Phosphoprotein;Reference proteome;Transcription;Transcription regulation
g3825,885563,Rv3688c,I6X831,CDS,Cytoplasmic,,hypothetical protein,,,,,,,,Reference proteome
g3826,885107,Rv3689,I6YCR8,CDS,Plasma Membrane,,transmembrane protein,,,,,,,,Membrane;Reference proteome;Transmembrane;Transmembrane helix
g3827,885114,Rv3690,O69658,CDS,Plasma Membrane,,membrane protein,,,,,,,,Membrane;Reference proteome;Transmembrane;Transmembrane helix
g3828,885623,Rv3691,O69659,CDS,Plasma Membrane,,Uncharacterized membrane protein Rv3691,,,,,,,,Cell membrane;Membrane;Reference proteome;Transmembrane;Transmembrane helix
g3829,885323,Rv3692,I6YGX9,CDS,Cytoplasmic,moxR2,methanol dehydrogenase transcriptional regulator MoxR,,,,,,MoxR family,,ATP-binding;Nucleotide-binding;Reference proteome
g3830,885059,Rv3693,O69661,CDS,Plasma Membrane,,membrane protein,,,,,,,,Reference proteome
g3831,885578,Rv3694c,O69662,CDS,Plasma Membrane,,transmembrane protein,,,,,,,,Membrane;Reference proteome;Transmembrane;Transmembrane helix
g3832,885538,Rv3695,O69663,CDS,Plasma Membrane,,membrane protein,,,,,,,,Membrane;Reference proteome;Transmembrane;Transmembrane helix
g3833,885280,Rv3696c,P9WPK1,CDS,Cytoplasmic,glpK,Glycerol kinase,signaling and cellular processes,Exosome,Metabolism,Lipid metabolism,Glycerolipid metabolism,FGGY kinase family,Polyol metabolism; glycerol degradation via glycerol kinase pathway; sn-glycerol 3-phosphate from glycerol,ATP-binding;Glycerol metabolism;Kinase;Nucleotide-binding;Reference proteome;Transferase
g3834,14515904,Rv3697A,P9WJ15,CDS,Cytoplasmic,vapB48,Putative antitoxin VapB48,signaling and cellular processes,Prokaryotic defense system,,,,,,Reference proteome;Toxin-antitoxin system
g3835,885492,Rv3697c,P9WF47,CDS,Cytoplasmic,vapC48,Ribonuclease VapC48,signaling and cellular processes,Prokaryotic defense system,,,,PINc/VapC protein family,,Hydrolase;Magnesium;Metal-binding;Nuclease;Reference proteome;Toxin-antitoxin system
g3836,885565,Rv3698,I6YCS6,CDS,Cytoplasmic,,hypothetical protein,,,,,,,,Reference proteome
g3837,885779,Rv3699,O69667,CDS,Cytoplasmic,,2-heptyl-1-hydroxyquinolin-4(1H)-one methyltransferase,,,,,,methyltransferase superfamily,,Cytoplasm;Methyltransferase;Reference proteome;S-adenosyl-L-methionine;Transferase
g3838,885161,Rv3700c,O69668,CDS,Cytoplasmic,egtE,Hercynylcysteine sulfoxide lyase,,,Metabolism,Amino acid metabolism,Histidine metabolism,class-V pyridoxal-phosphate-dependent aminotransferase family. EgtE subfamily,Amino-acid biosynthesis; ergothioneine biosynthesis,Lyase;Pyridoxal phosphate;Reference proteome
g3839,885521,Rv3701c,P9WN47,CDS,Cytoplasmic,egtD,Histidine N-alpha-methyltransferase,,,Metabolism,Amino acid metabolism,Histidine metabolism,methyltransferase superfamily. EgtD family,Amino-acid biosynthesis; ergothioneine biosynthesis,3D-structure;Methyltransferase;Reference proteome;S-adenosyl-L-methionine;Transferase
g3840,885224,Rv3702c,O69670,CDS,Cytoplasmic,egtC,Gamma-glutamyl-hercynylcysteine sulfoxide hydrolase,,,Metabolism,Amino acid metabolism,Histidine metabolism,,Amino-acid biosynthesis; ergothioneine biosynthesis,Glutamine amidotransferase;Hydrolase;Reference proteome
g3841,885128,Rv3703c,O69671,CDS,Cytoplasmic,egtB,Hercynine oxygenase,,,Metabolism,Amino acid metabolism,Histidine metabolism,EgtB family,Amino-acid biosynthesis; ergothioneine biosynthesis,Iron;Metal-binding;Monooxygenase;Oxidoreductase;Reference proteome
g3842,885053,Rv3704c,P9WPK7,CDS,Cytoplasmic,egtA,Glutamate--cysteine ligase EgtA,,,Metabolism,Amino acid metabolism; Metabolism of other amino acids,Cysteine and methionine metabolism; Glutathione metabolism,glutamate--cysteine ligase type 2 family. EgtA subfamily,Amino-acid biosynthesis; ergothioneine biosynthesis,ATP-binding;Direct protein sequencing;Ligase;Nucleotide-binding;Reference proteome
g3843,3205111,Rv3705A,I6YGY9,CDS,Plasma Membrane,,hypothetical protein,,,,,,,,Membrane;Reference proteome;Transmembrane;Transmembrane helix
g3844,885229,Rv3705c,I6XI06,CDS,Extracellular,,hypothetical protein,,,,,,,,3D-structure;Reference proteome;Signal
g3845,885222,Rv3706c,I6X849,CDS,Plasma Membrane,,hypothetical protein,,,,,,,,Membrane;Reference proteome;Transmembrane;Transmembrane helix
g3846,885587,Rv3707c,I6Y4C4,CDS,Extracellular,,DUF4185 domain-containing protein,,,,,,,,3D-structure;Reference proteome
g3847,885118,Rv3708c,P9WNX5,CDS,Cytoplasmic,asd,Aspartate-semialdehyde dehydrogenase,,,Metabolism,Amino acid metabolism; Biosynthesis of other secondary metabolites,"Glycine, serine and threonine metabolism; Cysteine and methionine metabolism; Lysine biosynthesis; Monobactam biosynthesis",aspartate-semialdehyde dehydrogenase family,Amino-acid biosynthesis; L-lysine biosynthesis via DAP pathway; (S)-tetrahydrodipicolinate from L-aspartate; Amino-acid biosynthesis; L-methionine biosynthesis via de novo pathway; L-homoserine from L-aspartate; Amino-acid biosynthesis; L-threonine biosynthesis; L-threonine from L-aspartate,3D-structure;Amino-acid biosynthesis;Diaminopimelate biosynthesis;Lysine biosynthesis;Methionine biosynthesis;NADP;Oxidoreductase;Reference proteome;Threonine biosynthesis;Virulence
g3848,885223,Rv3709c,P9WPX3,CDS,Cytoplasmic,ask,Aspartokinase,,,Metabolism,Amino acid metabolism; Biosynthesis of other secondary metabolites,"Glycine, serine and threonine metabolism; Cysteine and methionine metabolism; Lysine biosynthesis; Monobactam biosynthesis",aspartokinase family,Amino-acid biosynthesis; L-lysine biosynthesis via DAP pathway; (S)-tetrahydrodipicolinate from L-aspartate; Amino-acid biosynthesis; L-methionine biosynthesis via de novo pathway; L-homoserine from L-aspartate; Amino-acid biosynthesis; L-threonine biosynthesis; L-threonine from L-aspartate,3D-structure;Alternative initiation;Amino-acid biosynthesis;ATP-binding;Diaminopimelate biosynthesis;Kinase;Lysine biosynthesis;Nucleotide-binding;Reference proteome;Repeat;Threonine biosynthesis;Transferase
g3849,885092,Rv3710,P9WQB3,CDS,Cytoplasmic,leuA,2-isopropylmalate synthase,,,Metabolism,Carbohydrate metabolism; Amino acid metabolism,"Pyruvate metabolism; Valine, leucine and isoleucine biosynthesis",alpha-IPM synthase/homocitrate synthase family. LeuA type 2 subfamily,Amino-acid biosynthesis; L-leucine biosynthesis; L-leucine from 3-methyl-2-oxobutanoate,3D-structure;Amino-acid biosynthesis;Branched-chain amino acid biosynthesis;Cytoplasm;Leucine biosynthesis;Magnesium;Metal-binding;Reference proteome;Repeat;Transferase
g3850,885088,Rv3711c,O69678,CDS,Cytoplasmic,dnaQ,DNA polymerase III subunit epsilon,genetic information processing,DNA replication proteins; DNA repair and recombination proteins,Genetic Information Processing,Replication and repair,DNA replication; Mismatch repair; Homologous recombination,,,Exonuclease;Hydrolase;Nuclease;Reference proteome
g3851,885228,Rv3712,I6Y4C7,CDS,Cytoplasmic,murT,Lipid II isoglutaminyl synthase (glutamine-hydrolyzing) subunit MurT,,,Metabolism,Glycan biosynthesis and metabolism,Peptidoglycan biosynthesis,MurCDEF family. MurT subfamily,Cell wall biogenesis; peptidoglycan biosynthesis,ATP-binding;Cell shape;Cell wall biogenesis/degradation;Ligase;Metal-binding;Nucleotide-binding;Peptidoglycan synthesis;Reference proteome
g3852,885584,Rv3713,I6XI14,CDS,Cytoplasmic,cobQ2,Lipid II isoglutaminyl synthase (glutamine-hydrolyzing) subunit GatD,,,Metabolism,Glycan biosynthesis and metabolism,Peptidoglycan biosynthesis,CobB/CobQ family. GatD subfamily,Cell wall biogenesis; peptidoglycan biosynthesis,Cell shape;Cell wall biogenesis/degradation;Glutamine amidotransferase;Hydrolase;Ligase;Peptidoglycan synthesis;Reference proteome
g3853,885456,Rv3714c,O69681,CDS,Cytoplasmic,,"Cullin, a subunit of E3 ubiquitin ligase",,,,,,,,Reference proteome
g3854,885307,Rv3715c,P9WHI3,CDS,Cytoplasmic,recR,Recombination protein RecR,genetic information processing,DNA repair and recombination proteins,Genetic Information Processing,Replication and repair,Homologous recombination,RecR family,,DNA damage;DNA recombination;DNA repair;Metal-binding;Reference proteome;Zinc;Zinc-finger
g3855,885595,Rv3716c,P9WNR9,CDS,Cytoplasmic,,Nucleoid-associated protein Rv3716c,,,,,,YbaB/EbfC family,,3D-structure;Cytoplasm;DNA-binding;Reference proteome
g3856,885602,Rv3717,I6Y4D2,CDS,Extracellular,,N-acetylmuramoyl-L-alanine amidase Rv3717,metabolism; genetic information processing,Peptidoglycan biosynthesis and degradation proteins; Chromosome and associated proteins,Human Diseases,Drug resistance: antimicrobial,Cationic antimicrobial peptide (CAMP) resistance,N-acetylmuramoyl-L-alanine amidase 3 family,Cell wall degradation; peptidoglycan degradation,3D-structure;Cell wall biogenesis/degradation;Disulfide bond;Hydrolase;Metal-binding;Periplasm;Reference proteome;Signal;Zinc
g3857,885582,Rv3718c,I6XI16,CDS,Cytoplasmic,,hypothetical protein,,,,,,,,Reference proteome
g3858,885855,Rv3719,O69686,CDS,Cytoplasmic,,Delta(24)-sterol reductase,,,,,,,,FAD;Flavoprotein;Membrane;Oxidoreductase;Reference proteome;Transmembrane;Transmembrane helix
g3859,885219,Rv3720,O69687,CDS,Cytoplasmic,,Probable fatty acid methyltransferase Rv3720,,,,,,CFA/CMAS family,,Direct protein sequencing;Lipid biosynthesis;Lipid metabolism;Methyltransferase;Reference proteome;S-adenosyl-L-methionine;Transferase
g3860,885361,Rv3721c,P9WNT9,CDS,Cytoplasmic,dnaX,DNA polymerase III subunit gamma/tau,genetic information processing,DNA replication proteins; DNA repair and recombination proteins,Genetic Information Processing,Replication and repair,DNA replication; Mismatch repair; Homologous recombination,DnaX/STICHEL family,,ATP-binding;DNA replication;DNA-directed DNA polymerase;Metal-binding;Nucleotide-binding;Nucleotidyltransferase;Reference proteome;Transferase;Zinc
g3861,885321,Rv3722c,O69689,CDS,Cytoplasmic,,Aspartate aminotransferase,,,,,,class-I pyridoxal-phosphate-dependent aminotransferase family,,3D-structure;Aminotransferase;Pyridoxal phosphate;Reference proteome;Transferase
g3862,885791,Rv3723,O69690,CDS,Plasma Membrane,lucA,Lipid uptake coordinator A,,,,,,,,Cell membrane;Membrane;Reference proteome;Transmembrane;Transmembrane helix;Virulence
g3863,,Rv3724A,Q79FA5,CDS,Extracellular,cut5a,Probable cutinase precursor [first part] Cut5a,,,,,,,,Hydrolase;Reference proteome
g3864,,Rv3724B,Q79FA4,CDS,Cytoplasmic,cut5b,Probable carboxylesterase Culp7,,,,,,cutinase family,,Cell membrane;Cell wall;Cytoplasm;Disulfide bond;Hydrolase;Membrane;Reference proteome;Secreted;Serine esterase
g3865,885887,Rv3725,O69692,CDS,Cytoplasmic,,oxidoreductase,,,,,,,,Reference proteome
g3866,885801,Rv3726,O69693,CDS,Cytoplasmic,,dehydrogenase,,,,,,,,Oxidoreductase;Reference proteome
g3867,885766,Rv3727,O69694,CDS,Plasma Membrane,,oxidoreductase,,,,,,,,Reference proteome
g3868,885271,Rv3728,O69695,CDS,Plasma Membrane,,membrane protein,,,,,,NTE family,,Cell membrane;Hydrolase;Lipid degradation;Lipid metabolism;Membrane;Reference proteome;Transmembrane;Transmembrane helix;Transport
g3869,885706,Rv3729,O69696,CDS,Cytoplasmic,,transferase,,,,,,,,Iron;Iron-sulfur;Metal-binding;Reference proteome;S-adenosyl-L-methionine;Transferase
g3870,885201,Rv3730c,O69697,CDS,Cytoplasmic,,DNA ligase D polymerase domain-containing protein,,,,,,,,Reference proteome
g3871,885771,Rv3731,L0TDE1,CDS,Cytoplasmic,ligC,DNA ligase C,,,,,,ATP-dependent DNA ligase family,,ATP-binding;Ligase;Nucleotide-binding;Reference proteome
g3872,885795,Rv3732,O69699,CDS,Plasma Membrane,,hypothetical protein,,,,,,,,Membrane;Reference proteome;Signal;Transmembrane;Transmembrane helix
g3873,885721,Rv3733c,O69700,CDS,Cytoplasmic,,Nudix hydrolase domain-containing protein,,,,,,,,Hydrolase;Reference proteome
g3874,885335,Rv3734c,P9WKC7,CDS,Cytoplasmic,tgs2,Probable diacyglycerol O-acyltransferase tgs2,,,Metabolism,Lipid metabolism,"Cutin, suberine and wax biosynthesis; Glycerolipid metabolism",long-chain O-acyltransferase family,Glycerolipid metabolism; triacylglycerol biosynthesis,Acyltransferase;Glycerol metabolism;Lipid biosynthesis;Lipid metabolism;Reference proteome;Transferase
g3875,885318,Rv3735,O69702,CDS,Cytoplasmic,,Adenosine specific kinase,,,,,,,,Reference proteome
g3876,885389,Rv3736,O69703,CDS,Cytoplasmic,,AraC/XylS family transcriptional regulator,,,,,,,,DNA-binding;Reference proteome;Transcription;Transcription regulation
g3877,885794,Rv3737,O69704,CDS,Plasma Membrane,,Probable threonine/serine exporter,,,,,,ThrE exporter (TC 2.A.79) family,,Amino-acid transport;Cell membrane;Membrane;Reference proteome;Transmembrane;Transmembrane helix;Transport
g3878,886262,Rv3738c,P9WHX1,CDS,Extracellular,PPE66,Uncharacterized PPE family protein PPE66,,,,,,mycobacterial PPE family,,Cell membrane;Membrane;Reference proteome;Transmembrane;Transmembrane helix
g3879,886257,Rv3739c,Q79FA2,CDS,Extracellular,PPE67,PPE family protein PPE67,,,,,,mycobacterial PPE family,,Reference proteome
g3880,885781,Rv3740c,P9WKA5,CDS,Cytoplasmic,,Putative diacyglycerol O-acyltransferase Rv3740c,,,Metabolism,Lipid metabolism,"Cutin, suberine and wax biosynthesis; Glycerolipid metabolism",long-chain O-acyltransferase family,Glycerolipid metabolism; triacylglycerol biosynthesis,Acyltransferase;Glycerol metabolism;Lipid biosynthesis;Lipid metabolism;Reference proteome;Transferase
g3881,885129,Rv3741c,O69708,CDS,Plasma Membrane,,oxidoreductase,,,,,,FAD-binding monooxygenase family,,Monooxygenase;Oxidoreductase;Reference proteome
g3882,885263,Rv3742c,O69709,CDS,Extracellular,,oxidoreductase,,,,,,FAD-binding monooxygenase family,,Membrane;Monooxygenase;Oxidoreductase;Reference proteome;Transmembrane;Transmembrane helix
g3883,885106,Rv3743c,P9WPT7,CDS,Plasma Membrane,ctpJ,Probable cation-transporting P-type ATPase J,,,,,,cation transport ATPase (P-type) (TC 3.A.3) family. Type IB subfamily,,ATP-binding;Cell membrane;Magnesium;Membrane;Metal-binding;Nucleotide-binding;Phosphoprotein;Reference proteome;Translocase;Transmembrane;Transmembrane helix
g3884,885418,Rv3744,O69711,CDS,Cytoplasmic,nmtR,HTH-type transcriptional regulator NmtR,genetic information processing,Transcription factors,,,,,,DNA-binding;Metal-binding;Nickel;Reference proteome;Repressor;Transcription;Transcription regulation
g3885,885597,Rv3745c,O69712,CDS,Extracellular,,DUF2237 domain-containing protein,,,,,,,,Reference proteome
g3886,885764,Rv3746c,Q79FA1,CDS,Extracellular,PE34,PE family protein PE34,,,,,,,,Reference proteome
g3887,885778,Rv3747,O69714,CDS,Cytoplasmic,,hypothetical protein,,,,,,,,Reference proteome
g3888,885776,Rv3748,O69715,CDS,Cytoplasmic,,hypothetical protein,,,,,,,,Reference proteome
g3889,885384,Rv3749c,L0TGF0,CDS,Extracellular,vapC50,Putative ribonuclease VapC50,,,,,,,,Hydrolase;Nuclease;Reference proteome;Toxin-antitoxin system
g3890,885807,Rv3750c,O69717,CDS,Cytoplasmic,vapB50,Putative antitoxin VapB50,,,,,,,,Reference proteome;Toxin-antitoxin system
g3891,,Rv3751,O69718,CDS,Cytoplasmic,,Probable integrase (fragment),,,,,,,,DNA recombination;Reference proteome
g3892,885586,Rv3752c,O69719,CDS,Cytoplasmic,tadA,tRNA-specific adenosine deaminase,genetic information processing,Transfer RNA biogenesis,,,,cytidine and deoxycytidylate deaminase family. ADAT2 subfamily,,Hydrolase;Metal-binding;Reference proteome;tRNA processing;Zinc
g3893,885505,Rv3753c,O69720,CDS,Cytoplasmic,,Protein Rv3753c,,,,,,,,Direct protein sequencing;Reference proteome
g3894,885559,Rv3754,O69721,CDS,Cytoplasmic,tyrA,Prephenate dehydrogenase,,,Metabolism,Amino acid metabolism; Biosynthesis of other secondary metabolites,"Phenylalanine, tyrosine and tryptophan biosynthesis; Novobiocin biosynthesis",prephenate/arogenate dehydrogenase family,Amino-acid biosynthesis; L-tyrosine biosynthesis; (4-hydroxyphenyl)pyruvate from prephenate (NAD(+) route),Amino-acid biosynthesis;Aromatic amino acid biosynthesis;Direct protein sequencing;NAD;Oxidoreductase;Reference proteome;Tyrosine biosynthesis
g3895,885298,Rv3755c,O86358,CDS,Cytoplasmic,,hypothetical protein,,,,,,,,Reference proteome
g3896,885534,Rv3756c,O69722,CDS,Plasma Membrane,proZ,glycine betaine/carnitine/choline/L-proline ABC transporter permease ProZ,signaling and cellular processes,Transporters,Environmental Information Processing,Membrane transport,ABC transporters,binding-protein-dependent transport system permease family,,Membrane;Reference proteome;Transmembrane;Transmembrane helix;Transport
g3897,885581,Rv3757c,O69723,CDS,Plasma Membrane,proW,glycine betaine/carnitine/choline/L-proline ABC transporter permease ProW,signaling and cellular processes,Transporters,Environmental Information Processing,Membrane transport,ABC transporters,binding-protein-dependent transport system permease family,,Membrane;Reference proteome;Transmembrane;Transmembrane helix;Transport
g3898,886293,Rv3758c,O69724,CDS,Plasma Membrane,proV,ABC-type quaternary amine transporter,signaling and cellular processes,Transporters,Environmental Information Processing,Membrane transport,ABC transporters,ABC transporter superfamily,,ATP-binding;Nucleotide-binding;Reference proteome;Transport
g3899,886270,Rv3759c,O69725,CDS,Plasma Membrane,proX,glycine betaine/carnitine/choline/L-proline ABC transporter substrate-binding lipoprotein ProX,signaling and cellular processes,Transporters,Environmental Information Processing,Membrane transport,ABC transporters,,,Lipoprotein;Reference proteome;Signal
g3900,886093,Rv3760,O69726,CDS,Plasma Membrane,,Uncharacterized membrane protein Rv3760,,,,,,,,Cell membrane;Membrane;Reference proteome;Transmembrane;Transmembrane helix
g3901,886098,Rv3761c,O69727,CDS,Cytoplasmic,fadE36,acyl-CoA dehydrogenase FadE36,,,,,,,,Reference proteome
g3902,886096,Rv3762c,O69728,CDS,Cytoplasmic,,Linear primary-alkylsulfatase,,,,,,metallo-beta-lactamase superfamily. Type III sulfatase family,,Hydrolase;Metal-binding;Reference proteome;Zinc
g3903,886097,Rv3763,P9WK61,CDS,Plasma Membrane,lpqH,Lipoprotein LpqH,,,Human Diseases,Infectious disease: bacterial,Tuberculosis,mycobacterial 19 kDa antigen family,,3D-structure;Cell membrane;Cell wall;Disulfide bond;Glycoprotein;Host cytoplasm;Lipoprotein;Membrane;Palmitate;Reference proteome;Secreted;Signal;Transport;Virulence
g3904,886094,Rv3764c,O69729,CDS,Plasma Membrane,tcrY,Probable sensor histidine kinase TcrY,metabolism; signaling and cellular processes,Protein kinases; Two-component system,,,,,,ATP-binding;Cell membrane;Kinase;Membrane;Nucleotide-binding;Phosphoprotein;Reference proteome;Transferase;Transmembrane;Transmembrane helix;Two-component regulatory system
g3905,886100,Rv3765c,O69730,CDS,Cytoplasmic,tcrX,Probable transcriptional regulatory protein TcrX,signaling and cellular processes,Two-component system,,,,,,Cytoplasm;DNA-binding;Phosphoprotein;Reference proteome;Transcription;Transcription regulation;Two-component regulatory system
g3906,886099,Rv3766,O69731,CDS,Extracellular,,Uncharacterized protein Rv3766,,,,,,,,Reference proteome
g3907,886101,Rv3767c,P9WFH5,CDS,Cytoplasmic,,Putative S-adenosyl-L-methionine-dependent methyltransferase Rv3767c,,,,,,UPF0677 family,,Methyltransferase;Reference proteome;S-adenosyl-L-methionine;Transferase
g3908,886102,Rv3768,P72035,CDS,Cytoplasmic,,SnoaL-like domain-containing protein,,,,,,,,3D-structure;Reference proteome
g3909,885239,Rv3769,P72036,CDS,Cytoplasmic,,hypothetical protein,,,,,,,,Reference proteome
g3910,,Rv3770A,L7N6A0,CDS,Extracellular,,Probable remnant of a transposase,,,,,,,,Reference proteome
g3911,,Rv3770B,L7N679,CDS,Cytoplasmic,,Probable remnant of a transposase,,,,,,,,Reference proteome
g3912,886104,Rv3770c,P72037,CDS,Plasma Membrane,,hypothetical protein,,,,,,,,Membrane;Reference proteome;Transmembrane;Transmembrane helix
g3913,886103,Rv3771c,P72038,CDS,Extracellular,,hypothetical protein,,,,,,,,Membrane;Reference proteome;Transmembrane;Transmembrane helix
g3914,886105,Rv3772,P9WML5,CDS,Cytoplasmic,pat,Aromatic amino acid aminotransferase,metabolism,Amino acid related enzymes,Metabolism,Amino acid metabolism; Biosynthesis of other secondary metabolites,"Histidine metabolism; Tyrosine metabolism; Phenylalanine metabolism; Phenylalanine, tyrosine and tryptophan biosynthesis; Novobiocin biosynthesis",class-II pyridoxal-phosphate-dependent aminotransferase family,,3D-structure;Aminotransferase;Pyridoxal phosphate;Reference proteome;Transferase
g3915,886095,Rv3773c,P72040,CDS,Cytoplasmic,,hypothetical protein,,,,,,,,Reference proteome
g3916,886106,Rv3774,P75019,CDS,Cytoplasmic,echA21,enoyl-CoA hydratase EchA21,,,,,,enoyl-CoA hydratase/isomerase family,Lipid metabolism; fatty acid beta-oxidation,Fatty acid metabolism;Isomerase;Lipid metabolism;Reference proteome
g3917,886269,Rv3775,P72041,CDS,Plasma Membrane,lipE,lipase LipE,,,,,,,,Reference proteome
g3918,888953,Rv3776,P72042,CDS,Cytoplasmic,,Uncharacterized protein Rv3776,,,,,,,,Reference proteome
g3919,886110,Rv3777,P72043,CDS,Cytoplasmic,,oxidoreductase,,,,,,,,NADP;Oxidoreductase;Reference proteome
g3920,886116,Rv3778c,P9WQ67,CDS,Cytoplasmic,,Uncharacterized protein Rv3778c,,,,,,class-V pyridoxal-phosphate-dependent aminotransferase family,,3D-structure;Reference proteome
g3921,886107,Rv3779,P72045,CDS,Plasma Membrane,,transmembrane protein,metabolism,Glycosyltransferases,Metabolism,Glycan biosynthesis and metabolism,Arabinogalactan biosynthesis - Mycobacterium,,,Membrane;Reference proteome;Transmembrane;Transmembrane helix
g3922,886115,Rv3780,P9WKX3,CDS,Cytoplasmic,bpa,Bacterial proteasome activator,,,,,,Bpa family,,3D-structure;Proteasome;Reference proteome
g3923,886113,Rv3781,P72047,CDS,Plasma Membrane,rfbE,O-antigen/lipopolysaccharide ABC transporter ATP-binding protein RfbE,signaling and cellular processes,Transporters,Environmental Information Processing,Membrane transport,ABC transporters,ABC transporter superfamily,,ATP-binding;Nucleotide-binding;Reference proteome;Transport
g3924,886114,Rv3782,P9WMX3,CDS,Plasma Membrane,glfT1,Galactofuranosyltransferase GlfT1,metabolism,Glycosyltransferases,Metabolism,Glycan biosynthesis and metabolism,Arabinogalactan biosynthesis - Mycobacterium,glycosyltransferase 2 family,Cell wall biogenesis; cell wall polysaccharide biosynthesis,Cell membrane;Cell wall;Cell wall biogenesis/degradation;Glycosyltransferase;Membrane;Reference proteome;Secreted;Transferase
g3925,886111,Rv3783,P72049,CDS,Plasma Membrane,rfbD,O-antigen/lipopolysaccharide ABC transporter permease RfbD,signaling and cellular processes,Transporters,Environmental Information Processing,Membrane transport,ABC transporters,ABC-2 integral membrane protein family,,Cell membrane;Membrane;Reference proteome;Transmembrane;Transmembrane helix;Transport
g3926,886117,Rv3784,P72050,CDS,Cytoplasmic,epiB,"dTDP-glucose 4,6-dehydratase",,,Metabolism,Glycan biosynthesis and metabolism; Metabolism of terpenoids and polyketides; Biosynthesis of other secondary metabolites,Biosynthesis of various nucleotide sugars; Polyketide sugar unit biosynthesis; Biosynthesis of vancomycin group antibiotics; Streptomycin biosynthesis; Acarbose and validamycin biosynthesis,NAD(P)-dependent epimerase/dehydratase family,,Reference proteome
g3927,886119,Rv3785,P9WKX1,CDS,Cytoplasmic,,Uncharacterized protein Rv3785,,,,,,,,Reference proteome
g3928,886108,Rv3786c,P9WKW9,CDS,Cytoplasmic,,Uncharacterized protein Rv3786c,,,,,,,,Reference proteome;Signal
g3929,886118,Rv3787c,P9WFH3,CDS,Cytoplasmic,,Putative S-adenosyl-L-methionine-dependent methyltransferase Rv3787c,,,,,,UPF0677 family,,Methyltransferase;Reference proteome;S-adenosyl-L-methionine;Transferase
g3930,886120,Rv3788,P9WKW7,CDS,Cytoplasmic,,Uncharacterized protein Rv3788,,,,,,,,Reference proteome
g3931,886109,Rv3789,P9WMS9,CDS,Plasma Membrane,,Arabinogalactan biosynthesis recruiting protein Rv3789,,,,,,GtrA family,Cell wall biogenesis; cell wall polysaccharide biosynthesis,Cell inner membrane;Cell membrane;Cell wall biogenesis/degradation;Membrane;Reference proteome;Transmembrane;Transmembrane helix
g3932,886125,Rv3790,P9WJF1,CDS,Extracellular,dprE1,Decaprenylphosphoryl-beta-D-ribose oxidase,,,,,,DprE1 family,Cell wall biogenesis; cell wall polysaccharide biosynthesis,3D-structure;Antibiotic resistance;Cell wall biogenesis/degradation;FAD;Flavoprotein;Oxidoreductase;Periplasm;Reference proteome
g3933,886124,Rv3791,P9WGS9,CDS,Plasma Membrane,dprE2,Decaprenylphosphoryl-2-keto-beta-D-erythro-pentose reductase,,,,,,short-chain dehydrogenases/reductases (SDR) family,Cell wall biogenesis; cell wall polysaccharide biosynthesis,Cell wall biogenesis/degradation;NAD;Oxidoreductase;Periplasm;Reference proteome
g3934,886127,Rv3792,P9WN03,CDS,Plasma Membrane,aftA,Galactan 5-O-arabinofuranosyltransferase,metabolism,Glycosyltransferases,Metabolism,Glycan biosynthesis and metabolism,Arabinogalactan biosynthesis - Mycobacterium,glycosyltransferase 85 family,Cell wall biogenesis; cell wall polysaccharide biosynthesis,3D-structure;Cell membrane;Cell wall biogenesis/degradation;Glycosyltransferase;Membrane;Reference proteome;Transferase;Transmembrane;Transmembrane helix
g3935,886112,Rv3793,P9WNL5,CDS,Plasma Membrane,embC,Probable arabinosyltransferase C,metabolism,Glycosyltransferases,Metabolism,Glycan biosynthesis and metabolism,Lipoarabinomannan (LAM) biosynthesis,emb family,,3D-structure;Antibiotic resistance;Cell membrane;Cell wall biogenesis/degradation;Glycosyltransferase;Membrane;Reference proteome;Transferase;Transmembrane;Transmembrane helix
g3936,886123,Rv3794,P9WNL9,CDS,Plasma Membrane,embA,Probable arabinosyltransferase A,metabolism,Glycosyltransferases,Metabolism,Glycan biosynthesis and metabolism,Arabinogalactan biosynthesis - Mycobacterium,emb family,,3D-structure;Antibiotic resistance;Cell membrane;Cell wall biogenesis/degradation;Glycosyltransferase;Membrane;Reference proteome;Transferase;Transmembrane;Transmembrane helix
g3937,886126,Rv3795,P9WNL7,CDS,Plasma Membrane,embB,Probable arabinosyltransferase B,metabolism,Glycosyltransferases,Metabolism,Glycan biosynthesis and metabolism,Arabinogalactan biosynthesis - Mycobacterium,emb family,,3D-structure;Antibiotic resistance;Cell membrane;Cell wall biogenesis/degradation;Glycosyltransferase;Membrane;Reference proteome;Transferase;Transmembrane;Transmembrane helix
g3938,886128,Rv3796,P72062,CDS,Plasma Membrane,atsH,hypothetical protein,,,,,,,,Endonuclease;Hydrolase;Nuclease;Reference proteome;tRNA processing;Zinc
g3939,886122,Rv3797,O53577,CDS,Cytoplasmic,fadE35,acyl-CoA dehydrogenase FadE35,,,,,,acyl-CoA dehydrogenase family,,FAD;Flavoprotein;Oxidoreductase;Reference proteome
g3940,886268,Rv3798,P9WKH7,CDS,Cytoplasmic,,Transposase for insertion sequence element IS1557,,,,,,transposase 12 family,,DNA recombination;DNA-binding;Reference proteome;Transposable element;Transposition
g3941,886131,Rv3799c,O53578,CDS,Cytoplasmic,accD4,Biotin-dependent long chain acyl-coenzyme A carboxylase beta4 subunit,,,Metabolism,Lipid metabolism,Mycolic acid biosynthesis,AccD/PCCB family,,Direct protein sequencing;Reference proteome;Transferase
g3942,886133,Rv3800c,I6X8D2,CDS,Cytoplasmic,pks13,Polyketide synthase Pks13,metabolism,Lipid biosynthesis proteins,Metabolism,Lipid metabolism,Mycolic acid biosynthesis,,Lipid metabolism; mycolic acid biosynthesis,3D-structure;Acyltransferase;Fatty acid metabolism;Lipid metabolism;Multifunctional enzyme;Phosphopantetheine;Phosphoprotein;Reference proteome;Repeat;Transferase
g3943,886130,Rv3801c,O53580,CDS,Cytoplasmic,fadD32,Long-chain-fatty-acid--AMP ligase FadD32,metabolism,Lipid biosynthesis proteins,Metabolism,Lipid metabolism,Mycolic acid biosynthesis,ATP-dependent AMP-binding enzyme family,Lipid metabolism; mycolic acid biosynthesis,3D-structure;ATP-binding;Fatty acid metabolism;Ligase;Lipid metabolism;Nucleotide-binding;Phosphoprotein;Reference proteome
g3944,886135,Rv3802c,O53581,CDS,Plasma Membrane,cut6,Carboxylesterase/lipase Culp6,,,,,,cutinase family,,3D-structure;Cell membrane;Cell wall;Disulfide bond;Hydrolase;Membrane;Reference proteome;Secreted;Serine esterase;Transmembrane;Transmembrane helix
g3945,886121,Rv3803c,P9WQN7,CDS,Extracellular,mpt51,MPT51/MPB51 antigen,,,,,,mycobacterial A85 antigen family,,3D-structure;Acyltransferase;Reference proteome;Secreted;Signal;Transferase
g3946,886132,Rv3804c,P9WQP3,CDS,Extracellular,fbpA,Diacylglycerol acyltransferase/mycolyltransferase Ag85A,,,Metabolism,Lipid metabolism; Glycan biosynthesis and metabolism,Mycolic acid biosynthesis; Glycerolipid metabolism; Arabinogalactan biosynthesis - Mycobacterium,mycobacterial A85 antigen family,,3D-structure;Acyltransferase;Cell wall;Cytoplasm;Direct protein sequencing;Disulfide bond;Reference proteome;Secreted;Signal;Transferase
g3947,886138,Rv3805c,O53582,CDS,Plasma Membrane,aftB,Terminal beta-(1->2)-arabinofuranosyltransferase,metabolism,Glycosyltransferases,Metabolism,Glycan biosynthesis and metabolism,Lipoarabinomannan (LAM) biosynthesis; Arabinogalactan biosynthesis - Mycobacterium,AftB family,Cell wall biogenesis; cell wall polysaccharide biosynthesis,Cell wall biogenesis/degradation;Glycosyltransferase;Membrane;Reference proteome;Signal;Transferase;Transmembrane;Transmembrane helix
g3948,886129,Rv3806c,P9WFR5,CDS,Plasma Membrane,ubiA,Decaprenyl-phosphate phosphoribosyltransferase,metabolism,Prenyltransferases,,,,UbiA prenyltransferase family. DPPR synthase subfamily,Cell wall biogenesis; cell wall polysaccharide biosynthesis,3D-structure;Calcium;Cell inner membrane;Cell membrane;Cell wall biogenesis/degradation;Magnesium;Manganese;Membrane;Metal-binding;Reference proteome;Transferase;Transmembrane;Transmembrane helix
g3949,886134,Rv3807c,P9WI53,CDS,Plasma Membrane,,Decaprenylphosphoryl-5-phosphoribose phosphatase,,,,,,PA-phosphatase related phosphoesterase family,Cell wall biogenesis; cell wall polysaccharide biosynthesis,Cell membrane;Cell wall biogenesis/degradation;Direct protein sequencing;Hydrolase;Membrane;Reference proteome;Transmembrane;Transmembrane helix
g3950,886136,Rv3808c,O53585,CDS,Plasma Membrane,glfT2,Galactofuranosyltransferase GlfT2,metabolism,Glycosyltransferases,Metabolism,Glycan biosynthesis and metabolism,Arabinogalactan biosynthesis - Mycobacterium,glycosyltransferase 2 family,Cell wall biogenesis; cell wall polysaccharide biosynthesis,3D-structure;Cell membrane;Cell wall biogenesis/degradation;Glycosyltransferase;Magnesium;Manganese;Membrane;Metal-binding;Reference proteome;Transferase
g3951,886142,Rv3809c,P9WIQ1,CDS,Cytoplasmic,glf,UDP-galactopyranose mutase,,,Metabolism,Carbohydrate metabolism; Glycan biosynthesis and metabolism,Galactose metabolism; Amino sugar and nucleotide sugar metabolism,UDP-galactopyranose/dTDP-fucopyranose mutase family,Cell wall biogenesis; cell wall polysaccharide biosynthesis,3D-structure;Cell wall biogenesis/degradation;FAD;Flavoprotein;Isomerase;Reference proteome
g3952,886139,Rv3810,P9WIQ7,CDS,Extracellular,erp,Exported repetitive protein,,,,,,To M.leprae 28 kDa antigen,,Cell membrane;Membrane;Reference proteome;Repeat;Signal;Transmembrane;Transmembrane helix
g3953,886137,Rv3811,Q79F96,CDS,Extracellular,csp,Peptidoglycan recognition protein family domain-containing protein,,,,,,N-acetylmuramoyl-L-alanine amidase 2 family,,Reference proteome
g3954,886143,Rv3812,L7N680,CDS,Plasma Membrane,PE_PGRS62,PE-PGRS family protein PE_PGRS62,,,,,,mycobacterial PE family. PGRS subfamily,,Cell wall;Reference proteome;Secreted;Virulence
g3955,886147,Rv3813c,O07810,CDS,Cytoplasmic,,hypothetical protein,,,,,,,,Reference proteome
g3956,886150,Rv3814c,O07809,CDS,Plasma Membrane,,acyltransferase,,,,,,,,Acyltransferase;Reference proteome;Transferase
g3957,886149,Rv3815c,O07808,CDS,Plasma Membrane,,acyltransferase,,,,,,,,Acyltransferase;Reference proteome;Transferase
g3958,886152,Rv3816c,O07807,CDS,Plasma Membrane,,acyltransferase,,,,,,,,Acyltransferase;Reference proteome;Transferase
g3959,886144,Rv3817,O07806,CDS,Cytoplasmic,,phosphotransferase,signaling and cellular processes,Antimicrobial resistance genes,,,,aminoglycoside phosphotransferase family,,Antibiotic resistance;ATP-binding;Kinase;Magnesium;Metal-binding;Nucleotide-binding;Reference proteome;Transferase
g3960,886153,Rv3818,P9WH21,CDS,Cytoplasmic,,Putative Rieske 2Fe-2S iron-sulfur protein Rv3818,,,Human Diseases,Infectious disease: bacterial,Tuberculosis,,,2Fe-2S;Iron;Iron-sulfur;Metal-binding;Oxidoreductase;Reference proteome
g3961,886146,Rv3819,O07804,CDS,Plasma Membrane,,hypothetical protein,,,,,,,,Reference proteome
g3962,886140,Rv3820c,P9WIK7,CDS,Cytoplasmic,papA2,Trehalose-2-sulfate acyltransferase PapA2,,,,,,PapA acyltransferase family,,3D-structure;Acyltransferase;Cell wall biogenesis/degradation;Lipid biosynthesis;Lipid metabolism;Reference proteome;Transferase
g3963,886141,Rv3821,O07802,CDS,Plasma Membrane,sap,Sulfolipid-1 exporter Sap,,,,,,peptidoglycolipid addressing protein (GAP) (TC 2.A.116) family,,Cell inner membrane;Cell membrane;Cell wall biogenesis/degradation;Lipid transport;Membrane;Reference proteome;Transmembrane;Transmembrane helix;Transport
g3964,886155,Rv3822,O07801,CDS,Plasma Membrane,chp1,SL1278 acyltransferase Chp1,,,,,,mycobacterial PPE family,,Acyltransferase;Cell inner membrane;Cell membrane;Lipid biosynthesis;Lipid metabolism;Membrane;Reference proteome;Transferase;Transmembrane;Transmembrane helix
g3965,886145,Rv3823c,P9WJU5,CDS,Plasma Membrane,mmpL8,Sulfolipid-1 exporter MmpL8,,,,,,resistance-nodulation-cell division (RND) (TC 2.A.6) family. MmpL subfamily,,Cell inner membrane;Cell membrane;Cell wall biogenesis/degradation;Lipid transport;Membrane;Reference proteome;Transmembrane;Transmembrane helix;Transport
g3966,886156,Rv3824c,P9WIK9,CDS,Cytoplasmic,papA1,2'-acyl-2-O-sulfo-trehalose (hydroxy)phthioceranyltransferase PapA1,,,,,,PapA acyltransferase family,,Acyltransferase;Cell wall biogenesis/degradation;Lipid biosynthesis;Lipid metabolism;Reference proteome;Transferase
g3967,886148,Rv3825c,P9WQE9,CDS,Cytoplasmic,pks2,Phthioceranic/hydroxyphthioceranic acid synthase,metabolism,Lipid biosynthesis proteins,,,,,Lipid metabolism; fatty acid biosynthesis; Glycolipid metabolism; sulfolipid-1 biosynthesis,Acyltransferase;Fatty acid biosynthesis;Fatty acid metabolism;Lipid biosynthesis;Lipid metabolism;Multifunctional enzyme;NADP;Phosphopantetheine;Phosphoprotein;Reference proteome;Transferase
g3968,886154,Rv3826,P9WQ47,CDS,Cytoplasmic,fadD23,Long-chain-fatty-acid--AMP ligase FadD23,metabolism,Lipid biosynthesis proteins,,,,ATP-dependent AMP-binding enzyme family,Lipid metabolism; fatty acid biosynthesis,3D-structure;ATP-binding;Fatty acid metabolism;Ligase;Lipid metabolism;Membrane;Nucleotide-binding;Reference proteome;Transmembrane;Transmembrane helix
g3969,886151,Rv3827c,O07796,CDS,Cytoplasmic,,transposase,,,,,,,,Reference proteome
g3970,886160,Rv3828c,O07795,CDS,Cytoplasmic,,resolvase,,,,,,,,DNA integration;DNA recombination;DNA-binding;Reference proteome
g3971,886157,Rv3829c,O07794,CDS,Cytoplasmic,,Pyridine nucleotide-disulfide oxidoreductase domain-containing protein 2,,,,,,,,Reference proteome
g3972,886158,Rv3830c,P96248,CDS,Cytoplasmic,,TetR family transcriptional regulator,,,,,,,,DNA-binding;Reference proteome
g3973,886161,Rv3831,P96247,CDS,Plasma Membrane,,DUF2834 domain-containing protein,,,,,,,,Membrane;Reference proteome;Transmembrane;Transmembrane helix
g3974,886165,Rv3832c,P96246,CDS,Cytoplasmic,,hypothetical protein,,,,,,,,Methyltransferase;Reference proteome;Transferase
g3975,886162,Rv3833,P96245,CDS,Cytoplasmic,,HTH-type transcriptional regulator RipA,,,,,,,,DNA-binding;Reference proteome;Repressor;Transcription;Transcription regulation
g3976,886163,Rv3834c,P9WFT7,CDS,Cytoplasmic,serS,Serine--tRNA ligase,metabolism; genetic information processing,Amino acid related enzymes; Transfer RNA biogenesis,Genetic Information Processing,Translation,Aminoacyl-tRNA biosynthesis,class-II aminoacyl-tRNA synthetase family. Type-1 seryl-tRNA synthetase subfamily,Aminoacyl-tRNA biosynthesis; selenocysteinyl-tRNA(Sec) biosynthesis; L-seryl-tRNA(Sec) from L-serine and tRNA(Sec),Acetylation;Aminoacyl-tRNA synthetase;ATP-binding;Cytoplasm;Ligase;Nucleotide-binding;Protein biosynthesis;Reference proteome
g3977,886168,Rv3835,P9WKW5,CDS,Plasma Membrane,,Uncharacterized membrane protein Rv3835,,,,,,,,Cell membrane;Membrane;Reference proteome;Secreted;Transmembrane;Transmembrane helix
g3978,886164,Rv3836,P96242,CDS,Cytoplasmic,,hypothetical protein,,,,,,,,Reference proteome
g3979,886169,Rv3837c,P96241,CDS,Cytoplasmic,,phosphoglycerate mutase,,,,,,,,Reference proteome
g3980,886170,Rv3838c,P9WIC3,CDS,Cytoplasmic,pheA,Prephenate dehydratase,,,Metabolism,Amino acid metabolism,"Phenylalanine, tyrosine and tryptophan biosynthesis",,Amino-acid biosynthesis; L-phenylalanine biosynthesis; phenylpyruvate from prephenate,Allosteric enzyme;Amino-acid biosynthesis;Aromatic amino acid biosynthesis;Lyase;Phenylalanine biosynthesis;Reference proteome
g3981,886171,Rv3839,P96239,CDS,Cytoplasmic,,DUF2470 domain-containing protein,,,,,,,,Reference proteome
g3982,886167,Rv3840,P96238,CDS,Extracellular,,transcriptional regulator,,,,,,LytR/CpsA/Psr (LCP) family,,Reference proteome
g3983,886176,Rv3841,P9WNE5,CDS,Cytoplasmic,bfrB,Bacterioferritin BfrB,,,Metabolism,Metabolism of cofactors and vitamins,Porphyrin metabolism,ferritin-like superfamily. Prokaryotic family,,3D-structure;Direct protein sequencing;Encapsulin nanocompartment;Iron;Iron storage;Metal-binding;Oxidoreductase;Reference proteome;Virulence
g3984,886177,Rv3842c,P9WMU3,CDS,Cytoplasmic,glpQ1,Probable glycerophosphodiester phosphodiesterase 1,,,Metabolism,Lipid metabolism,Glycerophospholipid metabolism,glycerophosphoryl diester phosphodiesterase family,,Calcium;Glycerol metabolism;Hydrolase;Metal-binding;Reference proteome
g3985,886178,Rv3843c,P96235,CDS,Plasma Membrane,,transmembrane protein,,,,,,,,Membrane;Reference proteome;Transmembrane;Transmembrane helix
g3986,886180,Rv3844,P96234,CDS,Cytoplasmic,,transposase,,,,,,,,Reference proteome
g3987,886179,Rv3845,P96233,CDS,Cytoplasmic,,hypothetical protein,,,,,,,,Reference proteome
g3988,886174,Rv3846,P9WGE7,CDS,Extracellular,sodB,Superoxide dismutase [Fe],,,Cellular Processes,Transport and catabolism,Peroxisome,iron/manganese superoxide dismutase family,,3D-structure;Direct protein sequencing;Iron;Isopeptide bond;Metal-binding;Oxidoreductase;Reference proteome;Secreted;Ubl conjugation
g3989,886182,Rv3847,P96230,CDS,Plasma Membrane,,Peptidase,,,,,,,,Reference proteome
g3990,886159,Rv3848,P96229,CDS,Plasma Membrane,,GDT1 family protein,genetic information processing; signaling and cellular processes,Membrane trafficking; Transporters,,,,GDT1 family,,Membrane;Reference proteome;Transmembrane;Transmembrane helix
g3991,886184,Rv3849,P9WJB7,CDS,Cytoplasmic,espR,Nucleoid-associated protein EspR,genetic information processing,Transcription factors,,,,,,3D-structure;Activator;Cytoplasm;DNA-binding;Reference proteome;Repressor;Transcription;Transcription regulation;Virulence
g3992,886173,Rv3850,P96227,CDS,Plasma Membrane,,hypothetical protein,,,,,,,,Coiled coil;Reference proteome
g3993,886186,Rv3851,P96226,CDS,Plasma Membrane,,membrane protein,,,,,,,,Membrane;Reference proteome;Transmembrane;Transmembrane helix
g3994,886187,Rv3852,I6YHB0,CDS,Plasma Membrane,hns,Histone-like protein Rv3852,,,,,,,,Cell inner membrane;Cell membrane;Direct protein sequencing;DNA-binding;Membrane;Reference proteome;Transmembrane;Transmembrane helix
g3995,886181,Rv3853,P9WGY3,CDS,Cytoplasmic,rraA,Putative 4-hydroxy-4-methyl-2-oxoglutarate aldolase,genetic information processing,Messenger RNA biogenesis,,,,class II aldolase/RraA-like family,,3D-structure;Lyase;Metal-binding;Reference proteome
g3996,886175,Rv3854c,P9WNF9,CDS,Plasma Membrane,ethA,FAD-containing monooxygenase EthA,,,Metabolism,Xenobiotics biodegradation and metabolism,Aminobenzoate degradation,FAD-binding monooxygenase family,,Cell membrane;FAD;Flavoprotein;Membrane;Monooxygenase;NADP;Oxidoreductase;Reference proteome
g3997,886189,Rv3855,P9WMC1,CDS,Cytoplasmic,ethR,HTH-type transcriptional regulator EthR,genetic information processing,Transcription factors,,,,,,3D-structure;DNA-binding;Reference proteome;Repressor;Transcription;Transcription regulation
g3998,886193,Rv3856c,P96221,CDS,Cytoplasmic,,Polymerase/histidinol phosphatase N-terminal domain-containing protein,,,,,,,,Reference proteome
g3999,886192,Rv3857c,P96220,CDS,Plasma Membrane,,membrane protein,,,,,,,,Membrane;Reference proteome;Transmembrane;Transmembrane helix
g4000,886196,Rv3858c,P9WN19,CDS,Cytoplasmic,gltD,Glutamate synthase [NADPH] small chain,,,Metabolism,Energy metabolism; Amino acid metabolism,"Nitrogen metabolism; Alanine, aspartate and glutamate metabolism",,Amino-acid biosynthesis; L-glutamate biosynthesis via GLT pathway; L-glutamate from 2-oxoglutarate and L-glutamine (NADP(+) route),4Fe-4S;Amino-acid biosynthesis;Glutamate biosynthesis;Iron;Iron-sulfur;Metal-binding;NADP;Oxidoreductase;Reference proteome
g4001,886195,Rv3859c,P96218,CDS,Cytoplasmic,gltB,Glutamate synthase [NADPH] large chain,metabolism,Peptidases and inhibitors,Metabolism,Energy metabolism; Amino acid metabolism,"Nitrogen metabolism; Alanine, aspartate and glutamate metabolism",glutamate synthase family,Amino-acid biosynthesis; L-glutamate biosynthesis via GLT pathway; L-glutamate from 2-oxoglutarate and L-glutamine (NADP(+) route),3Fe-4S;Amino-acid biosynthesis;FAD;Flavoprotein;FMN;Glutamate biosynthesis;Glutamine amidotransferase;Iron;Iron-sulfur;Metal-binding;NADP;Oxidoreductase;Reference proteome
g4002,886188,Rv3860,P96217,CDS,Cytoplasmic,,hypothetical protein,,,,,,,,Reference proteome
g4003,886183,Rv3861,P96216,CDS,Extracellular,,hypothetical protein,,,,,,,,Reference proteome
g4004,886190,Rv3862c,P9WF37,CDS,Cytoplasmic,whiB6,Probable transcriptional regulator WhiB6,genetic information processing,Transcription factors,,,,WhiB family,,3D-structure;4Fe-4S;Cytoplasm;Disulfide bond;DNA-binding;Iron;Iron-sulfur;Metal-binding;Reference proteome;Transcription;Transcription regulation
g4005,886197,Rv3863,P96214,CDS,Cytoplasmic,,FHA domain-containing protein,,,,,,,,Reference proteome
g4006,886185,Rv3864,P9WJD3,CDS,Extracellular,espE,ESX-1 secretion-associated protein EspE,signaling and cellular processes,Secretion system,,,,,,Cell inner membrane;Cell membrane;Membrane;Reference proteome;Transmembrane;Transmembrane helix
g4007,886172,Rv3865,P9WJD1,CDS,Extracellular,espF,ESX-1 secretion-associated protein EspF,signaling and cellular processes,Secretion system,,,,EspC family,,Acetylation;Reference proteome
g4008,886200,Rv3866,P96210,CDS,Cytoplasmic,espG1,ESX-1 secretion-associated protein EspG1,signaling and cellular processes,Secretion system,,,,EspG family,,Chaperone;Cytoplasm;Reference proteome
g4009,886203,Rv3867,O69732,CDS,Extracellular,espH,ESX-1 secretion-associated protein EspH,signaling and cellular processes,Secretion system,,,,,,Reference proteome
g4010,886199,Rv3868,P9WPH9,CDS,Cytoplasmic,eccA1,ESX-1 secretion system protein EccA1,signaling and cellular processes,Secretion system,,,,CbxX/CfxQ family,,3D-structure;ATP-binding;Cytoplasm;Direct protein sequencing;Nucleotide-binding;Reference proteome
g4011,886166,Rv3869,P9WNR7,CDS,Plasma Membrane,eccB1,ESX-1 secretion system ATPase EccB1,signaling and cellular processes,Secretion system,,,,EccB family,,3D-structure;ATP-binding;Cell inner membrane;Cell membrane;Disulfide bond;Hydrolase;Membrane;Nucleotide-binding;Reference proteome;Repeat;Transmembrane;Transmembrane helix;Transport
g4012,886204,Rv3870,P9WNB3,CDS,Plasma Membrane,eccCa1,ESX-1 secretion system protein EccCa1,signaling and cellular processes,Secretion system,,,,,,ATP-binding;Cell inner membrane;Cell membrane;Membrane;Nucleotide-binding;Reference proteome;Transmembrane;Transmembrane helix;Transport
g4013,886202,Rv3871,P9WNB1,CDS,Cytoplasmic,eccCb1,ESX-1 secretion system protein EccCb1,signaling and cellular processes,Secretion system,,,,,,3D-structure;ATP-binding;Cytoplasm;Nucleotide-binding;Reference proteome;Repeat
g4014,886191,Rv3872,P9WIG7,CDS,Extracellular,PE35,PE family immunomodulator PE35,,,,,,mycobacterial PE family,,Reference proteome;Secreted;Virulence
g4015,886201,Rv3873,P9WHW9,CDS,Extracellular,PPE68,PPE family immunomodulator PPE68,,,,,,mycobacterial PPE family,,Cell membrane;Cell wall;Membrane;Reference proteome;Secreted;Virulence
g4016,886194,Rv3874,P9WNK5,CDS,Extracellular,esxB,ESAT-6-like protein EsxB,signaling and cellular processes,Secretion system,Human Diseases,Infectious disease: bacterial,Tuberculosis,WXG100 family. CFP-10 subfamily,,3D-structure;Acetylation;Cell wall;Chaperone;Coiled coil;Direct protein sequencing;Host endoplasmic reticulum;Reference proteome;Secreted;Virulence
g4017,886209,Rv3875,P9WNK7,CDS,Extracellular,esxA,6 kDa early secretory antigenic target,signaling and cellular processes,Secretion system,Human Diseases,Infectious disease: bacterial,Tuberculosis,WXG100 family. ESAT-6 subfamily,,3D-structure;Acetylation;Apoptosis;Cell wall;Coiled coil;Direct protein sequencing;Host cell membrane;Host cytoplasm;Host endoplasmic reticulum;Host membrane;Membrane;Reference proteome;Secreted;Transmembrane;Transmembrane helix;Virulence
g4018,886206,Rv3876,P9WJC5,CDS,Cytoplasmic,espI,ESX-1 secretion-associated protein EspI,signaling and cellular processes,Secretion system,,,,,,ATP-binding;Nucleotide-binding;Reference proteome
g4019,886207,Rv3877,P9WNQ7,CDS,Plasma Membrane,eccD1,ESX-1 secretion system protein EccD1,signaling and cellular processes,Secretion system,,,,EccD/Snm4 family,,3D-structure;Acetylation;Cell inner membrane;Cell membrane;Membrane;Reference proteome;Transmembrane;Transmembrane helix;Transport
g4020,886198,Rv3878,P9WJC3,CDS,Extracellular,espJ,ESX-1 secretion-associated protein EspJ,signaling and cellular processes,Secretion system,,,,,,Phosphoprotein;Reference proteome;Secreted;Virulence
g4021,886212,Rv3879c,P9WJC1,CDS,Extracellular,espK,ESX-1 secretion-associated protein EspK,signaling and cellular processes,Secretion system,,,,,,3D-structure;Cytoplasm;Reference proteome
g4022,886205,Rv3880c,P9WJB9,CDS,Extracellular,espL,ESX-1 secretion-associated protein EspL,signaling and cellular processes,Secretion system,,,,,,Acetylation;Reference proteome
g4023,886214,Rv3881c,P9WJD9,CDS,Extracellular,espB,ESX-1 secretion-associated protein EspB,signaling and cellular processes,Secretion system,,,,EspB family,,3D-structure;Acetylation;Direct protein sequencing;Reference proteome;Secreted;Virulence
g4024,886208,Rv3882c,P9WJE9,CDS,Plasma Membrane,eccE1,ESX-1 secretion system protein EccE1,signaling and cellular processes,Secretion system,,,,EccE family,,Cell inner membrane;Cell membrane;Membrane;Reference proteome;Transmembrane;Transmembrane helix;Transport
g4025,886217,Rv3883c,O05461,CDS,Plasma Membrane,mycP1,Mycosin-1,metabolism; genetic information processing; signaling and cellular processes,Peptidases and inhibitors; Chaperones and folding catalysts; Secretion system,,,,peptidase S8 family,,Cell membrane;Hydrolase;Membrane;Protease;Reference proteome;Serine protease;Signal;Transmembrane;Transmembrane helix
g4026,886210,Rv3884c,P9WPH7,CDS,Cytoplasmic,eccA2,ESX-2 secretion system protein EccA2,signaling and cellular processes,Secretion system,,,,CbxX/CfxQ family,,ATP-binding;Cytoplasm;Nucleotide-binding;Reference proteome
g4027,886220,Rv3885c,P9WJE7,CDS,Plasma Membrane,eccE2,ESX-2 secretion system protein EccE2,signaling and cellular processes,Secretion system,,,,EccE family,,Cell membrane;Membrane;Reference proteome;Transmembrane;Transmembrane helix
g4028,886215,Rv3886c,O05458,CDS,Plasma Membrane,mycP2,Mycosin-2,metabolism; genetic information processing; signaling and cellular processes,Peptidases and inhibitors; Chaperones and folding catalysts; Secretion system,,,,peptidase S8 family,,Cell membrane;Hydrolase;Membrane;Protease;Reference proteome;Serine protease;Signal;Transmembrane;Transmembrane helix
g4029,886211,Rv3887c,P9WNQ5,CDS,Plasma Membrane,eccD2,ESX-2 secretion system protein eccD2,signaling and cellular processes,Secretion system,,,,EccD/Snm4 family,,Cell membrane;Membrane;Reference proteome;Transmembrane;Transmembrane helix
g4030,886219,Rv3888c,O05456,CDS,Cytoplasmic,,membrane protein,,,,,,,,Reference proteome
g4031,886223,Rv3889c,P9WJC9,CDS,Cytoplasmic,espG2,ESX-2 secretion-associated protein EspG2,signaling and cellular processes,Secretion system,,,,EspG family,,Chaperone;Cytoplasm;Reference proteome
g4032,886222,Rv3890c,P9WNI1,CDS,Extracellular,esxC,ESAT-6-like protein EsxC,signaling and cellular processes,Secretion system,Human Diseases,Infectious disease: bacterial,Tuberculosis,WXG100 family. ESAT-6 subfamily,,Reference proteome;Secreted
g4033,886218,Rv3891c,O05453,CDS,Extracellular,esxD,ESAT-6-like protein EsxD,signaling and cellular processes,Secretion system,Human Diseases,Infectious disease: bacterial,Tuberculosis,WXG100 family. CFP-10 subfamily,,Reference proteome;Secreted
g4034,886227,Rv3892c,P9WHW7,CDS,Extracellular,PPE69,Uncharacterized PPE family protein PPE69,,,,,,mycobacterial PPE family,,Reference proteome
g4035,886213,Rv3893c,L7N660,CDS,Extracellular,PE36,PE family protein PE36,,,,,,,,Reference proteome
g4036,886230,Rv3894c,O05450,CDS,Plasma Membrane,eccC2,ESX-2 type VII secretion system protein EccC,,,,,,,,3D-structure;ATP-binding;Cell membrane;Membrane;Metal-binding;Nucleotide-binding;Reference proteome;Repeat;Transmembrane;Transmembrane helix
g4037,886231,Rv3895c,P9WNR5,CDS,Plasma Membrane,eccB2,ESX-2 secretion system ATPase EccB2,signaling and cellular processes,Secretion system,,,,EccB family,,ATP-binding;Cell membrane;Hydrolase;Membrane;Nucleotide-binding;Reference proteome;Transmembrane;Transmembrane helix
g4038,886216,Rv3896c,O05448,CDS,Extracellular,,Transglycosylase,,,,,,,,Reference proteome
g4039,886225,Rv3897c,O07036,CDS,Extracellular,,hypothetical protein,,,,,,,,Reference proteome
g4040,886233,Rv3898c,O05447,CDS,Extracellular,,hypothetical protein,,,,,,,,Reference proteome
g4041,886228,Rv3899c,O05446,CDS,Extracellular,,Tat (Twin-arginine translocation) pathway signal sequence containing protein,,,,,,,,3D-structure;Reference proteome
g4042,886235,Rv3900c,O05445,CDS,Extracellular,,hypothetical protein,,,,,,,,Reference proteome
g4043,886226,Rv3901c,O05444,CDS,Plasma Membrane,,membrane protein,,,,,,,,Membrane;Reference proteome;Transmembrane;Transmembrane helix
g4044,886236,Rv3902c,O05443,CDS,Cytoplasmic,,Immunity factor for TNT,,,,,,,,3D-structure;Reference proteome
g4045,886229,Rv3903c,O05442,CDS,Extracellular,cpnT,Outer membrane channel protein CpnT,,,,,,,,3D-structure;Cell outer membrane;Host cytoplasm;Hydrolase;Ion transport;Membrane;NAD;Porin;Reference proteome;Secreted;Toxin;Transmembrane;Transmembrane beta strand;Transport;Virulence
g4046,886237,Rv3904c,P9WNH9,CDS,Extracellular,esxE,ESAT-6-like protein EsxE,signaling and cellular processes,Secretion system,Human Diseases,Infectious disease: bacterial,Tuberculosis,WXG100 family. ESAT-6 subfamily,,Reference proteome;Secreted
g4047,886239,Rv3905c,P9WNH7,CDS,Extracellular,esxF,ESAT-6-like protein EsxF,signaling and cellular processes,Secretion system,Human Diseases,Infectious disease: bacterial,Tuberculosis,WXG100 family. CFP-10 subfamily,,Reference proteome;Secreted
g4048,886221,Rv3906c,O05439,CDS,Extracellular,,Pullulanase,,,,,,,,Reference proteome
g4049,886240,Rv3907c,L7N672,CDS,Cytoplasmic,pcnA,poly(A) polymerase PcnA,genetic information processing,Transfer RNA biogenesis,Genetic Information Processing,"Folding, sorting and degradation",RNA degradation,,,Magnesium;Metal-binding;Nucleotide-binding;Nucleotidyltransferase;Reference proteome;Transferase;tRNA processing
g4050,886242,Rv3908,P9WIX7,CDS,Cytoplasmic,mutT4,Putative mutator protein MutT4,,,,,,Nudix hydrolase family,,Hydrolase;Magnesium;Manganese;Metal-binding;Mutator protein;Reference proteome
g4051,886245,Rv3909,O05436,CDS,Plasma Membrane,,hypothetical protein,,,,,,,,Reference proteome
g4052,886247,Rv3910,P9WJK3,CDS,Plasma Membrane,mviN,Probable peptidoglycan biosynthesis protein MviN,metabolism; signaling and cellular processes,Peptidoglycan biosynthesis and degradation proteins; Transporters,,,,In the N-terminal section; belongs to the MurJ/MviN family,,3D-structure;Acetylation;Cell membrane;Cell shape;Membrane;Peptidoglycan synthesis;Phosphoprotein;Reference proteome;Transmembrane;Transmembrane helix
g4053,886246,Rv3911,O53590,CDS,Cytoplasmic,sigM,ECF RNA polymerase sigma factor SigM,genetic information processing,Transcription machinery,,,,sigma-70 factor family. ECF subfamily,,DNA-binding;Reference proteome;Sigma factor;Transcription;Transcription regulation
g4054,886234,Rv3912,P9WJ65,CDS,Plasma Membrane,rsmA,Anti-sigma-M factor RsmA,,,,,,,,Cell membrane;Membrane;Reference proteome;Transcription;Transcription regulation;Transmembrane;Transmembrane helix
g4055,886232,Rv3913,P9WHH1,CDS,Cytoplasmic,trxB,Thioredoxin reductase,,,Metabolism,Metabolism of other amino acids,Selenocompound metabolism,class-II pyridine nucleotide-disulfide oxidoreductase family,,3D-structure;Acetylation;Cytoplasm;Disulfide bond;FAD;Flavoprotein;NADP;Oxidoreductase;Phosphoprotein;Redox-active center;Reference proteome
g4056,886241,Rv3914,P9WG67,CDS,Cytoplasmic,trxA,Thioredoxin,genetic information processing,Chaperones and folding catalysts,,,,thioredoxin family,,3D-structure;Direct protein sequencing;Disulfide bond;Electron transport;Redox-active center;Reference proteome;Transport
g4057,886250,Rv3915,L7N653,CDS,Cytoplasmic,cwlM,N-acetylmuramoyl-L-alanine amidase CwlM,metabolism; genetic information processing,Peptidoglycan biosynthesis and degradation proteins; Chromosome and associated proteins,Human Diseases,Drug resistance: antimicrobial,Cationic antimicrobial peptide (CAMP) resistance,N-acetylmuramoyl-L-alanine amidase 3 family,Cell wall degradation; peptidoglycan degradation,Cell wall biogenesis/degradation;Hydrolase;Periplasm;Reference proteome;Repeat
g4058,886249,Rv3916c,O53594,CDS,Cytoplasmic,,Acetyltransferase,,,,,,,,Reference proteome
g4059,886244,Rv3917c,P9WIJ9,CDS,Cytoplasmic,parB,Probable chromosome-partitioning protein ParB,genetic information processing; signaling and cellular processes,Transcription factors; Chromosome and associated proteins; Cytoskeleton proteins,,,,ParB family,,Chromosome partition;DNA-binding;Reference proteome
g4060,886224,Rv3918c,Q1LVD4,CDS,Cytoplasmic,parA,chromosome partitioning protein ParA,genetic information processing; signaling and cellular processes,Chromosome and associated proteins; Cytoskeleton proteins,,,,ParA family,,Reference proteome
g4061,886243,Rv3919c,P9WGW9,CDS,Cytoplasmic,rsmG,Ribosomal RNA small subunit methyltransferase G,genetic information processing,Ribosome biogenesis; Chromosome and associated proteins,,,,methyltransferase superfamily. RNA methyltransferase RsmG family,,3D-structure;Cytoplasm;Methyltransferase;Reference proteome;rRNA processing;S-adenosyl-L-methionine;Transferase
g4062,886255,Rv3920c,O53598,CDS,Cytoplasmic,,hypothetical protein,,,,,,,,Reference proteome
g4063,886238,Rv3921c,P9WIT5,CDS,Plasma Membrane,yidC,Membrane protein insertase YidC,genetic information processing; signaling and cellular processes,Mitochondrial biogenesis; Secretion system,Genetic Information Processing; Environmental Information Processing; Cellular Processes,"Folding, sorting and degradation; Membrane transport; Cellular community - prokaryotes",Protein export; Bacterial secretion system; Quorum sensing,OXA1/ALB3/YidC family. Type 1 subfamily,,Cell membrane;Chaperone;Membrane;Protein transport;Reference proteome;Transmembrane;Transmembrane helix;Transport
g4064,886256,Rv3922c,P9WFL9,CDS,Extracellular,,Putative membrane protein insertion efficiency factor,,,,,,UPF0161 family,,Cell membrane;Membrane;Reference proteome
g4065,886248,Rv3923c,P9WGZ3,CDS,Cytoplasmic,rnpA,Ribonuclease P protein component,genetic information processing,Transfer RNA biogenesis,,,,RnpA family,,Endonuclease;Hydrolase;Nuclease;Reference proteome;RNA-binding;tRNA processing
g4066,886258,Rv3924c,P9WH93,CDS,Extracellular,rpmH,Large ribosomal subunit protein bL34,genetic information processing,Ribosome,Genetic Information Processing,Translation,Ribosome,bacterial ribosomal protein bL34 family,,3D-structure;Reference proteome;Ribonucleoprotein;Ribosomal protein;RNA-binding;rRNA-binding
g4067,14515861,RVnc0001,,ncRNA,,AS1890,Putative small regulatory RNA,,,,,,,,
g4068,14515884,RVnc0002,,ncRNA,,ASdes,Putative small regulatory RNA,,,,,,,,
g4069,14515896,RVnc0003,,ncRNA,,ASpks,Putative small regulatory RNA,,,,,,,,
g4070,14515875,RVnc0004,,ncRNA,,B11,Putative small regulatory RNA,,,,,,,,
g4071,14515849,RVnc0005,,ncRNA,,B55,Putative small regulatory RNA,,,,,,,,
g4072,14515877,RVnc0006,,ncRNA,,C8,Possible 4.5S RNA in signal recognition particle (small cytoplasmic RNA) (SC-RNA),RNA family,Non-coding RNAs,Genetic Information Processing,"Folding, sorting and degradation",Protein export,,,
g4073,14515886,RVnc0008,,ncRNA,,F6,Putative small regulatory RNA,,,,,,,,
g4074,14515900,RVnc0010,,ncRNA,,G2,Putative small regulatory RNA,,,,,,,,
g4075,14515854,RVnc0012,,ncRNA,,mcr10,Putative small regulatory RNA,,,,,,,,
g4076,14515855,RVnc0013,,ncRNA,,mcr11,Putative small regulatory RNA,,,,,,,,
g4077,14515856,RVnc0015,,ncRNA,,mcr15,Putative small regulatory RNA,,,,,,,,
g4078,14515885,RVnc0018,,ncRNA,,mcr16,Putative small regulatory RNA,,,,,,,,
g4079,14515894,RVnc0021,,ncRNA,,mcr3,Putative small regulatory RNA,,,,,,,,
g4080,14515865,RVnc0024,,ncRNA,,mcr7,Putative small regulatory RNA,,,,,,,,
g4081,14515882,RVnc0034,,ncRNA,,MTS0858,Putative small regulatory RNA,,,,,,,,
g4082,14515858,RVnc0035,,ncRNA,,MTS1082,Putative small regulatory RNA,,,,,,,,
g4083,14515860,RVnc0036,,ncRNA,,MTS1338,Putative small regulatory RNA,,,,,,,,
g4084,14515876,RVnc0036a,,ncRNA,,MTS2823,Putative small regulatory RNA,,,,,,,,
g4085,14515878,RVnc0040,,ncRNA,,MTS2975,Putative small regulatory RNA,,,,,,,,
g4086,14515871,RVnc0046,,misc_RNA,,ssr,10Sa RNA,RNA family,Non-coding RNAs,,,,,,
g4087,14515859,RVnc0047,,ncRNA,,AS1726,Putative small regulatory RNA,,,,,,,,
g4088,2700429,Rvnr01,,rRNA,,rrs,16S ribosomal RNA,genetic information processing; RNA family,Ribosome; Non-coding RNAs,Genetic Information Processing,Translation,Ribosome,,,
g4089,2700466,Rvnr02,,rRNA,,rrl,23S ribosomal RNA,genetic information processing; RNA family,Ribosome; Non-coding RNAs,Genetic Information Processing,Translation,Ribosome,,,
g4090,2700459,Rvnr03,,rRNA,,rrf,5S ribosomal RNA,genetic information processing; RNA family,Ribosome; Non-coding RNAs,Genetic Information Processing,Translation,Ribosome,,,
g4091,2700434,Rvns01,,misc_RNA,,rnpB,Ribonuclease P RNA,genetic information processing; RNA family,Transfer RNA biogenesis; Non-coding RNAs,,,,,,
g4092,2700464,Rvnt01,,tRNA,,ileT,tRNA-Ile,RNA family,Non-coding RNAs,Genetic Information Processing,Translation,Aminoacyl-tRNA biosynthesis,,,
g4093,2700469,Rvnt02,,tRNA,,alaT,tRNA-Ala,RNA family,Non-coding RNAs,Genetic Information Processing,Translation,Aminoacyl-tRNA biosynthesis,,,
g4094,2700444,Rvnt03,,tRNA,,leuT,tRNA-Leu,RNA family,Non-coding RNAs,Genetic Information Processing,Translation,Aminoacyl-tRNA biosynthesis,,,
g4095,2700441,Rvnt04,,tRNA,,glyU,tRNA-Gly,RNA family,Non-coding RNAs,Genetic Information Processing,Translation,Aminoacyl-tRNA biosynthesis,,,
g4096,2700426,Rvnt05,,tRNA,,tyrT,tRNA-Tyr,RNA family,Non-coding RNAs,Genetic Information Processing,Translation,Aminoacyl-tRNA biosynthesis,,,
g4097,2700463,Rvnt06,,tRNA,,thrT,tRNA-Thr,RNA family,Non-coding RNAs,Genetic Information Processing,Translation,Aminoacyl-tRNA biosynthesis,,,
g4098,2700431,Rvnt07,,tRNA,,metT,tRNA-Met,RNA family,Non-coding RNAs,Genetic Information Processing,Translation,Aminoacyl-tRNA biosynthesis,,,
g4099,2700453,Rvnt08,,tRNA,,trpT,tRNA-Trp,RNA family,Non-coding RNAs,Genetic Information Processing,Translation,Aminoacyl-tRNA biosynthesis,,,
g4100,2700448,Rvnt09,,tRNA,,thrV,tRNA-Thr,RNA family,Non-coding RNAs,Genetic Information Processing,Translation,Aminoacyl-tRNA biosynthesis,,,
g4101,2700435,Rvnt10,,tRNA,,lysT,tRNA-Lys,RNA family,Non-coding RNAs,Genetic Information Processing,Translation,Aminoacyl-tRNA biosynthesis,,,
g4102,2700445,Rvnt11,,tRNA,,gluT,tRNA-Glu,RNA family,Non-coding RNAs,Genetic Information Processing,Translation,Aminoacyl-tRNA biosynthesis,,,
g4103,2700454,Rvnt12,,tRNA,,aspT,tRNA-Asp,RNA family,Non-coding RNAs,Genetic Information Processing,Translation,Aminoacyl-tRNA biosynthesis,,,
g4104,2700446,Rvnt13,,tRNA,,pheU,tRNA-Phe,RNA family,Non-coding RNAs,Genetic Information Processing,Translation,Aminoacyl-tRNA biosynthesis,,,
g4105,2700422,Rvnt14,,tRNA,,argT,tRNA-Arg,RNA family,Non-coding RNAs,Genetic Information Processing,Translation,Aminoacyl-tRNA biosynthesis,,,
g4106,2700430,Rvnt15,,tRNA,,alaV,tRNA-Ala,RNA family,Non-coding RNAs,Genetic Information Processing,Translation,Aminoacyl-tRNA biosynthesis,,,
g4107,2700462,Rvnt16,,tRNA,,glnT,tRNA-Gln,RNA family,Non-coding RNAs,Genetic Information Processing,Translation,Aminoacyl-tRNA biosynthesis,,,
g4108,2700427,Rvnt17,,tRNA,,leuX,tRNA-Leu,RNA family,Non-coding RNAs,Genetic Information Processing,Translation,Aminoacyl-tRNA biosynthesis,,,
g4109,2700468,Rvnt18,,tRNA,,argV,tRNA-Arg,RNA family,Non-coding RNAs,Genetic Information Processing,Translation,Aminoacyl-tRNA biosynthesis,,,
g4110,2700424,Rvnt19,,tRNA,,leuW,tRNA-Leu,RNA family,Non-coding RNAs,Genetic Information Processing,Translation,Aminoacyl-tRNA biosynthesis,,,
g4111,2700456,Rvnt20,,tRNA,,leuV,tRNA-Leu,RNA family,Non-coding RNAs,Genetic Information Processing,Translation,Aminoacyl-tRNA biosynthesis,,,
g4112,2700455,Rvnt21,,tRNA,,proT,tRNA-Pro,RNA family,Non-coding RNAs,Genetic Information Processing,Translation,Aminoacyl-tRNA biosynthesis,,,
g4113,2700467,Rvnt22,,tRNA,,leuU,tRNA-Leu,RNA family,Non-coding RNAs,Genetic Information Processing,Translation,Aminoacyl-tRNA biosynthesis,,,
g4114,2700452,Rvnt23,,tRNA,,valV,tRNA-Val,RNA family,Non-coding RNAs,Genetic Information Processing,Translation,Aminoacyl-tRNA biosynthesis,,,
g4115,2700432,Rvnt24,,tRNA,,metV,tRNA-Met,RNA family,Non-coding RNAs,Genetic Information Processing,Translation,Aminoacyl-tRNA biosynthesis,,,
g4116,2700449,Rvnt25,,tRNA,,asnT,tRNA-Asn,RNA family,Non-coding RNAs,Genetic Information Processing,Translation,Aminoacyl-tRNA biosynthesis,,,
g4117,2700470,Rvnt26,,tRNA,,proU,tRNA-Pro,RNA family,Non-coding RNAs,Genetic Information Processing,Translation,Aminoacyl-tRNA biosynthesis,,,
g4118,2700450,Rvnt27,,tRNA,,glyV,tRNA-Gly,RNA family,Non-coding RNAs,Genetic Information Processing,Translation,Aminoacyl-tRNA biosynthesis,,,
g4119,2700423,Rvnt28,,tRNA,,argW,tRNA-Arg,RNA family,Non-coding RNAs,Genetic Information Processing,Translation,Aminoacyl-tRNA biosynthesis,,,
g4120,2700451,Rvnt29,,tRNA,,hisT,tRNA-His,RNA family,Non-coding RNAs,Genetic Information Processing,Translation,Aminoacyl-tRNA biosynthesis,,,
g4121,2700436,Rvnt30,,tRNA,,lysU,tRNA-Lys,RNA family,Non-coding RNAs,Genetic Information Processing,Translation,Aminoacyl-tRNA biosynthesis,,,
g4122,2700447,Rvnt31,,tRNA,,valT,tRNA-Val,RNA family,Non-coding RNAs,Genetic Information Processing,Translation,Aminoacyl-tRNA biosynthesis,,,
g4123,2700439,Rvnt32,,tRNA,,glyT,tRNA-Gly,RNA family,Non-coding RNAs,Genetic Information Processing,Translation,Aminoacyl-tRNA biosynthesis,,,
g4124,2700440,Rvnt33,,tRNA,,cysU,tRNA-Cys,RNA family,Non-coding RNAs,Genetic Information Processing,Translation,Aminoacyl-tRNA biosynthesis,,,
g4125,2700437,Rvnt34,,tRNA,,valU,tRNA-Val,RNA family,Non-coding RNAs,Genetic Information Processing,Translation,Aminoacyl-tRNA biosynthesis,,,
g4126,2700433,Rvnt35,,tRNA,,gluU,tRNA-Glu,RNA family,Non-coding RNAs,Genetic Information Processing,Translation,Aminoacyl-tRNA biosynthesis,,,
g4127,2700442,Rvnt36,,tRNA,,glnU,tRNA-Gln,RNA family,Non-coding RNAs,Genetic Information Processing,Translation,Aminoacyl-tRNA biosynthesis,,,
g4128,2700438,Rvnt37,,tRNA,,alaU,tRNA-Ala,RNA family,Non-coding RNAs,Genetic Information Processing,Translation,Aminoacyl-tRNA biosynthesis,,,
g4129,2700465,Rvnt38,,tRNA,,metU,tRNA-Met,RNA family,Non-coding RNAs,Genetic Information Processing,Translation,Aminoacyl-tRNA biosynthesis,,,
g4130,2700461,Rvnt39,,tRNA,,thrU,tRNA-Thr,RNA family,Non-coding RNAs,Genetic Information Processing,Translation,Aminoacyl-tRNA biosynthesis,,,
g4131,2700460,Rvnt40,,tRNA,,proY,tRNA-Pro,RNA family,Non-coding RNAs,Genetic Information Processing,Translation,Aminoacyl-tRNA biosynthesis,,,
g4132,2700443,Rvnt41,,tRNA,,serV,tRNA-Ser,RNA family,Non-coding RNAs,Genetic Information Processing,Translation,Aminoacyl-tRNA biosynthesis,,,
g4133,2700471,Rvnt42,,tRNA,,serX,tRNA-Ser,RNA family,Non-coding RNAs,Genetic Information Processing,Translation,Aminoacyl-tRNA biosynthesis,,,
g4134,2700457,Rvnt43,,tRNA,,argU,tRNA-Arg,RNA family,Non-coding RNAs,Genetic Information Processing,Translation,Aminoacyl-tRNA biosynthesis,,,
g4135,2700421,Rvnt44,,tRNA,,serT,tRNA-Ser,RNA family,Non-coding RNAs,Genetic Information Processing,Translation,Aminoacyl-tRNA biosynthesis,,,
g4136,2700428,Rvnt45,,tRNA,,serU,tRNA-Ser,RNA family,Non-coding RNAs,Genetic Information Processing,Translation,Aminoacyl-tRNA biosynthesis,,,
