uniqID,strain,cmpd,dose,time,cmp_cond,cmp1,cmp2,comparison,FC1,FC2,FCdiff,P1,P2,Pdiff,Q1,Q2,Qdiff,signf1,signf2,effect1,effect2,thrsh,signf,effect
g0001,,drugA,2.5,6,strain,WT,mutant,WT | mutant,0.1441508683015682,0.13294357967182702,0.011207288629741186,0.34983890803621714,0.5024866166797057,-0.1526477086434886,0.07191513164958019,0.12815225059790783,-0.05623711894832764,false,false,none,none,"marginal gaussian (robust), per-axis q < 0.01",false,none
g0002,,drugA,2.5,6,strain,WT,mutant,WT | mutant,0.4846782545135149,0.09080175963112147,0.3938764948823934,2.0793914462749927,0.7240623790709814,1.3553290672040115,0.41773023083376504,0.13715790986579626,0.2805723209679688,false,false,none,none,"marginal gaussian (robust), per-axis q < 0.01",false,none
g0003,,drugA,2.5,6,strain,WT,mutant,WT | mutant,0.28326556975954986,0.20004154048035083,0.08322402927919903,0.7763453045851779,0.5319744054490314,0.2443708991361465,0.11486211007264371,0.1341786131736729,-0.019316503101029198,false,false,none,none,"marginal gaussian (robust), per-axis q < 0.01",false,none
g0004,,drugA,2.5,6,strain,WT,mutant,WT | mutant,-0.2230412100826804,-0.21562072784511876,-0.007420482237561643,0.710847365720998,0.8641139220122156,-0.15326655629121755,0.11486211007264371,0.16977359726269767,-0.054911487190053954,false,false,none,none,"marginal gaussian (robust), per-axis q < 0.01",false,none
g0005,,drugA,2.5,6,strain,WT,mutant,WT | mutant,0.10784182765435091,0.08203010601184957,0.02581172164250134,0.5410256101555935,0.2276872707875401,0.31333833936805333,0.11486211007264371,0.06760198618920053,0.04726012388344318,false,false,none,none,"marginal gaussian (robust), per-axis q < 0.01",false,none
g0006,,drugA,2.5,6,strain,WT,mutant,WT | mutant,0.02587045743199745,-0.09096094965992929,0.11683140709192674,0.09572667985619972,0.336993914720505,-0.2412672348643053,0.017999718124494104,0.09146531796091985,-0.07346559983642574,false,false,none,none,"marginal gaussian (robust), per-axis q < 0.01",false,none
g0007,,drugA,2.5,6,strain,WT,mutant,WT | mutant,0.13210443880700318,0.12715218047004395,0.0049522583369592255,0.7532400129951614,0.7269752719443258,0.02626474105083565,0.11486211007264371,0.13715790986579626,-0.02229579979315255,false,false,none,none,"marginal gaussian (robust), per-axis q < 0.01",false,none
g0008,,drugA,2.5,6,strain,WT,mutant,WT | mutant,-0.09189503320745729,-0.1513219782203521,0.059426945012894805,0.23612734010411082,0.5946295179506853,-0.35850217784657445,0.04830222555242109,0.1341786131736729,-0.08587638762125183,false,false,none,none,"marginal gaussian (robust), per-axis q < 0.01",false,none
g0009,,drugA,2.5,6,strain,WT,mutant,WT | mutant,-0.03714542510443586,-0.10666196297302477,0.06951653786858891,0.08208998254009485,0.2885642882161358,-0.20647430567604091,0.017999718124494104,0.06772758694471483,-0.04972786882022072,false,false,none,none,"marginal gaussian (robust), per-axis q < 0.01",false,none
g0010,,drugA,2.5,6,strain,WT,mutant,WT | mutant,0.13195491984606367,0.012445744407663994,0.11950917543839967,0.9840980132615208,0.025252759598167737,0.958845253663353,0.11486211007264371,0.005221462024498714,0.109640648048145,false,false,none,none,"marginal gaussian (robust), per-axis q < 0.01",false,none
g0011,,drugA,2.5,6,strain,WT,mutant,WT | mutant,0.17013119106091068,-0.18123800949157953,0.3513692005524902,0.49556398267652213,0.3995158154877141,0.09604816718880804,0.11486211007264371,0.10202524975388463,0.01283686031875908,false,false,none,none,"marginal gaussian (robust), per-axis q < 0.01",false,none
g0012,,drugA,2.5,6,strain,WT,mutant,WT | mutant,-0.012990536704066358,0.1443157883644126,-0.15730632506847897,0.02014578579619415,0.7296625942863882,-0.709516808490194,0.009332916513976684,0.13715790986579626,-0.12782499335181957,false,false,none,none,"marginal gaussian (robust), per-axis q < 0.01",false,none
g0013,,drugA,2.5,6,strain,WT,mutant,WT | mutant,-0.038039004695754386,-0.21116016326963827,0.17312115857388388,0.06683399526902081,0.6877885348835072,-0.6209545396144864,0.012415041733760129,0.13715790986579626,-0.12474286813203614,false,false,none,none,"marginal gaussian (robust), per-axis q < 0.01",false,none
g0014,,drugA,2.5,6,strain,WT,mutant,WT | mutant,0.1893026362544976,0.10907990613115004,0.08022273012334757,0.5241944131981985,0.2933018484698266,0.23089256472837189,0.11486211007264371,0.0690798990578556,0.04578221101478812,false,false,none,none,"marginal gaussian (robust), per-axis q < 0.01",false,none
g0015,,drugA,2.5,6,strain,WT,mutant,WT | mutant,0.011694150870502185,0.04457014272433035,-0.03287599185382817,0.03143157517968075,0.0977768957463807,-0.06634532056669995,0.011091877351670762,0.03004047956750628,-0.018948602215835518,false,false,none,none,"marginal gaussian (robust), per-axis q < 0.01",false,none
g0016,,drugA,2.5,6,strain,WT,mutant,WT | mutant,0.10641218004691666,0.049002397074872306,0.057409782972044354,0.30254647287226355,0.12293928163622535,0.1796071912360382,0.06342245240212946,0.03338362335352412,0.030038829048605338,false,false,none,none,"marginal gaussian (robust), per-axis q < 0.01",false,none
g0017,,drugA,2.5,6,strain,WT,mutant,WT | mutant,0.15918246554456594,0.08078084938171415,0.0784016161628518,1.0066973385562854,0.1543774582299782,0.8523198803263072,0.11486211007264371,0.0465687686489462,0.06829334142369752,false,false,none,none,"marginal gaussian (robust), per-axis q < 0.01",false,none
g0018,,drugA,2.5,6,strain,WT,mutant,WT | mutant,0.30801543207347404,-0.1112167581456509,0.41923219021912494,1.0280786753203819,0.4697923926958481,0.5582862826245338,0.11781010370131502,0.12523441648381384,-0.007424312782498818,false,false,none,none,"marginal gaussian (robust), per-axis q < 0.01",false,none
g0019,,drugA,2.5,6,strain,WT,mutant,WT | mutant,-0.060415937852637214,0.23330000245473137,-0.2937159403073686,0.10208744704362718,0.8146574390187002,-0.7125699919750731,0.019103538188451726,0.15117143254017323,-0.1320678943517215,false,false,none,none,"marginal gaussian (robust), per-axis q < 0.01",false,none
g0020,,drugA,2.5,6,strain,WT,mutant,WT | mutant,-0.21353577070555296,-0.04447354597651376,-0.1690622247290392,0.48784484067123957,0.1330332227941318,0.3548116178771078,0.11486211007264371,0.041123607859254785,0.07373850221338893,false,false,none,none,"marginal gaussian (robust), per-axis q < 0.01",false,none
g0021,,drugA,2.5,6,strain,WT,mutant,WT | mutant,0.08804172466322235,0.2139602841763395,-0.12591855951311715,0.1760996780554975,0.6017332285502772,-0.4256335504947797,0.03390646067334664,0.1341786131736729,-0.10027215250032627,false,false,none,none,"marginal gaussian (robust), per-axis q < 0.01",false,none
g0022,,drugA,2.5,6,strain,WT,mutant,WT | mutant,-0.09512351251417783,0.10210294806429943,-0.19722646057847726,0.2541131587870939,0.2779859749476876,-0.023872816160593724,0.05411294175803551,0.06760198618920053,-0.013489044431165026,false,false,none,none,"marginal gaussian (robust), per-axis q < 0.01",false,none
g0023,,drugA,2.5,6,strain,WT,mutant,WT | mutant,-0.04723476891215128,0.019333561644113928,-0.06656833055626521,0.16486893743018421,0.05501959887741027,0.10984933855277394,0.03390646067334664,0.01035828469705035,0.02354817597629629,false,false,none,none,"marginal gaussian (robust), per-axis q < 0.01",false,none
g0024,,drugA,2.5,6,strain,WT,mutant,WT | mutant,-0.03412429950386908,0.13495540371142845,-0.16907970321529753,0.10091993794595011,0.812747509800319,-0.7118275718543688,0.019103538188451726,0.15117143254017323,-0.1320678943517215,false,false,none,none,"marginal gaussian (robust), per-axis q < 0.01",false,none
g0025,,drugA,2.5,6,strain,WT,mutant,WT | mutant,-0.32886757080310325,-0.3220887991148569,-0.0067787716882463656,1.9464745623337634,1.067541193723608,0.8789333686101555,0.41773023083376504,0.21940603644323678,0.19832419439052826,false,false,none,none,"marginal gaussian (robust), per-axis q < 0.01",false,none
g0026,,drugA,2.5,6,strain,WT,mutant,WT | mutant,0.13502505524876085,0.06775602693635285,0.067269028312408,0.46641312135597685,0.19085626140359743,0.27555685995237944,0.11486211007264371,0.06552289098177075,0.049339219090872966,false,false,none,none,"marginal gaussian (robust), per-axis q < 0.01",false,none
g0027,,drugA,2.5,6,strain,WT,mutant,WT | mutant,0.11000213418857818,0.07054590722310561,0.039456226965472574,0.5814705548619467,0.14989288152661004,0.4315776733353366,0.11486211007264371,0.04612466003106855,0.06873745004157517,false,false,none,none,"marginal gaussian (robust), per-axis q < 0.01",false,none
g0028,,drugA,2.5,6,strain,WT,mutant,WT | mutant,-0.39227402271078304,-0.1214735108689986,-0.27080051184178444,1.6602618973211682,0.7085083742336762,0.9517535230874921,0.3868133095853154,0.13715790986579626,0.24965539971951914,false,false,none,none,"marginal gaussian (robust), per-axis q < 0.01",false,none
g0029,,drugA,2.5,6,strain,WT,mutant,WT | mutant,0.07931854611599576,-0.04794571874234954,0.1272642648583453,0.4038278405166573,0.14476039224395712,0.25906744827270023,0.09561926022555273,0.04249232589082394,0.05312693433472879,false,false,none,none,"marginal gaussian (robust), per-axis q < 0.01",false,none
g0030,,drugA,2.5,6,strain,WT,mutant,WT | mutant,0.14316639746281368,-0.3340521770449687,0.4772185745077824,0.46112807941909634,0.7297774277149853,-0.268649348295889,0.11486211007264371,0.13715790986579626,-0.02229579979315255,false,false,none,none,"marginal gaussian (robust), per-axis q < 0.01",false,none
g0031,,drugA,2.5,6,strain,WT,mutant,WT | mutant,0.06560164809248725,-0.15801533010601787,0.22361697819850512,0.1620358564838756,0.5712756261265859,-0.40923976964271025,0.03390646067334664,0.1341786131736729,-0.10027215250032627,false,false,none,none,"marginal gaussian (robust), per-axis q < 0.01",false,none
g0032,,drugA,2.5,6,strain,WT,mutant,WT | mutant,-0.11075160676322149,-0.1309885807413984,0.02023697397817692,0.32367128005987794,0.5308883756816739,-0.20721709562179597,0.06661666216756403,0.1341786131736729,-0.06756195100610889,false,false,none,none,"marginal gaussian (robust), per-axis q < 0.01",false,none
g0033,,drugA,2.5,6,strain,WT,mutant,WT | mutant,-0.02602183045243578,-0.10796146312504895,0.08193963267261317,0.08559140765812966,0.6817457317596043,-0.5961543241014746,0.017999718124494104,0.13715790986579626,-0.11915819174130216,false,false,none,none,"marginal gaussian (robust), per-axis q < 0.01",false,none
g0034,,drugA,2.5,6,strain,WT,mutant,WT | mutant,0.21303875900115976,0.04668457583338892,0.16635418316777084,1.4111354693191744,0.2048193885006518,1.2063160808185227,0.29481241526698293,0.06760198618920053,0.22721042907778238,false,false,none,none,"marginal gaussian (robust), per-axis q < 0.01",false,none
g0035,,drugA,2.5,6,strain,WT,mutant,WT | mutant,0.060283438396089295,-0.19909755022144537,0.25938098861753467,0.13553353667519424,1.2817838664591723,-1.1462503297839781,0.024577173258157885,0.2777599212867344,-0.2531827480285765,false,false,none,none,"marginal gaussian (robust), per-axis q < 0.01",false,none
g0036,,drugA,2.5,6,strain,WT,mutant,WT | mutant,-0.12878595988454755,0.20577429735498498,-0.33456025723953253,0.6628051997066913,0.5037285091795555,0.1590766905271358,0.11486211007264371,0.12815225059790783,-0.013290140525264116,false,false,none,none,"marginal gaussian (robust), per-axis q < 0.01",false,none
g0037,,drugA,2.5,6,strain,WT,mutant,WT | mutant,0.26602063464376524,0.2156068914973126,0.05041374314645264,0.5292158894377728,0.9312328471684234,-0.4020169577306506,0.11486211007264371,0.18695717053298305,-0.07209506046033934,false,false,none,none,"marginal gaussian (robust), per-axis q < 0.01",false,none
g0038,,drugA,2.5,6,strain,WT,mutant,WT | mutant,0.6159201838561446,0.6736235661331813,-0.05770338227703675,1.628075100245807,1.9234096827673046,-0.2953345825214977,0.3868133095853154,0.461544684253974,-0.07473137466865859,false,false,none,none,"marginal gaussian (robust), per-axis q < 0.01",false,none
g0039,,drugA,2.5,6,strain,WT,mutant,WT | mutant,0.10991737285987213,-0.07181871530262462,0.18173608816249676,0.48901041103679266,0.2764545131836539,0.21255589785313878,0.11486211007264371,0.06760198618920053,0.04726012388344318,false,false,none,none,"marginal gaussian (robust), per-axis q < 0.01",false,none
g0040,,drugA,2.5,6,strain,WT,mutant,WT | mutant,0.2270793195250942,0.03835368218915303,0.18872563733594117,0.9160331314318217,0.23948307445174094,0.6765500569800809,0.11486211007264371,0.06760198618920053,0.04726012388344318,false,false,none,none,"marginal gaussian (robust), per-axis q < 0.01",false,none
g0041,,drugA,2.5,6,strain,WT,mutant,WT | mutant,-0.15729200090392137,0.17720996653221643,-0.3345019674361378,0.3878973167691836,0.6903222491517107,-0.3024249323825271,0.09158795977778676,0.13715790986579626,-0.0455699500880095,false,false,none,none,"marginal gaussian (robust), per-axis q < 0.01",false,none
g0042,,drugA,2.5,6,strain,WT,mutant,WT | mutant,-0.09589841936108101,-0.08060892319085511,-0.015289496170225902,0.8438532044395454,0.3482703977501796,0.4955828066893658,0.11486211007264371,0.09272055407071253,0.022141556001931184,false,false,none,none,"marginal gaussian (robust), per-axis q < 0.01",false,none
g0043,,drugA,2.5,6,strain,WT,mutant,WT | mutant,-0.26316353840565476,-0.4130968200590228,0.14993328165336806,0.7987470926663183,1.6290602571972232,-0.830313164530905,0.11486211007264371,0.34160792775787313,-0.22674581768522942,false,false,none,none,"marginal gaussian (robust), per-axis q < 0.01",false,none
g0044,,drugA,2.5,6,strain,WT,mutant,WT | mutant,-0.40143151173181923,-0.4501688412915632,0.04873732955974397,1.658659521770557,3.1381886063306843,-1.4795290845601272,0.3868133095853154,0.5735225420785949,-0.18670923249327948,false,false,none,none,"marginal gaussian (robust), per-axis q < 0.01",false,none
g0045,,drugA,2.5,6,strain,WT,mutant,WT | mutant,-0.15134296707827133,0.012616270655133377,-0.1639592377334047,1.3245834349832344,0.022112820888765473,1.3024706140944688,0.2312655714509026,0.005221462024498714,0.22604410942640388,false,false,none,none,"marginal gaussian (robust), per-axis q < 0.01",false,none
g0046,,drugA,2.5,6,strain,WT,mutant,WT | mutant,0.24506422054586618,-0.2075162162178943,0.4525804367637605,0.5894218161855346,0.8004254136033846,-0.21100359741785002,0.11486211007264371,0.14424436822994502,-0.029382258157301305,false,false,none,none,"marginal gaussian (robust), per-axis q < 0.01",false,none
g0047,,drugA,2.5,6,strain,WT,mutant,WT | mutant,0.08141185786904082,-0.042122000174740215,0.12353385804378103,0.28197359198391525,0.06146443864435529,0.22050915333955995,0.060093396943878316,0.011346127052552054,0.04874726989132626,false,false,none,none,"marginal gaussian (robust), per-axis q < 0.01",false,none
g0048,,drugA,2.5,6,strain,WT,mutant,WT | mutant,-0.25403311704343423,-0.11844518985177643,-0.1355879271916578,0.8349220185318473,0.4707701559904004,0.36415186254144694,0.11486211007264371,0.12523441648381384,-0.010372306411170124,false,false,none,none,"marginal gaussian (robust), per-axis q < 0.01",false,none
g0049,,drugA,2.5,6,strain,WT,mutant,WT | mutant,-0.2811697456170794,-0.5638096766701581,0.2826399310530787,1.1598609318724993,2.1661791399249664,-1.006318208052467,0.16122155956478787,0.461544684253974,-0.3003231246891861,false,false,none,none,"marginal gaussian (robust), per-axis q < 0.01",false,none
g0050,,drugA,2.5,6,strain,WT,mutant,WT | mutant,-0.05349587083286522,0.1299174987560896,-0.18341336958895482,0.1250248048036462,0.7733371146403135,-0.6483123098366673,0.024577173258157885,0.13715790986579626,-0.11258073660763837,false,false,none,none,"marginal gaussian (robust), per-axis q < 0.01",false,none
g0051,,drugA,2.5,6,strain,WT,mutant,WT | mutant,-0.037758727382511736,-0.08702469548078717,0.04926596809827544,0.1764059375027836,0.2180996857509478,-0.041693748248164186,0.03390646067334664,0.06760198618920053,-0.03369552551585389,false,false,none,none,"marginal gaussian (robust), per-axis q < 0.01",false,none
g0052,,drugA,2.5,6,strain,WT,mutant,WT | mutant,-0.090017809466449,-0.01222305505594612,-0.07779475441050288,0.26047269942122653,0.030489059930743398,0.22998363949048312,0.05411294175803551,0.005221462024498714,0.048891479733536795,false,false,none,none,"marginal gaussian (robust), per-axis q < 0.01",false,none
g0053,,drugA,2.5,6,strain,WT,mutant,WT | mutant,-0.09747225823304895,-0.05488232148652905,-0.042589936746519896,0.6810513545942734,0.10364029394587199,0.5774110606484013,0.11486211007264371,0.03173461872062019,0.08312749135202352,false,false,none,none,"marginal gaussian (robust), per-axis q < 0.01",false,none
g0054,,drugA,2.5,6,strain,WT,mutant,WT | mutant,0.09151428622006286,-0.247799465058252,0.33931375127831487,0.3672615163074655,0.4029837001427585,-0.03572218383529302,0.08253403186588378,0.10202524975388463,-0.01949121788800086,false,false,none,none,"marginal gaussian (robust), per-axis q < 0.01",false,none
g0055,,drugA,2.5,6,strain,WT,mutant,WT | mutant,-0.2975814236138259,-0.26416594665547244,-0.03341547695835345,0.8469282150569045,1.4504785487423593,-0.6035503336854547,0.11486211007264371,0.3167671272325505,-0.2019050171599068,false,false,none,none,"marginal gaussian (robust), per-axis q < 0.01",false,none
g0056,,drugA,2.5,6,strain,WT,mutant,WT | mutant,-0.15022176221240624,0.049914956595149995,-0.20013671880755624,0.5118533309344715,0.11660705910330842,0.39524627183116307,0.11486211007264371,0.03338362335352412,0.08147848671911959,false,false,none,none,"marginal gaussian (robust), per-axis q < 0.01",false,none
g0057,,drugA,2.5,6,strain,WT,mutant,WT | mutant,0.029428844413242672,-0.03935945722961698,0.06878830164285965,0.04825798230362633,0.10848595447680184,-0.06022797217317551,0.011091877351670762,0.03327328995870337,-0.02218141260703261,false,false,none,none,"marginal gaussian (robust), per-axis q < 0.01",false,none
g0058,,drugA,2.5,6,strain,WT,mutant,WT | mutant,0.23429431346421303,-0.001669474064113885,0.23596378752832692,0.4657448066601817,0.006504971981190041,0.45923983467899165,0.11486211007264371,0.0038052410846877304,0.11105686898795598,false,false,none,none,"marginal gaussian (robust), per-axis q < 0.01",false,none
g0059,,drugA,2.5,6,strain,WT,mutant,WT | mutant,-0.032487822684468703,-0.17094591735756737,0.13845809467309866,0.05569889142582577,0.7588173831477192,-0.7031184917218934,0.011091877351670762,0.13715790986579626,-0.12606603251412551,false,false,none,none,"marginal gaussian (robust), per-axis q < 0.01",false,none
g0060,,drugA,2.5,6,strain,WT,mutant,WT | mutant,-0.2278072726560758,-0.5942251364533977,0.3664178637973219,0.6615599425423934,2.1186219869919825,-1.457062044449589,0.11486211007264371,0.461544684253974,-0.3466825741813303,false,false,none,none,"marginal gaussian (robust), per-axis q < 0.01",false,none
g0061,,drugA,2.5,6,strain,WT,mutant,WT | mutant,0.10539308767130606,-0.1065844213815641,0.21197750905287016,0.24234211761250396,0.39940702253311855,-0.1570649049206146,0.04888473840158816,0.10202524975388463,-0.05314051135229647,false,false,none,none,"marginal gaussian (robust), per-axis q < 0.01",false,none
g0062,,drugA,2.5,6,strain,WT,mutant,WT | mutant,0.2907387586908934,0.3431989697950879,-0.05246021110419452,1.4431396195028134,1.8016043528079162,-0.35846473330510276,0.29481241526698293,0.43649470735785856,-0.14168229209087563,false,false,none,none,"marginal gaussian (robust), per-axis q < 0.01",false,none
g0063,,drugA,2.5,6,strain,WT,mutant,WT | mutant,-0.10986272683708442,0.26016596213743526,-0.3700286889745197,0.41593671862477033,0.8302554322712962,-0.41431871364652584,0.10287563553925365,0.15768397070968715,-0.0548083351704335,false,false,none,none,"marginal gaussian (robust), per-axis q < 0.01",false,none
g0064,,drugA,2.5,6,strain,WT,mutant,WT | mutant,0.4040241136730476,0.20386464149421712,0.20015947217883046,1.951876608822298,1.2275962871497954,0.7242803216725027,0.41773023083376504,0.2757140796174414,0.14201615121632366,false,false,none,none,"marginal gaussian (robust), per-axis q < 0.01",false,none
g0065,,drugA,2.5,6,strain,WT,mutant,WT | mutant,0.1727890665685372,-0.16000634229649613,0.33279540886503334,0.4496785675971094,0.5503670131337336,-0.1006884455366242,0.11486211007264371,0.1341786131736729,-0.019316503101029198,false,false,none,none,"marginal gaussian (robust), per-axis q < 0.01",false,none
g0066,,drugA,2.5,6,strain,WT,mutant,WT | mutant,-0.08273704904362766,-0.06213511431901253,-0.020601934724615134,0.20193838539513423,0.3010251371513897,-0.09908675175625545,0.04007280918943011,0.07281880674782984,-0.03274599755839973,false,false,none,none,"marginal gaussian (robust), per-axis q < 0.01",false,none
g0067,,drugA,2.5,6,strain,WT,mutant,WT | mutant,0.19121288033761896,0.3417247160841006,-0.15051183574648164,0.8306767534575108,0.8634143052021788,-0.03273755174466797,0.11486211007264371,0.16977359726269767,-0.054911487190053954,false,false,none,none,"marginal gaussian (robust), per-axis q < 0.01",false,none
g0068,,drugA,2.5,6,strain,WT,mutant,WT | mutant,-0.047561119209451164,0.05482267771489013,-0.1023837969243413,0.1139358648801044,0.23438581293994046,-0.12044994805983605,0.02027679546385673,0.06760198618920053,-0.0473251907253438,false,false,none,none,"marginal gaussian (robust), per-axis q < 0.01",false,none
g0069,,drugA,2.5,6,strain,WT,mutant,WT | mutant,-0.1916363593524366,0.15604350408495016,-0.34767986343738677,0.7503849033318621,0.3456327572670475,0.40475214606481463,0.11486211007264371,0.09272055407071253,0.022141556001931184,false,false,none,none,"marginal gaussian (robust), per-axis q < 0.01",false,none
g0070,,drugA,2.5,6,strain,WT,mutant,WT | mutant,-0.04896189538883888,0.001662363650792642,-0.050624259039631525,0.17184886432764743,0.0034736851169524805,0.16837517921069495,0.03390646067334664,0.0034736851169524805,0.030432775556394162,false,false,none,none,"marginal gaussian (robust), per-axis q < 0.01",false,none
g0071,,drugA,2.5,6,strain,WT,mutant,WT | mutant,0.10335781855429182,0.08725070184277683,0.01610711671151499,0.27365471599619556,0.30843264058480196,-0.0347779245886064,0.05652660505242357,0.07507762214243396,-0.01855101709001039,false,false,none,none,"marginal gaussian (robust), per-axis q < 0.01",false,none
g0072,,drugA,2.5,6,strain,WT,mutant,WT | mutant,0.14839853612413734,0.04358692196099412,0.10481161416314322,0.3510773735900307,0.2475729957612077,0.10350437782882302,0.07191513164958019,0.06760198618920053,0.004313145460379655,false,false,none,none,"marginal gaussian (robust), per-axis q < 0.01",false,none
g0073,,drugA,2.5,6,strain,WT,mutant,WT | mutant,-0.3107609388856236,-0.3521793196226959,0.04141838073707227,1.799798878952964,1.9122673961992265,-0.1124685172462625,0.3868133095853154,0.461544684253974,-0.07473137466865859,false,false,none,none,"marginal gaussian (robust), per-axis q < 0.01",false,none
g0074,,drugA,2.5,6,strain,WT,mutant,WT | mutant,-0.03431211598241646,-0.1456248602446646,0.11131274426224813,0.07040851341568306,1.0358840736891257,-0.9654755602734426,0.012415041733760129,0.21940603644323678,-0.20699099470947666,false,false,none,none,"marginal gaussian (robust), per-axis q < 0.01",false,none
g0075,,drugA,2.5,6,strain,WT,mutant,WT | mutant,0.1080650917845416,0.052665561634389846,0.055399530150151755,0.33449486094953407,0.20974009517447492,0.12475476577505915,0.06661666216756403,0.06760198618920053,-0.0009853240216365078,false,false,none,none,"marginal gaussian (robust), per-axis q < 0.01",false,none
g0076,,drugA,2.5,6,strain,WT,mutant,WT | mutant,0.08757959548239569,-0.23743029116854508,0.32500988665094077,0.2985239343578024,0.7352453969778671,-0.43672146262006467,0.06342245240212946,0.13715790986579626,-0.0737354574636668,false,false,none,none,"marginal gaussian (robust), per-axis q < 0.01",false,none
g0077,,drugA,2.5,6,strain,WT,mutant,WT | mutant,0.10141643949824264,0.036165873771622614,0.06525056572662002,0.7337014400999137,0.18777262136447379,0.5459288187354399,0.11486211007264371,0.06401563917760215,0.05084647089504156,false,false,none,none,"marginal gaussian (robust), per-axis q < 0.01",false,none
g0078,,drugA,2.5,6,strain,WT,mutant,WT | mutant,-0.012818382141658091,0.15315066885402828,-0.16596905099568637,0.035685530028719395,0.47805818472724604,-0.44237265469852666,0.011091877351670762,0.12523441648381384,-0.11414253913214308,false,false,none,none,"marginal gaussian (robust), per-axis q < 0.01",false,none
g0079,,drugA,2.5,6,strain,WT,mutant,WT | mutant,-0.052812002199000396,0.003198424660697974,-0.05601042685969837,0.22000164390795307,0.012586698924717827,0.20741494498323523,0.04420145569859894,0.0038052410846877304,0.04039621461391121,false,false,none,none,"marginal gaussian (robust), per-axis q < 0.01",false,none
g0080,,drugA,2.5,6,strain,WT,mutant,WT | mutant,0.0953256719558695,0.14537450703522836,-0.05004883507935887,0.3314996954555428,0.7492874863943624,-0.41778779093881957,0.06661666216756403,0.13715790986579626,-0.07054124769823224,false,false,none,none,"marginal gaussian (robust), per-axis q < 0.01",false,none
g0081,,drugA,2.5,6,strain,WT,mutant,WT | mutant,-0.2177762261188736,0.10691597745529613,-0.3246922035741697,0.7449458914633172,0.26473821163400973,0.4802076798293075,0.11486211007264371,0.06760198618920053,0.04726012388344318,false,false,none,none,"marginal gaussian (robust), per-axis q < 0.01",false,none
g0082,,drugA,2.5,6,strain,WT,mutant,WT | mutant,0.11514791632114374,0.14739925574953539,-0.032251339428391645,0.5011458635215154,0.6535642575450664,-0.15241839402355106,0.11486211007264371,0.13715790986579626,-0.02229579979315255,false,false,none,none,"marginal gaussian (robust), per-axis q < 0.01",false,none
g0083,,drugA,2.5,6,strain,WT,mutant,WT | mutant,0.05545270733487939,0.15632577383283852,-0.10087306649795913,0.21306618593887602,0.8536260692339956,-0.6405598832951196,0.04346655937707711,0.16977359726269767,-0.12630703788562056,false,false,none,none,"marginal gaussian (robust), per-axis q < 0.01",false,none
g0084,,drugA,2.5,6,strain,WT,mutant,WT | mutant,0.02418705911585839,-0.14863650409935225,0.17282356321521064,0.0666936047970679,1.5804174049545476,-1.5137238001574798,0.012415041733760129,0.3167813363664395,-0.3043662946326794,false,false,none,none,"marginal gaussian (robust), per-axis q < 0.01",false,none
g0085,,drugA,2.5,6,strain,WT,mutant,WT | mutant,0.015324689529817803,0.039579395486290636,-0.024254705956472833,0.02549370026278251,0.11153240920706302,-0.0860387089442805,0.011091877351670762,0.03327328995870337,-0.02218141260703261,false,false,none,none,"marginal gaussian (robust), per-axis q < 0.01",false,none
g0086,,drugA,2.5,6,strain,WT,mutant,WT | mutant,0.03765363966772739,-0.021641508349610206,0.059295148017337596,0.10027179603994692,0.06649325551398025,0.03377854052596667,0.019103538188451726,0.012504060564656994,0.006599477623794732,false,false,none,none,"marginal gaussian (robust), per-axis q < 0.01",false,none
g0087,,drugA,2.5,6,strain,WT,mutant,WT | mutant,-0.06754503810980061,-0.003622794753630032,-0.06392224335617058,0.26044198515967154,0.012829692703994314,0.24761229245567723,0.05411294175803551,0.0038052410846877304,0.05030770067334778,false,false,none,none,"marginal gaussian (robust), per-axis q < 0.01",false,none
g0088,,drugA,2.5,6,strain,WT,mutant,WT | mutant,-0.2915964894460856,0.1431504652040072,-0.43474695465009283,2.093447053417982,0.6576992504171243,1.4357478030008575,0.41773023083376504,0.13715790986579626,0.2805723209679688,false,false,none,none,"marginal gaussian (robust), per-axis q < 0.01",false,none
g0089,,drugA,2.5,6,strain,WT,mutant,WT | mutant,0.06905470026293337,0.04292779103732158,0.026126909225611783,0.23945382082589226,0.19464012136189382,0.044813699463998435,0.04888473840158816,0.06603870301794247,-0.01715396461635431,false,false,none,none,"marginal gaussian (robust), per-axis q < 0.01",false,none
g0090,,drugA,2.5,6,strain,WT,mutant,WT | mutant,0.14585168020063044,0.12270095688480431,0.023150723315826127,0.293805615549959,0.5334634063772038,-0.2396577908272448,0.06073830350473919,0.1341786131736729,-0.07344030966893372,false,false,none,none,"marginal gaussian (robust), per-axis q < 0.01",false,none
g0091,,drugA,2.5,6,strain,WT,mutant,WT | mutant,-0.14148249397795354,0.08832115976828092,-0.22980365374623446,0.4937045163158831,0.4651877086775253,0.02851680763835779,0.11486211007264371,0.12323811557301927,-0.008376005500375552,false,false,none,none,"marginal gaussian (robust), per-axis q < 0.01",false,none
g0092,,drugA,2.5,6,strain,WT,mutant,WT | mutant,-0.009682040215148291,0.004047443995062849,-0.01372948421021114,0.016856082660908118,0.012818021017413635,0.004038061643494482,0.007258023910371842,0.0038052410846877304,0.0034527828256841115,false,false,none,none,"marginal gaussian (robust), per-axis q < 0.01",false,none
g0093,,drugA,2.5,6,strain,WT,mutant,WT | mutant,-0.040565802848167465,-0.14796939112423502,0.10740358827606755,0.18722554084443607,0.6761380702906921,-0.48891252944625596,0.03871780342084336,0.13715790986579626,-0.09844010644495291,false,false,none,none,"marginal gaussian (robust), per-axis q < 0.01",false,none
g0094,,drugA,2.5,6,strain,WT,mutant,WT | mutant,-0.010277942624174585,-0.046388002098852965,0.03611005947467838,0.04914698430316427,0.17830819550002236,-0.12916121119685808,0.011091877351670762,0.05728948315594952,-0.04619760580427876,false,false,none,none,"marginal gaussian (robust), per-axis q < 0.01",false,none
g0095,,drugA,2.5,6,strain,WT,mutant,WT | mutant,0.01271776092478838,-0.13563798373212954,0.14835574465691792,0.02762642714399059,0.2834448391142986,-0.25581841197030797,0.011091877351670762,0.06760198618920053,-0.05651010883752977,false,false,none,none,"marginal gaussian (robust), per-axis q < 0.01",false,none
g0096,,drugA,2.5,6,strain,WT,mutant,WT | mutant,0.006812809532277697,0.1857904170907041,-0.1789776075584264,0.014968583433891852,0.652605951447704,-0.6376373680138121,0.007082944016742857,0.13715790986579626,-0.1300749658490534,false,false,none,none,"marginal gaussian (robust), per-axis q < 0.01",false,none
g0097,,drugA,2.5,6,strain,WT,mutant,WT | mutant,-0.07572223789109245,0.2797703217758416,-0.35549255966693405,0.2823733685471883,0.6178027704906144,-0.3354294019434261,0.060093396943878316,0.1341786131736729,-0.0740852162297946,false,false,none,none,"marginal gaussian (robust), per-axis q < 0.01",false,none
g0098,,drugA,2.5,6,strain,WT,mutant,WT | mutant,-0.04515722022774504,-0.0380080394588731,-0.007149180768871943,0.29946314736632784,0.08765833189626793,0.21180481547005992,0.06342245240212946,0.02267935026258238,0.04074310213954708,false,false,none,none,"marginal gaussian (robust), per-axis q < 0.01",false,none
g0099,,drugA,2.5,6,strain,WT,mutant,WT | mutant,0.24243017307668957,0.1558955960867312,0.08653457698995837,1.198675985122931,0.6696817731929295,0.5289942119300014,0.17926294407879603,0.13715790986579626,0.04210503421299977,false,false,none,none,"marginal gaussian (robust), per-axis q < 0.01",false,none
g0100,,drugA,2.5,6,strain,WT,mutant,WT | mutant,-0.058188210856313205,-0.03056567480009953,-0.027622536056213676,0.2185164567284771,0.0730713732127006,0.1454450835157765,0.04420145569859894,0.013555287280517218,0.030646168418081723,false,false,none,none,"marginal gaussian (robust), per-axis q < 0.01",false,none
g0101,,drugA,2.5,6,strain,WT,mutant,WT | mutant,0.07224644738187713,0.09534386297803898,-0.023097415596161852,0.22607017298905133,0.34762556286265023,-0.1215553898735989,0.04420145569859894,0.09272055407071253,-0.04851909837211359,false,false,none,none,"marginal gaussian (robust), per-axis q < 0.01",false,none
g0102,,drugA,2.5,6,strain,WT,mutant,WT | mutant,-0.03507117654627656,-0.20077195722539543,0.16570078067911886,0.06680668732112613,1.3201108446994505,-1.2533041573783243,0.012415041733760129,0.2777599212867344,-0.26534487955297426,false,false,none,none,"marginal gaussian (robust), per-axis q < 0.01",false,none
g0103,,drugA,2.5,6,strain,WT,mutant,WT | mutant,0.1973981056138694,-0.07471354880155445,0.27211165441542384,0.6536846256899718,0.15335293616704324,0.5003316895229285,0.11486211007264371,0.0465687686489462,0.06829334142369752,false,false,none,none,"marginal gaussian (robust), per-axis q < 0.01",false,none
g0104,,drugA,2.5,6,strain,WT,mutant,WT | mutant,0.3263453381540291,0.10333782303083083,0.22300751512319827,1.5073946949837076,0.26438818107727846,1.2430065139064292,0.3064269394318013,0.06760198618920053,0.23882495324260078,false,false,none,none,"marginal gaussian (robust), per-axis q < 0.01",false,none
g0105,,drugA,2.5,6,strain,WT,mutant,WT | mutant,-0.0730760296703643,0.16002339452102277,-0.23309942419138707,0.3848235206926319,0.6126003237334398,-0.22777680304080783,0.09085537951613754,0.1341786131736729,-0.043323233657535376,false,false,none,none,"marginal gaussian (robust), per-axis q < 0.01",false,none
g0106,,drugA,2.5,6,strain,WT,mutant,WT | mutant,0.12656493933464752,0.007083750670977551,0.11948118866366997,0.591395427280244,0.013766955652045195,0.5776284716281987,0.11486211007264371,0.0038052410846877304,0.11105686898795598,false,false,none,none,"marginal gaussian (robust), per-axis q < 0.01",false,none
g0107,,drugA,2.5,6,strain,WT,mutant,WT | mutant,0.0317348835607163,-0.08666287106861326,0.11839775462932955,0.08907940912760176,0.2608974066962666,-0.17181799756866484,0.017999718124494104,0.06760198618920053,-0.049602268064706426,false,false,none,none,"marginal gaussian (robust), per-axis q < 0.01",false,none
g0108,,drugA,2.5,6,strain,WT,mutant,WT | mutant,0.06906003015024886,0.11491846082947177,-0.045858430679222906,0.22531422555120403,0.6654890171423729,-0.4401747915911688,0.04420145569859894,0.13715790986579626,-0.09295645416719732,false,false,none,none,"marginal gaussian (robust), per-axis q < 0.01",false,none
g0109,,drugA,2.5,6,strain,WT,mutant,WT | mutant,-0.013066200514862736,-0.18502653071922648,0.17196033020436374,0.08710319630049822,0.5684608264396231,-0.4813576301391249,0.017999718124494104,0.1341786131736729,-0.1161788950491788,false,false,none,none,"marginal gaussian (robust), per-axis q < 0.01",false,none
g0110,,drugA,2.5,6,strain,WT,mutant,WT | mutant,0.027357956986230114,0.09676487090135222,-0.0694069139151221,0.14897169285411008,0.40847687366033186,-0.25950518080622176,0.027970376524147952,0.10202524975388463,-0.07405487322973668,false,false,none,none,"marginal gaussian (robust), per-axis q < 0.01",false,none
g0111,,drugA,2.5,6,strain,WT,mutant,WT | mutant,0.08162681439998742,0.1516894884018214,-0.07006267400183397,1.0471692042356628,1.5005081742558635,-0.4533389700202006,0.11781010370131502,0.3167671272325505,-0.1989570235312355,false,false,none,none,"marginal gaussian (robust), per-axis q < 0.01",false,none
g0112,,drugA,2.5,6,strain,WT,mutant,WT | mutant,-0.23658466370252462,-0.2914835086476728,0.054898844945148184,0.619744667701931,2.4490443601999496,-1.8292996924980187,0.11486211007264371,0.572391637749767,-0.4575295276771233,false,false,none,none,"marginal gaussian (robust), per-axis q < 0.01",false,none
g0113,,drugA,2.5,6,strain,WT,mutant,WT | mutant,-0.22020956132303482,-0.34801221026427953,0.1278026489412447,0.3202234044132995,1.2432608113801467,-0.9230374069668472,0.06661666216756403,0.27699556327086056,-0.21037890110329655,false,false,none,none,"marginal gaussian (robust), per-axis q < 0.01",false,none
g0114,,drugA,2.5,6,strain,WT,mutant,WT | mutant,0.11052009360839676,-0.21162494108069474,0.3221450346890915,0.5041386336400695,0.8425421472936478,-0.33840351365357835,0.11486211007264371,0.16436680821404032,-0.0495046981413966,false,false,none,none,"marginal gaussian (robust), per-axis q < 0.01",false,none
g0115,,drugA,2.5,6,strain,WT,mutant,WT | mutant,0.14924005985037603,-0.019254856261577302,0.16849491611195333,0.6314314990175525,0.04298261106513687,0.5884488879524156,0.11486211007264371,0.00979546385530265,0.10506664621734106,false,false,none,none,"marginal gaussian (robust), per-axis q < 0.01",false,none
g0116,,drugA,2.5,6,strain,WT,mutant,WT | mutant,0.099778633422968,-0.13430423137432257,0.23408286479729057,0.6783716673265355,0.5118735791669813,0.16649808815955425,0.11486211007264371,0.12905110285966456,-0.014188992787020849,false,false,none,none,"marginal gaussian (robust), per-axis q < 0.01",false,none
g0117,,drugA,2.5,6,strain,WT,mutant,WT | mutant,0.21752812737376637,0.07627238764418465,0.14125573972958172,1.0377560599070559,0.33714232991457893,0.700613729992477,0.11781010370131502,0.09146531796091985,0.02634478574039517,false,false,none,none,"marginal gaussian (robust), per-axis q < 0.01",false,none
g0118,,drugA,2.5,6,strain,WT,mutant,WT | mutant,-0.3429783069427703,-0.19849157389948324,-0.14448673304328707,1.6302580108214997,0.5711917370209114,1.0590662738005883,0.3868133095853154,0.1341786131736729,0.2526346964116425,false,false,none,none,"marginal gaussian (robust), per-axis q < 0.01",false,none
g0119,,drugA,2.5,6,strain,WT,mutant,WT | mutant,0.06466906281795914,-0.05138204280352898,0.11605110562148813,0.5647680470795532,0.2195328217312951,0.3452352253482581,0.11486211007264371,0.06760198618920053,0.04726012388344318,false,false,none,none,"marginal gaussian (robust), per-axis q < 0.01",false,none
g0120,,drugA,2.5,6,strain,WT,mutant,WT | mutant,-0.04801442823054458,-0.11231279844775166,0.06429837021720708,0.12708809554952832,0.5426716402053877,-0.4155835446558594,0.024577173258157885,0.1341786131736729,-0.10960143991551502,false,false,none,none,"marginal gaussian (robust), per-axis q < 0.01",false,none
g0121,,drugA,2.5,6,strain,WT,mutant,WT | mutant,-0.21905143353461565,0.011066364194036282,-0.23011779772865193,0.508173712276339,0.06395252474880735,0.44422118752753165,0.11486211007264371,0.012504060564656994,0.10235804950798671,false,false,none,none,"marginal gaussian (robust), per-axis q < 0.01",false,none
g0122,,drugA,2.5,6,strain,WT,mutant,WT | mutant,-0.1259853661880861,0.1233652467513604,-0.2493506129394465,0.42724237754324235,0.30758434970177106,0.11965802784147128,0.10495974370127212,0.07507762214243396,0.029882121558838154,false,false,none,none,"marginal gaussian (robust), per-axis q < 0.01",false,none
g0123,,drugA,2.5,6,strain,WT,mutant,WT | mutant,-0.20480217293356606,-0.30019816082015627,0.0953959878865902,1.267134335187435,0.9291658263428811,0.33796850884455376,0.20880322811293017,0.18695717053298305,0.02184605757994712,false,false,none,none,"marginal gaussian (robust), per-axis q < 0.01",false,none
g0124,,drugA,2.5,6,strain,WT,mutant,WT | mutant,0.14683683152827065,0.029251477449289354,0.1175853540789813,0.28535310063050534,0.09391322542890876,0.19143987520159658,0.060093396943878316,0.027557714966419913,0.0325356819774584,false,false,none,none,"marginal gaussian (robust), per-axis q < 0.01",false,none
g0125,,drugA,2.5,6,strain,WT,mutant,WT | mutant,-0.13351903832168688,-0.08333002595514039,-0.05018901236654649,0.3156961696509103,0.2544027588296658,0.06129341082124451,0.06661666216756403,0.06760198618920053,-0.0009853240216365078,false,false,none,none,"marginal gaussian (robust), per-axis q < 0.01",false,none
g0126,,drugA,2.5,6,strain,WT,mutant,WT | mutant,0.03432795551463741,-0.012214260398124566,0.046542215912761975,0.054854652095237516,0.04768279106853849,0.0071718610266990265,0.011091877351670762,0.01035828469705035,0.0007335926546204116,false,false,none,none,"marginal gaussian (robust), per-axis q < 0.01",false,none
g0127,,drugA,2.5,6,strain,WT,mutant,WT | mutant,-0.09579630834207453,0.17541838422618827,-0.2712146925682628,1.1226426536312362,0.272014360863536,0.8506282927677002,0.16122155956478787,0.06760198618920053,0.09361957337558734,false,false,none,none,"marginal gaussian (robust), per-axis q < 0.01",false,none
g0128,,drugA,2.5,6,strain,WT,mutant,WT | mutant,-0.06131740710111799,-0.058549943100747015,-0.0027674640003709783,0.12196051616401062,0.1908589536982434,-0.06889843753423279,0.024577173258157885,0.06552289098177075,-0.040945717723612864,false,false,none,none,"marginal gaussian (robust), per-axis q < 0.01",false,none
g0129,,drugA,2.5,6,strain,WT,mutant,WT | mutant,-0.19921383426292394,-0.26793706456400734,0.0687232303010834,0.515523414848203,1.824906091610633,-1.30938267676243,0.11486211007264371,0.43649470735785856,-0.32163259728521487,false,false,none,none,"marginal gaussian (robust), per-axis q < 0.01",false,none
g0130,,drugA,2.5,6,strain,WT,mutant,WT | mutant,-0.06334970431458231,-0.11176372954960812,0.048414025235025804,0.8031883247853792,0.9958230916195595,-0.19263476683418035,0.11486211007264371,0.20930827775111377,-0.09444616767847006,false,false,none,none,"marginal gaussian (robust), per-axis q < 0.01",false,none
g0131,,drugA,2.5,6,strain,WT,mutant,WT | mutant,-0.050634283143800474,0.028654227918158526,-0.079288511061959,0.21347470723034326,0.10920072379052205,0.10427398343982121,0.04346655937707711,0.03327328995870337,0.010193269418373736,false,false,none,none,"marginal gaussian (robust), per-axis q < 0.01",false,none
g0132,,drugA,2.5,6,strain,WT,mutant,WT | mutant,0.0412615548992985,-0.2719228530599196,0.3131844079592181,0.08179372090050095,0.48114717745848223,-0.39935345655798127,0.017999718124494104,0.12523441648381384,-0.10723469835931973,false,false,none,none,"marginal gaussian (robust), per-axis q < 0.01",false,none
g0133,,drugA,2.5,6,strain,WT,mutant,WT | mutant,-0.016506805350356757,-0.08056840493006234,0.06406159957970559,0.06767374253825133,0.24291937472735106,-0.17524563218909972,0.012415041733760129,0.06760198618920053,-0.0551869444554404,false,false,none,none,"marginal gaussian (robust), per-axis q < 0.01",false,none
g0134,,drugA,2.5,6,strain,WT,mutant,WT | mutant,0.3324203324337205,0.34474738904896896,-0.012327056615248466,2.044566116133929,1.4646575424783945,0.5799085736555343,0.41773023083376504,0.3167671272325505,0.10096310360121452,false,false,none,none,"marginal gaussian (robust), per-axis q < 0.01",false,none
g0135,,drugA,2.5,6,strain,WT,mutant,WT | mutant,-0.2505923865829853,0.016125726972166632,-0.26671811355515196,0.6938215649055963,0.05433140256497932,0.639490162340617,0.11486211007264371,0.01035828469705035,0.10450382537559336,false,false,none,none,"marginal gaussian (robust), per-axis q < 0.01",false,none
g0136,,drugA,2.5,6,strain,WT,mutant,WT | mutant,-0.16243367908618822,-0.002406253228917521,-0.1600274258572707,0.46427865403052015,0.00386625012396966,0.46041240390655047,0.11486211007264371,0.0034736851169524805,0.11138842495569123,false,false,none,none,"marginal gaussian (robust), per-axis q < 0.01",false,none
g0137,,drugA,2.5,6,strain,WT,mutant,WT | mutant,0.08887000927377997,0.09266092069572185,-0.0037909114219418782,0.43913266926546857,0.22424162111086018,0.21489104815460838,0.11369768699985326,0.06760198618920053,0.04609570081065273,false,false,none,none,"marginal gaussian (robust), per-axis q < 0.01",false,none
g0138,,drugA,2.5,6,strain,WT,mutant,WT | mutant,-0.18012443382069954,0.16349147129141528,-0.3436159051121148,0.48826104524588476,0.5958542456824668,-0.10759320043658205,0.11486211007264371,0.1341786131736729,-0.019316503101029198,false,false,none,none,"marginal gaussian (robust), per-axis q < 0.01",false,none
g0139,,drugA,2.5,6,strain,WT,mutant,WT | mutant,0.1328023371079503,0.004523172825027899,0.1282791642829224,0.7486005288216168,0.00839455854305871,0.7402059702785581,0.11486211007264371,0.0038052410846877304,0.11105686898795598,false,false,none,none,"marginal gaussian (robust), per-axis q < 0.01",false,none
g0140,,drugA,2.5,6,strain,WT,mutant,WT | mutant,-0.05644198797860511,-0.10677588300338758,0.05033389502478247,0.6494646625234883,0.43303450049394226,0.21643016202954607,0.11486211007264371,0.10641453937064838,0.008447570701995338,false,false,none,none,"marginal gaussian (robust), per-axis q < 0.01",false,none
g0141,,drugA,2.5,6,strain,WT,mutant,WT | mutant,-0.02313780056312531,-0.2526875083240858,0.2295497077609605,0.1797624162669745,1.1231811118914727,-0.9434186956244982,0.03390646067334664,0.2306129055751009,-0.19670644490175426,false,false,none,none,"marginal gaussian (robust), per-axis q < 0.01",false,none
g0142,,drugA,2.5,6,strain,WT,mutant,WT | mutant,0.012752190574715883,0.12322048144529063,-0.11046829087057475,0.03372848433763602,0.4272929805011876,-0.39356449616355155,0.011091877351670762,0.10317616453169794,-0.09208428718002717,false,false,none,none,"marginal gaussian (robust), per-axis q < 0.01",false,none
g0143,,drugA,2.5,6,strain,WT,mutant,WT | mutant,-0.13167889188865445,0.2638611161404141,-0.3955400080290685,0.3415242793251,1.2396016361949875,-0.8980773568698875,0.06807780529320734,0.27699556327086056,-0.20891775797765322,false,false,none,none,"marginal gaussian (robust), per-axis q < 0.01",false,none
g0144,,drugA,2.5,6,strain,WT,mutant,WT | mutant,0.04032017451513248,0.12342889419961622,-0.08310871968448375,0.1689573738748412,0.6141370511267277,-0.44517967725188645,0.03390646067334664,0.1341786131736729,-0.10027215250032627,false,false,none,none,"marginal gaussian (robust), per-axis q < 0.01",false,none
g0145,,drugA,2.5,6,strain,WT,mutant,WT | mutant,-0.0897278535134145,0.07597913748020702,-0.16570699099362152,0.31529126999167156,0.17169363957505035,0.1435976304166212,0.06661666216756403,0.05418560666518024,0.012431055502383784,false,false,none,none,"marginal gaussian (robust), per-axis q < 0.01",false,none
g0146,,drugA,2.5,6,strain,WT,mutant,WT | mutant,-0.29149030181813806,-0.2963253164690389,0.00483501465090086,0.7076349400603137,0.7019067208103611,0.005728219249952593,0.11486211007264371,0.13715790986579626,-0.02229579979315255,false,false,none,none,"marginal gaussian (robust), per-axis q < 0.01",false,none
g0147,,drugA,2.5,6,strain,WT,mutant,WT | mutant,-0.014357725695257173,-0.03640493060096972,0.022047204905712547,0.037934233382096276,0.13923134856712113,-0.10129711518502485,0.011091877351670762,0.041273696011092195,-0.030181818659421433,false,false,none,none,"marginal gaussian (robust), per-axis q < 0.01",false,none
g0148,,drugA,2.5,6,strain,WT,mutant,WT | mutant,0.11955573374912021,0.1854236105023368,-0.06586787675321659,0.20052146198751308,0.7525186935663268,-0.5519972315788138,0.04007280918943011,0.13715790986579626,-0.09708510067636615,false,false,none,none,"marginal gaussian (robust), per-axis q < 0.01",false,none
g0149,,drugA,2.5,6,strain,WT,mutant,WT | mutant,-0.22222808179844122,-0.2699767182740853,0.04774863647564409,1.9398186310699508,0.6771639662586638,1.2626546648112869,0.41773023083376504,0.13715790986579626,0.2805723209679688,false,false,none,none,"marginal gaussian (robust), per-axis q < 0.01",false,none
g0150,,drugA,2.5,6,strain,WT,mutant,WT | mutant,-0.022328782935336022,-0.03468217062314949,0.012353387687813466,0.03846326329196257,0.23023560088116432,-0.19177233758920176,0.011091877351670762,0.06760198618920053,-0.05651010883752977,false,false,none,none,"marginal gaussian (robust), per-axis q < 0.01",false,none
g0151,,drugA,2.5,6,strain,WT,mutant,WT | mutant,-0.288178831879895,-0.5553429511151879,0.26716411923529293,1.2015377080407408,2.4380876976658374,-1.2365499896250967,0.17926294407879603,0.572391637749767,-0.3931286936709709,false,false,none,none,"marginal gaussian (robust), per-axis q < 0.01",false,none
g0152,,drugA,2.5,6,strain,WT,mutant,WT | mutant,-0.22113576782115985,-0.13033219529842555,-0.0908035725227343,1.3176254021256508,0.45170143465389967,0.8659239674717512,0.2312655714509026,0.11492207501548386,0.11634349643541873,false,false,none,none,"marginal gaussian (robust), per-axis q < 0.01",false,none
g0153,,drugA,2.5,6,strain,WT,mutant,WT | mutant,0.2990142910284277,0.11615368395927206,0.18286060706915563,1.8417710447292346,0.5698924695261316,1.271878575203103,0.3868133095853154,0.1341786131736729,0.2526346964116425,false,false,none,none,"marginal gaussian (robust), per-axis q < 0.01",false,none
g0154,,drugA,2.5,6,strain,WT,mutant,WT | mutant,0.11119433578471671,-0.019028207950164244,0.13022254373488096,0.4254027804093884,0.051028729680480854,0.37437405072890756,0.10495974370127212,0.01035828469705035,0.09460145900422176,false,false,none,none,"marginal gaussian (robust), per-axis q < 0.01",false,none
g0155,,drugA,2.5,6,strain,WT,mutant,WT | mutant,0.21049746911062783,0.08093984148407696,0.12955762762655088,0.6996433148544718,0.36644123140961704,0.3332020834448548,0.11486211007264371,0.10062824356723434,0.014233866505409379,false,false,none,none,"marginal gaussian (robust), per-axis q < 0.01",false,none
g0156,,drugA,2.5,6,strain,WT,mutant,WT | mutant,0.15649144191813313,-0.0754804099250812,0.23197185184321434,0.6120629272846039,0.1961199817165297,0.4159429455680742,0.11486211007264371,0.06603870301794247,0.04882340705470124,false,false,none,none,"marginal gaussian (robust), per-axis q < 0.01",false,none
g0157,,drugA,2.5,6,strain,WT,mutant,WT | mutant,-0.1770016270438468,0.1037667517909533,-0.2807683788348001,0.9150475465105664,0.47819031730883954,0.43685722920172687,0.11486211007264371,0.12523441648381384,-0.010372306411170124,false,false,none,none,"marginal gaussian (robust), per-axis q < 0.01",false,none
g0158,,drugA,2.5,6,strain,WT,mutant,WT | mutant,0.08157124920776404,-0.19569700619179287,0.2772682553995569,0.3449075287189493,0.5495149971717528,-0.20460746845280348,0.0692281732547647,0.1341786131736729,-0.06495043991890821,false,false,none,none,"marginal gaussian (robust), per-axis q < 0.01",false,none
g0159,,drugA,2.5,6,strain,WT,mutant,WT | mutant,-0.24031135554217808,0.19893478211830296,-0.43924613766048104,0.7441164855051022,0.7406199412600515,0.003496544245050748,0.11486211007264371,0.13715790986579626,-0.02229579979315255,false,false,none,none,"marginal gaussian (robust), per-axis q < 0.01",false,none
g0160,,drugA,2.5,6,strain,WT,mutant,WT | mutant,0.14971038468467057,0.11611872504831666,0.03359165963635391,0.4749372486446083,0.6934174437647539,-0.2184801951201456,0.11486211007264371,0.13715790986579626,-0.02229579979315255,false,false,none,none,"marginal gaussian (robust), per-axis q < 0.01",false,none
g0161,,drugA,2.5,6,strain,WT,mutant,WT | mutant,-0.046789600238154705,0.08024990784003894,-0.12703950807819364,0.2811518015160827,0.3427421747408068,-0.061590373224724104,0.060093396943878316,0.09194333085787085,-0.03184993391399253,false,false,none,none,"marginal gaussian (robust), per-axis q < 0.01",false,none
g0162,,drugA,2.5,6,strain,WT,mutant,WT | mutant,-0.14749975977111518,0.05341364390327197,-0.20091340367438715,0.41779988447159944,0.20622940571216306,0.21157047875943638,0.10287563553925365,0.06760198618920053,0.035273649350053116,false,false,none,none,"marginal gaussian (robust), per-axis q < 0.01",false,none
g0163,,drugA,2.5,6,strain,WT,mutant,WT | mutant,-0.017844869776538985,0.08108039032055281,-0.0989252600970918,0.04556858429741644,0.1675039032952899,-0.12193531899787347,0.011091877351670762,0.0530869473625617,-0.041995070010890936,false,false,none,none,"marginal gaussian (robust), per-axis q < 0.01",false,none
g0164,,drugA,2.5,6,strain,WT,mutant,WT | mutant,-0.023398001306452088,-0.08026943741788983,0.056871436111437745,0.1919341886206106,0.23890534544779018,-0.04697115682717959,0.04007280918943011,0.06760198618920053,-0.02752917699977042,false,false,none,none,"marginal gaussian (robust), per-axis q < 0.01",false,none
g0165,,drugA,2.5,6,strain,WT,mutant,WT | mutant,-0.29480782575496267,-0.6117617944183991,0.3169539686634364,0.8516304988037762,2.737214432198724,-1.885583933394948,0.11486211007264371,0.572391637749767,-0.4575295276771233,false,false,none,none,"marginal gaussian (robust), per-axis q < 0.01",false,none
g0166,,drugA,2.5,6,strain,WT,mutant,WT | mutant,-0.20548728314926024,-0.18675052666595882,-0.01873675648330142,0.5380494221793162,1.161924568246806,-0.6238751460674898,0.11486211007264371,0.23072695957430317,-0.11586484950165946,false,false,none,none,"marginal gaussian (robust), per-axis q < 0.01",false,none
g0167,,drugA,2.5,6,strain,WT,mutant,WT | mutant,0.17390828637634925,0.18474381138228857,-0.010835525005939317,0.9053403613243142,0.4395962465751971,0.4657441147491171,0.11486211007264371,0.1096709864881771,0.00519112358446662,false,false,none,none,"marginal gaussian (robust), per-axis q < 0.01",false,none
g0168,,drugA,2.5,6,strain,WT,mutant,WT | mutant,-0.0024148765817280093,-0.10162343484143221,0.0992085582597042,0.004294545164672613,0.5833506511925479,-0.5790561060278753,0.0031063242267366335,0.1341786131736729,-0.1310722889469363,false,false,none,none,"marginal gaussian (robust), per-axis q < 0.01",false,none
g0169,,drugA,2.5,6,strain,WT,mutant,WT | mutant,0.05605571162553691,0.196474180515966,-0.14041846889042908,0.3063860258703741,0.8869373249723934,-0.5805512991020193,0.06342245240212946,0.16977359726269767,-0.10635114486056821,false,false,none,none,"marginal gaussian (robust), per-axis q < 0.01",false,none
g0170,,drugA,2.5,6,strain,WT,mutant,WT | mutant,0.06532132793991785,0.08067050352378224,-0.015349175583864394,0.1936492373788125,0.3056934812448496,-0.11204424386603706,0.04007280918943011,0.07507762214243396,-0.03500481295300385,false,false,none,none,"marginal gaussian (robust), per-axis q < 0.01",false,none
g0171,,drugA,2.5,6,strain,WT,mutant,WT | mutant,-0.002073193134734197,-0.39289424584579713,0.39082105271106293,0.004957842983092018,0.9771130033474029,-0.9721551603643109,0.0031063242267366335,0.20023631587975477,-0.19712999165301814,false,false,none,none,"marginal gaussian (robust), per-axis q < 0.01",false,none
g0172,,drugA,2.5,6,strain,WT,mutant,WT | mutant,0.09043522601007048,-0.0889750773959399,0.17941030340601039,0.39292751621904565,0.28800137751169347,0.10492613870735218,0.09426425383417146,0.06772758694471483,0.026536666889456634,false,false,none,none,"marginal gaussian (robust), per-axis q < 0.01",false,none
g0173,,drugA,2.5,6,strain,WT,mutant,WT | mutant,0.292095967503343,-0.05480661521156982,0.3469025827149128,0.5316470804681375,0.30528993524359244,0.22635714522454503,0.11486211007264371,0.07507762214243396,0.03978448793020975,false,false,none,none,"marginal gaussian (robust), per-axis q < 0.01",false,none
g0174,,drugA,2.5,6,strain,WT,mutant,WT | mutant,-0.15470933023055267,0.09705528623188453,-0.2517646164624372,0.9300219117614499,0.3517573863064064,0.5782645254550435,0.11486211007264371,0.09272055407071253,0.022141556001931184,false,false,none,none,"marginal gaussian (robust), per-axis q < 0.01",false,none
g0175,,drugA,2.5,6,strain,WT,mutant,WT | mutant,0.18622188940310735,0.17345800746244144,0.012763881940665911,0.6043827036180249,1.0058117256576231,-0.4014290220395982,0.11486211007264371,0.21199767304767794,-0.09713556297503423,false,false,none,none,"marginal gaussian (robust), per-axis q < 0.01",false,none
g0176,,drugA,2.5,6,strain,WT,mutant,WT | mutant,-0.1645742372957777,0.011639816578020046,-0.17621405387379774,0.4465595051700202,0.0643704958448799,0.38218900932514027,0.11486211007264371,0.012504060564656994,0.10235804950798671,false,false,none,none,"marginal gaussian (robust), per-axis q < 0.01",false,none
g0177,,drugA,2.5,6,strain,WT,mutant,WT | mutant,-0.03017320834429249,0.06682328205076615,-0.09699649039505864,0.08320780851810668,0.2941707334346827,-0.21096292491657603,0.017999718124494104,0.0690798990578556,-0.05108018093336149,false,false,none,none,"marginal gaussian (robust), per-axis q < 0.01",false,none
g0178,,drugA,2.5,6,strain,WT,mutant,WT | mutant,-0.5171479047557774,-0.20495167424101268,-0.31219623051476475,2.0564717280829936,0.7125069269027493,1.3439648011802443,0.41773023083376504,0.13715790986579626,0.2805723209679688,false,false,none,none,"marginal gaussian (robust), per-axis q < 0.01",false,none
g0179,,drugA,2.5,6,strain,WT,mutant,WT | mutant,-0.09671325194081248,-0.18276228592642685,0.08604903398561436,0.9017238474072353,0.6057783525405755,0.2959454948666598,0.11486211007264371,0.1341786131736729,-0.019316503101029198,false,false,none,none,"marginal gaussian (robust), per-axis q < 0.01",false,none
g0180,,drugA,2.5,6,strain,WT,mutant,WT | mutant,-0.01731512450827566,0.1914971453119243,-0.20881226982019996,0.05455848030560602,0.41572284377553365,-0.36116436346992764,0.011091877351670762,0.10202524975388463,-0.09093337240221387,false,false,none,none,"marginal gaussian (robust), per-axis q < 0.01",false,none
g0181,,drugA,2.5,6,strain,WT,mutant,WT | mutant,-0.06352982407618502,-0.26868188547155025,0.20515206139536524,0.1225237426858793,0.9568332890472357,-0.8343095463613565,0.024577173258157885,0.19496813010943087,-0.17039095685127298,false,false,none,none,"marginal gaussian (robust), per-axis q < 0.01",false,none
g0182,,drugA,2.5,6,strain,WT,mutant,WT | mutant,-0.10649177956498512,0.09075977486546627,-0.1972515544304514,0.5131042262911816,0.2706496988535136,0.242454527437668,0.11486211007264371,0.06760198618920053,0.04726012388344318,false,false,none,none,"marginal gaussian (robust), per-axis q < 0.01",false,none
g0183,,drugA,2.5,6,strain,WT,mutant,WT | mutant,0.08148189342362144,-0.02088719362656022,0.10236908705018166,0.48751530891038486,0.043900740152402834,0.443614568757982,0.11486211007264371,0.00979546385530265,0.10506664621734106,false,false,none,none,"marginal gaussian (robust), per-axis q < 0.01",false,none
g0184,,drugA,2.5,6,strain,WT,mutant,WT | mutant,-0.06575455330840185,-0.1278078156517104,0.062053262343308546,0.2586946349902421,0.27488170579714416,-0.01618707080690207,0.05411294175803551,0.06760198618920053,-0.013489044431165026,false,false,none,none,"marginal gaussian (robust), per-axis q < 0.01",false,none
g0185,,drugA,2.5,6,strain,WT,mutant,WT | mutant,-0.09160437586314885,-0.1288771852203361,0.03727280935718724,0.1712092779264017,0.36796460038619916,-0.19675532245979746,0.03390646067334664,0.10062824356723434,-0.0667217828938877,false,false,none,none,"marginal gaussian (robust), per-axis q < 0.01",false,none
g0186,,drugA,2.5,6,strain,WT,mutant,WT | mutant,-0.03368425565891897,-0.23451881604920466,0.2008345603902857,0.08365797848247787,1.0560444230601993,-0.9723864445777214,0.017999718124494104,0.21940603644323678,-0.20140631831874267,false,false,none,none,"marginal gaussian (robust), per-axis q < 0.01",false,none
g0187,,drugA,2.5,6,strain,WT,mutant,WT | mutant,-0.1888614291574653,-0.055077193003421954,-0.13378423615404333,0.710121784684301,0.13949796568018005,0.570623819004121,0.11486211007264371,0.041273696011092195,0.07358841406155152,false,false,none,none,"marginal gaussian (robust), per-axis q < 0.01",false,none
g0188,,drugA,2.5,6,strain,WT,mutant,WT | mutant,0.13932791965734737,-0.15819613194250337,0.29752405159985074,0.3322724548471414,0.5906835826300694,-0.25841112778292796,0.06661666216756403,0.1341786131736729,-0.06756195100610889,false,false,none,none,"marginal gaussian (robust), per-axis q < 0.01",false,none
g0189,,drugA,2.5,6,strain,WT,mutant,WT | mutant,-0.08099078074080168,-0.22362466546542237,0.14263388472462069,0.15059137004037262,1.458546181069463,-1.3079548110290904,0.028019366711179626,0.3167671272325505,-0.2887477605213709,false,false,none,none,"marginal gaussian (robust), per-axis q < 0.01",false,none
g0190,,drugA,2.5,6,strain,WT,mutant,WT | mutant,-0.0971126756300329,0.06036496382312606,-0.15747763945315896,0.55545476659608,0.1622882993355413,0.39316646726053867,0.11486211007264371,0.052467095091962145,0.06239501498068157,false,false,none,none,"marginal gaussian (robust), per-axis q < 0.01",false,none
g0191,,drugA,2.5,6,strain,WT,mutant,WT | mutant,0.25969409822333844,0.13970219805866435,0.11999190016467409,0.567981281925368,0.3910641046224578,0.17691717730291023,0.11486211007264371,0.10148057755784615,0.013381532514797567,false,false,none,none,"marginal gaussian (robust), per-axis q < 0.01",false,none
g0192,,drugA,2.5,6,strain,WT,mutant,WT | mutant,-0.025170140691720633,-0.003061984300118503,-0.02210815639160213,0.0679312807249173,0.00617844088030235,0.06175283984461495,0.012415041733760129,0.0038052410846877304,0.008609800649072399,false,false,none,none,"marginal gaussian (robust), per-axis q < 0.01",false,none
g0193,,drugA,2.5,6,strain,WT,mutant,WT | mutant,-0.3686522113190325,-0.12133592822753858,-0.2473162830914939,1.5975256231986137,0.39095941719938515,1.2065662059992286,0.37646721862640936,0.10148057755784615,0.2749866410685632,false,false,none,none,"marginal gaussian (robust), per-axis q < 0.01",false,none
g0194,,drugA,2.5,6,strain,WT,mutant,WT | mutant,-0.08451380050977342,0.20732407479126014,-0.29183787530103356,0.26423610609766146,0.7367376937617082,-0.4725015876640467,0.05411294175803551,0.13715790986579626,-0.08304496810776076,false,false,none,none,"marginal gaussian (robust), per-axis q < 0.01",false,none
g0195,,drugA,2.5,6,strain,WT,mutant,WT | mutant,0.0138715764249433,0.12085353350381212,-0.10698195707886882,0.02728217785719759,0.35233260016260165,-0.32505042230540404,0.011091877351670762,0.09272055407071253,-0.08162867671904177,false,false,none,none,"marginal gaussian (robust), per-axis q < 0.01",false,none
g0196,,drugA,2.5,6,strain,WT,mutant,WT | mutant,-0.09925012254618792,0.11773613394289306,-0.216986256489081,0.2539820472603019,0.2524863656180664,0.001495681642235458,0.05411294175803551,0.06760198618920053,-0.013489044431165026,false,false,none,none,"marginal gaussian (robust), per-axis q < 0.01",false,none
g0197,,drugA,2.5,6,strain,WT,mutant,WT | mutant,-0.08710125817709091,-0.07982096969318953,-0.007280288483901387,0.5329441259739456,0.25149029118207306,0.2814538347918725,0.11486211007264371,0.06760198618920053,0.04726012388344318,false,false,none,none,"marginal gaussian (robust), per-axis q < 0.01",false,none
g0198,,drugA,2.5,6,strain,WT,mutant,WT | mutant,-0.04771985825750136,0.019672488504553165,-0.06739234676205452,0.08602690559748019,0.10188180273221016,-0.01585489713472997,0.017999718124494104,0.03140717791868584,-0.013407459794191733,false,false,none,none,"marginal gaussian (robust), per-axis q < 0.01",false,none
g0199,,drugA,2.5,6,strain,WT,mutant,WT | mutant,-0.12468928040801508,-0.12687882482777013,0.0021895444197550518,0.5998366584611301,0.7463638023802295,-0.14652714391909938,0.11486211007264371,0.13715790986579626,-0.02229579979315255,false,false,none,none,"marginal gaussian (robust), per-axis q < 0.01",false,none
g0200,,drugA,2.5,6,strain,WT,mutant,WT | mutant,0.10705916385094127,-0.05392128689764197,0.16098045074858325,0.4428147485595054,,,0.11486211007264371,,,false,false,none,none,"marginal gaussian (robust), per-axis q < 0.01",false,none
g0201,,drugA,2.5,6,strain,WT,mutant,WT | mutant,-0.09500406844632892,0.21976691448402974,-0.31477098293035866,0.21074829767575146,0.4170935757702612,-0.20634527809450973,0.04346655937707711,0.10202524975388463,-0.058558690376807526,false,false,none,none,"marginal gaussian (robust), per-axis q < 0.01",false,none
g0202,,drugA,2.5,6,strain,WT,mutant,WT | mutant,-0.028984651658710447,-0.03863096193592064,0.00964631027721019,0.160042355330911,0.3359850961019552,-0.17594274077104421,0.03390646067334664,0.09146531796091985,-0.057558857287573206,false,false,none,none,"marginal gaussian (robust), per-axis q < 0.01",false,none
g0203,,drugA,2.5,6,strain,WT,mutant,WT | mutant,0.010620866782190319,-0.026534798644480162,0.03715566542667048,0.03098789721156115,0.1779107514899626,-0.14692285427840146,0.011091877351670762,0.05728948315594952,-0.04619760580427876,false,false,none,none,"marginal gaussian (robust), per-axis q < 0.01",false,none
g0204,,drugA,2.5,6,strain,WT,mutant,WT | mutant,-0.08212643806967002,-0.08187638837694777,-0.00025004969272224287,0.4573366913566158,0.6066575473065384,-0.14932085594992262,0.11486211007264371,0.1341786131736729,-0.019316503101029198,false,false,none,none,"marginal gaussian (robust), per-axis q < 0.01",false,none
g0205,,drugA,2.5,6,strain,WT,mutant,WT | mutant,0.03228293489871348,-0.00779878830577907,0.04008172320449255,0.12486526439250993,0.011771268324165087,0.11309399606834485,0.024577173258157885,0.0038052410846877304,0.020771932173470155,false,false,none,none,"marginal gaussian (robust), per-axis q < 0.01",false,none
g0206,,drugA,2.5,6,strain,WT,mutant,WT | mutant,-0.4210545642067345,-0.19262393119873877,-0.2284306330079957,1.4413255025466996,1.0911969007175137,0.3501286018291858,0.29481241526698293,0.21940603644323678,0.07540637882374615,false,false,none,none,"marginal gaussian (robust), per-axis q < 0.01",false,none
g0207,,drugA,2.5,6,strain,WT,mutant,WT | mutant,-0.3060221360697648,-0.5245635885931197,0.21854145252335488,1.238002428439641,1.40555163939416,-0.16754921095451913,0.19303528292311778,0.28804360648429,-0.09500832356117223,false,false,none,none,"marginal gaussian (robust), per-axis q < 0.01",false,none
g0208,,drugA,2.5,6,strain,WT,mutant,WT | mutant,0.21951326905367985,-0.008176329892268797,0.22768959894594865,0.6512734426643431,0.027051098279855235,0.6242223443844879,0.11486211007264371,0.005221462024498714,0.109640648048145,false,false,none,none,"marginal gaussian (robust), per-axis q < 0.01",false,none
g0209,,drugA,2.5,6,strain,WT,mutant,WT | mutant,-0.008896712741911728,-0.11655593232606343,0.1076592195841517,0.02562823030950312,0.55593248323037,-0.5303042529208669,0.011091877351670762,0.1341786131736729,-0.12308673582200215,false,false,none,none,"marginal gaussian (robust), per-axis q < 0.01",false,none
g0210,,drugA,2.5,6,strain,WT,mutant,WT | mutant,0.0639764963047984,0.2299890964865572,-0.16601260018175878,0.24039500753634754,1.0587708479867712,-0.8183758404504237,0.04888473840158816,0.21940603644323678,-0.17052129804164862,false,false,none,none,"marginal gaussian (robust), per-axis q < 0.01",false,none
g0211,,drugA,2.5,6,strain,WT,mutant,WT | mutant,-0.12466724974182952,-0.08491012098906214,-0.03975712875276738,0.7860297696613245,0.23270771447625097,0.5533220551850736,0.11486211007264371,0.06760198618920053,0.04726012388344318,false,false,none,none,"marginal gaussian (robust), per-axis q < 0.01",false,none
g0212,,drugA,2.5,6,strain,WT,mutant,WT | mutant,-0.13508692472947637,-0.13092411793384073,-0.004162806795635632,0.567594141639762,0.38423819677792875,0.1833559448618332,0.11486211007264371,0.10062824356723434,0.014233866505409379,false,false,none,none,"marginal gaussian (robust), per-axis q < 0.01",false,none
g0213,,drugA,2.5,6,strain,WT,mutant,WT | mutant,0.09608519679133032,0.1584444794841886,-0.06235928269285829,0.45548289965937594,0.6985568940965113,-0.2430739944371354,0.11486211007264371,0.13715790986579626,-0.02229579979315255,false,false,none,none,"marginal gaussian (robust), per-axis q < 0.01",false,none
g0214,,drugA,2.5,6,strain,WT,mutant,WT | mutant,0.032295473903058536,-0.3862734140909305,0.41856888799398906,0.12119063829845914,1.4959837174640476,-1.3747930791655885,0.024577173258157885,0.3167671272325505,-0.2921899539743926,false,false,none,none,"marginal gaussian (robust), per-axis q < 0.01",false,none
g0215,,drugA,2.5,6,strain,WT,mutant,WT | mutant,0.23602527449342237,-0.08637700203004606,0.3224022765234684,0.9914131277996142,0.4956257548464395,0.4957873729531747,0.11486211007264371,0.12685934300358395,-0.011997232930940238,false,false,none,none,"marginal gaussian (robust), per-axis q < 0.01",false,none
g0216,,drugA,2.5,6,strain,WT,mutant,WT | mutant,0.09792591605608969,-0.0035431330452215803,0.10146904910131127,0.5021786048254718,0.015134601987845702,0.4870440028376261,0.11486211007264371,0.0038052410846877304,0.11105686898795598,false,false,none,none,"marginal gaussian (robust), per-axis q < 0.01",false,none
g0217,,drugA,2.5,6,strain,WT,mutant,WT | mutant,-0.22516644860071544,0.01199872683960912,-0.23716517544032456,0.9472112523292492,0.03184127524731524,0.9153699770819339,0.11486211007264371,0.005221462024498714,0.109640648048145,false,false,none,none,"marginal gaussian (robust), per-axis q < 0.01",false,none
g0218,,drugA,2.5,6,strain,WT,mutant,WT | mutant,-0.011215521958027885,0.08150798456347275,-0.09272350652150063,0.03691907534866877,0.19454212022927575,-0.15762304488060697,0.011091877351670762,0.06603870301794247,-0.05494682566627171,false,false,none,none,"marginal gaussian (robust), per-axis q < 0.01",false,none
g0219,,drugA,2.5,6,strain,WT,mutant,WT | mutant,0.15500873888242594,-0.004948255792507794,0.15995699467493374,0.32537207007675123,0.02328353462263081,0.3020885354541204,0.06661666216756403,0.005221462024498714,0.061395200143065314,false,false,none,none,"marginal gaussian (robust), per-axis q < 0.01",false,none
g0220,,drugA,2.5,6,strain,WT,mutant,WT | mutant,-0.07333017960229604,-0.01963177209090894,-0.0536984075113871,0.11946813336047837,0.05311113117824977,0.0663570021822286,0.02433437837822501,0.01035828469705035,0.01397609368117466,false,false,none,none,"marginal gaussian (robust), per-axis q < 0.01",false,none
g0221,,drugA,2.5,6,strain,WT,mutant,WT | mutant,0.09326477004060862,0.1081438693050778,-0.014879099264469176,0.4673955770415385,0.5638978948750389,-0.09650231783350044,0.11486211007264371,0.1341786131736729,-0.019316503101029198,false,false,none,none,"marginal gaussian (robust), per-axis q < 0.01",false,none
g0222,,drugA,2.5,6,strain,WT,mutant,WT | mutant,0.0844405167378044,0.012282121845831107,0.07215839489197329,0.19766996543233484,0.029642318769267286,0.16802764666306755,0.04007280918943011,0.005221462024498714,0.0348513471649314,false,false,none,none,"marginal gaussian (robust), per-axis q < 0.01",false,none
g0223,,drugA,2.5,6,strain,WT,mutant,WT | mutant,-0.1872564930020033,-0.09891088178497043,-0.08834561121703288,0.7591155467645424,0.25513037220450774,0.5039851745600347,0.11486211007264371,0.06760198618920053,0.04726012388344318,false,false,none,none,"marginal gaussian (robust), per-axis q < 0.01",false,none
g0224,,drugA,2.5,6,strain,WT,mutant,WT | mutant,-0.02512945712226866,-0.024011854784279585,-0.0011176023379890765,0.22202670537117875,0.10798087478595807,0.11404583058522068,0.04420145569859894,0.03327328995870337,0.010928165739895572,false,false,none,none,"marginal gaussian (robust), per-axis q < 0.01",false,none
g0225,,drugA,2.5,6,strain,WT,mutant,WT | mutant,0.08686854367283736,0.1549747494072662,-0.06810620573442883,0.3942017722545198,0.780961913751206,-0.38676014149668625,0.09426425383417146,0.13715790986579626,-0.0428936560316248,false,false,none,none,"marginal gaussian (robust), per-axis q < 0.01",false,none
g0226,,drugA,2.5,6,strain,WT,mutant,WT | mutant,-0.0589784825953803,0.02114880260632468,-0.08012728520170498,0.19638303557179193,0.048212820762711245,0.14817021480908069,0.04007280918943011,0.01035828469705035,0.02971452449237976,false,false,none,none,"marginal gaussian (robust), per-axis q < 0.01",false,none
g0227,,drugA,2.5,6,strain,WT,mutant,WT | mutant,-0.1651449340149913,-0.011877037839370885,-0.15326789617562042,0.7310433269592485,0.04610764867148492,0.6849356782877636,0.11486211007264371,0.01035828469705035,0.10450382537559336,false,false,none,none,"marginal gaussian (robust), per-axis q < 0.01",false,none
g0228,,drugA,2.5,6,strain,WT,mutant,WT | mutant,-0.02168454355929228,0.18555801349889212,-0.2072425570581844,0.02563475117780894,0.47571859226002094,-0.450083841082212,0.011091877351670762,0.12523441648381384,-0.11414253913214308,false,false,none,none,"marginal gaussian (robust), per-axis q < 0.01",false,none
g0229,,drugA,2.5,6,strain,WT,mutant,WT | mutant,-0.4112126875628537,-0.024260811932931503,-0.38695187562992217,1.489696783114606,0.11747104265738383,1.3722257404572222,0.3064269394318013,0.03338362335352412,0.2730433160782772,false,false,none,none,"marginal gaussian (robust), per-axis q < 0.01",false,none
g0230,,drugA,2.5,6,strain,WT,mutant,WT | mutant,0.08982343015798122,-0.1879494189733979,0.2777728491313791,0.19246034531349104,0.47494902243079606,-0.282488677117305,0.04007280918943011,0.12523441648381384,-0.08516160729438373,false,false,none,none,"marginal gaussian (robust), per-axis q < 0.01",false,none
g0231,,drugA,2.5,6,strain,WT,mutant,WT | mutant,0.060876921544332774,0.1271561650551991,-0.06627924351086634,0.37315405502449506,0.20413325641250107,0.16902079861199398,0.08613477380332854,0.06760198618920053,0.018532787614128007,false,false,none,none,"marginal gaussian (robust), per-axis q < 0.01",false,none
g0232,,drugA,2.5,6,strain,WT,mutant,WT | mutant,-0.11094173424706,-0.13816703294440202,0.027225298697342026,0.28992586307020607,0.36782528933643444,-0.07789942626622837,0.060093396943878316,0.10062824356723434,-0.04053484662335602,false,false,none,none,"marginal gaussian (robust), per-axis q < 0.01",false,none
g0233,,drugA,2.5,6,strain,WT,mutant,WT | mutant,-0.060561163762592685,-0.14293936545156782,0.08237820168897514,0.15963698324736939,0.5368450194884024,-0.37720803624103294,0.03390646067334664,0.1341786131736729,-0.10027215250032627,false,false,none,none,"marginal gaussian (robust), per-axis q < 0.01",false,none
g0234,,drugA,2.5,6,strain,WT,mutant,WT | mutant,0.03305317463175772,0.19057420175886364,-0.15752102712710592,0.13441578025423767,0.38968483763669126,-0.2552690573824536,0.024577173258157885,0.10148057755784615,-0.07690340429968825,false,false,none,none,"marginal gaussian (robust), per-axis q < 0.01",false,none
g0235,,drugA,2.5,6,strain,WT,mutant,WT | mutant,-0.1163606423651089,0.005398622642985629,-0.12175926500809453,0.2466381450519653,0.028959739548507526,0.21767840550345777,0.050512980683573655,0.005221462024498714,0.04529151865907494,false,false,none,none,"marginal gaussian (robust), per-axis q < 0.01",false,none
g0236,,drugA,2.5,6,strain,WT,mutant,WT | mutant,0.04793446959211778,0.03901175397814427,0.008922715613973509,0.1239091516724719,0.0809276550462033,0.0429814966262686,0.024577173258157885,0.019056499316870843,0.005520673941287042,false,false,none,none,"marginal gaussian (robust), per-axis q < 0.01",false,none
g0237,,drugA,2.5,6,strain,WT,mutant,WT | mutant,0.28648008739909603,0.5017204413253298,-0.21524035392623375,0.8691408493124604,1.4500694273256525,-0.5809285780131921,0.11486211007264371,0.3167671272325505,-0.2019050171599068,false,false,none,none,"marginal gaussian (robust), per-axis q < 0.01",false,none
g0238,,drugA,2.5,6,strain,WT,mutant,WT | mutant,-0.03913312764720178,0.03069229068781354,-0.06982541833501532,0.12599473175299344,0.21063388291790247,-0.08463915116490903,0.024577173258157885,0.06760198618920053,-0.04302481293104265,false,false,none,none,"marginal gaussian (robust), per-axis q < 0.01",false,none
g0239,,drugA,2.5,6,strain,WT,mutant,WT | mutant,-0.08144205682789352,0.3636213793986691,-0.44506343622656264,0.21186367390541266,1.1437188439309733,-0.9318551700255606,0.04346655937707711,0.2306129055751009,-0.18714634619802378,false,false,none,none,"marginal gaussian (robust), per-axis q < 0.01",false,none
g0240,,drugA,2.5,6,strain,WT,mutant,WT | mutant,-0.11449000829700573,-0.1515068131264785,0.03701680482947278,0.5464005522008815,0.43880860383271747,0.10759194836816399,0.11486211007264371,0.1096709864881771,0.00519112358446662,false,false,none,none,"marginal gaussian (robust), per-axis q < 0.01",false,none
g0241,,drugA,2.5,6,strain,WT,mutant,WT | mutant,-0.018832618506554155,-0.1339260863173708,0.11509346781081664,0.057049066993832914,0.5198677301325927,-0.46281866313875974,0.011091877351670762,0.1341786131736729,-0.12308673582200215,false,false,none,none,"marginal gaussian (robust), per-axis q < 0.01",false,none
g0242,,drugA,2.5,6,strain,WT,mutant,WT | mutant,0.4044818105831105,-0.018882555121619404,0.4233643657047299,1.7466709913913783,0.04732821423315648,1.6993427771582217,0.3868133095853154,0.01035828469705035,0.37645502488826504,false,false,none,none,"marginal gaussian (robust), per-axis q < 0.01",false,none
g0243,,drugA,2.5,6,strain,WT,mutant,WT | mutant,-0.27002173557455755,-0.15023748060185937,-0.11978425497269818,0.6862447411789502,0.4429236592645466,0.2433210819144036,0.11486211007264371,0.1096709864881771,0.00519112358446662,false,false,none,none,"marginal gaussian (robust), per-axis q < 0.01",false,none
g0244,,drugA,2.5,6,strain,WT,mutant,WT | mutant,0.18564826399638878,-0.02914591067731287,0.21479417467370165,0.6516359899623833,0.05855673701961777,0.5930792529427655,0.11486211007264371,0.01035828469705035,0.10450382537559336,false,false,none,none,"marginal gaussian (robust), per-axis q < 0.01",false,none
g0245,,drugA,2.5,6,strain,WT,mutant,WT | mutant,0.10471010600786901,0.17313313015902487,-0.06842302415115586,,0.4196476386127631,,,0.10202524975388463,,false,false,none,none,"marginal gaussian (robust), per-axis q < 0.01",false,none
g0246,,drugA,2.5,6,strain,WT,mutant,WT | mutant,-0.209425774221347,0.07399618895582627,-0.2834219631771733,0.6534222082382102,0.19605693934681725,0.45736526889139295,0.11486211007264371,0.06603870301794247,0.04882340705470124,false,false,none,none,"marginal gaussian (robust), per-axis q < 0.01",false,none
g0247,,drugA,2.5,6,strain,WT,mutant,WT | mutant,-0.10860866743989561,-0.05826004904595017,-0.050348618393945443,0.3309727882825693,0.23295055976922746,0.09802222851334186,0.06661666216756403,0.06760198618920053,-0.0009853240216365078,false,false,none,none,"marginal gaussian (robust), per-axis q < 0.01",false,none
g0248,,drugA,2.5,6,strain,WT,mutant,WT | mutant,-0.08612370919483325,-0.15982628569298107,0.07370257649814782,0.40954608849461127,0.5053111877349012,-0.09576509924028997,0.09891803408009378,0.12815225059790783,-0.02923421651781405,false,false,none,none,"marginal gaussian (robust), per-axis q < 0.01",false,none
g0249,,drugA,2.5,6,strain,WT,mutant,WT | mutant,-0.25334533031610995,0.035400820282035284,-0.28874615059814523,0.8147982398049198,0.10052890462432665,0.7142693351805932,0.11486211007264371,0.03140717791868584,0.08345493215395788,false,false,none,none,"marginal gaussian (robust), per-axis q < 0.01",false,none
g0250,,drugA,2.5,6,strain,WT,mutant,WT | mutant,-0.47284423393248787,0.04131650833372191,-0.5141607422662098,1.1563690878102706,0.134648049204243,1.0217210386060276,0.16122155956478787,0.041273696011092195,0.11994786355369567,false,false,none,none,"marginal gaussian (robust), per-axis q < 0.01",false,none
g0251,,drugA,2.5,6,strain,WT,mutant,WT | mutant,-0.21683721901432662,0.03819841919360201,-0.2550356382079286,0.7563805358520386,0.11904961789344415,0.6373309179585944,0.11486211007264371,0.03338362335352412,0.08147848671911959,false,false,none,none,"marginal gaussian (robust), per-axis q < 0.01",false,none
g0252,,drugA,2.5,6,strain,WT,mutant,WT | mutant,0.014827967725740798,-0.0991624126231434,0.1139903803488842,0.032162681372846634,0.42339843375401803,-0.3912357523811714,0.011091877351670762,0.10202524975388463,-0.09093337240221387,false,false,none,none,"marginal gaussian (robust), per-axis q < 0.01",false,none
g0253,,drugA,2.5,6,strain,WT,mutant,WT | mutant,-0.03795710366888372,0.1576687975613531,-0.19562590123023682,0.21867733343155912,0.37447876158535665,-0.15580142815379752,0.04420145569859894,0.10062824356723434,-0.05642678786863539,false,false,none,none,"marginal gaussian (robust), per-axis q < 0.01",false,none
g0254,,drugA,2.5,6,strain,WT,mutant,WT | mutant,-0.03744058196311606,-0.17152273387663186,0.1340821519135158,0.1011123591474459,1.0421785985509069,-0.941066239403461,0.019103538188451726,0.21940603644323678,-0.20030249825478505,false,false,none,none,"marginal gaussian (robust), per-axis q < 0.01",false,none
g0255,,drugA,2.5,6,strain,WT,mutant,WT | mutant,-0.1342365479097003,-0.15016895858682577,0.015932410677125475,0.8189775389893159,0.4825425060708401,0.3364350329184758,0.11486211007264371,0.12523441648381384,-0.010372306411170124,false,false,none,none,"marginal gaussian (robust), per-axis q < 0.01",false,none
g0256,,drugA,2.5,6,strain,WT,mutant,WT | mutant,-0.017625969931991392,0.1814015223116563,-0.19902749224364769,0.037953971306604384,0.3695229709312048,-0.3315689996246004,0.011091877351670762,0.10062824356723434,-0.08953636621556357,false,false,none,none,"marginal gaussian (robust), per-axis q < 0.01",false,none
g0257,,drugA,2.5,6,strain,WT,mutant,WT | mutant,-0.09144207458790454,-0.23119787875511744,0.1397558041672129,0.35279997905859944,0.9214309141657339,-0.5686309351071344,0.07191513164958019,0.18695717053298305,-0.11504203888340286,false,false,none,none,"marginal gaussian (robust), per-axis q < 0.01",false,none
g0258,,drugA,2.5,6,strain,WT,mutant,WT | mutant,0.1179412854905042,-0.013117188366329913,0.1310584738568341,0.3161764089254829,0.03161188983187248,0.2845645190936104,0.06661666216756403,0.005221462024498714,0.061395200143065314,false,false,none,none,"marginal gaussian (robust), per-axis q < 0.01",false,none
g0259,,drugA,2.5,6,strain,WT,mutant,WT | mutant,0.07120765857900047,-0.16241072541866686,0.23361838399766732,0.2745475225518329,0.5286137920491194,-0.2540662694972865,0.05652660505242357,0.1341786131736729,-0.07765200812124934,false,false,none,none,"marginal gaussian (robust), per-axis q < 0.01",false,none
g0260,,drugA,2.5,6,strain,WT,mutant,WT | mutant,0.1035605676480138,-0.3213092949142755,0.4248698625622893,0.2323160864823294,2.562425023192704,-2.3301089367103747,0.047232902036056415,0.572391637749767,-0.5251587357137105,false,false,none,none,"marginal gaussian (robust), per-axis q < 0.01",false,none
g0261,,drugA,2.5,6,strain,WT,mutant,WT | mutant,0.09531836939687999,-0.15614635486122452,0.2514647242581045,1.0468121168233337,0.8597145336752775,0.18709758314805625,0.11781010370131502,0.16977359726269767,-0.05196349356138265,false,false,none,none,"marginal gaussian (robust), per-axis q < 0.01",false,none
g0262,,drugA,2.5,6,strain,WT,mutant,WT | mutant,0.18720646409931252,-0.10817436326320262,0.29538082736251514,0.8804474287888204,0.38074097358439085,0.4997064552044296,0.11486211007264371,0.10062824356723434,0.014233866505409379,false,false,none,none,"marginal gaussian (robust), per-axis q < 0.01",false,none
g0263,,drugA,2.5,6,strain,WT,mutant,WT | mutant,0.1128637949598641,-0.03573075195635056,0.14859454691621465,0.5077054549171746,0.16485281351962688,0.3428526413975477,0.11486211007264371,0.052467095091962145,0.06239501498068157,false,false,none,none,"marginal gaussian (robust), per-axis q < 0.01",false,none
g0264,,drugA,2.5,6,strain,WT,mutant,WT | mutant,-0.13696720706249366,-0.1419935482640433,0.005026341201549656,0.48931868588158656,1.1633593684242258,-0.6740406825426393,0.11486211007264371,0.23072695957430317,-0.11586484950165946,false,false,none,none,"marginal gaussian (robust), per-axis q < 0.01",false,none
g0265,,drugA,2.5,6,strain,WT,mutant,WT | mutant,0.015989032595335573,-0.3578654112755739,0.3738544438709095,0.03464748317822905,1.0220399296547633,-0.9873924464765342,0.011091877351670762,0.21324872107516535,-0.20215684372349457,false,false,none,none,"marginal gaussian (robust), per-axis q < 0.01",false,none
g0266,,drugA,2.5,6,strain,WT,mutant,WT | mutant,-0.07603537730250931,-0.11686628199858395,0.040830904696074644,0.2046385224993148,0.47018094095408436,-0.26554241845476956,0.04007280918943011,0.12523441648381384,-0.08516160729438373,false,false,none,none,"marginal gaussian (robust), per-axis q < 0.01",false,none
g0267,,drugA,2.5,6,strain,WT,mutant,WT | mutant,-0.01621394654531194,0.10095761160199856,-0.1171715581473105,0.031782760208705296,0.36814052603425584,-0.33635776582555055,0.011091877351670762,0.10062824356723434,-0.08953636621556357,false,false,none,none,"marginal gaussian (robust), per-axis q < 0.01",false,none
g0268,,drugA,2.5,6,strain,WT,mutant,WT | mutant,-0.24776089900574583,-0.29569087741761635,0.04792997841187052,2.638706937148549,0.40275222883111444,2.2359547083174345,0.5523471064738008,0.10202524975388463,0.4503218567199162,false,false,none,none,"marginal gaussian (robust), per-axis q < 0.01",false,none
g0269,,drugA,2.5,6,strain,WT,mutant,WT | mutant,-0.22007612279190347,-0.27813532018530474,0.05805919739340126,0.45434789185330005,2.068688008832615,-1.614340116979315,0.11486211007264371,0.461544684253974,-0.3466825741813303,false,false,none,none,"marginal gaussian (robust), per-axis q < 0.01",false,none
g0270,,drugA,2.5,6,strain,WT,mutant,WT | mutant,0.09868079260855556,-0.08124717645249468,0.17992796906105024,0.6471297098756345,0.4555453595735893,0.19158435030204513,0.11486211007264371,0.11618857704736286,-0.001326466974719151,false,false,none,none,"marginal gaussian (robust), per-axis q < 0.01",false,none
g0271,,drugA,2.5,6,strain,WT,mutant,WT | mutant,0.34654063021810444,0.335972073887465,0.010568556330639467,0.7466080358394256,1.2626423889220135,-0.5160343530825879,0.11486211007264371,0.2777599212867344,-0.16289781121409067,false,false,none,none,"marginal gaussian (robust), per-axis q < 0.01",false,none
g0272,,drugA,2.5,6,strain,WT,mutant,WT | mutant,0.20499285366470232,0.13519588604853716,0.06979696761616516,0.893393200922136,1.0096107925506315,-0.11621759162849543,0.11486211007264371,0.21199767304767794,-0.09713556297503423,false,false,none,none,"marginal gaussian (robust), per-axis q < 0.01",false,none
g0273,,drugA,2.5,6,strain,WT,mutant,WT | mutant,0.07436927317978181,-0.08871304754402765,0.16308232072380946,0.24746881174204316,0.2228052423557717,0.024663569386271456,0.050512980683573655,0.06760198618920053,-0.017089005505626878,false,false,none,none,"marginal gaussian (robust), per-axis q < 0.01",false,none
g0274,,drugA,2.5,6,strain,WT,mutant,WT | mutant,0.05605854496119633,0.20631601164044255,-0.15025746667924622,0.19875724570842052,1.4792738832445782,-1.2805166375361576,0.04007280918943011,0.3167671272325505,-0.2766943180431204,false,false,none,none,"marginal gaussian (robust), per-axis q < 0.01",false,none
g0275,,drugA,2.5,6,strain,WT,mutant,WT | mutant,-0.14286106729060055,0.1279474469946047,-0.27080851428520525,0.8219824672555041,0.5268605390652381,0.29512192819026595,0.11486211007264371,0.1341786131736729,-0.019316503101029198,false,false,none,none,"marginal gaussian (robust), per-axis q < 0.01",false,none
g0276,,drugA,2.5,6,strain,WT,mutant,WT | mutant,0.24976416030959214,-0.26937230268394785,0.51913646299354,1.4187559226418969,1.089500722452945,0.32925520018895194,0.29481241526698293,0.21940603644323678,0.07540637882374615,false,false,none,none,"marginal gaussian (robust), per-axis q < 0.01",false,none
g0277,,drugA,2.5,6,strain,WT,mutant,WT | mutant,-0.011626134499759466,-0.019062174609055127,0.007436040109295661,0.020887586860469737,0.2551082281963667,-0.23422064133589696,0.009332916513976684,0.06760198618920053,-0.05826906967522385,false,false,none,none,"marginal gaussian (robust), per-axis q < 0.01",false,none
g0278,,drugA,2.5,6,strain,WT,mutant,WT | mutant,-0.17371331767175313,0.29559900520229476,-0.4693123228740479,0.5296354774339886,1.2690108717451836,-0.7393753943111949,0.11486211007264371,0.2777599212867344,-0.16289781121409067,false,false,none,none,"marginal gaussian (robust), per-axis q < 0.01",false,none
g0279,,drugA,2.5,6,strain,WT,mutant,WT | mutant,-0.010940699910467089,0.10196553239612527,-0.11290623230659236,0.13245046832753316,0.544697193679162,-0.4122467253516289,0.024577173258157885,0.1341786131736729,-0.10960143991551502,false,false,none,none,"marginal gaussian (robust), per-axis q < 0.01",false,none
g0280,,drugA,2.5,6,strain,WT,mutant,WT | mutant,-0.00023744119125357344,0.2266550162655614,-0.22689245745681497,0.0008276003235794534,0.953454220377633,-0.9526266200540536,0.0008276003235794534,0.19496813010943087,-0.19414052978585142,false,false,none,none,"marginal gaussian (robust), per-axis q < 0.01",false,none
g0281,,drugA,2.5,6,strain,WT,mutant,WT | mutant,0.09295362810362917,-0.056726536816645634,0.1496801649202748,0.16033603721857081,0.2068072176478756,-0.04647118042930479,0.03390646067334664,0.06760198618920053,-0.03369552551585389,false,false,none,none,"marginal gaussian (robust), per-axis q < 0.01",false,none
g0282,,drugA,2.5,6,strain,WT,mutant,WT | mutant,-0.06587145706325259,-0.04383815973011629,-0.022033297333136304,0.17000451942167752,0.16346542220584323,0.006539097215834289,0.03390646067334664,0.052467095091962145,-0.018560634418615503,false,false,none,none,"marginal gaussian (robust), per-axis q < 0.01",false,none
g0283,,drugA,2.5,6,strain,WT,mutant,WT | mutant,0.07746039146679706,0.01168018943601723,0.06578020203077983,0.4470499870628445,0.03088058132463391,0.4161694057382106,0.11486211007264371,0.005221462024498714,0.109640648048145,false,false,none,none,"marginal gaussian (robust), per-axis q < 0.01",false,none
g0284,,drugA,2.5,6,strain,WT,mutant,WT | mutant,-0.016998158752532078,-0.026485216126108213,0.009487057373576135,0.05801074876922171,0.050861178563930666,0.007149570205291042,0.011091877351670762,0.01035828469705035,0.0007335926546204116,false,false,none,none,"marginal gaussian (robust), per-axis q < 0.01",false,none
g0285,,drugA,2.5,6,strain,WT,mutant,WT | mutant,0.003572594130854867,-0.09193797572196782,0.09551056985282269,0.008770591731364063,0.31239872049511586,-0.3036281287637518,0.003998076870119121,0.07507762214243396,-0.07107954527231485,false,false,none,none,"marginal gaussian (robust), per-axis q < 0.01",false,none
g0286,,drugA,2.5,6,strain,WT,mutant,WT | mutant,-0.07361501636613532,-0.10027801180769735,0.026662995441562032,0.25662979686992854,0.24056479271765815,0.016065004152270385,0.05411294175803551,0.06760198618920053,-0.013489044431165026,false,false,none,none,"marginal gaussian (robust), per-axis q < 0.01",false,none
g0287,,drugA,2.5,6,strain,WT,mutant,WT | mutant,0.1286026941056031,0.07154725591620092,0.057055438189402174,0.3255874873407982,0.252347874996783,0.07323961234401516,0.06661666216756403,0.06760198618920053,-0.0009853240216365078,false,false,none,none,"marginal gaussian (robust), per-axis q < 0.01",false,none
g0288,,drugA,2.5,6,strain,WT,mutant,WT | mutant,-0.17340181119190756,0.05410107268265829,-0.22750288387456585,0.5581487823178115,0.5282585850575328,0.02989019726027875,0.11486211007264371,0.1341786131736729,-0.019316503101029198,false,false,none,none,"marginal gaussian (robust), per-axis q < 0.01",false,none
g0289,,drugA,2.5,6,strain,WT,mutant,WT | mutant,-0.07716837561941148,0.00305998922097217,-0.08022836484038365,0.23520635389031982,0.007640206751038555,0.22756614713928128,0.04830222555242109,0.0038052410846877304,0.04449698446773336,false,false,none,none,"marginal gaussian (robust), per-axis q < 0.01",false,none
g0290,,drugA,2.5,6,strain,WT,mutant,WT | mutant,0.009362285818179217,0.07807496385423285,-0.06871267803605363,0.04608710771856414,0.1514215927093855,-0.10533448499082135,0.011091877351670762,0.046148016216526984,-0.03505613886485622,false,false,none,none,"marginal gaussian (robust), per-axis q < 0.01",false,none
g0291,,drugA,2.5,6,strain,WT,mutant,WT | mutant,0.06600511620189486,0.15426871993667657,-0.0882636037347817,0.26429543336981876,0.6477203908495389,-0.38342495747972016,0.05411294175803551,0.13613277008086924,-0.08201982832283373,false,false,none,none,"marginal gaussian (robust), per-axis q < 0.01",false,none
g0292,,drugA,2.5,6,strain,WT,mutant,WT | mutant,-0.004789788264197625,-0.11873562469835619,0.11394583643415856,0.013080683288874346,0.9024394769532862,-0.8893587936644118,0.007082944016742857,0.17662250343845212,-0.16953955942170926,false,false,none,none,"marginal gaussian (robust), per-axis q < 0.01",false,none
g0293,,drugA,2.5,6,strain,WT,mutant,WT | mutant,-0.1037398487065424,-0.09438756587455899,-0.009352282831983416,0.5589604455050827,0.5437507307027254,0.015209714802357333,0.11486211007264371,0.1341786131736729,-0.019316503101029198,false,false,none,none,"marginal gaussian (robust), per-axis q < 0.01",false,none
g0294,,drugA,2.5,6,strain,WT,mutant,WT | mutant,0.008374682967190239,-0.0474159955063449,0.05579067847353514,0.048755785079626635,0.24678204206023335,-0.19802625698060672,0.011091877351670762,0.06760198618920053,-0.05651010883752977,false,false,none,none,"marginal gaussian (robust), per-axis q < 0.01",false,none
g0295,,drugA,2.5,6,strain,WT,mutant,WT | mutant,-0.08694241994708118,0.0023850146757879997,-0.08932743462286918,0.1516274267413846,0.014814262120045052,0.13681316462133955,0.028019366711179626,0.0038052410846877304,0.024214125626491896,false,false,none,none,"marginal gaussian (robust), per-axis q < 0.01",false,none
g0296,,drugA,2.5,6,strain,WT,mutant,WT | mutant,-0.030096446774605212,0.0627951457939524,-0.09289159256855761,0.14149869768763923,0.20977097993516872,-0.06827228224752949,0.024577173258157885,0.06760198618920053,-0.04302481293104265,false,false,none,none,"marginal gaussian (robust), per-axis q < 0.01",false,none
g0297,,drugA,2.5,6,strain,WT,mutant,WT | mutant,0.06797385157463331,-0.04308817402083598,0.1110620255954693,0.14636932961566174,0.23110651330567408,-0.08473718369001235,0.026933040139327336,0.06760198618920053,-0.0406689460498732,false,false,none,none,"marginal gaussian (robust), per-axis q < 0.01",false,none
g0298,,drugA,2.5,6,strain,WT,mutant,WT | mutant,-0.07520170922892255,-0.17062953850677332,0.09542782927785076,0.3120697159966919,0.6148661362224055,-0.30279642022571357,0.06661666216756403,0.1341786131736729,-0.06756195100610889,false,false,none,none,"marginal gaussian (robust), per-axis q < 0.01",false,none
g0299,,drugA,2.5,6,strain,WT,mutant,WT | mutant,-0.02957449856125649,-0.007820231130128974,-0.021754267431127516,0.09828478423607656,0.02304219563059134,0.07524258860548522,0.019103538188451726,0.005221462024498714,0.013882076163953011,false,false,none,none,"marginal gaussian (robust), per-axis q < 0.01",false,none
g0300,,drugA,2.5,6,strain,WT,mutant,WT | mutant,-0.20576302200221974,-0.1955934585646748,-0.010169563437544937,0.8438007669688411,1.7970407889540232,-0.9532400219851821,0.11486211007264371,0.43649470735785856,-0.32163259728521487,false,false,none,none,"marginal gaussian (robust), per-axis q < 0.01",false,none
g0301,,drugA,2.5,6,strain,WT,mutant,WT | mutant,-0.011260456622281367,0.0438022541237304,-0.05506271074601177,0.024344609690987336,0.11060370123003184,-0.0862590915390445,0.011091877351670762,0.03327328995870337,-0.02218141260703261,false,false,none,none,"marginal gaussian (robust), per-axis q < 0.01",false,none
g0302,,drugA,2.5,6,strain,WT,mutant,WT | mutant,-0.022530926695156772,-0.05616033211567739,0.03362940542052062,0.09845709669505004,0.2672863778425874,-0.16882928114753737,0.019103538188451726,0.06760198618920053,-0.0484984480007488,false,false,none,none,"marginal gaussian (robust), per-axis q < 0.01",false,none
g0303,,drugA,2.5,6,strain,WT,mutant,WT | mutant,0.050755616819569305,0.04811721217751597,0.002638404642053338,0.08577529898125857,0.10469624736856932,-0.018920948387310746,0.017999718124494104,0.03173461872062019,-0.013734900596126084,false,false,none,none,"marginal gaussian (robust), per-axis q < 0.01",false,none
g0304,,drugA,2.5,6,strain,WT,mutant,WT | mutant,-0.03002312660478612,0.25218940207272755,-0.2822125286775137,0.06272009288121137,1.2954445390693332,-1.232724446188122,0.011091877351670762,0.2777599212867344,-0.2666680439350636,false,false,none,none,"marginal gaussian (robust), per-axis q < 0.01",false,none
g0305,,drugA,2.5,6,strain,WT,mutant,WT | mutant,-0.04417181385926838,0.16520238331472825,-0.20937419717399663,0.13097450794052845,0.30715347224834155,-0.1761789643078131,0.024577173258157885,0.07507762214243396,-0.05050044888427608,false,false,none,none,"marginal gaussian (robust), per-axis q < 0.01",false,none
g0306,,drugA,2.5,6,strain,WT,mutant,WT | mutant,0.22737104686845555,0.07769000781068325,0.1496810390577723,0.7001650643415995,0.2807839400080586,0.4193811243335409,0.11486211007264371,0.06760198618920053,0.04726012388344318,false,false,none,none,"marginal gaussian (robust), per-axis q < 0.01",false,none
g0307,,drugA,2.5,6,strain,WT,mutant,WT | mutant,0.499585443739635,0.4873085850701262,0.012276858669508783,1.7040313001422132,1.9537950827103716,-0.24976378256815845,0.3868133095853154,0.461544684253974,-0.07473137466865859,false,false,none,none,"marginal gaussian (robust), per-axis q < 0.01",false,none
g0308,,drugA,2.5,6,strain,WT,mutant,WT | mutant,0.12237569905971135,-0.2293036562543751,0.35167935531408645,0.5864936768275956,0.5804918986128031,0.006001778214792419,0.11486211007264371,0.1341786131736729,-0.019316503101029198,false,false,none,none,"marginal gaussian (robust), per-axis q < 0.01",false,none
g0309,,drugA,2.5,6,strain,WT,mutant,WT | mutant,0.16754631288024235,0.17726972278942554,-0.00972340990918319,0.8164855745537443,1.3204184024442414,-0.5039328278904971,0.11486211007264371,0.2777599212867344,-0.16289781121409067,false,false,none,none,"marginal gaussian (robust), per-axis q < 0.01",false,none
g0310,,drugA,2.5,6,strain,WT,mutant,WT | mutant,0.19259332396128137,-0.14540779841909313,0.3380011223803745,0.5870455016200584,0.37287771377025913,0.21416778784979928,0.11486211007264371,0.10062824356723434,0.014233866505409379,false,false,none,none,"marginal gaussian (robust), per-axis q < 0.01",false,none
g0311,,drugA,2.5,6,strain,WT,mutant,WT | mutant,-0.21874930400105264,-0.14480815451389262,-0.07394114948716002,1.1398708531881157,0.5704309241883668,0.5694399289997488,0.16122155956478787,0.1341786131736729,0.027042946391114958,false,false,none,none,"marginal gaussian (robust), per-axis q < 0.01",false,none
g0312,,drugA,2.5,6,strain,WT,mutant,WT | mutant,-0.10114041936047524,0.0747692145281933,-0.17590963388866854,0.25998866331969206,0.13867300768652904,0.12131565563316302,0.05411294175803551,0.041273696011092195,0.012839245746943312,false,false,none,none,"marginal gaussian (robust), per-axis q < 0.01",false,none
g0313,,drugA,2.5,6,strain,WT,mutant,WT | mutant,0.24395689367759843,0.21932778891514282,0.02462910476245561,0.5899024945363653,0.8679248826248509,-0.27802238808848556,0.11486211007264371,0.16977359726269767,-0.054911487190053954,false,false,none,none,"marginal gaussian (robust), per-axis q < 0.01",false,none
g0314,,drugA,2.5,6,strain,WT,mutant,WT | mutant,0.012714322051666116,-0.03960131154694224,0.05231563359860836,0.034968174721892065,0.07993188051177905,-0.04496370578988698,0.011091877351670762,0.019056499316870843,-0.007964621965200081,false,false,none,none,"marginal gaussian (robust), per-axis q < 0.01",false,none
g0315,,drugA,2.5,6,strain,WT,mutant,WT | mutant,0.1989745386194386,0.017648788469083243,0.18132575015035535,0.7019282591114733,0.04011301455956479,0.6618152445519084,0.11486211007264371,0.008201329299973184,0.10666078077267054,false,false,none,none,"marginal gaussian (robust), per-axis q < 0.01",false,none
g0316,,drugA,2.5,6,strain,WT,mutant,WT | mutant,-0.14754287132158517,-0.0446959507302882,-0.10284692059129696,0.44484085634582893,0.08163869217113331,0.36320216417469564,0.11486211007264371,0.019056499316870843,0.09580561075577287,false,false,none,none,"marginal gaussian (robust), per-axis q < 0.01",false,none
g0317,,drugA,2.5,6,strain,WT,mutant,WT | mutant,0.2602495838932164,0.06496465832610632,0.19528492556711008,0.6932552030051536,1.2825622689317353,-0.5893070659265817,0.11486211007264371,0.2777599212867344,-0.16289781121409067,false,false,none,none,"marginal gaussian (robust), per-axis q < 0.01",false,none
g0318,,drugA,2.5,6,strain,WT,mutant,WT | mutant,-0.08797289205358538,-0.3327703321907318,0.24479744013714644,0.45377284382783295,1.6275203910571334,-1.1737475472293004,0.11486211007264371,0.34160792775787313,-0.22674581768522942,false,false,none,none,"marginal gaussian (robust), per-axis q < 0.01",false,none
g0319,,drugA,2.5,6,strain,WT,mutant,WT | mutant,0.0741674231972489,-0.11634173657851044,0.19050915977575933,0.39327760473618084,0.17212481560687615,0.2211527891293047,0.09426425383417146,0.05418560666518024,0.04007864716899122,false,false,none,none,"marginal gaussian (robust), per-axis q < 0.01",false,none
g0320,,drugA,2.5,6,strain,WT,mutant,WT | mutant,0.008709180144101936,-0.3689555857120457,0.3776647658561476,0.1041949890177196,2.1846708247339612,-2.080475835716242,0.019103538188451726,0.461544684253974,-0.44244114606552226,false,false,none,none,"marginal gaussian (robust), per-axis q < 0.01",false,none
g0321,,drugA,2.5,6,strain,WT,mutant,WT | mutant,0.022197604862769893,0.08085621666331377,-0.05865861180054388,0.07725529270843007,0.21346645930693017,-0.1362111665985001,0.014833469531770916,0.06760198618920053,-0.05276851665742962,false,false,none,none,"marginal gaussian (robust), per-axis q < 0.01",false,none
g0322,,drugA,2.5,6,strain,WT,mutant,WT | mutant,0.08008831415353157,0.03978205226071907,0.0403062618928125,0.1656413404906967,0.21037612959694663,-0.04473478910624992,0.03390646067334664,0.06760198618920053,-0.03369552551585389,false,false,none,none,"marginal gaussian (robust), per-axis q < 0.01",false,none
g0323,,drugA,2.5,6,strain,WT,mutant,WT | mutant,0.2622163986940631,0.27767853997579905,-0.015462141281735953,1.7698537128209046,1.9780340262113678,-0.20818031339046317,0.3868133095853154,0.461544684253974,-0.07473137466865859,false,false,none,none,"marginal gaussian (robust), per-axis q < 0.01",false,none
g0324,,drugA,2.5,6,strain,WT,mutant,WT | mutant,0.06827790729593186,-0.0745488935279246,0.14282680082385646,0.18730554559160967,0.11793947574399158,0.06936606984761809,0.03871780342084336,0.03338362335352412,0.005334180067319241,false,false,none,none,"marginal gaussian (robust), per-axis q < 0.01",false,none
g0325,,drugA,2.5,6,strain,WT,mutant,WT | mutant,-0.16161977728329546,-0.13937650163512494,-0.022243275648170524,0.5471109598458909,0.380377847896644,0.1667331119492469,0.11486211007264371,0.10062824356723434,0.014233866505409379,false,false,none,none,"marginal gaussian (robust), per-axis q < 0.01",false,none
g0326,,drugA,2.5,6,strain,WT,mutant,WT | mutant,0.1390844308798549,-0.08650020766759248,0.22558463854744737,0.42179139792306664,0.34869875280101215,0.07309264512205449,0.10382298034280579,0.09272055407071253,0.011102426272093263,false,false,none,none,"marginal gaussian (robust), per-axis q < 0.01",false,none
g0327,,drugA,2.5,6,strain,WT,mutant,WT | mutant,-0.024298658910296922,-0.03634128499295208,0.012042626082655161,0.10531409389162927,0.06398096339290428,0.04133313049872499,0.019103538188451726,0.012504060564656994,0.006599477623794732,false,false,none,none,"marginal gaussian (robust), per-axis q < 0.01",false,none
g0328,,drugA,2.5,6,strain,WT,mutant,WT | mutant,-0.24365928039010498,-0.02039818420609052,-0.22326109618401446,0.6171547594359681,0.0658499838898994,0.5513047755460687,0.11486211007264371,0.012504060564656994,0.10235804950798671,false,false,none,none,"marginal gaussian (robust), per-axis q < 0.01",false,none
g0329,,drugA,2.5,6,strain,WT,mutant,WT | mutant,0.050945784204957434,-0.1444657007646466,0.19541148496960403,0.16145814086085897,0.25310835326268527,-0.0916502124018263,0.03390646067334664,0.06760198618920053,-0.03369552551585389,false,false,none,none,"marginal gaussian (robust), per-axis q < 0.01",false,none
g0330,,drugA,2.5,6,strain,WT,mutant,WT | mutant,-0.36219879389881626,-0.6399874208505878,0.27778862695177153,1.272906063422689,1.7012671251784421,-0.42836106175575317,0.20880322811293017,0.36704998230462665,-0.15824675419169648,false,false,none,none,"marginal gaussian (robust), per-axis q < 0.01",false,none
g0331,,drugA,2.5,6,strain,WT,mutant,WT | mutant,0.09744745412350841,0.17414385150060774,-0.07669639737709932,0.30145409346015356,0.6318054755219812,-0.3303513820618276,0.06342245240212946,0.1341786131736729,-0.07075616077154345,false,false,none,none,"marginal gaussian (robust), per-axis q < 0.01",false,none
g0332,,drugA,2.5,6,strain,WT,mutant,WT | mutant,-0.24712538104288662,0.03543658416226236,-0.282561965205149,0.9349244239791635,0.13563062919800314,0.7992937947811604,0.11486211007264371,0.041273696011092195,0.07358841406155152,false,false,none,none,"marginal gaussian (robust), per-axis q < 0.01",false,none
g0333,,drugA,2.5,6,strain,WT,mutant,WT | mutant,0.25788638700422784,0.24831827640930815,0.009568110594919688,0.5896338101603779,0.919114322078836,-0.3294805119184582,0.11486211007264371,0.18695717053298305,-0.07209506046033934,false,false,none,none,"marginal gaussian (robust), per-axis q < 0.01",false,none
g0334,,drugA,2.5,6,strain,WT,mutant,WT | mutant,0.01928890029585517,0.12156133790242052,-0.10227243760656535,0.10708460940694914,0.5853337997381494,-0.4782491903312002,0.019103538188451726,0.1341786131736729,-0.11507507498522118,false,false,none,none,"marginal gaussian (robust), per-axis q < 0.01",false,none
g0335,,drugA,2.5,6,strain,WT,mutant,WT | mutant,0.024380431388165036,0.05767793387820852,-0.033297502490043485,0.04871245972278276,0.2332607185396241,-0.18454825881684134,0.011091877351670762,0.06760198618920053,-0.05651010883752977,false,false,none,none,"marginal gaussian (robust), per-axis q < 0.01",false,none
g0336,,drugA,2.5,6,strain,WT,mutant,WT | mutant,0.14605091439894835,-0.07384296306170413,0.21989387746065248,1.126984974842696,0.16965782211145372,0.9573271527312424,0.16122155956478787,0.05369807776444429,0.10752348180034357,false,false,none,none,"marginal gaussian (robust), per-axis q < 0.01",false,none
g0337,,drugA,2.5,6,strain,WT,mutant,WT | mutant,0.15690069761594216,0.09352276742552945,0.06337793019041271,0.5609985236868031,0.6744917225853808,-0.11349319889857767,0.11486211007264371,0.13715790986579626,-0.02229579979315255,false,false,none,none,"marginal gaussian (robust), per-axis q < 0.01",false,none
g0338,,drugA,2.5,6,strain,WT,mutant,WT | mutant,0.010109889699471353,-0.18465624654043822,0.19476613623990957,0.027929592961873966,0.5198755116076463,-0.49194591864577236,0.011091877351670762,0.1341786131736729,-0.12308673582200215,false,false,none,none,"marginal gaussian (robust), per-axis q < 0.01",false,none
g0339,,drugA,2.5,6,strain,WT,mutant,WT | mutant,-0.11453684179029011,-0.05015361000440777,-0.06438323178588234,0.39913616374177574,0.11126843148164003,0.28786773226013573,0.09426425383417146,0.03327328995870337,0.06099096387546809,false,false,none,none,"marginal gaussian (robust), per-axis q < 0.01",false,none
g0340,,drugA,2.5,6,strain,WT,mutant,WT | mutant,0.34524708661986026,0.39313752448141415,-0.04789043786155389,3.1237816388514195,1.0461369213827085,2.077644717468711,0.8613305491209897,0.21940603644323678,0.641924512677753,false,false,none,none,"marginal gaussian (robust), per-axis q < 0.01",false,none
g0341,,drugA,2.5,6,strain,WT,mutant,WT | mutant,0.1569284050917652,0.024015348696819316,0.13291305639494588,0.4968680401709319,0.13489220502777524,0.3619758351431567,0.11486211007264371,0.041273696011092195,0.07358841406155152,false,false,none,none,"marginal gaussian (robust), per-axis q < 0.01",false,none
g0342,,drugA,2.5,6,strain,WT,mutant,WT | mutant,0.25053103993241166,0.006410770012136524,0.24412026992027513,0.7661522341331755,0.022495233853417344,0.7436570002797581,0.11486211007264371,0.005221462024498714,0.109640648048145,false,false,none,none,"marginal gaussian (robust), per-axis q < 0.01",false,none
g0343,,drugA,2.5,6,strain,WT,mutant,WT | mutant,0.08545681801378624,-0.14375666099210527,0.2292134790058915,0.47789897177786833,0.6568670978611162,-0.17896812608324786,0.11486211007264371,0.13715790986579626,-0.02229579979315255,false,false,none,none,"marginal gaussian (robust), per-axis q < 0.01",false,none
g0344,,drugA,2.5,6,strain,WT,mutant,WT | mutant,-0.31908376372135017,0.07682560496261637,-0.39590936868396653,1.9989217434895665,0.2166521882283463,1.7822695552612202,0.41773023083376504,0.06760198618920053,0.3501282446445645,false,false,none,none,"marginal gaussian (robust), per-axis q < 0.01",false,none
g0345,,drugA,2.5,6,strain,WT,mutant,WT | mutant,-0.040533240928649406,-0.13802649872662265,0.09749325779797324,,0.499059816317451,,,0.1275183504198232,,false,false,none,none,"marginal gaussian (robust), per-axis q < 0.01",false,none
g0346,,drugA,2.5,6,strain,WT,mutant,WT | mutant,-0.1713201472072825,-0.052278960959086795,-0.11904118624819571,1.086264274802694,0.39717836978805765,0.6890859050146364,0.13556704612801881,0.10202524975388463,0.03354179637413418,false,false,none,none,"marginal gaussian (robust), per-axis q < 0.01",false,none
g0347,,drugA,2.5,6,strain,WT,mutant,WT | mutant,0.026108301048050286,-0.18153952734465673,0.207647828392707,0.050627474161380366,0.3159493774546821,-0.26532190329330174,0.011091877351670762,0.07507762214243396,-0.0639857447907632,false,false,none,none,"marginal gaussian (robust), per-axis q < 0.01",false,none
g0348,,drugA,2.5,6,strain,WT,mutant,WT | mutant,0.12160442715682152,0.18741859206271094,-0.06581416490588943,0.8362044430306282,0.8557039506039689,-0.019499507573340624,0.11486211007264371,0.16977359726269767,-0.054911487190053954,false,false,none,none,"marginal gaussian (robust), per-axis q < 0.01",false,none
g0349,,drugA,2.5,6,strain,WT,mutant,WT | mutant,0.0033739311705982544,-0.13779758361949312,0.14117151479009138,0.013056827505495585,0.5802140202886935,-0.5671571927831979,0.007082944016742857,0.1341786131736729,-0.12709566915693005,false,false,none,none,"marginal gaussian (robust), per-axis q < 0.01",false,none
g0350,,drugA,2.5,6,strain,WT,mutant,WT | mutant,-0.08681015106473744,-0.18652165325074677,0.09971150218600933,0.13166814301687615,0.7019050507901858,-0.5702369077733097,0.024577173258157885,0.13715790986579626,-0.11258073660763837,false,false,none,none,"marginal gaussian (robust), per-axis q < 0.01",false,none
g0351,,drugA,2.5,6,strain,WT,mutant,WT | mutant,-0.1271766579064657,0.0767568838758752,-0.2039335417823409,0.3120344125992131,0.19667609912741796,0.11535831347179515,0.06661666216756403,0.06603870301794247,0.0005779591496215541,false,false,none,none,"marginal gaussian (robust), per-axis q < 0.01",false,none
g0352,,drugA,2.5,6,strain,WT,mutant,WT | mutant,0.22415390963726978,-0.02415378278072211,0.2483076924179919,0.3738233435840058,0.11733578136887325,0.2564875622151326,0.08613477380332854,0.03338362335352412,0.05275115044980442,false,false,none,none,"marginal gaussian (robust), per-axis q < 0.01",false,none
g0353,,drugA,2.5,6,strain,WT,mutant,WT | mutant,0.39696762142251085,0.2114380378856593,0.18552958353685156,1.6827001137004107,0.4121379305452779,1.2705621831551328,0.3868133095853154,0.10202524975388463,0.28478805983143074,false,false,none,none,"marginal gaussian (robust), per-axis q < 0.01",false,none
g0354,,drugA,2.5,6,strain,WT,mutant,WT | mutant,-0.033045591234320604,-0.00346171044127086,-0.029583880793049744,0.08433292663508023,0.00986121483105738,0.07447171180402284,0.017999718124494104,0.0038052410846877304,0.014194477039806374,false,false,none,none,"marginal gaussian (robust), per-axis q < 0.01",false,none
g0355,,drugA,2.5,6,strain,WT,mutant,WT | mutant,-0.039392032011484446,0.023558996650804076,-0.06295102866228852,0.11141738004957455,0.054262846334417296,0.05715453371515725,0.019228005714102485,0.01035828469705035,0.008869721017052135,false,false,none,none,"marginal gaussian (robust), per-axis q < 0.01",false,none
g0356,,drugA,2.5,6,strain,WT,mutant,WT | mutant,-0.25208090850064657,0.06890784027008934,-0.3209887487707359,0.9593679615555429,0.21740010728644354,0.7419678542690994,0.11486211007264371,0.06760198618920053,0.04726012388344318,false,false,none,none,"marginal gaussian (robust), per-axis q < 0.01",false,none
g0357,,drugA,2.5,6,strain,WT,mutant,WT | mutant,-0.15542213637218438,-0.36942460129590415,0.21400246492371977,0.7194249511443022,0.9725106906335902,-0.25308573948928803,0.11486211007264371,0.20023631587975477,-0.08537420580711105,false,false,none,none,"marginal gaussian (robust), per-axis q < 0.01",false,none
g0358,,drugA,2.5,6,strain,WT,mutant,WT | mutant,0.2295603357244307,0.38019776739307076,-0.15063743166864008,0.8388502435075048,1.0797303055572882,-0.2408800620497834,0.11486211007264371,0.21940603644323678,-0.10454392637059307,false,false,none,none,"marginal gaussian (robust), per-axis q < 0.01",false,none
g0359,,drugA,2.5,6,strain,WT,mutant,WT | mutant,0.13407991170652522,-0.16882152526866,0.30290143697518523,0.4504248916255913,0.6159347126594197,-0.16550982103382839,0.11486211007264371,0.1341786131736729,-0.019316503101029198,false,false,none,none,"marginal gaussian (robust), per-axis q < 0.01",false,none
g0360,,drugA,2.5,6,strain,WT,mutant,WT | mutant,-0.08284921889788599,-0.15337800414229896,0.07052878524441297,0.37806607361120315,0.5255280651655327,-0.1474619915543296,0.08642659475329141,0.1341786131736729,-0.0477520184203815,false,false,none,none,"marginal gaussian (robust), per-axis q < 0.01",false,none
g0361,,drugA,2.5,6,strain,WT,mutant,WT | mutant,-0.40596756569287074,-0.12085466208277396,-0.2851129036100968,0.7558513043346841,0.4017523240337957,0.3540989803008884,0.11486211007264371,0.10202524975388463,0.01283686031875908,false,false,none,none,"marginal gaussian (robust), per-axis q < 0.01",false,none
g0362,,drugA,2.5,6,strain,WT,mutant,WT | mutant,-0.2567335642936923,-0.3942078762819925,0.13747431198830018,3.3014191399261787,1.3109904475211265,1.9904286924050523,0.8613305491209897,0.2777599212867344,0.5835706278342554,false,false,none,none,"marginal gaussian (robust), per-axis q < 0.01",false,none
g0363,,drugA,2.5,6,strain,WT,mutant,WT | mutant,0.0030660890350659997,0.209342269116207,-0.20627618008114101,0.004778669998976253,1.3463070846845313,-1.341528414685555,0.0031063242267366335,0.2777599212867344,-0.27465359705999776,false,false,none,none,"marginal gaussian (robust), per-axis q < 0.01",false,none
g0364,,drugA,2.5,6,strain,WT,mutant,WT | mutant,-0.058902383660547564,0.0794179057272526,-0.13832028938780017,0.5753395251913964,1.1233879996644707,-0.5480484744730743,0.11486211007264371,0.2306129055751009,-0.11575079550245718,false,false,none,none,"marginal gaussian (robust), per-axis q < 0.01",false,none
g0365,,drugA,2.5,6,strain,WT,mutant,WT | mutant,0.2286050985510748,0.3269131280248523,-0.09830802947377748,0.525923248422162,1.3606550233675478,-0.8347317749453859,0.11486211007264371,0.2777599212867344,-0.16289781121409067,false,false,none,none,"marginal gaussian (robust), per-axis q < 0.01",false,none
g0366,,drugA,2.5,6,strain,WT,mutant,WT | mutant,-0.052901765456836,-0.028198437481847805,-0.0247033279749882,0.2842102458921903,0.06625045598017748,0.2179597899120128,0.060093396943878316,0.012504060564656994,0.047589336379221324,false,false,none,none,"marginal gaussian (robust), per-axis q < 0.01",false,none
g0367,,drugA,2.5,6,strain,WT,mutant,WT | mutant,-0.049888252050169335,-0.054499678656916295,0.00461142660674696,0.12615471738630613,0.24724867514909424,-0.12109395776278811,0.024577173258157885,0.06760198618920053,-0.04302481293104265,false,false,none,none,"marginal gaussian (robust), per-axis q < 0.01",false,none
g0368,,drugA,2.5,6,strain,WT,mutant,WT | mutant,-0.16052797803613217,-0.3335952672151059,0.17306728917897374,0.5871890778203714,1.132350671612816,-0.5451615937924446,0.11486211007264371,0.2306129055751009,-0.11575079550245718,false,false,none,none,"marginal gaussian (robust), per-axis q < 0.01",false,none
g0001,,drugA,5,6,strain,WT,mutant,WT | mutant,0.4001311743082301,0.33660443310758303,0.06352674120064705,1.7079403857454076,1.0043096480237055,0.7036307377217021,0.7343389285198175,0.3261343089440981,0.4082046195757194,false,false,none,none,"marginal gaussian (robust), per-axis q < 0.01",false,none
g0002,,drugA,5,6,strain,WT,mutant,WT | mutant,0.8946871457601269,0.14983272481322985,0.744854420946897,2.711547601358917,0.5409679533765944,2.1705796479823225,0.9179291140998532,0.15814547706927762,0.7597836370305756,false,false,none,none,"marginal gaussian (robust), per-axis q < 0.01",false,none
g0003,,drugA,5,6,strain,WT,mutant,WT | mutant,0.3858178015014069,0.3028077663681703,0.08301003513323657,0.9763464408797528,0.7813477129885347,0.19499872789121808,0.3112840711610939,0.23209370354994713,0.07919036761114678,false,false,none,none,"marginal gaussian (robust), per-axis q < 0.01",false,none
g0004,,drugA,5,6,strain,WT,mutant,WT | mutant,0.05250965236173499,-0.20209808889729608,0.2546077412590311,0.21353431532240946,0.817673280942418,-0.6041389656200085,0.06236226784318246,0.23390688381000987,-0.1715446159668274,false,false,none,none,"marginal gaussian (robust), per-axis q < 0.01",false,none
g0005,,drugA,5,6,strain,WT,mutant,WT | mutant,-0.19477896126346828,-0.324155744932467,0.12937678366899874,0.7827973177997066,1.0486835804752828,-0.26588626267557613,0.2138932969612418,0.3473403763436492,-0.13344707938240744,false,false,none,none,"marginal gaussian (robust), per-axis q < 0.01",false,none
g0006,,drugA,5,6,strain,WT,mutant,WT | mutant,-0.02272499858540744,-0.10727615570497928,0.08455115711957184,0.05851031312395751,0.3166640671065783,-0.2581537539826208,0.03040269144339832,0.08845773670301844,-0.058055045259620124,false,false,none,none,"marginal gaussian (robust), per-axis q < 0.01",false,none
g0007,,drugA,5,6,strain,WT,mutant,WT | mutant,0.13949165761537063,-0.014031518315180236,0.15352317593055087,0.558946146550471,0.06597909327324915,0.4929670532772219,0.1732570295915512,0.013196390000034213,0.16006063959151698,false,false,none,none,"marginal gaussian (robust), per-axis q < 0.01",false,none
g0008,,drugA,5,6,strain,WT,mutant,WT | mutant,-0.21870777348637915,-0.2028102516392618,-0.015897521847117346,0.6689002813105064,0.851223434213481,-0.18232315290297463,0.20018855094110805,0.23923406262009123,-0.03904551167898318,false,false,none,none,"marginal gaussian (robust), per-axis q < 0.01",false,none
g0009,,drugA,5,6,strain,WT,mutant,WT | mutant,0.2142014372917398,-0.039718663843350654,0.25392010113509045,0.5303107994583975,0.09016237559290748,0.4401484238654901,0.1569605814981414,0.02104064888726668,0.13591993261087473,false,false,none,none,"marginal gaussian (robust), per-axis q < 0.01",false,none
g0010,,drugA,5,6,strain,WT,mutant,WT | mutant,0.3859817492920712,0.24338273700013335,0.14259901229193783,2.1014317208695283,0.7450430502136461,1.3563886706558823,0.7532952289598882,0.22377521606731499,0.5295200128925732,false,false,none,none,"marginal gaussian (robust), per-axis q < 0.01",false,none
g0011,,drugA,5,6,strain,WT,mutant,WT | mutant,0.18431196690063523,-0.04807825907127494,0.23239022597191017,0.4228191347024464,0.14314511747151126,0.27967401723093516,0.12540253053505582,0.029436050762470172,0.09596647977258564,false,false,none,none,"marginal gaussian (robust), per-axis q < 0.01",false,none
g0012,,drugA,5,6,strain,WT,mutant,WT | mutant,-0.14719704474693351,0.022304179423526804,-0.16950122417046032,0.619362734421452,0.11378625548778434,0.5055764789336676,0.19457575657059906,0.023336455311950215,0.17123930125864884,false,false,none,none,"marginal gaussian (robust), per-axis q < 0.01",false,none
g0013,,drugA,5,6,strain,WT,mutant,WT | mutant,-0.06117411923626559,-0.18547553103721182,0.12430141180094623,0.11606010582715066,0.5494029502864614,-0.4333428444593107,0.03945196854097151,0.16371383332754144,-0.12426186478656993,false,false,none,none,"marginal gaussian (robust), per-axis q < 0.01",false,none
g0014,,drugA,5,6,strain,WT,mutant,WT | mutant,-0.14427821556357756,0.08426570380939324,-0.2285439193729708,0.392162656589065,0.22248521166792087,0.16967744492114414,0.11305390134474948,0.06640945393011793,0.04664444741463154,false,false,none,none,"marginal gaussian (robust), per-axis q < 0.01",false,none
g0015,,drugA,5,6,strain,WT,mutant,WT | mutant,-0.13548348411393363,0.04160880741367379,-0.17709229152760741,0.5120487864463092,0.08699983249480453,0.4250489539515047,0.14603980914864245,0.02064432203231571,0.12539548711632675,false,false,none,none,"marginal gaussian (robust), per-axis q < 0.01",false,none
g0016,,drugA,5,6,strain,WT,mutant,WT | mutant,0.04596477279014444,0.13068353745678607,-0.08471876466664163,0.0776377287642177,0.7942515742794566,-0.7166138455152389,0.03168295458939904,0.23390688381000987,-0.20222392922061083,false,false,none,none,"marginal gaussian (robust), per-axis q < 0.01",false,none
g0017,,drugA,5,6,strain,WT,mutant,WT | mutant,0.26250731228781987,0.15816337323797036,0.10434393904984951,1.0882023046380906,0.26657833048624735,0.8216239741518433,0.3565297906827066,0.07726405887921886,0.2792657318034878,false,false,none,none,"marginal gaussian (robust), per-axis q < 0.01",false,none
g0018,,drugA,5,6,strain,WT,mutant,WT | mutant,0.2791873681008772,0.003995894139500855,0.27519147396137633,0.8763488331598748,0.011863336104466,0.8644854970554088,0.2689998009554396,0.0032593079115247857,0.26574049304391484,false,false,none,none,"marginal gaussian (robust), per-axis q < 0.01",false,none
g0019,,drugA,5,6,strain,WT,mutant,WT | mutant,0.017748146819490884,0.03640408558940145,-0.018655938769910563,0.028416275203156035,0.09744951573180831,-0.06903324052865227,0.013978564006160763,0.02104064888726668,-0.007062084881105915,false,false,none,none,"marginal gaussian (robust), per-axis q < 0.01",false,none
g0020,,drugA,5,6,strain,WT,mutant,WT | mutant,-0.00145557400899321,0.012596062292836052,-0.014051636301829262,0.001966644353277595,0.03106898881086882,-0.029102344457591224,0.0009442682689878951,0.0072433099790556055,-0.00629904171006771,false,false,none,none,"marginal gaussian (robust), per-axis q < 0.01",false,none
g0021,,drugA,5,6,strain,WT,mutant,WT | mutant,0.09894943538538215,0.2653576711208139,-0.16640823573543173,0.5596596466442362,0.7525449688193928,-0.19288532217515664,0.1732570295915512,0.22377521606731499,-0.05051818647576378,false,false,none,none,"marginal gaussian (robust), per-axis q < 0.01",false,none
g0022,,drugA,5,6,strain,WT,mutant,WT | mutant,-0.0320501050239006,0.06559018935901051,-0.09764029438291111,0.08980918921829996,0.29431212035478116,-0.20450293113648121,0.03387621325811751,0.08510334334304304,-0.05122713008492553,false,false,none,none,"marginal gaussian (robust), per-axis q < 0.01",false,none
g0023,,drugA,5,6,strain,WT,mutant,WT | mutant,0.002190008137542776,-0.07154189211151163,0.0737319002490544,0.007475015255866161,0.17105968540961242,-0.16358467015374625,0.0026722566688369216,0.0425562681982791,-0.03988401152944218,false,false,none,none,"marginal gaussian (robust), per-axis q < 0.01",false,none
g0024,,drugA,5,6,strain,WT,mutant,WT | mutant,0.090010773473578,0.011753412417817799,0.0782573610557602,0.4550977575911226,0.037639344918074406,0.4174584126730482,0.1309292927920078,0.0072433099790556055,0.12368598281295219,false,false,none,none,"marginal gaussian (robust), per-axis q < 0.01",false,none
g0025,,drugA,5,6,strain,WT,mutant,WT | mutant,-0.37055129063384307,-0.8218101752765339,0.4512588846426908,2.0235732778603555,1.987833327463962,0.03573995039639355,0.7532952289598882,0.839721060476581,-0.08642583151669281,false,false,none,none,"marginal gaussian (robust), per-axis q < 0.01",false,none
g0026,,drugA,5,6,strain,WT,mutant,WT | mutant,0.28128526391183506,0.25065878898614713,0.03062647492568793,0.9760760722613337,0.7995751131159872,0.17650095914534658,0.3112840711610939,0.23390688381000987,0.07737718735108404,false,false,none,none,"marginal gaussian (robust), per-axis q < 0.01",false,none
g0027,,drugA,5,6,strain,WT,mutant,WT | mutant,-0.06154038705320275,0.11635400436395127,-0.17789439141715402,0.2351051974380221,0.25991112254912935,-0.02480592511110724,0.06878072636402915,0.07726405887921886,-0.008483332515189707,false,false,none,none,"marginal gaussian (robust), per-axis q < 0.01",false,none
g0028,,drugA,5,6,strain,WT,mutant,WT | mutant,-0.6092127551901569,-0.37934888991821936,-0.22986386527193758,2.208588502866766,1.3667147611551158,0.84187374171165,0.7578657909215134,0.5729007085451705,0.1849650823763429,false,false,none,none,"marginal gaussian (robust), per-axis q < 0.01",false,none
g0029,,drugA,5,6,strain,WT,mutant,WT | mutant,0.09548486460411709,-0.01140129161794512,0.10688615622206221,0.3608450403914304,0.06831098013822547,0.29253406025320494,0.09937503355982985,0.014189926092748238,0.0851851074670816,false,false,none,none,"marginal gaussian (robust), per-axis q < 0.01",false,none
g0030,,drugA,5,6,strain,WT,mutant,WT | mutant,0.041665395823288875,-0.13622577156589522,0.1778911673891841,0.11200633562803221,0.30419430699854133,-0.19218797137050914,0.03760074457035895,0.08510334334304304,-0.04750259877268408,false,false,none,none,"marginal gaussian (robust), per-axis q < 0.01",false,none
g0031,,drugA,5,6,strain,WT,mutant,WT | mutant,-0.1418907172893764,0.01838759474543039,-0.1602783120348068,0.4903714397023782,0.07539148143398043,0.41497995826839773,0.1352203899929197,0.016277670024889012,0.11894271996803067,false,false,none,none,"marginal gaussian (robust), per-axis q < 0.01",false,none
g0032,,drugA,5,6,strain,WT,mutant,WT | mutant,-0.3934967568815555,-0.02856435620580733,-0.36493240067574817,1.1548243526800508,0.08190762207860786,1.0729167306014429,0.38949883788154327,0.018300820044270024,0.37119801783727324,false,false,none,none,"marginal gaussian (robust), per-axis q < 0.01",false,none
g0033,,drugA,5,6,strain,WT,mutant,WT | mutant,-0.27330211773645274,0.027456587150915368,-0.3007587048873681,0.9125912699372873,0.17448710675631868,0.7381041631809686,0.28242365692876564,0.0443899465384281,0.23803371039033755,false,false,none,none,"marginal gaussian (robust), per-axis q < 0.01",false,none
g0034,,drugA,5,6,strain,WT,mutant,WT | mutant,0.2801365685280519,0.29675821882133846,-0.01662165029328655,1.5856617249903395,1.7047939040135829,-0.11913217902324336,0.67387723105368,0.7311924467879927,-0.05731521573431264,false,false,none,none,"marginal gaussian (robust), per-axis q < 0.01",false,none
g0035,,drugA,5,6,strain,WT,mutant,WT | mutant,-0.1132781199877737,-0.13543276962229278,0.022154649634519075,0.6281340480367906,0.7143484691709785,-0.08621442113418787,0.20018855094110805,0.22110388798663266,-0.020915337045524618,false,false,none,none,"marginal gaussian (robust), per-axis q < 0.01",false,none
g0036,,drugA,5,6,strain,WT,mutant,WT | mutant,0.004648141304514297,-0.03588075766656651,0.04052889897108081,0.013457650371732563,0.07645531312945712,-0.06299766275772456,0.0049210927269636,0.016277670024889012,-0.011356577297925413,false,false,none,none,"marginal gaussian (robust), per-axis q < 0.01",false,none
g0037,,drugA,5,6,strain,WT,mutant,WT | mutant,0.30644183306903816,0.46631149581790066,-0.1598696627488625,0.7524350468436238,1.866146451050682,-1.1137114042070582,0.2048023218903149,0.7928420806328654,-0.5880397587425505,false,false,none,none,"marginal gaussian (robust), per-axis q < 0.01",false,none
g0038,,drugA,5,6,strain,WT,mutant,WT | mutant,0.7985843752015782,1.102184812558999,-0.3036004373574208,1.8398671713092936,2.4401674602291785,-0.600300288919885,0.7532952289598882,1.0515926550327706,-0.29829742607288234,false,true,none,up,"marginal gaussian (robust), per-axis q < 0.01",true,"up, up"
g0039,,drugA,5,6,strain,WT,mutant,WT | mutant,0.040981652858928186,-0.05432047758193015,0.09530213044085833,0.16425274972721082,0.20864644620746767,-0.044393696480256845,0.05792427222301672,0.06228167327512378,-0.004357401052107059,false,false,none,none,"marginal gaussian (robust), per-axis q < 0.01",false,none
g0040,,drugA,5,6,strain,WT,mutant,WT | mutant,0.06746787679735178,0.07293750448074565,-0.005469627683393874,0.16871527713876974,0.357108000021652,-0.18839272288288225,0.05792427222301672,0.10591494728124282,-0.047990675058226094,false,false,none,none,"marginal gaussian (robust), per-axis q < 0.01",false,none
g0041,,drugA,5,6,strain,WT,mutant,WT | mutant,-0.037341595592441656,0.13328596632508916,-0.1706275619175308,0.14436513461608708,0.4173569116840929,-0.2729917770680058,0.05325690280396546,0.1235937057663904,-0.07033680296242494,false,false,none,none,"marginal gaussian (robust), per-axis q < 0.01",false,none
g0042,,drugA,5,6,strain,WT,mutant,WT | mutant,-0.0779790893226675,0.09489950489391497,-0.17287859421658247,0.6524039603876091,0.16717485450878608,0.48522910587882295,0.20018855094110805,0.041282858662350784,0.15890569227875725,false,false,none,none,"marginal gaussian (robust), per-axis q < 0.01",false,none
g0043,,drugA,5,6,strain,WT,mutant,WT | mutant,-0.4617745682525296,-1.0282028342913545,0.5664282660388249,1.826349857875056,3.2786011451562005,-1.4522512872811444,0.7532952289598882,1.3159950722320737,-0.5626998432721855,false,true,none,down,"marginal gaussian (robust), per-axis q < 0.01",true,"—, down"
g0044,,drugA,5,6,strain,WT,mutant,WT | mutant,-0.6302767835532128,-0.5115773110159729,-0.11869947253723989,2.044191556373873,1.0791105995443042,0.9650809568295686,0.7532952289598882,0.35954257530647166,0.39375265365341655,false,false,none,none,"marginal gaussian (robust), per-axis q < 0.01",false,none
g0045,,drugA,5,6,strain,WT,mutant,WT | mutant,-0.0028993844875948582,0.08695243879334846,-0.08985182328094332,0.013284656211765703,0.19877518569308839,-0.1854905294813227,0.0049210927269636,0.05496860050205727,-0.05004750777509367,false,false,none,none,"marginal gaussian (robust), per-axis q < 0.01",false,none
g0046,,drugA,5,6,strain,WT,mutant,WT | mutant,0.11915709846164901,-0.062244275319212505,0.18140137378086152,0.2716664891359294,0.19332647145705603,0.07834001767887336,0.07435634590985904,0.05354204383603369,0.02081430207382535,false,false,none,none,"marginal gaussian (robust), per-axis q < 0.01",false,none
g0047,,drugA,5,6,strain,WT,mutant,WT | mutant,0.10936951933104488,-0.06822150415977113,0.177591023490816,0.19809399946857645,0.10418505011866999,0.09390894934990646,0.06000926958567598,0.022392569475334422,0.03761670011034156,false,false,none,none,"marginal gaussian (robust), per-axis q < 0.01",false,none
g0048,,drugA,5,6,strain,WT,mutant,WT | mutant,-0.06756292691377652,-0.030294773263044306,-0.037268153650732216,0.1817788580367226,0.13806908593131037,0.04370977210541224,0.058107465664413875,0.028247881687731152,0.029859583976682723,false,false,none,none,"marginal gaussian (robust), per-axis q < 0.01",false,none
g0049,,drugA,5,6,strain,WT,mutant,WT | mutant,-0.5260881512538456,-0.8476988804848178,0.3216107292309722,1.9410106476623712,2.1290722278950693,-0.18806158023269814,0.7532952289598882,0.944617405354586,-0.19132217639469784,false,false,none,none,"marginal gaussian (robust), per-axis q < 0.01",false,none
g0050,,drugA,5,6,strain,WT,mutant,WT | mutant,-0.10582857296801862,0.06558319178552097,-0.17141176475353959,0.25035871756158246,1.0218869707264946,-0.7715282531649121,0.07173657074234827,0.3283597472570705,-0.2566231765147222,false,false,none,none,"marginal gaussian (robust), per-axis q < 0.01",false,none
g0051,,drugA,5,6,strain,WT,mutant,WT | mutant,-0.02447719588556474,0.16540614960069533,-0.18988334548626007,0.27839729944561586,0.4357717156496306,-0.1573744162040147,0.07667932443968543,0.12637815650084727,-0.04969883206116184,false,false,none,none,"marginal gaussian (robust), per-axis q < 0.01",false,none
g0052,,drugA,5,6,strain,WT,mutant,WT | mutant,0.10860397138974065,-0.17435275201063405,0.2829567234003747,0.4111009522788643,1.1921871131844537,-0.7810861609055895,0.11827649456327391,0.4470649844742331,-0.3287884899109592,false,false,none,none,"marginal gaussian (robust), per-axis q < 0.01",false,none
g0053,,drugA,5,6,strain,WT,mutant,WT | mutant,-0.09283026859925059,-0.07083628081664273,-0.02199398778260786,0.2555970801032385,0.21111591984769937,0.04448116025553914,0.07173657074234827,0.06260180672316436,0.009134764019183908,false,false,none,none,"marginal gaussian (robust), per-axis q < 0.01",false,none
g0054,,drugA,5,6,strain,WT,mutant,WT | mutant,-0.01914591726688286,-0.1897004428545408,0.17055452558765793,0.06337626028560281,0.303565717195575,-0.2401894569099722,0.03040269144339832,0.08510334334304304,-0.054700651899644716,false,false,none,none,"marginal gaussian (robust), per-axis q < 0.01",false,none
g0055,,drugA,5,6,strain,WT,mutant,WT | mutant,-0.3130823119584356,-0.1590249298873756,-0.15405738207106,0.7242911921646601,1.0676732441921564,-0.3433820520274963,0.2036873699733583,0.3542655286591423,-0.150578158685784,false,false,none,none,"marginal gaussian (robust), per-axis q < 0.01",false,none
g0056,,drugA,5,6,strain,WT,mutant,WT | mutant,-0.07024688976465931,0.043872244169568475,-0.11411913393422779,0.23145393941504985,0.09838594296093432,0.13306799645411554,0.06878072636402915,0.02104064888726668,0.047740077476762476,false,false,none,none,"marginal gaussian (robust), per-axis q < 0.01",false,none
g0057,,drugA,5,6,strain,WT,mutant,WT | mutant,-0.04204088511530557,0.05411049578718874,-0.09615138090249431,0.09249101660636934,0.09189471434993877,0.0005963022564305642,0.03387621325811751,0.02104064888726668,0.01283556437085083,false,false,none,none,"marginal gaussian (robust), per-axis q < 0.01",false,none
g0058,,drugA,5,6,strain,WT,mutant,WT | mutant,0.2032946602141017,0.16635456707461493,0.03694009313948676,0.3966039844416126,0.6521716231372611,-0.25556763869564847,0.11305390134474948,0.19773197511142146,-0.08467807376667198,false,false,none,none,"marginal gaussian (robust), per-axis q < 0.01",false,none
g0059,,drugA,5,6,strain,WT,mutant,WT | mutant,-0.10436419676729347,-0.007690679508230325,-0.09667351725906315,0.1970994016599534,0.033879585647049466,0.16321981601290395,0.06000926958567598,0.0072433099790556055,0.05276595960662037,false,false,none,none,"marginal gaussian (robust), per-axis q < 0.01",false,none
g0060,,drugA,5,6,strain,WT,mutant,WT | mutant,-0.5261189094880141,-1.0712360941441474,0.5451171846561333,0.8294361245516947,3.010875052634642,-2.1814389280829474,0.25154179456585013,1.3146220126904087,-1.0630802181245587,false,true,none,down,"marginal gaussian (robust), per-axis q < 0.01",true,"—, down"
g0061,,drugA,5,6,strain,WT,mutant,WT | mutant,0.07396181450956973,0.03787932997252241,0.03608248453704732,0.2223590536286771,0.22481961344385376,-0.0024605598151766495,0.06762611270788231,0.06669372962571964,0.0009323830821626744,false,false,none,none,"marginal gaussian (robust), per-axis q < 0.01",false,none
g0062,,drugA,5,6,strain,WT,mutant,WT | mutant,0.3566282225713566,0.45143677190562137,-0.09480854933426475,1.6046740067857375,2.183327143288927,-0.5786531365031897,0.67387723105368,0.9610837598590438,-0.2872065288053638,false,false,none,none,"marginal gaussian (robust), per-axis q < 0.01",false,none
g0063,,drugA,5,6,strain,WT,mutant,WT | mutant,0.033599204550963435,0.3143742759115149,-0.28077507136055146,0.14089906959675483,1.4547012026421002,-1.3138021330453453,0.05325690280396546,0.60603848202481,-0.5527815792208446,false,false,none,none,"marginal gaussian (robust), per-axis q < 0.01",false,none
g0064,,drugA,5,6,strain,WT,mutant,WT | mutant,0.7079628258670994,0.6470241129129306,0.06093871295416875,2.213659652649661,4.3921373313245144,-2.1784776786748536,0.7578657909215134,1.827471267072425,-1.0696054761509115,false,false,none,none,"marginal gaussian (robust), per-axis q < 0.01",false,none
g0065,,drugA,5,6,strain,WT,mutant,WT | mutant,0.15180224226858474,-0.14016633469810813,0.29196857696669287,0.5152697418316874,0.513776887823664,0.0014928540080233477,0.14650332998883178,0.15323080622749952,-0.0067274762386677345,false,false,none,none,"marginal gaussian (robust), per-axis q < 0.01",false,none
g0066,,drugA,5,6,strain,WT,mutant,WT | mutant,-0.08721356757252519,0.17644129398586106,-0.26365486155838624,0.27773340879963043,0.8692635666776213,-0.5915301578779908,0.07667932443968543,0.2490801745757006,-0.1724008501360152,false,false,none,none,"marginal gaussian (robust), per-axis q < 0.01",false,none
g0067,,drugA,5,6,strain,WT,mutant,WT | mutant,0.5966777010832329,0.6883567010458886,-0.09167899996265572,1.9081720247092286,1.4638124552262253,0.44435956948300337,0.7532952289598882,0.6067165670720723,0.14657866188781588,false,false,none,none,"marginal gaussian (robust), per-axis q < 0.01",false,none
g0068,,drugA,5,6,strain,WT,mutant,WT | mutant,-0.17555391867405312,-0.11289806550611736,-0.06265585316793576,0.46664198677535706,1.0119109924249632,-0.5452690056496061,0.13497203291542154,0.32805852045366524,-0.1930864875382437,false,false,none,none,"marginal gaussian (robust), per-axis q < 0.01",false,none
g0069,,drugA,5,6,strain,WT,mutant,WT | mutant,-0.34267465755927695,0.005366750089498495,-0.34804140764877545,1.3078565794981547,0.009883186430545124,1.2979733930676096,0.4674663848468544,0.0032593079115247857,0.4642070769353296,false,false,none,none,"marginal gaussian (robust), per-axis q < 0.01",false,none
g0070,,drugA,5,6,strain,WT,mutant,WT | mutant,-0.032580556676638395,0.1580638036539792,-0.1906443603306176,0.10811221480400546,0.4278523126815216,-0.3197400978775161,0.03760074457035895,0.12563733815986167,-0.08803659358950272,false,false,none,none,"marginal gaussian (robust), per-axis q < 0.01",false,none
g0071,,drugA,5,6,strain,WT,mutant,WT | mutant,0.024416889398856334,-0.01110939900834218,0.035526288407198514,0.06355629862883451,0.030294806510358308,0.033261492118476205,0.03040269144339832,0.0072433099790556055,0.023159381464342717,false,false,none,none,"marginal gaussian (robust), per-axis q < 0.01",false,none
g0072,,drugA,5,6,strain,WT,mutant,WT | mutant,0.24320404775437154,-0.18498704141690236,0.4281910891712739,0.6904899693017263,0.485432276231739,0.20505769306998733,0.20018855094110805,0.14711814836589104,0.053070402575217,false,false,none,none,"marginal gaussian (robust), per-axis q < 0.01",false,none
g0073,,drugA,5,6,strain,WT,mutant,WT | mutant,-0.45355987280383836,-0.9036197010054385,0.4500598282016002,1.9108681922137782,2.4530371635443453,-0.5421689713305671,0.7532952289598882,1.0515926550327706,-0.29829742607288234,false,false,none,none,"marginal gaussian (robust), per-axis q < 0.01",false,none
g0074,,drugA,5,6,strain,WT,mutant,WT | mutant,-0.1449078685438936,-0.11981882910449837,-0.025089039439395222,0.34419559241307374,0.436852454147976,-0.09265686173490228,0.0933967485301378,0.12637815650084727,-0.032981407970709475,false,false,none,none,"marginal gaussian (robust), per-axis q < 0.01",false,none
g0075,,drugA,5,6,strain,WT,mutant,WT | mutant,0.07275030689201767,0.10385902968665661,-0.031108722794638943,0.3447438236870156,0.38644445542690214,-0.04170063173988653,0.0933967485301378,0.1162446173364058,-0.022847868806268004,false,false,none,none,"marginal gaussian (robust), per-axis q < 0.01",false,none
g0076,,drugA,5,6,strain,WT,mutant,WT | mutant,0.035036170840420766,-0.2377103976128172,0.27274656845323797,0.13976230419393476,0.7159781420609078,-0.5762158378669731,0.05325690280396546,0.22110388798663266,-0.16784698518266722,false,false,none,none,"marginal gaussian (robust), per-axis q < 0.01",false,none
g0077,,drugA,5,6,strain,WT,mutant,WT | mutant,0.046156953163322356,0.06463791642543093,-0.018480963262108574,0.31125571072218916,0.18636599783721297,0.12488971288497619,0.08104339762103074,0.050204215066434764,0.03083918255459598,false,false,none,none,"marginal gaussian (robust), per-axis q < 0.01",false,none
g0078,,drugA,5,6,strain,WT,mutant,WT | mutant,-0.13588895962054082,0.040855324552225625,-0.17674428417276644,0.8366589516490428,0.16661622908417748,0.6700427225648653,0.25426412043652186,0.041282858662350784,0.21298126177417107,false,false,none,none,"marginal gaussian (robust), per-axis q < 0.01",false,none
g0079,,drugA,5,6,strain,WT,mutant,WT | mutant,-0.027712551416529507,-0.13420637952429448,0.10649382810776498,0.0791704567980793,0.7065336829886442,-0.6273632261905648,0.03168295458939904,0.22104886478417968,-0.18936591019478063,false,false,none,none,"marginal gaussian (robust), per-axis q < 0.01",false,none
g0080,,drugA,5,6,strain,WT,mutant,WT | mutant,-0.24375281043865726,0.0970076218163971,-0.34076043225505437,0.5947474934003038,0.73386457440845,-0.13911708100814624,0.17930054180359428,0.22377521606731499,-0.044474674263720704,false,false,none,none,"marginal gaussian (robust), per-axis q < 0.01",false,none
g0081,,drugA,5,6,strain,WT,mutant,WT | mutant,-0.19241389530551523,0.13118398737957726,-0.3235978826850925,0.657186940290239,0.37566746894208797,0.2815194713481511,0.20018855094110805,0.11203140035397982,0.08815715058712822,false,false,none,none,"marginal gaussian (robust), per-axis q < 0.01",false,none
g0082,,drugA,5,6,strain,WT,mutant,WT | mutant,-0.009294518039939526,0.04827169850060109,-0.057566216540540616,0.054862223252705546,0.13049589411580675,-0.07563367086310122,0.02873970356514039,0.025298780004026963,0.0034409235611134285,false,false,none,none,"marginal gaussian (robust), per-axis q < 0.01",false,none
g0083,,drugA,5,6,strain,WT,mutant,WT | mutant,0.004106707353860983,-0.06557875022972048,0.06968545758358147,0.009981590897447322,0.297049191799346,-0.2870676009018987,0.0028227285510159413,0.08510334334304304,-0.0822806147920271,false,false,none,none,"marginal gaussian (robust), per-axis q < 0.01",false,none
g0084,,drugA,5,6,strain,WT,mutant,WT | mutant,0.013467571084920138,0.023270422179869854,-0.009802851094949716,0.02849874687860452,0.2961884814044047,-0.26768973452580014,0.013978564006160763,0.08510334334304304,-0.07112477933688227,false,false,none,none,"marginal gaussian (robust), per-axis q < 0.01",false,none
g0085,,drugA,5,6,strain,WT,mutant,WT | mutant,-0.08582720402463817,0.0547184698219354,-0.14054567384657357,0.15689692568252958,0.15864170505151867,-0.0017447793689890911,0.057613712878858574,0.03488472286464705,0.022728990014211525,false,false,none,none,"marginal gaussian (robust), per-axis q < 0.01",false,none
g0086,,drugA,5,6,strain,WT,mutant,WT | mutant,0.11947410310648365,-0.017962310141344418,0.13743641324782807,0.6480653310030697,0.026903358338386,0.6211619726646838,0.20018855094110805,0.0072433099790556055,0.19294524096205243,false,false,none,none,"marginal gaussian (robust), per-axis q < 0.01",false,none
g0087,,drugA,5,6,strain,WT,mutant,WT | mutant,0.09097704741383339,0.07003218372860509,0.0209448636852283,0.4768420572657671,0.3626831034352521,0.114158953830515,0.13497203291542154,0.10591494728124282,0.02905708563417872,false,false,none,none,"marginal gaussian (robust), per-axis q < 0.01",false,none
g0088,,drugA,5,6,strain,WT,mutant,WT | mutant,-0.21516829684827243,0.007910767813772424,-0.22307906466204486,0.9003524931308131,0.03707618777930707,0.863276305351506,0.27520568149734237,0.0072433099790556055,0.2679623715182868,false,false,none,none,"marginal gaussian (robust), per-axis q < 0.01",false,none
g0089,,drugA,5,6,strain,WT,mutant,WT | mutant,0.2980024697625918,0.2762400329130852,0.021762436849506628,1.185793605584489,1.340794704759945,-0.15500109917545601,0.3992787917160434,0.5614584755186229,-0.16217968380257952,false,false,none,none,"marginal gaussian (robust), per-axis q < 0.01",false,none
g0090,,drugA,5,6,strain,WT,mutant,WT | mutant,-0.07433181875701678,-0.010928904901440717,-0.06340291385557606,0.20506766860401235,0.031300305142628444,0.1737673634613839,0.06054201873504373,0.0072433099790556055,0.053298708755988126,false,false,none,none,"marginal gaussian (robust), per-axis q < 0.01",false,none
g0091,,drugA,5,6,strain,WT,mutant,WT | mutant,-0.05051091535573171,0.09094083560886546,-0.14145175096459717,0.16742751426141936,0.6241168298370663,-0.45668931557564696,0.05792427222301672,0.19713864022312821,-0.1392143680001115,false,false,none,none,"marginal gaussian (robust), per-axis q < 0.01",false,none
g0092,,drugA,5,6,strain,WT,mutant,WT | mutant,-0.03731417526369718,-0.024856769090320086,-0.012457406173377095,0.08933975517910393,0.09364725599643693,-0.004307500817332999,0.03387621325811751,0.02104064888726668,0.01283556437085083,false,false,none,none,"marginal gaussian (robust), per-axis q < 0.01",false,none
g0093,,drugA,5,6,strain,WT,mutant,WT | mutant,-0.051912862687867545,-0.11671792594641062,0.06480506325854307,0.11556731629261661,0.47638918902309546,-0.36082187273047883,0.03945196854097151,0.14711814836589104,-0.10766617982491954,false,false,none,none,"marginal gaussian (robust), per-axis q < 0.01",false,none
g0094,,drugA,5,6,strain,WT,mutant,WT | mutant,0.09250713524733456,-0.023862149185829296,0.11636928443316386,0.4008372703117163,0.1071647154089912,0.2936725549027251,0.11492480701245592,0.022505594114052507,0.09241921289840341,false,false,none,none,"marginal gaussian (robust), per-axis q < 0.01",false,none
g0095,,drugA,5,6,strain,WT,mutant,WT | mutant,-0.14203289895767846,0.0532262010733664,-0.19525910003104485,0.46180555458465333,0.2792480661875258,0.18255748839712754,0.13266793724011297,0.07726405887921886,0.05540387836089411,false,false,none,none,"marginal gaussian (robust), per-axis q < 0.01",false,none
g0096,,drugA,5,6,strain,WT,mutant,WT | mutant,-0.11736318096517984,0.07261614936425964,-0.18997933032943948,0.6025471761461351,0.2268682647905569,0.3756789113555782,0.18346005375908594,0.06703591715840568,0.11642413660068027,false,false,none,none,"marginal gaussian (robust), per-axis q < 0.01",false,none
g0097,,drugA,5,6,strain,WT,mutant,WT | mutant,0.04751837633569078,0.28299302323728703,-0.23547464690159625,0.42764999629527045,0.7322194143307951,-0.3045694180355246,0.12540253053505582,0.22377521606731499,-0.09837268553225917,false,false,none,none,"marginal gaussian (robust), per-axis q < 0.01",false,none
g0098,,drugA,5,6,strain,WT,mutant,WT | mutant,0.013774890610372736,0.007977992988889682,0.005796897621483055,0.059181473871013864,0.024134668843322337,0.03504680502769153,0.03040269144339832,0.0072433099790556055,0.023159381464342717,false,false,none,none,"marginal gaussian (robust), per-axis q < 0.01",false,none
g0099,,drugA,5,6,strain,WT,mutant,WT | mutant,0.426303662670259,0.028265466828102603,0.3980381958421564,1.262382935683902,0.24584526010397598,1.016537675579926,0.4301106312547811,0.07544884555546941,0.3546617856993117,false,false,none,none,"marginal gaussian (robust), per-axis q < 0.01",false,none
g0100,,drugA,5,6,strain,WT,mutant,WT | mutant,-0.13034006674187637,-0.05037691006992695,-0.07996315667194942,0.23211095740283524,0.11798773379612684,0.1141232236067084,0.06878072636402915,0.023336455311950215,0.04544427105207894,false,false,none,none,"marginal gaussian (robust), per-axis q < 0.01",false,none
g0101,,drugA,5,6,strain,WT,mutant,WT | mutant,-0.08103824349077282,0.09703605244408386,-0.17807429593485669,0.47207639719982963,0.41629715327788847,0.05577924392194117,0.13497203291542154,0.1235937057663904,0.011378327149031142,false,false,none,none,"marginal gaussian (robust), per-axis q < 0.01",false,none
g0102,,drugA,5,6,strain,WT,mutant,WT | mutant,-0.20246106888834703,-0.15481567561350396,-0.04764539327484307,0.4205556505692289,0.5191442184913401,-0.09858856792211118,0.12540253053505582,0.15323080622749952,-0.0278282756924437,false,false,none,none,"marginal gaussian (robust), per-axis q < 0.01",false,none
g0103,,drugA,5,6,strain,WT,mutant,WT | mutant,0.1175818858091926,-0.16874537846824467,0.28632726427743727,0.3609798784769029,0.37779582095352265,-0.016815942476619772,0.09937503355982985,0.11203140035397982,-0.01265636679414997,false,false,none,none,"marginal gaussian (robust), per-axis q < 0.01",false,none
g0104,,drugA,5,6,strain,WT,mutant,WT | mutant,0.16711823953956895,-0.00014479186568649993,0.16726303140525545,0.6636777452535318,0.0010561355251410495,0.6626216097283908,0.20018855094110805,0.0009858879916702125,0.19920266294943784,false,false,none,none,"marginal gaussian (robust), per-axis q < 0.01",false,none
g0105,,drugA,5,6,strain,WT,mutant,WT | mutant,0.047771499339031465,0.18883803705323743,-0.14106653771420596,0.10844201573256751,1.5994409291173257,-1.4909989133847583,0.03760074457035895,0.680476175528726,-0.642875430958367,false,false,none,none,"marginal gaussian (robust), per-axis q < 0.01",false,none
g0106,,drugA,5,6,strain,WT,mutant,WT | mutant,0.21233687497872555,0.18050324026962627,0.03183363470909928,0.7197737275420092,0.5911624143705501,0.12861131317145913,0.2036873699733583,0.18485884221371035,0.01882852775964794,false,false,none,none,"marginal gaussian (robust), per-axis q < 0.01",false,none
g0107,,drugA,5,6,strain,WT,mutant,WT | mutant,-0.09182223839865955,0.056821921186807955,-0.1486441595854675,0.2945710552614678,0.1394352044645777,0.15513585079689013,0.07890943911187154,0.028247881687731152,0.050661557424140385,false,false,none,none,"marginal gaussian (robust), per-axis q < 0.01",false,none
g0108,,drugA,5,6,strain,WT,mutant,WT | mutant,-0.1202237685422265,0.003338025315132498,-0.12356179385735899,0.6654923353244215,0.02454196747288966,0.6409503678515319,0.20018855094110805,0.0072433099790556055,0.19294524096205243,false,false,none,none,"marginal gaussian (robust), per-axis q < 0.01",false,none
g0109,,drugA,5,6,strain,WT,mutant,WT | mutant,-0.08318140950086317,-0.30146865667482725,0.21828724717396408,0.3526097787817508,0.9324343377278188,-0.579824558946068,0.0954397524428744,0.28684636585180334,-0.19140661340892895,false,false,none,none,"marginal gaussian (robust), per-axis q < 0.01",false,none
g0110,,drugA,5,6,strain,WT,mutant,WT | mutant,0.023398612925116247,0.2084148336921201,-0.18501622076700386,0.10118195456546568,0.9446860707998344,-0.8435041162343687,0.03482644410297685,0.29017692008243634,-0.2553504759794595,false,false,none,none,"marginal gaussian (robust), per-axis q < 0.01",false,none
g0111,,drugA,5,6,strain,WT,mutant,WT | mutant,0.012639539375138398,0.15565804186989407,-0.14301850249475567,0.03898007160942621,0.6420768745001239,-0.6030968028906977,0.019621123823160988,0.19713864022312821,-0.1775175163999672,false,false,none,none,"marginal gaussian (robust), per-axis q < 0.01",false,none
g0112,,drugA,5,6,strain,WT,mutant,WT | mutant,-0.47641034307528507,-0.5914054978345931,0.114995154759308,1.2159875205477777,3.9290419484737074,-2.71305442792593,0.41474944985862566,1.8232820670630963,-1.4085326172044705,false,false,none,none,"marginal gaussian (robust), per-axis q < 0.01",false,none
g0113,,drugA,5,6,strain,WT,mutant,WT | mutant,-0.5499746139022488,-0.6294310348231758,0.07945642092092697,0.6661741423475497,1.9419891268297143,-1.2758149844821647,0.20018855094110805,0.839721060476581,-0.6395325095354729,false,false,none,none,"marginal gaussian (robust), per-axis q < 0.01",false,none
g0114,,drugA,5,6,strain,WT,mutant,WT | mutant,0.29668556107172783,-0.06528069842350881,0.36196625949523664,1.361872556115065,0.2495426331308927,1.1123299229841723,0.4961764961989945,0.07544884555546941,0.42072765064352513,false,false,none,none,"marginal gaussian (robust), per-axis q < 0.01",false,none
g0115,,drugA,5,6,strain,WT,mutant,WT | mutant,-0.03426604627609997,-0.2654781927874428,0.2312121465113428,0.16549866341126163,0.7797264285032561,-0.6142277650919945,0.05792427222301672,0.23209370354994713,-0.1741694313269304,false,false,none,none,"marginal gaussian (robust), per-axis q < 0.01",false,none
g0116,,drugA,5,6,strain,WT,mutant,WT | mutant,-0.12026120413593233,-0.13006498868487348,0.009803784548941152,1.0085955597259204,0.4938323440991337,0.5147632156267867,0.3189907588655312,0.1484793980660464,0.17051136079948478,false,false,none,none,"marginal gaussian (robust), per-axis q < 0.01",false,none
g0117,,drugA,5,6,strain,WT,mutant,WT | mutant,0.10640102243603877,0.1910141860289123,-0.08461316359287352,0.3393858403652574,0.3567137911641788,-0.01732795079892141,0.09106505841198882,0.10591494728124282,-0.014849888869253994,false,false,none,none,"marginal gaussian (robust), per-axis q < 0.01",false,none
g0118,,drugA,5,6,strain,WT,mutant,WT | mutant,-0.4566497120930002,-0.10405714612624628,-0.3525925659667539,1.1035541816964523,0.2829760260553376,0.8205781556411147,0.3584320529862315,0.07726405887921886,0.28116799410701265,false,false,none,none,"marginal gaussian (robust), per-axis q < 0.01",false,none
g0119,,drugA,5,6,strain,WT,mutant,WT | mutant,0.08512950068926095,-0.2533399514180559,0.3384694521073168,0.20360415611730198,1.6352298384346744,-1.4316256823173723,0.06054201873504373,0.6842448214595103,-0.6237028027244665,false,false,none,none,"marginal gaussian (robust), per-axis q < 0.01",false,none
g0120,,drugA,5,6,strain,WT,mutant,WT | mutant,0.03331347041526023,-0.21276395469526044,0.24607742511052066,0.09237585213589972,1.113177630952171,-1.0208017788162713,0.03387621325811751,0.38736065743733705,-0.35348444417921954,false,false,none,none,"marginal gaussian (robust), per-axis q < 0.01",false,none
g0121,,drugA,5,6,strain,WT,mutant,WT | mutant,-0.18289921755220373,-0.007330804394571899,-0.17556841315763183,0.9434624872486118,0.02834716425743254,0.9151153229911793,0.30307570905840414,0.0072433099790556055,0.29583239907934855,false,false,none,none,"marginal gaussian (robust), per-axis q < 0.01",false,none
g0122,,drugA,5,6,strain,WT,mutant,WT | mutant,-0.3439866029725067,0.06933995897513867,-0.4133265619476454,1.1674655037459587,0.22913158452030724,0.9383339192256515,0.38971447360681216,0.06758604144403586,0.3221284321627763,false,false,none,none,"marginal gaussian (robust), per-axis q < 0.01",false,none
g0123,,drugA,5,6,strain,WT,mutant,WT | mutant,-0.37166254678373356,-0.9519583897843535,0.58029584300062,1.1288227175008134,2.1372344962107945,-1.008411778709981,0.3717782293822715,0.944617405354586,-0.5728391759723146,false,false,none,none,"marginal gaussian (robust), per-axis q < 0.01",false,none
g0124,,drugA,5,6,strain,WT,mutant,WT | mutant,0.0403008576929782,0.09515772972186554,-0.05485687202888734,0.16019233857614998,0.26888337983059113,-0.10869104125444115,0.05792427222301672,0.07726405887921886,-0.01933978665620214,false,false,none,none,"marginal gaussian (robust), per-axis q < 0.01",false,none
g0125,,drugA,5,6,strain,WT,mutant,WT | mutant,-0.05270465729530471,-0.0293786374192333,-0.023326019876071413,0.6311007851876924,0.0774826936423378,0.5536180915453546,0.20018855094110805,0.016277670024889012,0.18391088091621904,false,false,none,none,"marginal gaussian (robust), per-axis q < 0.01",false,none
g0126,,drugA,5,6,strain,WT,mutant,WT | mutant,0.00030430827397509574,-0.2876363851731991,0.2879406934471742,0.0009442682689878951,0.96711451616789,-0.9661702478989022,0.0009442682689878951,0.30007554320624213,-0.2991312749372542,false,false,none,none,"marginal gaussian (robust), per-axis q < 0.01",false,none
g0127,,drugA,5,6,strain,WT,mutant,WT | mutant,-0.23816955243703486,0.09938131979584419,-0.33755087223287905,1.250140821869369,0.18137662917123124,1.0687641926981377,0.4258374471115235,0.04807432907812925,0.37776311803339424,false,false,none,none,"marginal gaussian (robust), per-axis q < 0.01",false,none
g0128,,drugA,5,6,strain,WT,mutant,WT | mutant,-0.17027183953480396,0.031012200949367852,-0.2012840404841718,1.2314669987848417,0.11705487244672583,1.114412126338116,0.4226757902052436,0.023336455311950215,0.3993393348932934,false,false,none,none,"marginal gaussian (robust), per-axis q < 0.01",false,none
g0129,,drugA,5,6,strain,WT,mutant,WT | mutant,-0.18783104365856929,-0.22004375743433613,0.032212713775766844,0.4984883508906538,1.7994293691018208,-1.3009410182111671,0.13794226929448924,0.7669559575618807,-0.6290136882673915,false,false,none,none,"marginal gaussian (robust), per-axis q < 0.01",false,none
g0130,,drugA,5,6,strain,WT,mutant,WT | mutant,0.14809095622963042,-0.09229902408058699,0.2403899803102174,1.5853307815304256,0.5623611898725922,1.0229695916578334,0.67387723105368,0.1708813940327769,0.5029958370209031,false,false,none,none,"marginal gaussian (robust), per-axis q < 0.01",false,none
g0131,,drugA,5,6,strain,WT,mutant,WT | mutant,0.04039121760464326,0.05101154660375684,-0.010620328999113582,0.24901280865570816,0.1517700176417532,0.09724279101395494,0.07173657074234827,0.032708156663261434,0.03902841407908683,false,false,none,none,"marginal gaussian (robust), per-axis q < 0.01",false,none
g0132,,drugA,5,6,strain,WT,mutant,WT | mutant,0.1355881148722471,-0.3140976697362472,0.4496857846084943,0.4280376853801101,1.384429655222316,-0.956391969842206,0.12540253053505582,0.5780922887656106,-0.4526897582305548,false,false,none,none,"marginal gaussian (robust), per-axis q < 0.01",false,none
g0133,,drugA,5,6,strain,WT,mutant,WT | mutant,0.08350259239784741,-0.10925061973851058,0.192753212136358,0.2905373313787483,0.29378967247025284,-0.003252341091504518,0.07890943911187154,0.08510334334304304,-0.006193904231171499,false,false,none,none,"marginal gaussian (robust), per-axis q < 0.01",false,none
g0134,,drugA,5,6,strain,WT,mutant,WT | mutant,0.5965785868396623,0.3758346483791257,0.22074393846053653,2.9423850197616535,1.4076081320576062,1.5347768877040473,0.9179291140998532,0.5896347286088248,0.3282943854910284,false,false,none,none,"marginal gaussian (robust), per-axis q < 0.01",false,none
g0135,,drugA,5,6,strain,WT,mutant,WT | mutant,-0.09971304782264134,-0.06369241659701075,-0.036020631225630595,0.5492665636487066,0.2323351262227725,0.3169314374259341,0.1664440873413899,0.06906960275222719,0.09737448458916272,false,false,none,none,"marginal gaussian (robust), per-axis q < 0.01",false,none
g0136,,drugA,5,6,strain,WT,mutant,WT | mutant,-0.1501595451132438,0.015494373777803716,-0.16565391889104752,0.42098503966959594,0.05343653020262384,0.3675485094669721,0.12540253053505582,0.0072433099790556055,0.11815922055600021,false,false,none,none,"marginal gaussian (robust), per-axis q < 0.01",false,none
g0137,,drugA,5,6,strain,WT,mutant,WT | mutant,0.09202191990048814,-0.014525386515245486,0.10654730641573362,0.28589183422823106,0.03180961518801559,0.25408221904021544,0.07890943911187154,0.0072433099790556055,0.07166612913281593,false,false,none,none,"marginal gaussian (robust), per-axis q < 0.01",false,none
g0138,,drugA,5,6,strain,WT,mutant,WT | mutant,0.027509124961119902,-0.02448051734513257,0.05198964230625247,0.06099138276948996,0.15441969791598043,-0.09342831514649047,0.03040269144339832,0.032708156663261434,-0.0023054652198631134,false,false,none,none,"marginal gaussian (robust), per-axis q < 0.01",false,none
g0139,,drugA,5,6,strain,WT,mutant,WT | mutant,0.11029737455777244,0.08762413422853221,0.02267324032924023,0.2696914852335443,0.1967296652329686,0.07296182000057572,0.07424127839159782,0.05496860050205727,0.019272677889540547,false,false,none,none,"marginal gaussian (robust), per-axis q < 0.01",false,none
g0140,,drugA,5,6,strain,WT,mutant,WT | mutant,-0.09892463400190987,-0.06418407428435913,-0.034740559717550745,0.4356835565459184,0.17866622421769032,0.2570173323282281,0.12540253053505582,0.046969450840006685,0.07843307969504913,false,false,none,none,"marginal gaussian (robust), per-axis q < 0.01",false,none
g0141,,drugA,5,6,strain,WT,mutant,WT | mutant,0.14369697425244432,-0.2846727941920193,0.4283697684444636,0.9623959603386011,1.406112765854714,-0.4437168055161128,0.3112840711610939,0.5896347286088248,-0.2783506574477309,false,false,none,none,"marginal gaussian (robust), per-axis q < 0.01",false,none
g0142,,drugA,5,6,strain,WT,mutant,WT | mutant,-0.01862665190024604,0.12213409197866198,-0.14076074387890802,0.04787161408994099,0.7564092208160244,-0.7085376067260833,0.023535024628725382,0.22377521606731499,-0.2002401914385896,false,false,none,none,"marginal gaussian (robust), per-axis q < 0.01",false,none
g0143,,drugA,5,6,strain,WT,mutant,WT | mutant,-0.13076199414478396,0.24127893288419866,-0.3720409270289826,0.29735130326456843,1.6027679112278883,-1.3054166079633198,0.07903821346311773,0.680476175528726,-0.6014379620656083,false,false,none,none,"marginal gaussian (robust), per-axis q < 0.01",false,none
g0144,,drugA,5,6,strain,WT,mutant,WT | mutant,0.23723181466638898,0.10886162847284986,0.12837018619353913,1.0292760140544113,0.47149276839783083,0.5577832456565804,0.3219424462335903,0.14711814836589104,0.17482429786769926,false,false,none,none,"marginal gaussian (robust), per-axis q < 0.01",false,none
g0145,,drugA,5,6,strain,WT,mutant,WT | mutant,-0.04694992367051398,0.10186431781392358,-0.14881424148443756,0.14415254997082594,0.6349593128306122,-0.4908067628597863,0.05325690280396546,0.19713864022312821,-0.14388173741916277,false,false,none,none,"marginal gaussian (robust), per-axis q < 0.01",false,none
g0146,,drugA,5,6,strain,WT,mutant,WT | mutant,-0.3471552391934214,-0.3899998707753607,0.042844631581939296,1.469643146774414,0.8694575014004305,0.6001856453739834,0.5862183198979118,0.2490801745757006,0.3371381453222112,false,false,none,none,"marginal gaussian (robust), per-axis q < 0.01",false,none
g0147,,drugA,5,6,strain,WT,mutant,WT | mutant,0.04293936135317544,-0.07100826739905841,0.11394762875223385,0.1736460382064158,0.40756927659919956,-0.23392323839278376,0.05792427222301672,0.1235937057663904,-0.06566943354337368,false,false,none,none,"marginal gaussian (robust), per-axis q < 0.01",false,none
g0148,,drugA,5,6,strain,WT,mutant,WT | mutant,-0.034958496717719,-0.002584926444807678,-0.03237357027291132,0.0543296690244531,0.010857360252937202,0.0434723087715159,0.02873970356514039,0.0032593079115247857,0.025480395653615606,false,false,none,none,"marginal gaussian (robust), per-axis q < 0.01",false,none
g0149,,drugA,5,6,strain,WT,mutant,WT | mutant,-0.5265791453821542,-0.724514884722689,0.19793573934053477,1.996785605921017,1.7125473596615164,0.28423824625950056,0.7532952289598882,0.7311924467879927,0.02210278217189554,false,false,none,none,"marginal gaussian (robust), per-axis q < 0.01",false,none
g0150,,drugA,5,6,strain,WT,mutant,WT | mutant,-0.045370702337619306,0.051708406135617224,-0.09707910847323653,0.07562277204190225,0.2508067310790639,-0.17518395903716166,0.03168295458939904,0.07544884555546941,-0.043765890966070364,false,false,none,none,"marginal gaussian (robust), per-axis q < 0.01",false,none
g0151,,drugA,5,6,strain,WT,mutant,WT | mutant,-0.45236657574151273,-1.2762322134175665,0.8238656376760538,2.0511826995031823,3.9108268765955234,-1.859644177092341,0.7532952289598882,1.8232820670630963,-1.069986838103208,false,true,none,down,"marginal gaussian (robust), per-axis q < 0.01",true,"—, down"
g0152,,drugA,5,6,strain,WT,mutant,WT | mutant,-0.2876859318260152,-0.07629634985863909,-0.21138958196737612,1.3278023876126361,0.21991137290463444,1.1078910147080017,0.479139666995346,0.06640945393011793,0.41273021306522806,false,false,none,none,"marginal gaussian (robust), per-axis q < 0.01",false,none
g0153,,drugA,5,6,strain,WT,mutant,WT | mutant,0.6923739776624984,0.3550322331882576,0.3373417444742408,1.5430036645861533,1.6256615953136992,-0.0826579307275459,0.6410954320156381,0.6842448214595103,-0.043149389443872144,false,false,none,none,"marginal gaussian (robust), per-axis q < 0.01",false,none
g0154,,drugA,5,6,strain,WT,mutant,WT | mutant,0.027246064439566453,0.1365475058258312,-0.10930144138626474,0.3011347147707355,0.6193916902090577,-0.3182569754383222,0.07903821346311773,0.19713864022312821,-0.11810042676001048,false,false,none,none,"marginal gaussian (robust), per-axis q < 0.01",false,none
g0155,,drugA,5,6,strain,WT,mutant,WT | mutant,0.42250545524997385,-0.06638340318307545,0.4888888584330493,2.059452909647537,0.25811475715087695,1.80133815249666,0.7532952289598882,0.07726405887921886,0.6760311700806694,false,false,none,none,"marginal gaussian (robust), per-axis q < 0.01",false,none
g0156,,drugA,5,6,strain,WT,mutant,WT | mutant,0.137416588489792,-0.0994767514811219,0.23689333997091389,0.4909220457504527,0.2489378799914128,0.24198416575903986,0.1352203899929197,0.07544884555546941,0.05977154443745028,false,false,none,none,"marginal gaussian (robust), per-axis q < 0.01",false,none
g0157,,drugA,5,6,strain,WT,mutant,WT | mutant,-0.20964730321321667,0.07562387798148684,-0.2852711811947035,1.1619888483606475,0.34863507473774125,0.8133537736229063,0.38971447360681216,0.10411529659670583,0.28559917701010634,false,false,none,none,"marginal gaussian (robust), per-axis q < 0.01",false,none
g0158,,drugA,5,6,strain,WT,mutant,WT | mutant,0.03169471876284824,-0.05081292736620657,0.08250764612905481,0.09332887319344697,0.1299279798780645,-0.036599106684617536,0.03387621325811751,0.025298780004026963,0.008577433254090546,false,false,none,none,"marginal gaussian (robust), per-axis q < 0.01",false,none
g0159,,drugA,5,6,strain,WT,mutant,WT | mutant,-0.19377296619056406,0.011569760196056933,-0.205342726386621,0.6019980823329373,0.04475184450075447,0.5572462378321829,0.18346005375908594,0.0072433099790556055,0.17621674378003033,false,false,none,none,"marginal gaussian (robust), per-axis q < 0.01",false,none
g0160,,drugA,5,6,strain,WT,mutant,WT | mutant,0.08670215100604928,-0.06043986205800245,0.14714201306405172,0.20691656220591734,0.3527023394887527,-0.14578577728283534,0.06055178927357345,0.10507652429076263,-0.044524735017189176,false,false,none,none,"marginal gaussian (robust), per-axis q < 0.01",false,none
g0161,,drugA,5,6,strain,WT,mutant,WT | mutant,-0.15595800398468906,-0.18814671598596888,0.03218871200127982,0.7882220563043958,0.8190961688276318,-0.03087411252323602,0.21478206774480132,0.23390688381000987,-0.01912481606520855,false,false,none,none,"marginal gaussian (robust), per-axis q < 0.01",false,none
g0162,,drugA,5,6,strain,WT,mutant,WT | mutant,-0.016934714545787877,0.05297142870355209,-0.06990614324933997,0.03428539289085138,0.1963887908173388,-0.16210339792648742,0.016517441114877997,0.05496860050205727,-0.03845115938717927,false,false,none,none,"marginal gaussian (robust), per-axis q < 0.01",false,none
g0163,,drugA,5,6,strain,WT,mutant,WT | mutant,0.07984268455531662,-0.06707758548286513,0.14692027003818176,0.1951074794246113,0.21945581221897711,-0.024348332794365823,0.06000926958567598,0.06640945393011793,-0.006400184344441957,false,false,none,none,"marginal gaussian (robust), per-axis q < 0.01",false,none
g0164,,drugA,5,6,strain,WT,mutant,WT | mutant,0.003364341975931495,0.10392520343438605,-0.10056086145845455,0.04302665958156072,0.23816796782761424,-0.19514130824605352,0.022428639679747023,0.07144191224756248,-0.04901327256781546,false,false,none,none,"marginal gaussian (robust), per-axis q < 0.01",false,none
g0165,,drugA,5,6,strain,WT,mutant,WT | mutant,-0.4500753289662791,-1.1404302412479383,0.6903549122816592,1.4469637698865991,2.995980595732253,-1.549016825845654,0.5724937856630236,1.3146220126904087,-0.7421282270273851,false,true,none,down,"marginal gaussian (robust), per-axis q < 0.01",true,"—, down"
g0166,,drugA,5,6,strain,WT,mutant,WT | mutant,-0.03312036441867683,-0.034541899277034105,0.0014215348583572762,0.060905101800338056,0.11420647182345649,-0.05330137002311843,0.03040269144339832,0.023336455311950215,0.007066236131448106,false,false,none,none,"marginal gaussian (robust), per-axis q < 0.01",false,none
g0167,,drugA,5,6,strain,WT,mutant,WT | mutant,0.0908804270347261,0.0029260748741171128,0.08795435216060898,0.34632899319827876,0.006508581401718054,0.3398204117965607,0.0933967485301378,0.0032593079115247857,0.09013744061861301,false,false,none,none,"marginal gaussian (robust), per-axis q < 0.01",false,none
g0168,,drugA,5,6,strain,WT,mutant,WT | mutant,0.18335748797908025,-0.06933830223049675,0.252695790209577,0.6992773318416474,0.26384054193268125,0.43543678990896617,0.20018855094110805,0.07726405887921886,0.12292449206188918,false,false,none,none,"marginal gaussian (robust), per-axis q < 0.01",false,none
g0169,,drugA,5,6,strain,WT,mutant,WT | mutant,0.020487080800556612,-0.0019964755464023654,0.022483556346958977,0.10466965716780073,0.0056325077071393845,0.09903714946066135,0.03554793046215982,0.0032593079115247857,0.03228862255063504,false,false,none,none,"marginal gaussian (robust), per-axis q < 0.01",false,none
g0170,,drugA,5,6,strain,WT,mutant,WT | mutant,0.08626206467041975,0.11598271349613398,-0.029720648825714235,0.22285413873588428,0.2456632289813425,-0.022809090245458213,0.06762611270788231,0.07544884555546941,-0.007822732847587097,false,false,none,none,"marginal gaussian (robust), per-axis q < 0.01",false,none
g0171,,drugA,5,6,strain,WT,mutant,WT | mutant,0.15717076851996126,-0.1518186644723638,0.30898943299232506,0.5285020473957691,0.607928102861511,-0.07942605546574188,0.1569605814981414,0.1924811512648016,-0.03552056976666018,false,false,none,none,"marginal gaussian (robust), per-axis q < 0.01",false,none
g0172,,drugA,5,6,strain,WT,mutant,WT | mutant,-0.08924146083780293,-0.20963182418917192,0.12039036335136899,0.42231433731927415,0.5776462719696455,-0.15533193465037132,0.12540253053505582,0.17772741962291874,-0.052324889087862925,false,false,none,none,"marginal gaussian (robust), per-axis q < 0.01",false,none
g0173,,drugA,5,6,strain,WT,mutant,WT | mutant,0.2617493921687277,-0.2237179930116504,0.48546738518037813,0.4687290891430219,0.7404287774672693,-0.2716996883242474,0.13497203291542154,0.22377521606731499,-0.08880318315189345,false,false,none,none,"marginal gaussian (robust), per-axis q < 0.01",false,none
g0174,,drugA,5,6,strain,WT,mutant,WT | mutant,-0.0201754046757463,0.21973565762424752,-0.23991106229999382,0.2494513364392732,0.8496576174328557,-0.6002062809935825,0.07173657074234827,0.23923406262009123,-0.16749749187774296,false,false,none,none,"marginal gaussian (robust), per-axis q < 0.01",false,none
g0175,,drugA,5,6,strain,WT,mutant,WT | mutant,0.20897730031282435,0.11643097430236615,0.0925463260104582,0.7409524412612349,0.5937684284556445,0.14718401280559046,0.2036873699733583,0.18485884221371035,0.01882852775964794,false,false,none,none,"marginal gaussian (robust), per-axis q < 0.01",false,none
g0176,,drugA,5,6,strain,WT,mutant,WT | mutant,-0.17934029916873406,0.17538762186668322,-0.3547279210354173,0.8779683461403438,0.7413356906037687,0.1366326555365751,0.2689998009554396,0.22377521606731499,0.04522458488812464,false,false,none,none,"marginal gaussian (robust), per-axis q < 0.01",false,none
g0177,,drugA,5,6,strain,WT,mutant,WT | mutant,-0.11238857357846932,-0.14540931342667918,0.03302073984820986,0.28564065636350705,0.3882638228077362,-0.10262316644422914,0.07890943911187154,0.1162446173364058,-0.03733517822453426,false,false,none,none,"marginal gaussian (robust), per-axis q < 0.01",false,none
g0178,,drugA,5,6,strain,WT,mutant,WT | mutant,-0.5929710056648858,-0.48072914852148685,-0.11224185714339896,1.6225286715857905,1.5919297260054717,0.030598945580318837,0.67387723105368,0.680476175528726,-0.0065989444750459425,false,false,none,none,"marginal gaussian (robust), per-axis q < 0.01",false,none
g0179,,drugA,5,6,strain,WT,mutant,WT | mutant,-0.21539690638371844,-0.18922148745631873,-0.02617541892739972,1.7139342216908628,0.7825440941730619,0.9313901275178009,0.7343389285198175,0.23209370354994713,0.5022452249698703,false,false,none,none,"marginal gaussian (robust), per-axis q < 0.01",false,none
g0180,,drugA,5,6,strain,WT,mutant,WT | mutant,-0.2049428858616391,0.22428759123842212,-0.42923047710006124,1.7667249938541545,0.5202230395831084,1.246501954271046,0.7461269739523408,0.15323080622749952,0.5928961677248413,false,false,none,none,"marginal gaussian (robust), per-axis q < 0.01",false,none
g0181,,drugA,5,6,strain,WT,mutant,WT | mutant,-0.09503653390494904,-0.12698576896524472,0.03194923506029568,0.23681557570934933,0.40722640277075217,-0.17041082706140284,0.06878072636402915,0.1235937057663904,-0.05481297940236124,false,false,none,none,"marginal gaussian (robust), per-axis q < 0.01",false,none
g0182,,drugA,5,6,strain,WT,mutant,WT | mutant,-0.0910870018666774,0.10950249426545255,-0.20058949613212995,0.2978245244642578,0.32620080654836664,-0.02837628208410886,0.07903821346311773,0.09397320221188264,-0.014934988748764907,false,false,none,none,"marginal gaussian (robust), per-axis q < 0.01",false,none
g0183,,drugA,5,6,strain,WT,mutant,WT | mutant,-0.09712500917893152,0.07240746913776697,-0.1695324783166985,1.017854682807647,0.14446862970068902,0.8733860531069579,0.31930922748691903,0.029436050762470172,0.28987317672444884,false,false,none,none,"marginal gaussian (robust), per-axis q < 0.01",false,none
g0184,,drugA,5,6,strain,WT,mutant,WT | mutant,-0.16327862079261202,-0.08720205535831127,-0.07607656543430075,0.7419144907906372,0.480264902520685,0.2616495882699522,0.2036873699733583,0.14711814836589104,0.056569221607467246,false,false,none,none,"marginal gaussian (robust), per-axis q < 0.01",false,none
g0185,,drugA,5,6,strain,WT,mutant,WT | mutant,-0.14001951890356956,0.1588722529510438,-0.29889177185461335,0.27272862069155984,0.4758339682775505,-0.20310534758599064,0.07435634590985904,0.14711814836589104,-0.072761802456032,false,false,none,none,"marginal gaussian (robust), per-axis q < 0.01",false,none
g0186,,drugA,5,6,strain,WT,mutant,WT | mutant,-0.05128036053282159,-0.0025946399632488237,-0.048685720569572766,0.11747585997594277,0.005953726101835017,0.11152213387410775,0.03945196854097151,0.0032593079115247857,0.03619266062944672,false,false,none,none,"marginal gaussian (robust), per-axis q < 0.01",false,none
g0187,,drugA,5,6,strain,WT,mutant,WT | mutant,-0.1548305317435803,-0.05251890527214087,-0.10231162647143943,0.9587044041659308,0.11661900393342796,0.8420854002325029,0.3112840711610939,0.023336455311950215,0.2879476158491437,false,false,none,none,"marginal gaussian (robust), per-axis q < 0.01",false,none
g0188,,drugA,5,6,strain,WT,mutant,WT | mutant,0.0854558709129627,-0.07229054858739925,0.15774641950036195,0.1846464853399155,0.2581175672574414,-0.07347108191752588,0.05931311491808881,0.07726405887921886,-0.017950943961130048,false,false,none,none,"marginal gaussian (robust), per-axis q < 0.01",false,none
g0189,,drugA,5,6,strain,WT,mutant,WT | mutant,-0.3308813010882954,-0.4211466943993116,0.09026539331101624,0.7209512274364557,0.6663566643469492,0.0545945630895065,0.2036873699733583,0.2054943210508166,-0.0018069510774583186,false,false,none,none,"marginal gaussian (robust), per-axis q < 0.01",false,none
g0190,,drugA,5,6,strain,WT,mutant,WT | mutant,0.04145511788482459,0.17439768793843413,-0.13294257005360954,0.2377928693367528,0.4959632129042072,-0.2581703435674544,0.06878072636402915,0.1484793980660464,-0.07969867170201725,false,false,none,none,"marginal gaussian (robust), per-axis q < 0.01",false,none
g0191,,drugA,5,6,strain,WT,mutant,WT | mutant,0.6126368132572644,0.31220463369006524,0.30043217956719914,2.3890161189312735,0.901258669445661,1.4877574494856125,0.8243500546791841,0.26601153090786434,0.5583385237713198,false,false,none,none,"marginal gaussian (robust), per-axis q < 0.01",false,none
g0192,,drugA,5,6,strain,WT,mutant,WT | mutant,-0.1729607197338794,0.007542765868186585,-0.18050348560206597,0.4387459982800932,0.017758410416412174,0.420987587863681,0.12540253053505582,0.005760562276516016,0.1196419682585398,false,false,none,none,"marginal gaussian (robust), per-axis q < 0.01",false,none
g0193,,drugA,5,6,strain,WT,mutant,WT | mutant,-0.19654431624726865,0.014532704150984621,-0.21107702039825327,0.6359977745083711,0.04118070808688913,0.594817066421482,0.20018855094110805,0.0072433099790556055,0.19294524096205243,false,false,none,none,"marginal gaussian (robust), per-axis q < 0.01",false,none
g0194,,drugA,5,6,strain,WT,mutant,WT | mutant,-0.09769264643057696,0.16953148704340482,-0.2672241334739818,0.3152980298336309,0.5511362980151098,-0.23583826818147885,0.0830704254971469,0.16371383332754144,-0.08064340783039455,false,false,none,none,"marginal gaussian (robust), per-axis q < 0.01",false,none
g0195,,drugA,5,6,strain,WT,mutant,WT | mutant,-0.12116987380797184,0.04019337810527546,-0.1613632519132473,0.24939270946328476,0.09224347677076249,0.1571492326925223,0.07173657074234827,0.02104064888726668,0.05069592185508159,false,false,none,none,"marginal gaussian (robust), per-axis q < 0.01",false,none
g0196,,drugA,5,6,strain,WT,mutant,WT | mutant,-0.21263016486590303,-0.010164925357511123,-0.2024652395083919,0.7023455879420213,0.019147659728123576,0.6831979282138977,0.20018855094110805,0.005931593448909455,0.1942569574921986,false,false,none,none,"marginal gaussian (robust), per-axis q < 0.01",false,none
g0197,,drugA,5,6,strain,WT,mutant,WT | mutant,-0.0864186635118731,0.07140249233657414,-0.15782115584844725,0.8677212982740155,0.3276783050118535,0.540042993262162,0.2689998009554396,0.09397320221188264,0.17502659874355697,false,false,none,none,"marginal gaussian (robust), per-axis q < 0.01",false,none
g0198,,drugA,5,6,strain,WT,mutant,WT | mutant,0.084024089471054,0.003849283232095324,0.08017480623895867,0.16180111343499173,0.009011829519286543,0.15278928391570518,0.05792427222301672,0.0032593079115247857,0.05466496431149194,false,false,none,none,"marginal gaussian (robust), per-axis q < 0.01",false,none
g0199,,drugA,5,6,strain,WT,mutant,WT | mutant,-0.1745684352716843,-0.10273168733776394,-0.07183674793392036,0.4998829149967861,0.7378896405325204,-0.23800672553573426,0.13794226929448924,0.22377521606731499,-0.08583294677282574,false,false,none,none,"marginal gaussian (robust), per-axis q < 0.01",false,none
g0200,,drugA,5,6,strain,WT,mutant,WT | mutant,0.1818538276505759,-0.04634408435886961,0.2281979120094455,0.7689152570277761,,,0.2138932969612418,,,false,false,none,none,"marginal gaussian (robust), per-axis q < 0.01",false,none
g0201,,drugA,5,6,strain,WT,mutant,WT | mutant,-0.02989798876100025,0.25923277490336893,-0.2891307636643692,0.061688068640513426,0.6187899042211225,-0.557101835580609,0.03040269144339832,0.19713864022312821,-0.1667359487797299,false,false,none,none,"marginal gaussian (robust), per-axis q < 0.01",false,none
g0202,,drugA,5,6,strain,WT,mutant,WT | mutant,0.17267616241085193,-0.17164579923154832,0.34432196164240025,0.8795490883413186,0.7978405112596983,0.08170857708162027,0.2689998009554396,0.23390688381000987,0.03509291714542975,false,false,none,none,"marginal gaussian (robust), per-axis q < 0.01",false,none
g0203,,drugA,5,6,strain,WT,mutant,WT | mutant,-0.2620291451812875,-0.18581049347192824,-0.07621865170935926,1.052562055139213,0.8379264649643371,0.21463559017487588,0.339154339606199,0.23704822805780298,0.10210611154839602,false,false,none,none,"marginal gaussian (robust), per-axis q < 0.01",false,none
g0204,,drugA,5,6,strain,WT,mutant,WT | mutant,0.06404769712692726,-0.1423937909573887,0.20644148808431595,0.18851695313440367,0.7138879449325967,-0.525370991798193,0.05972719761713627,0.22110388798663266,-0.1613766903694964,false,false,none,none,"marginal gaussian (robust), per-axis q < 0.01",false,none
g0205,,drugA,5,6,strain,WT,mutant,WT | mutant,0.057914126970946,-0.076886859793591,0.134800986764537,0.30266583233281563,0.12906700149956843,0.1735988308332472,0.07903821346311773,0.025298780004026963,0.05373943345909077,false,false,none,none,"marginal gaussian (robust), per-axis q < 0.01",false,none
g0206,,drugA,5,6,strain,WT,mutant,WT | mutant,-0.4350494685017665,-0.36001499250243363,-0.07503447599933288,3.072626819492403,1.1686079726366125,1.9040188468557904,0.9179291140998532,0.43645082109075956,0.48147829300909367,false,false,none,none,"marginal gaussian (robust), per-axis q < 0.01",false,none
g0207,,drugA,5,6,strain,WT,mutant,WT | mutant,-0.4263948572568905,-0.5617145248985427,0.13531966764165215,2.3941974002683875,2.0652933843274632,0.3289040159409242,0.8243500546791841,0.8985673287474116,-0.07421727406822753,false,false,none,none,"marginal gaussian (robust), per-axis q < 0.01",false,none
g0208,,drugA,5,6,strain,WT,mutant,WT | mutant,0.05944906907113534,-0.002688379096131399,0.06213744816726674,0.13238783303040141,0.008870148717629518,0.1235176843127719,0.04916439728061711,0.0032593079115247857,0.04590508936909232,false,false,none,none,"marginal gaussian (robust), per-axis q < 0.01",false,none
g0209,,drugA,5,6,strain,WT,mutant,WT | mutant,0.019720067598157698,-0.09380161092063233,0.11352167851879003,0.07208466912709015,0.341591824025197,-0.26950715489810684,0.030555818178853868,0.09914505450702692,-0.06858923632817304,false,false,none,none,"marginal gaussian (robust), per-axis q < 0.01",false,none
g0210,,drugA,5,6,strain,WT,mutant,WT | mutant,0.5103233382024115,0.5627657039014053,-0.052442365698993854,2.7235994874087304,2.1880808192015353,0.5355186682071951,0.9179291140998532,0.9610837598590438,-0.04315464575919059,false,false,none,none,"marginal gaussian (robust), per-axis q < 0.01",false,none
g0211,,drugA,5,6,strain,WT,mutant,WT | mutant,-0.036426313811358746,-0.08249521734040144,0.04606890352904269,0.09291609664529449,0.23290063997897578,-0.1399845433336813,0.03387621325811751,0.06906960275222719,-0.03519338949410968,false,false,none,none,"marginal gaussian (robust), per-axis q < 0.01",false,none
g0212,,drugA,5,6,strain,WT,mutant,WT | mutant,0.004562707666069699,-0.1334494905066066,0.1380121981726763,0.014848540144162098,0.5934476701883464,-0.5785991300441843,0.0049210927269636,0.18485884221371035,-0.17993774948674676,false,false,none,none,"marginal gaussian (robust), per-axis q < 0.01",false,none
g0213,,drugA,5,6,strain,WT,mutant,WT | mutant,-0.09660202728385858,-0.07987148486699436,-0.016730542416864225,0.563760970604606,0.2516145981750157,0.31214637242959026,0.1732570295915512,0.07544884555546941,0.0978081840360818,false,false,none,none,"marginal gaussian (robust), per-axis q < 0.01",false,none
g0214,,drugA,5,6,strain,WT,mutant,WT | mutant,-0.3396853722333022,-1.0608165312455498,0.7211311590122476,0.9568720430371094,2.8056361224319035,-1.8487640793947941,0.3112840711610939,1.2823627433380396,-0.9710786721769457,false,true,none,down,"marginal gaussian (robust), per-axis q < 0.01",true,"—, down"
g0215,,drugA,5,6,strain,WT,mutant,WT | mutant,0.057561182312452,-0.10388705083471628,0.16144823314716827,0.21038782475699083,0.39026240613714136,-0.17987458138015053,0.06236226784318246,0.1162446173364058,-0.05388234949322334,false,false,none,none,"marginal gaussian (robust), per-axis q < 0.01",false,none
g0216,,drugA,5,6,strain,WT,mutant,WT | mutant,-0.0670643920584002,0.029509903286651706,-0.09657429534505191,0.3620292032438786,0.23837478321321243,0.12365442003066618,0.09937503355982985,0.07144191224756248,0.02793312131226737,false,false,none,none,"marginal gaussian (robust), per-axis q < 0.01",false,none
g0217,,drugA,5,6,strain,WT,mutant,WT | mutant,-0.14814326928918575,-0.03408536054733169,-0.11405790874185406,0.649261306154288,0.08800588337478199,0.561255422779506,0.20018855094110805,0.02064432203231571,0.17954422890879235,false,false,none,none,"marginal gaussian (robust), per-axis q < 0.01",false,none
g0218,,drugA,5,6,strain,WT,mutant,WT | mutant,0.19974632564311268,0.015711345249958875,0.1840349803931538,0.776411965977412,0.051585109567675674,0.7248268564097363,0.2138932969612418,0.0072433099790556055,0.20664998698218617,false,false,none,none,"marginal gaussian (robust), per-axis q < 0.01",false,none
g0219,,drugA,5,6,strain,WT,mutant,WT | mutant,0.21252299629271487,-0.08888039903173883,0.3014033953244537,0.6556611914060037,0.267377387902155,0.38828380350384867,0.20018855094110805,0.07726405887921886,0.12292449206188918,false,false,none,none,"marginal gaussian (robust), per-axis q < 0.01",false,none
g0220,,drugA,5,6,strain,WT,mutant,WT | mutant,-0.12736825022323472,-0.10880918782872406,-0.01855906239451066,0.47874159274947814,0.4077711759665378,0.07097041678294036,0.13497203291542154,0.1235937057663904,0.011378327149031142,false,false,none,none,"marginal gaussian (robust), per-axis q < 0.01",false,none
g0221,,drugA,5,6,strain,WT,mutant,WT | mutant,-0.11442134013783978,-0.12466711753895332,0.010245777401113543,0.2537594862588483,0.48411647078545095,-0.23035698452660264,0.07173657074234827,0.14711814836589104,-0.07538157762354278,false,false,none,none,"marginal gaussian (robust), per-axis q < 0.01",false,none
g0222,,drugA,5,6,strain,WT,mutant,WT | mutant,0.14731975948208298,0.16096574320587465,-0.013645983723791666,0.6294485341019338,0.5789117286511614,0.05053680545077244,0.20018855094110805,0.17772741962291874,0.022461131318189304,false,false,none,none,"marginal gaussian (robust), per-axis q < 0.01",false,none
g0223,,drugA,5,6,strain,WT,mutant,WT | mutant,-0.08762209207637106,-0.09691260941131752,0.009290517334946458,0.3042678191122002,0.371506397545957,-0.0672385784337568,0.07903821346311773,0.11088324335385565,-0.03184502989073791,false,false,none,none,"marginal gaussian (robust), per-axis q < 0.01",false,none
g0224,,drugA,5,6,strain,WT,mutant,WT | mutant,-0.1663449116677036,0.17015266010017793,-0.33649757176788153,0.4847563652777983,0.8112248140988805,-0.32646844882108217,0.13497203291542154,0.23390688381000987,-0.09893485089458834,false,false,none,none,"marginal gaussian (robust), per-axis q < 0.01",false,none
g0225,,drugA,5,6,strain,WT,mutant,WT | mutant,-0.1214332281308419,-0.032627972496847235,-0.08880525563399466,0.7657221365081589,0.09664999471950768,0.6690721417886513,0.2138932969612418,0.02104064888726668,0.19285264807397512,false,false,none,none,"marginal gaussian (robust), per-axis q < 0.01",false,none
g0226,,drugA,5,6,strain,WT,mutant,WT | mutant,-0.10294627801248701,0.16252154101863248,-0.2654678190311195,0.380335373694732,0.3992212470955608,-0.018885873400828757,0.10570392080516075,0.11785641154702102,-0.01215249074186027,false,false,none,none,"marginal gaussian (robust), per-axis q < 0.01",false,none
g0227,,drugA,5,6,strain,WT,mutant,WT | mutant,-0.11652156894482957,0.007994169673052554,-0.12451573861788212,0.2111520780108536,0.02117289152055449,0.1899791864902991,0.06236226784318246,0.005931593448909455,0.056430674394273,false,false,none,none,"marginal gaussian (robust), per-axis q < 0.01",false,none
g0228,,drugA,5,6,strain,WT,mutant,WT | mutant,-0.16983752015799425,0.31918636459027727,-0.4890238847482715,0.5644864743230235,0.8174281758034209,-0.2529417014803974,0.1732570295915512,0.23390688381000987,-0.06064985421845867,false,false,none,none,"marginal gaussian (robust), per-axis q < 0.01",false,none
g0229,,drugA,5,6,strain,WT,mutant,WT | mutant,-0.6444475370207003,0.04084066624041327,-0.6852882032611136,1.845336461366968,0.12224312237854465,1.7230933389884233,0.7532952289598882,0.023336455311950215,0.729958773647938,false,false,none,none,"marginal gaussian (robust), per-axis q < 0.01",false,none
g0230,,drugA,5,6,strain,WT,mutant,WT | mutant,0.16851834734300652,0.0002807666199728942,0.16823758072303363,0.719135411555266,0.0009858879916702125,0.7181495235635957,0.2036873699733583,0.0009858879916702125,0.20270148198168808,false,false,none,none,"marginal gaussian (robust), per-axis q < 0.01",false,none
g0231,,drugA,5,6,strain,WT,mutant,WT | mutant,0.04087087124215216,-0.0182143487095896,0.05908521995174176,0.13935647146221145,0.027555104846495718,0.11180136661571573,0.05325690280396546,0.0072433099790556055,0.046013592824909855,false,false,none,none,"marginal gaussian (robust), per-axis q < 0.01",false,none
g0232,,drugA,5,6,strain,WT,mutant,WT | mutant,-0.29904482951049083,-0.13469206186050542,-0.1643527676499854,0.8628542195764601,0.6210354645253142,0.24181875505114592,0.2689998009554396,0.19713864022312821,0.07186116073231141,false,false,none,none,"marginal gaussian (robust), per-axis q < 0.01",false,none
g0233,,drugA,5,6,strain,WT,mutant,WT | mutant,-0.1434048506394614,-0.029399529010532888,-0.11400532162892851,0.3866624971164069,0.06047096839936627,0.3261915287170406,0.10979816279454359,0.010352656807562977,0.09944550598698061,false,false,none,none,"marginal gaussian (robust), per-axis q < 0.01",false,none
g0234,,drugA,5,6,strain,WT,mutant,WT | mutant,0.04295340785370971,0.19993454100065922,-0.1569811331469495,0.16027634975789234,0.422587156965953,-0.26231080720806066,0.05792427222301672,0.1235937057663904,-0.06566943354337368,false,false,none,none,"marginal gaussian (robust), per-axis q < 0.01",false,none
g0235,,drugA,5,6,strain,WT,mutant,WT | mutant,-0.07369038953546969,0.09860808273926835,-0.17229847227473805,0.3628286438200136,0.33587290227130684,0.02695574154870678,0.09937503355982985,0.09548929331691013,0.0038857402429197246,false,false,none,none,"marginal gaussian (robust), per-axis q < 0.01",false,none
g0236,,drugA,5,6,strain,WT,mutant,WT | mutant,0.20642664451681014,-0.11562139225131673,0.3220480367681269,0.6841315117061271,0.47916734128045946,0.2049641704256676,0.20018855094110805,0.14711814836589104,0.053070402575217,false,false,none,none,"marginal gaussian (robust), per-axis q < 0.01",false,none
g0237,,drugA,5,6,strain,WT,mutant,WT | mutant,0.4791885029490386,0.9126710203232884,-0.4334825173742498,1.8039281967784073,2.3356010369034355,-0.5316728401250281,0.7532952289598882,1.0262074777546522,-0.27291224879476395,false,false,none,none,"marginal gaussian (robust), per-axis q < 0.01",false,none
g0238,,drugA,5,6,strain,WT,mutant,WT | mutant,-0.37907365045566976,-0.2225821862629429,-0.15649146419272686,1.194762748536565,1.3476107046262835,-0.15284795608971846,0.40094869592661986,0.5614584755186229,-0.16050977959200308,false,false,none,none,"marginal gaussian (robust), per-axis q < 0.01",false,none
g0239,,drugA,5,6,strain,WT,mutant,WT | mutant,0.0029013666196320287,0.12053761796929319,-0.11763625134966116,0.007431695884813769,0.3516792535800904,-0.3442475576952766,0.0026722566688369216,0.10507652429076263,-0.1024042676219257,false,false,none,none,"marginal gaussian (robust), per-axis q < 0.01",false,none
g0240,,drugA,5,6,strain,WT,mutant,WT | mutant,0.05548474319175334,-0.2177466923319118,0.27323143552366513,0.16771091691644413,0.6877884149962805,-0.5200774980798364,0.05792427222301672,0.2156730724825084,-0.15774880025949167,false,false,none,none,"marginal gaussian (robust), per-axis q < 0.01",false,none
g0241,,drugA,5,6,strain,WT,mutant,WT | mutant,-0.11535999661325391,-0.2143867405744917,0.09902674396123778,0.48250321632879023,0.5635543562640719,-0.08105113993528168,0.13497203291542154,0.1708813940327769,-0.035909361117355376,false,false,none,none,"marginal gaussian (robust), per-axis q < 0.01",false,none
g0242,,drugA,5,6,strain,WT,mutant,WT | mutant,0.5160498902650161,0.17900627357187204,0.3370436166931441,2.5739455328476275,0.7970111814675256,1.776934351380102,0.8543775086097949,0.23390688381000987,0.620470624799785,false,false,none,none,"marginal gaussian (robust), per-axis q < 0.01",false,none
g0243,,drugA,5,6,strain,WT,mutant,WT | mutant,-0.32137654726729625,-0.323732930592997,0.0023563833257007616,0.8741959905309856,1.533206561592268,-0.6590105710612825,0.2689998009554396,0.6521253376127177,-0.3831255366572781,false,false,none,none,"marginal gaussian (robust), per-axis q < 0.01",false,none
g0244,,drugA,5,6,strain,WT,mutant,WT | mutant,0.07952635849511669,0.05075116364543142,0.02877519484968527,0.24341819832711162,0.09226160347882634,0.15115659484828528,0.06878072636402915,0.02104064888726668,0.047740077476762476,false,false,none,none,"marginal gaussian (robust), per-axis q < 0.01",false,none
g0245,,drugA,5,6,strain,WT,mutant,WT | mutant,0.11483141741922953,0.22690171365461964,-0.11207029623539011,0.5860375046915223,0.6834291237265414,-0.09739161903501914,0.1736597848224894,0.2156730724825084,-0.042013287660018994,false,false,none,none,"marginal gaussian (robust), per-axis q < 0.01",false,none
g0246,,drugA,5,6,strain,WT,mutant,WT | mutant,-0.0016087783687570578,0.15879717584346853,-0.1604059542122256,0.002815754984830901,0.3133940815496994,-0.3105783265648685,0.0009442682689878951,0.08718451090221484,-0.08624024263322694,false,false,none,none,"marginal gaussian (robust), per-axis q < 0.01",false,none
g0247,,drugA,5,6,strain,WT,mutant,WT | mutant,-0.03725630143430081,0.2056574359347465,-0.2429137373690473,0.08279706960808579,0.9800132947080027,-0.8972162250999169,0.03168295458939904,0.3074418331463938,-0.27575887855699477,false,false,none,none,"marginal gaussian (robust), per-axis q < 0.01",false,none
g0248,,drugA,5,6,strain,WT,mutant,WT | mutant,-0.023067442123364756,-0.0992329807088268,0.07616553858546204,0.09520431313885996,0.8844297367743155,-0.7892254236354554,0.03387621325811751,0.25426212376579393,-0.22038591050767642,false,false,none,none,"marginal gaussian (robust), per-axis q < 0.01",false,none
g0249,,drugA,5,6,strain,WT,mutant,WT | mutant,-0.09767267544534519,0.1858154680542583,-0.2834881434996035,0.2501061668385531,0.6863053738363385,-0.4361992069977854,0.07173657074234827,0.2156730724825084,-0.14393650174016012,false,false,none,none,"marginal gaussian (robust), per-axis q < 0.01",false,none
g0250,,drugA,5,6,strain,WT,mutant,WT | mutant,-0.49058547531276275,-0.1303977743218958,-0.36018770099086694,1.2393670580633653,0.4317785089668908,0.8075885490964745,0.4228890208174764,0.12563733815986167,0.29725168265761476,false,false,none,none,"marginal gaussian (robust), per-axis q < 0.01",false,none
g0251,,drugA,5,6,strain,WT,mutant,WT | mutant,-0.08257674845871321,-0.02737572013197731,-0.0552010283267359,0.5321890191873248,0.12219478835826122,0.4099942308290635,0.1569605814981414,0.023336455311950215,0.13362412618619118,false,false,none,none,"marginal gaussian (robust), per-axis q < 0.01",false,none
g0252,,drugA,5,6,strain,WT,mutant,WT | mutant,-0.04132076845612431,0.027022120208944678,-0.06834288866506899,0.32917108753237717,0.29649054758746296,0.03268053994491421,0.09106505841198882,0.08510334334304304,0.005961715068945786,false,false,none,none,"marginal gaussian (robust), per-axis q < 0.01",false,none
g0253,,drugA,5,6,strain,WT,mutant,WT | mutant,0.0786363003263073,0.2203288975867732,-0.1416925972604659,0.40546736376718806,0.5362081369300635,-0.13074077316287547,0.11673372188150327,0.156233503495573,-0.03949978161406972,false,false,none,none,"marginal gaussian (robust), per-axis q < 0.01",false,none
g0254,,drugA,5,6,strain,WT,mutant,WT | mutant,0.017098835785322564,0.050710888310737445,-0.03361205252541488,0.044970877968982,0.3273393838400952,-0.2823685058711132,0.02313024067607256,0.09397320221188264,-0.07084296153581009,false,false,none,none,"marginal gaussian (robust), per-axis q < 0.01",false,none
g0255,,drugA,5,6,strain,WT,mutant,WT | mutant,-0.14043853388327943,0.20408478757133786,-0.3445233214546173,0.9882169930998674,0.9521870793429936,0.03602991375687381,0.3112840711610939,0.29061100208284785,0.020673069078246065,false,false,none,none,"marginal gaussian (robust), per-axis q < 0.01",false,none
g0256,,drugA,5,6,strain,WT,mutant,WT | mutant,0.01674984612471242,0.2993101714987674,-0.28256032537405495,0.03340879997914478,1.180693634801619,-1.1472848348224742,0.016517441114877997,0.4421023732503563,-0.42558493213547827,false,false,none,none,"marginal gaussian (robust), per-axis q < 0.01",false,none
g0257,,drugA,5,6,strain,WT,mutant,WT | mutant,-0.45948472331931,-0.3816970335195293,-0.07778768979978068,1.9225948297103495,1.2291561882354636,0.6934386414748859,0.7532952289598882,0.4774034806262297,0.2758917483336585,false,false,none,none,"marginal gaussian (robust), per-axis q < 0.01",false,none
g0258,,drugA,5,6,strain,WT,mutant,WT | mutant,0.1983710761718802,0.11313359599440975,0.08523748017747046,0.6793193849205199,0.4466817145703491,0.2326376703501708,0.20018855094110805,0.13243565262715373,0.06775289831395431,false,false,none,none,"marginal gaussian (robust), per-axis q < 0.01",false,none
g0259,,drugA,5,6,strain,WT,mutant,WT | mutant,-0.0712682484077547,-0.14826258849614504,0.07699434008839035,0.22303460071252312,0.37019793815932117,-0.14716333744679805,0.06762611270788231,0.11088324335385565,-0.043257130645973335,false,false,none,none,"marginal gaussian (robust), per-axis q < 0.01",false,none
g0260,,drugA,5,6,strain,WT,mutant,WT | mutant,-0.10503884942772501,-0.1073064528591523,0.0022676034314272897,0.2512456935962266,0.7224737764802257,-0.4712280828839991,0.07173657074234827,0.22110388798663266,-0.1493673172442844,false,false,none,none,"marginal gaussian (robust), per-axis q < 0.01",false,none
g0261,,drugA,5,6,strain,WT,mutant,WT | mutant,0.11264587297088546,-0.0590952103926039,0.17174108336348937,0.4502315976821454,0.3867194391859387,0.06351215849620667,0.1309292927920078,0.1162446173364058,0.014684675455601995,false,false,none,none,"marginal gaussian (robust), per-axis q < 0.01",false,none
g0262,,drugA,5,6,strain,WT,mutant,WT | mutant,0.050353255032898225,-0.1856957575656173,0.23604901259851552,0.17861727486027212,0.8401647367711331,-0.661547461910861,0.058107465664413875,0.23704822805780298,-0.1789407623933891,false,false,none,none,"marginal gaussian (robust), per-axis q < 0.01",false,none
g0263,,drugA,5,6,strain,WT,mutant,WT | mutant,0.09135010272932753,-0.09468506159210754,0.18603516432143508,0.4308683107464182,0.5274565777913311,-0.09658826704491297,0.12540253053505582,0.15323080622749952,-0.0278282756924437,false,false,none,none,"marginal gaussian (robust), per-axis q < 0.01",false,none
g0264,,drugA,5,6,strain,WT,mutant,WT | mutant,-0.10213224510038366,-0.19060425894611477,0.08847201384573111,0.32808698580188916,0.941029131950809,-0.6129421461489197,0.09106505841198882,0.29017692008243634,-0.19911186167044753,false,false,none,none,"marginal gaussian (robust), per-axis q < 0.01",false,none
g0265,,drugA,5,6,strain,WT,mutant,WT | mutant,0.16089713820978702,-0.3946637143189964,0.5555608525287834,0.7680482137632284,1.2790346689590157,-0.5109864551957873,0.2138932969612418,0.5137091541605081,-0.2998158571992663,false,false,none,none,"marginal gaussian (robust), per-axis q < 0.01",false,none
g0266,,drugA,5,6,strain,WT,mutant,WT | mutant,0.03221728223613329,-0.008191221543673244,0.04040850377980654,0.07696786241047758,0.02856969226766985,0.04839817014280773,0.03168295458939904,0.0072433099790556055,0.02443964461034344,false,false,none,none,"marginal gaussian (robust), per-axis q < 0.01",false,none
g0267,,drugA,5,6,strain,WT,mutant,WT | mutant,-0.02986702026370658,0.011647449760276984,-0.04151447002398356,0.07147541561937869,0.05540566911218887,0.01606974650718982,0.030555818178853868,0.0072433099790556055,0.023312508199798264,false,false,none,none,"marginal gaussian (robust), per-axis q < 0.01",false,none
g0268,,drugA,5,6,strain,WT,mutant,WT | mutant,-0.5314168176287843,-0.46735372667414055,-0.0640630909546438,2.704443927968299,1.959167178399617,0.7452767495686821,0.9179291140998532,0.839721060476581,0.07820805362327221,false,false,none,none,"marginal gaussian (robust), per-axis q < 0.01",false,none
g0269,,drugA,5,6,strain,WT,mutant,WT | mutant,-0.35121531515343385,-0.6888506387453308,0.33763532359189696,1.5145344164761756,2.200669601293357,-0.6861351848171813,0.6219662101598037,0.9610837598590438,-0.33911754969924013,false,false,none,none,"marginal gaussian (robust), per-axis q < 0.01",false,none
g0270,,drugA,5,6,strain,WT,mutant,WT | mutant,0.07612645409366348,-0.019675136157568218,0.0958015902512317,0.5639814322553924,0.044147006540392775,0.5198344257149996,0.1732570295915512,0.0072433099790556055,0.16601371961249559,false,false,none,none,"marginal gaussian (robust), per-axis q < 0.01",false,none
g0271,,drugA,5,6,strain,WT,mutant,WT | mutant,0.4159769589850111,0.5893085982670314,-0.17333163928202033,0.8559422599186812,1.7875539774636944,-0.9316117175450132,0.2689998009554396,0.7669559575618807,-0.4979561566064411,false,false,none,none,"marginal gaussian (robust), per-axis q < 0.01",false,none
g0272,,drugA,5,6,strain,WT,mutant,WT | mutant,0.5764499077137,0.433705263648994,0.142744644064706,1.8772028073578284,2.4779922519836184,-0.60078944462579,0.7532952289598882,1.0515926550327706,-0.29829742607288234,false,false,none,none,"marginal gaussian (robust), per-axis q < 0.01",false,none
g0273,,drugA,5,6,strain,WT,mutant,WT | mutant,-0.1866246167556458,0.02815371752301754,-0.21477833427866333,0.3558026188940083,0.06388449986842028,0.29191811902558806,0.09648792408854275,0.012436035684269904,0.08405188840427284,false,false,none,none,"marginal gaussian (robust), per-axis q < 0.01",false,none
g0274,,drugA,5,6,strain,WT,mutant,WT | mutant,-0.23195057700911548,-0.003050497198016089,-0.2289000798110994,0.9602045519609564,0.02593778660745829,0.9342667653534982,0.3112840711610939,0.0072433099790556055,0.3040407611820383,false,false,none,none,"marginal gaussian (robust), per-axis q < 0.01",false,none
g0275,,drugA,5,6,strain,WT,mutant,WT | mutant,0.06638955380307632,-0.10326667565533754,0.16965622945841385,0.4500826892299473,0.6914172806433835,-0.24133459141343616,0.1309292927920078,0.2156730724825084,-0.08474377969050059,false,false,none,none,"marginal gaussian (robust), per-axis q < 0.01",false,none
g0276,,drugA,5,6,strain,WT,mutant,WT | mutant,0.03912373456126872,-0.2577286078471186,0.2968523424083873,0.16418658474633352,1.8170515361837267,-1.6528649514373932,0.05792427222301672,0.7708994118095248,-0.712975139586508,false,false,none,none,"marginal gaussian (robust), per-axis q < 0.01",false,none
g0277,,drugA,5,6,strain,WT,mutant,WT | mutant,-0.12838274452330722,-0.18513898149149188,0.05675623696818466,0.28181166229401866,2.375912173166399,-2.0941005108723805,0.07698108038181735,1.0416950302925834,-0.964713949910766,false,false,none,none,"marginal gaussian (robust), per-axis q < 0.01",false,none
g0278,,drugA,5,6,strain,WT,mutant,WT | mutant,0.13994036433445523,0.5457424464505767,-0.40580208211612145,0.7285726370001023,1.954077735165409,-1.2255050981653066,0.2036873699733583,0.839721060476581,-0.6360336905032227,false,false,none,none,"marginal gaussian (robust), per-axis q < 0.01",false,none
g0279,,drugA,5,6,strain,WT,mutant,WT | mutant,-0.17546161166489327,0.10356120109583244,-0.2790228127607257,1.9286989027340635,0.45727345378420625,1.4714254489498573,0.7532952289598882,0.1356454382184113,0.6176497907414769,false,false,none,none,"marginal gaussian (robust), per-axis q < 0.01",false,none
g0280,,drugA,5,6,strain,WT,mutant,WT | mutant,-0.1337531150659821,0.14782285686044094,-0.28157597192642303,0.5674891114387175,0.39593390907304954,0.17155520236566796,0.1732570295915512,0.11682515382873393,0.056431875762817274,false,false,none,none,"marginal gaussian (robust), per-axis q < 0.01",false,none
g0281,,drugA,5,6,strain,WT,mutant,WT | mutant,0.19538652671912082,-0.09481180370407305,0.2901983304231939,1.0902435747054704,0.3779627765815774,0.712280798123893,0.3565297906827066,0.11203140035397982,0.2444983903287268,false,false,none,none,"marginal gaussian (robust), per-axis q < 0.01",false,none
g0282,,drugA,5,6,strain,WT,mutant,WT | mutant,0.019788052146379798,-0.18449665374965463,0.20428470589603442,0.05959222754824902,1.0539786973345764,-0.9943864697863274,0.03040269144339832,0.3473403763436492,-0.3169376849002509,false,false,none,none,"marginal gaussian (robust), per-axis q < 0.01",false,none
g0283,,drugA,5,6,strain,WT,mutant,WT | mutant,-0.13968739231794913,-0.13471037855982537,-0.004977013758123761,0.5742856892887485,0.6518083290642619,-0.07752263977551344,0.1732570295915512,0.19773197511142146,-0.024474945519870256,false,false,none,none,"marginal gaussian (robust), per-axis q < 0.01",false,none
g0284,,drugA,5,6,strain,WT,mutant,WT | mutant,-0.05546674877983904,-0.09941677940689786,0.04395003062705882,0.22886426752210853,0.2638196263655161,-0.03495535884340756,0.06878072636402915,0.07726405887921886,-0.008483332515189707,false,false,none,none,"marginal gaussian (robust), per-axis q < 0.01",false,none
g0285,,drugA,5,6,strain,WT,mutant,WT | mutant,-0.07661178273670721,-0.02255201554329478,-0.054059767193412434,0.30909093279391164,0.0694339567127129,0.23965697608119874,0.08088460239035176,0.014189926092748238,0.06669467629760353,false,false,none,none,"marginal gaussian (robust), per-axis q < 0.01",false,none
g0286,,drugA,5,6,strain,WT,mutant,WT | mutant,0.003626638851358166,-0.02716422412713193,0.030790862978490097,0.020522289551183195,0.04510180370659794,-0.024579514155414747,0.0073062232719690165,0.0072433099790556055,0.00006291329291341092,false,false,none,none,"marginal gaussian (robust), per-axis q < 0.01",false,none
g0287,,drugA,5,6,strain,WT,mutant,WT | mutant,0.13097104171264906,0.1421083738335973,-0.011137332120948251,0.3326750803161068,0.6144331565357165,-0.2817580762196097,0.09106505841198882,0.19589512796186523,-0.1048300695498764,false,false,none,none,"marginal gaussian (robust), per-axis q < 0.01",false,none
g0288,,drugA,5,6,strain,WT,mutant,WT | mutant,-0.21173240047891095,-0.0634507404671929,-0.14828166001171805,1.0147435720080322,0.41026322435593376,0.6044803476520985,0.31930922748691903,0.1235937057663904,0.19571552172052864,false,false,none,none,"marginal gaussian (robust), per-axis q < 0.01",false,none
g0289,,drugA,5,6,strain,WT,mutant,WT | mutant,-0.07478142337942995,-0.06139884938613349,-0.013382573993296454,0.23627971901223402,0.18590766316153895,0.05037205585069507,0.06878072636402915,0.050204215066434764,0.01857651129759439,false,false,none,none,"marginal gaussian (robust), per-axis q < 0.01",false,none
g0290,,drugA,5,6,strain,WT,mutant,WT | mutant,0.046940432490504946,-0.10202999927562928,0.14897043176613423,0.13304801498439653,0.5172366152591554,-0.3841886002747589,0.04916439728061711,0.15323080622749952,-0.1040664089468824,false,false,none,none,"marginal gaussian (robust), per-axis q < 0.01",false,none
g0291,,drugA,5,6,strain,WT,mutant,WT | mutant,0.0761561949504177,0.038408380696095534,0.037747814254322165,0.4670778543916698,0.10974498587265943,0.35733286851901036,0.13497203291542154,0.022577304915391862,0.11239472800002967,false,false,none,none,"marginal gaussian (robust), per-axis q < 0.01",false,none
g0292,,drugA,5,6,strain,WT,mutant,WT | mutant,-0.1195093730104908,0.07303830691979485,-0.19254767993028565,0.40493798196034847,0.5076653973671558,-0.1027274154068073,0.11673372188150327,0.14982520914691613,-0.03309148726541286,false,false,none,none,"marginal gaussian (robust), per-axis q < 0.01",false,none
g0293,,drugA,5,6,strain,WT,mutant,WT | mutant,-0.3808128871431222,-0.3908038713216424,0.00999098417852018,2.1429926950637674,2.9761980899505547,-0.8332053948867872,0.7532952289598882,1.3146220126904087,-0.5613267837305205,false,false,none,none,"marginal gaussian (robust), per-axis q < 0.01",false,none
g0294,,drugA,5,6,strain,WT,mutant,WT | mutant,-0.3606804212045809,-0.3029990506351208,-0.0576813705694601,1.8796325790476671,3.1532235495503818,-1.2735909705027146,0.7532952289598882,1.3146220126904087,-0.5613267837305205,false,false,none,none,"marginal gaussian (robust), per-axis q < 0.01",false,none
g0295,,drugA,5,6,strain,WT,mutant,WT | mutant,0.0014053745672732987,-0.2491851502147533,0.2505905247820266,0.0023576705602871635,0.7956911224908816,-0.7933334519305945,0.0009442682689878951,0.23390688381000987,-0.232962615541022,false,false,none,none,"marginal gaussian (robust), per-axis q < 0.01",false,none
g0296,,drugA,5,6,strain,WT,mutant,WT | mutant,-0.176256689962365,-0.16050977397195965,-0.01574691599040534,0.45412098208052787,0.5022145597027019,-0.04809357762217403,0.1309292927920078,0.1484793980660464,-0.017550105274038608,false,false,none,none,"marginal gaussian (robust), per-axis q < 0.01",false,none
g0297,,drugA,5,6,strain,WT,mutant,WT | mutant,-0.027143502986783474,0.08577453651276556,-0.11291803949954904,0.09155134050925086,0.6303603436172326,-0.5388090031079817,0.03387621325811751,0.19713864022312821,-0.1632624269650107,false,false,none,none,"marginal gaussian (robust), per-axis q < 0.01",false,none
g0298,,drugA,5,6,strain,WT,mutant,WT | mutant,-0.0430111406801057,-0.09296606113611006,0.04995492045600436,0.1440992110462878,0.2671843981692875,-0.1230851871229997,0.05325690280396546,0.07726405887921886,-0.024007156075253402,false,false,none,none,"marginal gaussian (robust), per-axis q < 0.01",false,none
g0299,,drugA,5,6,strain,WT,mutant,WT | mutant,-0.05707318512510895,-0.05718859419420674,0.0001154090690977938,0.2396652399858176,0.15266964138648265,0.08699559859933495,0.06878072636402915,0.032708156663261434,0.03607256970076772,false,false,none,none,"marginal gaussian (robust), per-axis q < 0.01",false,none
g0300,,drugA,5,6,strain,WT,mutant,WT | mutant,-0.03162226228525,0.14741884000756578,-0.17904110229281578,0.06715154699098673,1.310108687470182,-1.2429571404791953,0.03040269144339832,0.5378343127163464,-0.507431621272948,false,false,none,none,"marginal gaussian (robust), per-axis q < 0.01",false,none
g0301,,drugA,5,6,strain,WT,mutant,WT | mutant,0.08169966149877439,-0.017034489176111833,0.09873415067488622,0.26146646317379935,0.07443870187210626,0.18702776130169307,0.07173657074234827,0.016277670024889012,0.05545890071745925,false,false,none,none,"marginal gaussian (robust), per-axis q < 0.01",false,none
g0302,,drugA,5,6,strain,WT,mutant,WT | mutant,-0.02174954125901518,-0.028086555832461002,0.0063370145734458205,0.0775086072899675,0.11025962559758612,-0.03275101830761862,0.03168295458939904,0.022577304915391862,0.00910564967400718,false,false,none,none,"marginal gaussian (robust), per-axis q < 0.01",false,none
g0303,,drugA,5,6,strain,WT,mutant,WT | mutant,-0.08157566944819905,-0.04064418205664566,-0.04093148739155339,0.1882306148284695,0.09032835822017687,0.09790225660829263,0.05972719761713627,0.02104064888726668,0.03868654872986959,false,false,none,none,"marginal gaussian (robust), per-axis q < 0.01",false,none
g0304,,drugA,5,6,strain,WT,mutant,WT | mutant,-0.04661432010012856,0.09463634527496456,-0.14125066537509312,0.10311472934037164,0.49580106376805966,-0.392686334427688,0.03537831316149721,0.1484793980660464,-0.11310108490454919,false,false,none,none,"marginal gaussian (robust), per-axis q < 0.01",false,none
g0305,,drugA,5,6,strain,WT,mutant,WT | mutant,0.04368529448632508,0.11475135088074495,-0.07106605639441987,0.07521093513745207,1.556473034028813,-1.481262098891361,0.03168295458939904,0.6639048277124413,-0.6322218731230422,false,false,none,none,"marginal gaussian (robust), per-axis q < 0.01",false,none
g0306,,drugA,5,6,strain,WT,mutant,WT | mutant,0.14256497987835282,0.1811588380761373,-0.03859385819778449,0.5649821855554964,0.6192779324770887,-0.054295746921592336,0.1732570295915512,0.19713864022312821,-0.02388161063157701,false,false,none,none,"marginal gaussian (robust), per-axis q < 0.01",false,none
g0307,,drugA,5,6,strain,WT,mutant,WT | mutant,0.6582125830989582,0.4662217525362333,0.19199083056272492,2.7799097736702367,1.8497103620026172,0.9301994116676195,0.9179291140998532,0.7901942760704339,0.12773483802941932,false,false,none,none,"marginal gaussian (robust), per-axis q < 0.01",false,none
g0308,,drugA,5,6,strain,WT,mutant,WT | mutant,-0.05206257819426341,-0.26403555214649543,0.21197297395223202,0.32735151922534045,0.6204780913513336,-0.29312657212599313,0.09106505841198882,0.19713864022312821,-0.10607358181113939,false,false,none,none,"marginal gaussian (robust), per-axis q < 0.01",false,none
g0309,,drugA,5,6,strain,WT,mutant,WT | mutant,0.1262434430602486,0.11888157211940253,0.00736187094084606,0.7321885281458045,0.9133785515781628,-0.18119002343235835,0.2036873699733583,0.27299177338795516,-0.06930440341459687,false,false,none,none,"marginal gaussian (robust), per-axis q < 0.01",false,none
g0310,,drugA,5,6,strain,WT,mutant,WT | mutant,0.10404383839126652,0.07587729435839563,0.028166544032870888,0.6435627524023076,0.2937435504020096,0.34981920200029804,0.20018855094110805,0.08510334334304304,0.11508520759806501,false,false,none,none,"marginal gaussian (robust), per-axis q < 0.01",false,none
g0311,,drugA,5,6,strain,WT,mutant,WT | mutant,-0.5792116494864885,-0.4743839041456699,-0.10482774534081862,2.2288573855218297,1.6826061724051296,0.5462512131167001,0.7578657909215134,0.7200000994810027,0.03786569144051066,false,false,none,none,"marginal gaussian (robust), per-axis q < 0.01",false,none
g0312,,drugA,5,6,strain,WT,mutant,WT | mutant,-0.0714151750281884,-0.06225681817858941,-0.009158356849598981,0.1992984291396246,0.21238607900269332,-0.013087649863068734,0.06000926958567598,0.06260180672316436,-0.0025925371374883807,false,false,none,none,"marginal gaussian (robust), per-axis q < 0.01",false,none
g0313,,drugA,5,6,strain,WT,mutant,WT | mutant,0.57514792439245,0.5535445303489919,0.021603394043458124,1.602469515146741,1.7376962005743244,-0.13522668542758343,0.67387723105368,0.7311924467879927,-0.05731521573431264,false,false,none,none,"marginal gaussian (robust), per-axis q < 0.01",false,none
g0314,,drugA,5,6,strain,WT,mutant,WT | mutant,-0.03376521169284352,0.057044849604896086,-0.09081006129773961,0.11674153968967389,0.0825400691593164,0.03420147053035749,0.03945196854097151,0.018300820044270024,0.021151148496701484,false,false,none,none,"marginal gaussian (robust), per-axis q < 0.01",false,none
g0315,,drugA,5,6,strain,WT,mutant,WT | mutant,0.16465690273732747,-0.053029058674981755,0.21768596141230923,0.3672507588842966,0.12065571702148846,0.24659504186280812,0.09937503355982985,0.023336455311950215,0.07603857824787963,false,false,none,none,"marginal gaussian (robust), per-axis q < 0.01",false,none
g0316,,drugA,5,6,strain,WT,mutant,WT | mutant,-0.0720704782487056,-0.0594785314942623,-0.012591946754443306,0.17447032228940776,0.1166102726896882,0.05786004959971956,0.05792427222301672,0.023336455311950215,0.03458781691106651,false,false,none,none,"marginal gaussian (robust), per-axis q < 0.01",false,none
g0317,,drugA,5,6,strain,WT,mutant,WT | mutant,0.0503637665387231,-0.036086970317979805,0.0864507368567029,0.12799048798065618,0.13293150907489193,-0.004941021094235748,0.046198007337320636,0.025298780004026963,0.020899227333293673,false,false,none,none,"marginal gaussian (robust), per-axis q < 0.01",false,none
g0318,,drugA,5,6,strain,WT,mutant,WT | mutant,-0.5626485814646998,-0.6417608465989435,0.07911226513424374,1.6891732204233771,1.8668542544106441,-0.17768103398726698,0.7265671474992501,0.7928420806328654,-0.06627493313361532,false,false,none,none,"marginal gaussian (robust), per-axis q < 0.01",false,none
g0319,,drugA,5,6,strain,WT,mutant,WT | mutant,0.11144584866596041,-0.028918299422233673,0.14036414808819409,0.5624574392888394,0.039985814380787785,0.5224716249080517,0.1732570295915512,0.0072433099790556055,0.16601371961249559,false,false,none,none,"marginal gaussian (robust), per-axis q < 0.01",false,none
g0320,,drugA,5,6,strain,WT,mutant,WT | mutant,-0.11869279188732129,-0.7874962683282316,0.6688034764409103,1.0642893394546757,2.825592241206042,-1.7613029017513664,0.3447213152168431,1.2823627433380396,-0.9376414281211964,false,false,none,none,"marginal gaussian (robust), per-axis q < 0.01",false,none
g0321,,drugA,5,6,strain,WT,mutant,WT | mutant,0.08304162396976711,0.19826397470986645,-0.11522235074009934,0.18529183604816046,0.7588945514775675,-0.573602715429407,0.05931311491808881,0.22377521606731499,-0.16446210114922616,false,false,none,none,"marginal gaussian (robust), per-axis q < 0.01",false,none
g0322,,drugA,5,6,strain,WT,mutant,WT | mutant,0.10901066748303023,0.12359901381889671,-0.014588346335866476,0.4817038202580609,0.575076149126832,-0.09337232886877112,0.13497203291542154,0.17772741962291874,-0.042755386707497206,false,false,none,none,"marginal gaussian (robust), per-axis q < 0.01",false,none
g0323,,drugA,5,6,strain,WT,mutant,WT | mutant,0.36653004453142835,0.3820755891604346,-0.015545544629006258,1.1235309369915052,2.6212554814896,-1.4977245444980947,0.3717782293822715,1.1357706632851352,-0.7639924339028636,false,false,none,none,"marginal gaussian (robust), per-axis q < 0.01",false,none
g0324,,drugA,5,6,strain,WT,mutant,WT | mutant,0.13135740938526208,0.04448187931491443,0.08687553007034765,0.3240042831929512,0.06871241726622423,0.255291865926727,0.08975199229005273,0.014189926092748238,0.07556206619730449,false,false,none,none,"marginal gaussian (robust), per-axis q < 0.01",false,none
g0325,,drugA,5,6,strain,WT,mutant,WT | mutant,-0.08024995247854783,-0.14947945708849275,0.06922950460994493,0.29017868112226897,0.3587224267085049,-0.06854374558623594,0.07890943911187154,0.10591494728124282,-0.02700550816937128,false,false,none,none,"marginal gaussian (robust), per-axis q < 0.01",false,none
g0326,,drugA,5,6,strain,WT,mutant,WT | mutant,0.0071324968135559885,-0.24941803744760094,0.2565505342611569,0.018220092446881955,1.0179645481174597,-0.9997444556705778,0.006222244306985793,0.3283597472570705,-0.3221375029500847,false,false,none,none,"marginal gaussian (robust), per-axis q < 0.01",false,none
g0327,,drugA,5,6,strain,WT,mutant,WT | mutant,0.037902197354757305,0.016853120788443476,0.02104907656631383,0.17716932664290566,0.02811315849640858,0.14905616814649708,0.058107465664413875,0.0072433099790556055,0.05086415568535827,false,false,none,none,"marginal gaussian (robust), per-axis q < 0.01",false,none
g0328,,drugA,5,6,strain,WT,mutant,WT | mutant,-0.0620491727546284,-0.1941053166274802,0.1320561438728518,0.11000301675249025,0.27904613833870595,-0.1690431215862157,0.03760074457035895,0.07726405887921886,-0.03966331430885991,false,false,none,none,"marginal gaussian (robust), per-axis q < 0.01",false,none
g0329,,drugA,5,6,strain,WT,mutant,WT | mutant,0.18483154133813073,-0.028509551567223568,0.2133410929053543,0.7150627742449855,0.04378165758230738,0.6712811166626782,0.20347515347631603,0.0072433099790556055,0.19623184349726042,false,false,none,none,"marginal gaussian (robust), per-axis q < 0.01",false,none
g0330,,drugA,5,6,strain,WT,mutant,WT | mutant,-0.6678568817058057,-1.0743719312650377,0.406515049559232,1.740728179710008,2.813738583762802,-1.073010404052794,0.7343389285198175,1.2823627433380396,-0.548023814818222,false,true,none,down,"marginal gaussian (robust), per-axis q < 0.01",true,"down, down"
g0331,,drugA,5,6,strain,WT,mutant,WT | mutant,0.14107372805672203,-0.052215730344131295,0.19328945840085332,0.6457300220732942,0.2692868824678817,0.37644313960541254,0.20018855094110805,0.07726405887921886,0.12292449206188918,false,false,none,none,"marginal gaussian (robust), per-axis q < 0.01",false,none
g0332,,drugA,5,6,strain,WT,mutant,WT | mutant,-0.15902772549446098,0.07924500929194878,-0.23827273478640976,0.6885613820564151,0.26479940460816676,0.4237619774482484,0.20018855094110805,0.07726405887921886,0.12292449206188918,false,false,none,none,"marginal gaussian (robust), per-axis q < 0.01",false,none
g0333,,drugA,5,6,strain,WT,mutant,WT | mutant,0.21687338805158163,0.5287227923733022,-0.3118494043217206,0.6392445700538764,1.716474217588457,-1.0772296475345806,0.20018855094110805,0.7311924467879927,-0.5310038958468846,false,false,none,none,"marginal gaussian (robust), per-axis q < 0.01",false,none
g0334,,drugA,5,6,strain,WT,mutant,WT | mutant,0.08959653815612789,-0.08992226524715008,0.17951880340327797,0.19330875607433123,0.31806636712689673,-0.1247576110525655,0.06000645598122921,0.08845773670301844,-0.028451280721789235,false,false,none,none,"marginal gaussian (robust), per-axis q < 0.01",false,none
g0335,,drugA,5,6,strain,WT,mutant,WT | mutant,0.3635032195547865,-0.14057175468095018,0.5040749742357367,0.8595642635136348,0.4712349643353806,0.3883292991782542,0.2689998009554396,0.14711814836589104,0.12188165258954858,false,false,none,none,"marginal gaussian (robust), per-axis q < 0.01",false,none
g0336,,drugA,5,6,strain,WT,mutant,WT | mutant,0.15378227380390008,0.19966316297593156,-0.04588088917203148,0.3282082034311248,0.6217642036326473,-0.2935560002015225,0.09106505841198882,0.19713864022312821,-0.10607358181113939,false,false,none,none,"marginal gaussian (robust), per-axis q < 0.01",false,none
g0337,,drugA,5,6,strain,WT,mutant,WT | mutant,0.1044003319532365,0.013479155059288317,0.09092117689394819,0.3360793130031929,0.03399240041313779,0.3020869125900551,0.09106505841198882,0.0072433099790556055,0.08382174843293322,false,false,none,none,"marginal gaussian (robust), per-axis q < 0.01",false,none
g0338,,drugA,5,6,strain,WT,mutant,WT | mutant,-0.05436505899156607,-0.1648423341547698,0.11047727516320371,0.22861307399618042,0.5157535473966378,-0.2871404734004574,0.06878072636402915,0.15323080622749952,-0.08445007986347036,false,false,none,none,"marginal gaussian (robust), per-axis q < 0.01",false,none
g0339,,drugA,5,6,strain,WT,mutant,WT | mutant,-0.0197154349502906,0.1773081921411528,-0.1970236270914434,0.04586336613782632,0.4142762704261254,-0.3684129042882991,0.02313024067607256,0.1235937057663904,-0.10046346509031784,false,false,none,none,"marginal gaussian (robust), per-axis q < 0.01",false,none
g0340,,drugA,5,6,strain,WT,mutant,WT | mutant,0.5746102726848434,1.2141513779315058,-0.6395411052466624,1.7878998127654409,2.3939237388017864,-0.6060239260363456,0.7532952289598882,1.0416950302925834,-0.28839980133269516,false,true,none,up,"marginal gaussian (robust), per-axis q < 0.01",true,"up, up"
g0341,,drugA,5,6,strain,WT,mutant,WT | mutant,0.02177322399040449,-0.06323218403199782,0.0850054080224023,0.06497086361435109,0.26244998811558773,-0.19747912450123664,0.03040269144339832,0.07726405887921886,-0.04686136743582054,false,false,none,none,"marginal gaussian (robust), per-axis q < 0.01",false,none
g0342,,drugA,5,6,strain,WT,mutant,WT | mutant,0.24340480437794731,0.4674475689666977,-0.2240427645887504,0.7042708351094185,1.4200864018136754,-0.715815566704257,0.20018855094110805,0.5896347286088248,-0.3894461776677168,false,false,none,none,"marginal gaussian (robust), per-axis q < 0.01",false,none
g0343,,drugA,5,6,strain,WT,mutant,WT | mutant,0.03173747067192867,0.02929008491903673,0.0024473857528919396,0.07712441973230567,0.14698913936077246,-0.06986471962846678,0.03168295458939904,0.02948110645090237,0.0022018481384966718,false,false,none,none,"marginal gaussian (robust), per-axis q < 0.01",false,none
g0344,,drugA,5,6,strain,WT,mutant,WT | mutant,-0.3113760674305919,-0.1784339259702632,-0.13294214146032868,1.350236171448869,0.5268949081363152,0.8233412633125539,0.49314028329471615,0.15323080622749952,0.33990947706721664,false,false,none,none,"marginal gaussian (robust), per-axis q < 0.01",false,none
g0345,,drugA,5,6,strain,WT,mutant,WT | mutant,-0.0008173779853173357,-0.35189735486527773,0.3510799768799604,,1.3793303594547626,,,0.5780922887656106,,false,false,none,none,"marginal gaussian (robust), per-axis q < 0.01",false,none
g0346,,drugA,5,6,strain,WT,mutant,WT | mutant,-0.3295565046838531,-0.10004001184538502,-0.2295164928384681,1.0823467641975406,0.7315364289829317,0.3508103352146089,0.3565297906827066,0.22377521606731499,0.13275457461539164,false,false,none,none,"marginal gaussian (robust), per-axis q < 0.01",false,none
g0347,,drugA,5,6,strain,WT,mutant,WT | mutant,0.14485843761954698,-0.05025751181857174,0.19511594943811872,0.9688096662322953,0.1851179993161161,0.7836916669161791,0.3112840711610939,0.050204215066434764,0.26107985609465917,false,false,none,none,"marginal gaussian (robust), per-axis q < 0.01",false,none
g0348,,drugA,5,6,strain,WT,mutant,WT | mutant,0.21602357092162272,0.21184835686664094,0.0041752140549817796,0.5297976382937033,1.5265743015497657,-0.9967766632560624,0.1569605814981414,0.6521253376127177,-0.49516475611457633,false,false,none,none,"marginal gaussian (robust), per-axis q < 0.01",false,none
g0349,,drugA,5,6,strain,WT,mutant,WT | mutant,0.06289572081186279,-0.04965922243019172,0.1125549432420545,0.2887807080110602,0.10538445997954561,0.1833962480315146,0.07890943911187154,0.022392569475334422,0.05651686963653711,false,false,none,none,"marginal gaussian (robust), per-axis q < 0.01",false,none
g0350,,drugA,5,6,strain,WT,mutant,WT | mutant,-0.0881026193476302,0.009737907488663211,-0.0978405268362934,0.17934644247948833,0.02023547177428962,0.15911097070519872,0.058107465664413875,0.005931593448909455,0.05217587221550442,false,false,none,none,"marginal gaussian (robust), per-axis q < 0.01",false,none
g0351,,drugA,5,6,strain,WT,mutant,WT | mutant,0.05673953532348186,-0.12899994603881204,0.1857394813622939,0.14643550196976213,0.6747793951165555,-0.5283438931467934,0.05325690280396546,0.21048387598202906,-0.1572269731780636,false,false,none,none,"marginal gaussian (robust), per-axis q < 0.01",false,none
g0352,,drugA,5,6,strain,WT,mutant,WT | mutant,0.1782004368299397,0.07619359239666856,0.10200684443327113,0.2661544240472897,0.7074130224813092,-0.44125859843401954,0.07255622206693657,0.22104886478417968,-0.1484926427172431,false,false,none,none,"marginal gaussian (robust), per-axis q < 0.01",false,none
g0353,,drugA,5,6,strain,WT,mutant,WT | mutant,0.5891136839817106,0.4031220360926975,0.18599164788901312,0.9372087722028792,0.6895577300633988,0.24765104213948042,0.3019616336650826,0.2156730724825084,0.08628856118257422,false,false,none,none,"marginal gaussian (robust), per-axis q < 0.01",false,none
g0354,,drugA,5,6,strain,WT,mutant,WT | mutant,0.11474452155800563,-0.029469763679148997,0.14421428523715463,0.3622990565742758,0.10867687357363787,0.25362218300063794,0.09937503355982985,0.022577304915391862,0.07679772864443798,false,false,none,none,"marginal gaussian (robust), per-axis q < 0.01",false,none
g0355,,drugA,5,6,strain,WT,mutant,WT | mutant,0.0458610659317813,0.05965103418046347,-0.013789968248682172,0.14735568045660696,0.30014102293292844,-0.15278534247632147,0.05325690280396546,0.08510334334304304,-0.03184644053907758,false,false,none,none,"marginal gaussian (robust), per-axis q < 0.01",false,none
g0356,,drugA,5,6,strain,WT,mutant,WT | mutant,-0.13954227157558208,-0.09427314882515336,-0.045269122750428714,0.3937736138412781,0.21062736363697274,0.1831462502043054,0.11305390134474948,0.06260180672316436,0.05045209462158512,false,false,none,none,"marginal gaussian (robust), per-axis q < 0.01",false,none
g0357,,drugA,5,6,strain,WT,mutant,WT | mutant,-0.3780727681180345,-0.4928864448414796,0.11481367672344511,1.7864823761697224,1.2625159839499605,0.5239663922197619,0.7532952289598882,0.5040298936817582,0.24926533527813,false,false,none,none,"marginal gaussian (robust), per-axis q < 0.01",false,none
g0358,,drugA,5,6,strain,WT,mutant,WT | mutant,0.4776639161802496,0.4921481560577661,-0.014484239877516458,1.730350283480619,1.423718822443756,0.306631461036863,0.7343389285198175,0.5896347286088248,0.1447041999109927,false,false,none,none,"marginal gaussian (robust), per-axis q < 0.01",false,none
g0359,,drugA,5,6,strain,WT,mutant,WT | mutant,0.08899997945608362,-0.14200068930462173,0.23100066876070535,0.6700462219158316,0.44673902975313184,0.22330719216269979,0.20018855094110805,0.13243565262715373,0.06775289831395431,false,false,none,none,"marginal gaussian (robust), per-axis q < 0.01",false,none
g0360,,drugA,5,6,strain,WT,mutant,WT | mutant,0.03609069163142209,-0.24296782439620834,0.27905851602763043,0.1581133119055872,1.5724905816983659,-1.4143772697927788,0.057613712878858574,0.6705823491278506,-0.6129686362489921,false,false,none,none,"marginal gaussian (robust), per-axis q < 0.01",false,none
g0361,,drugA,5,6,strain,WT,mutant,WT | mutant,-0.10949583062334689,-0.14822110586876924,0.03872527524542235,0.19050785763128514,0.4930373742780806,-0.30252951664679545,0.05972719761713627,0.1484793980660464,-0.08875220044891013,false,false,none,none,"marginal gaussian (robust), per-axis q < 0.01",false,none
g0362,,drugA,5,6,strain,WT,mutant,WT | mutant,-0.5699470117778631,-0.5509477852493534,-0.018999226528509716,1.8308491225591186,1.5178213975287882,0.3130277250303304,0.7532952289598882,0.6521253376127177,0.10116989134717047,false,false,none,none,"marginal gaussian (robust), per-axis q < 0.01",false,none
g0363,,drugA,5,6,strain,WT,mutant,WT | mutant,0.02355941018103902,0.20113501531076672,-0.1775756051297277,0.08054941689048524,0.42896780345469576,-0.34841838656421054,0.03168295458939904,0.12563733815986167,-0.09395438357046262,false,false,none,none,"marginal gaussian (robust), per-axis q < 0.01",false,none
g0364,,drugA,5,6,strain,WT,mutant,WT | mutant,-0.08913567621107532,-0.025387086837446837,-0.06374858937362848,0.21881682975788105,0.1423156794902693,0.07650115026761176,0.06577047146902186,0.029436050762470172,0.036334420706551684,false,false,none,none,"marginal gaussian (robust), per-axis q < 0.01",false,none
g0365,,drugA,5,6,strain,WT,mutant,WT | mutant,0.5525370628367403,0.6418838936259981,-0.08934683078925776,2.50272365878615,2.2048922981168886,0.2978313606692615,0.8411475815260044,0.9610837598590438,-0.11993617833303938,false,false,none,none,"marginal gaussian (robust), per-axis q < 0.01",false,none
g0366,,drugA,5,6,strain,WT,mutant,WT | mutant,0.03847102763886667,-0.014270304195948214,0.052741331834814886,0.19492305383535735,0.027971827759232966,0.1669512260761244,0.06000926958567598,0.0072433099790556055,0.05276595960662037,false,false,none,none,"marginal gaussian (robust), per-axis q < 0.01",false,none
g0367,,drugA,5,6,strain,WT,mutant,WT | mutant,0.06830226830664632,-0.0936018208789875,0.16190408918563381,0.14030504967022225,0.4526404863898653,-0.31233543671964303,0.05325690280396546,0.13348708995192582,-0.08023018714796036,false,false,none,none,"marginal gaussian (robust), per-axis q < 0.01",false,none
g0368,,drugA,5,6,strain,WT,mutant,WT | mutant,-0.12798946262329025,-0.0965278467219548,-0.03146161590133545,0.4310958490835666,0.3279430659710766,0.10315278311248999,0.12540253053505582,0.09397320221188264,0.031429328323173175,false,false,none,none,"marginal gaussian (robust), per-axis q < 0.01",false,none
g0001,,drugA,10,6,strain,WT,mutant,WT | mutant,1.0077409636797254,0.48710129426305837,0.5206396694166671,1.656133401661488,1.5419441644812484,0.11418923718023954,0.923976250115635,0.717640789723403,0.20633546039223205,true,false,up,none,"marginal gaussian (robust), per-axis q < 0.01",true,"up, —"
g0002,,drugA,10,6,strain,WT,mutant,WT | mutant,1.4028841147639248,0.40488922265499916,0.9979948921089257,3.997417350330839,0.7937112757788161,3.2037060745520227,1.9653788416382465,0.30630639563446793,1.6590724460037785,true,false,up,none,"marginal gaussian (robust), per-axis q < 0.01",true,"up, —"
g0003,,drugA,10,6,strain,WT,mutant,WT | mutant,1.0931965206642644,0.5317777691949601,0.5614187514693043,2.4084996552813145,1.366029761211105,1.0424698940702095,1.4161448705738724,0.6007042464125972,0.8154406241612752,true,false,up,none,"marginal gaussian (robust), per-axis q < 0.01",true,"up, up"
g0004,,drugA,10,6,strain,WT,mutant,WT | mutant,-0.06436367499996543,-0.06567689116639563,0.0013132161664302089,0.2320701247150221,0.2219339617419218,0.010136162973100327,0.04469050703757199,0.06888760345306263,-0.024197096415490643,false,false,none,none,"marginal gaussian (robust), per-axis q < 0.01",false,none
g0005,,drugA,10,6,strain,WT,mutant,WT | mutant,-0.0036963343204554633,-0.26018386906567414,0.2564875347452187,0.02099756189583273,0.6988028731523719,-0.6778053112565392,0.0024226650687477953,0.26054144394940926,-0.2581187788806615,false,false,none,none,"marginal gaussian (robust), per-axis q < 0.01",false,none
g0006,,drugA,10,6,strain,WT,mutant,WT | mutant,-0.08559881192046959,-0.17797666261156309,0.0923778506910935,0.3290502451611862,0.5846097259300918,-0.25555948076890556,0.07544269024354193,0.21210654902984805,-0.1366638587863061,false,false,none,none,"marginal gaussian (robust), per-axis q < 0.01",false,none
g0007,,drugA,10,6,strain,WT,mutant,WT | mutant,0.11489912189280194,0.05356729101565705,0.06133183087714489,0.4102088577547069,0.1564878161809116,0.25372104157379527,0.08888404197789528,0.04510353221202352,0.04378050976587176,false,false,none,none,"marginal gaussian (robust), per-axis q < 0.01",false,none
g0008,,drugA,10,6,strain,WT,mutant,WT | mutant,-0.7273427597749684,-0.4501576435669996,-0.2771851162079688,1.929908899216508,1.4859548670633258,0.4439540321531823,1.113430861970619,0.6847167963741736,0.4287140655964454,false,false,none,none,"marginal gaussian (robust), per-axis q < 0.01",false,none
g0009,,drugA,10,6,strain,WT,mutant,WT | mutant,0.17750205717873513,0.16152940067230048,0.015972656506434646,0.45300231303641664,0.46060556763755434,-0.007603254601137699,0.10139244455361629,0.16545244760338126,-0.06406000304976497,false,false,none,none,"marginal gaussian (robust), per-axis q < 0.01",false,none
g0010,,drugA,10,6,strain,WT,mutant,WT | mutant,0.5267046808978293,0.37984567938982394,0.14685900150800535,1.9694723960753024,1.1200054135363497,0.8494669825389527,1.1295326359796427,0.4733430843039321,0.6561895516757106,false,false,none,none,"marginal gaussian (robust), per-axis q < 0.01",false,none
g0011,,drugA,10,6,strain,WT,mutant,WT | mutant,0.18661853762915648,-0.13333733212808419,0.31995586975724066,0.39191440135536665,0.5868903575958893,-0.1949759562405226,0.08888404197789528,0.21210654902984805,-0.12322250705195277,false,false,none,none,"marginal gaussian (robust), per-axis q < 0.01",false,none
g0012,,drugA,10,6,strain,WT,mutant,WT | mutant,0.003110658062954741,0.08525558987591175,-0.08214493181295701,0.024160824273667263,0.22683098924734968,-0.20267016497368243,0.0024226650687477953,0.06905743585286409,-0.0666347707841163,false,false,none,none,"marginal gaussian (robust), per-axis q < 0.01",false,none
g0013,,drugA,10,6,strain,WT,mutant,WT | mutant,0.10078248567137749,-0.3209208179005518,0.4217033035719293,0.17835821534931337,1.1015809135980643,-0.9232226982487509,0.04038908944718994,0.4733430843039321,-0.4329539948567422,false,false,none,none,"marginal gaussian (robust), per-axis q < 0.01",false,none
g0014,,drugA,10,6,strain,WT,mutant,WT | mutant,0.07418531543748941,-0.034471407567203016,0.10865672300469242,0.1645026333646158,0.08861214579986723,0.07589048756474856,0.04038908944718994,0.021370556748148452,0.01901853269904149,false,false,none,none,"marginal gaussian (robust), per-axis q < 0.01",false,none
g0015,,drugA,10,6,strain,WT,mutant,WT | mutant,0.0598774546571228,0.021191222094884665,0.03868623256223813,0.21849267042266615,0.04259910054346959,0.17589356987919658,0.04038908944718994,0.011200796250271356,0.029188293196918583,false,false,none,none,"marginal gaussian (robust), per-axis q < 0.01",false,none
g0016,,drugA,10,6,strain,WT,mutant,WT | mutant,0.06532109246299456,-0.031244651746099805,0.09656574420909436,0.18403376396302779,0.094463183076333,0.08957058088669478,0.04038908944718994,0.021370556748148452,0.01901853269904149,false,false,none,none,"marginal gaussian (robust), per-axis q < 0.01",false,none
g0017,,drugA,10,6,strain,WT,mutant,WT | mutant,0.6530566108385489,0.06995467076840534,0.5831019400701436,2.8180084812850446,0.11837759952471448,2.69963088176033,1.615070253050548,0.024205958255873357,1.5908642947946747,false,false,none,none,"marginal gaussian (robust), per-axis q < 0.01",false,none
g0018,,drugA,10,6,strain,WT,mutant,WT | mutant,0.34892488115018505,0.05860533492650166,0.2903195462236834,1.3134185269157936,0.22379037677365884,1.0896281501421348,0.6625021989731323,0.06905743585286409,0.5934447631202683,false,false,none,none,"marginal gaussian (robust), per-axis q < 0.01",false,none
g0019,,drugA,10,6,strain,WT,mutant,WT | mutant,0.0003577285521370044,0.09591637827620936,-0.09555864972407235,0.000485756512199915,0.3358297871542732,-0.3353440306420733,0.00010747817516983589,0.09749958383093534,-0.0973921056557655,false,false,none,none,"marginal gaussian (robust), per-axis q < 0.01",false,none
g0020,,drugA,10,6,strain,WT,mutant,WT | mutant,-0.0974314879019289,-0.06757506998257057,-0.029856417919358336,0.23107037860030666,0.16669905221878153,0.06437132638152512,0.04469050703757199,0.0462139680572709,-0.001523461019698906,false,false,none,none,"marginal gaussian (robust), per-axis q < 0.01",false,none
g0021,,drugA,10,6,strain,WT,mutant,WT | mutant,-0.07088240853608774,-0.0011798859156648689,-0.06970252262042287,0.4076154660938117,0.002634532429463549,0.4049809336643482,0.08888404197789528,0.002634532429463549,0.08624950954843173,false,false,none,none,"marginal gaussian (robust), per-axis q < 0.01",false,none
g0022,,drugA,10,6,strain,WT,mutant,WT | mutant,-0.049445015040120666,-0.01846099228100684,-0.030984022759113827,0.2838691086960463,0.047247026819528345,0.23662208187651795,0.05365679559488792,0.012780660770521153,0.040876134824366764,false,false,none,none,"marginal gaussian (robust), per-axis q < 0.01",false,none
g0023,,drugA,10,6,strain,WT,mutant,WT | mutant,-0.05283251413858103,-0.08722734300564561,0.034394828867064575,0.12953230791255949,0.5021251574351138,-0.3725928495225543,0.036836913085098975,0.1742738653700799,-0.13743695228498093,false,false,none,none,"marginal gaussian (robust), per-axis q < 0.01",false,none
g0024,,drugA,10,6,strain,WT,mutant,WT | mutant,-0.07119922642520038,0.16761079839273307,-0.23881002481793345,0.39572464587047806,0.5095508946137005,-0.11382624874322245,0.08888404197789528,0.17788094075376498,-0.0889968987758697,false,false,none,none,"marginal gaussian (robust), per-axis q < 0.01",false,none
g0025,,drugA,10,6,strain,WT,mutant,WT | mutant,-0.6943667306033312,-1.5031469539925792,0.808780223389248,2.7840489677353633,3.0570368334238958,-0.2729878656885325,1.59959414519488,1.8604662629713244,-0.26087211777644437,false,true,none,down,"marginal gaussian (robust), per-axis q < 0.01",true,"down, down"
g0026,,drugA,10,6,strain,WT,mutant,WT | mutant,0.6486767751817695,0.6319646922452709,0.016712082936498618,1.6281774844122727,2.003452927209773,-0.37527544279750047,0.9023605108974389,1.1108847208934014,-0.20852420999596255,false,false,none,none,"marginal gaussian (robust), per-axis q < 0.01",false,none
g0027,,drugA,10,6,strain,WT,mutant,WT | mutant,0.08124608587482651,0.04897177658934471,0.032274309285481806,0.31990086832156983,0.054252125957445684,0.26564874236412417,0.07544269024354193,0.015002747441513972,0.060439942802027954,false,false,none,none,"marginal gaussian (robust), per-axis q < 0.01",false,none
g0028,,drugA,10,6,strain,WT,mutant,WT | mutant,-1.207232270477439,-0.9509784723321921,-0.25625379814524685,2.9423749541749142,2.2657516034760077,0.6766233506989066,1.699928184656744,1.2921501462504175,0.40777803840632654,true,false,down,none,"marginal gaussian (robust), per-axis q < 0.01",true,"down, down"
g0029,,drugA,10,6,strain,WT,mutant,WT | mutant,0.06702919400804319,-0.11173566008994129,0.17876485409798448,0.15425320984508697,0.5836480149274759,-0.4293948050823889,0.04000331931299382,0.21210654902984805,-0.1721032297168542,false,false,none,none,"marginal gaussian (robust), per-axis q < 0.01",false,none
g0030,,drugA,10,6,strain,WT,mutant,WT | mutant,-0.07637364275335301,-0.24197845545579,0.165604812702437,0.20815655034565902,0.5132519453765755,-0.3050953950309164,0.04038908944718994,0.17900267556855062,-0.13861358612136068,false,false,none,none,"marginal gaussian (robust), per-axis q < 0.01",false,none
g0031,,drugA,10,6,strain,WT,mutant,WT | mutant,0.07026325699861324,-0.05997178599629116,0.1302350429949044,0.1677958830857388,0.20694559352344125,-0.039149710437702434,0.04038908944718994,0.06010401857268065,-0.019714929125490707,false,false,none,none,"marginal gaussian (robust), per-axis q < 0.01",false,none
g0032,,drugA,10,6,strain,WT,mutant,WT | mutant,-0.6819096096331645,-0.1904941474788675,-0.491415462154297,1.310804100804548,0.48513891954374844,0.8256651812607995,0.6625021989731323,0.1742738653700799,0.4882283336030524,false,false,none,none,"marginal gaussian (robust), per-axis q < 0.01",false,none
g0033,,drugA,10,6,strain,WT,mutant,WT | mutant,-0.255126644737377,-0.01975508587569408,-0.23537155886168293,0.6441437111248721,0.09562740875880583,0.5485163023660663,0.20267690912090497,0.021370556748148452,0.18130635237275652,false,false,none,none,"marginal gaussian (robust), per-axis q < 0.01",false,none
g0034,,drugA,10,6,strain,WT,mutant,WT | mutant,0.6831901122822615,0.6501165694486559,0.03307354283360553,3.332966436782694,2.1992539054704445,1.1337125313122494,1.8187420861446393,1.2578371316162558,0.5609049545283835,false,false,none,none,"marginal gaussian (robust), per-axis q < 0.01",false,none
g0035,,drugA,10,6,strain,WT,mutant,WT | mutant,-0.005622039059680617,-0.23595336645263743,0.2303313273929568,0.02860102006287008,1.1973691061412366,-1.1687680860783665,0.0024226650687477953,0.5141103191851955,-0.5116876541164477,false,false,none,none,"marginal gaussian (robust), per-axis q < 0.01",false,none
g0036,,drugA,10,6,strain,WT,mutant,WT | mutant,-0.0539637434312521,0.07073262274166936,-0.12469636617292146,0.20281588659622843,0.13821026258170888,0.06460562401451955,0.04038908944718994,0.03410305434697702,0.006286035100212924,false,false,none,none,"marginal gaussian (robust), per-axis q < 0.01",false,none
g0037,,drugA,10,6,strain,WT,mutant,WT | mutant,0.7587785994490863,0.8747973269755667,-0.11601872752648035,1.5860400128623326,2.0802625994737514,-0.4942225866114187,0.8726322973293187,1.1783543669032364,-0.3057220695739177,false,false,none,none,"marginal gaussian (robust), per-axis q < 0.01",false,none
g0038,,drugA,10,6,strain,WT,mutant,WT | mutant,1.172529273376294,2.209702309168022,-1.037173035791728,2.101097235852316,3.586407333353274,-1.485310097500958,1.208529029535944,1.9934964658255228,-0.7849674362895787,true,true,up,up,"marginal gaussian (robust), per-axis q < 0.01",true,"up, up"
g0039,,drugA,10,6,strain,WT,mutant,WT | mutant,-0.06333206359884258,0.019974197620735268,-0.08330626121957785,0.18816713851209585,0.05332953430375925,0.1348376042083366,0.04038908944718994,0.015002747441513972,0.02538634200567597,false,false,none,none,"marginal gaussian (robust), per-axis q < 0.01",false,none
g0040,,drugA,10,6,strain,WT,mutant,WT | mutant,0.09449703973101808,0.035605257403499735,0.05889178232751835,0.26138386063891567,0.09065300860268174,0.17073085203623392,0.04696581472098914,0.021370556748148452,0.025595257972840686,false,false,none,none,"marginal gaussian (robust), per-axis q < 0.01",false,none
g0041,,drugA,10,6,strain,WT,mutant,WT | mutant,0.15959636011197187,0.11879510520634007,0.0408012549056318,0.5041323048023906,0.36019401118781735,0.14393829361457322,0.12944241411966012,0.10351318557343037,0.025929228546229754,false,false,none,none,"marginal gaussian (robust), per-axis q < 0.01",false,none
g0042,,drugA,10,6,strain,WT,mutant,WT | mutant,-0.046569021817949974,0.04754618207254424,-0.09411520389049421,0.2623367446375739,0.23960757173374445,0.022729172903829448,0.04696581472098914,0.07172624829345997,-0.024760433572470833,false,false,none,none,"marginal gaussian (robust), per-axis q < 0.01",false,none
g0043,,drugA,10,6,strain,WT,mutant,WT | mutant,-1.0248665086120337,-2.0859751934491184,1.0611086848370848,3.1120029460670704,2.8377190387698743,0.2742839072971961,1.802609386918287,1.7044167386767723,0.09819264824151475,true,true,down,down,"marginal gaussian (robust), per-axis q < 0.01",true,"down, down"
g0044,,drugA,10,6,strain,WT,mutant,WT | mutant,-1.38900127321436,-1.0632095907607715,-0.32579168245358847,3.68872445991702,2.924784933781989,0.7639395261350312,1.8230284000009496,1.7750922175007173,0.04793618250023224,true,true,down,down,"marginal gaussian (robust), per-axis q < 0.01",true,"down, down"
g0045,,drugA,10,6,strain,WT,mutant,WT | mutant,-0.042790087769930096,-0.008304644342878476,-0.03448544342705162,0.1596792468941623,0.01712561321119618,0.1425536336829661,0.04038908944718994,0.009772243843425753,0.030616845603764188,false,false,none,none,"marginal gaussian (robust), per-axis q < 0.01",false,none
g0046,,drugA,10,6,strain,WT,mutant,WT | mutant,0.3744147655749215,0.26094644939449374,0.11346831618042774,0.8986875059431205,0.7174220191577381,0.18126548678538246,0.33834281547367384,0.2633456652048977,0.07499715026877612,false,false,none,none,"marginal gaussian (robust), per-axis q < 0.01",false,none
g0047,,drugA,10,6,strain,WT,mutant,WT | mutant,-0.08147013425005856,-0.07693374321593005,-0.004536391034128506,0.23702096364647077,0.11758031144902407,0.11944065219744669,0.04469050703757199,0.024205958255873357,0.020484548781698635,false,false,none,none,"marginal gaussian (robust), per-axis q < 0.01",false,none
g0048,,drugA,10,6,strain,WT,mutant,WT | mutant,-0.012542728415777304,0.10258832312814725,-0.11513105154392456,0.02065372623908032,0.513219818442366,-0.4925660922032857,0.0024226650687477953,0.17900267556855062,-0.17658001049980282,false,false,none,none,"marginal gaussian (robust), per-axis q < 0.01",false,none
g0049,,drugA,10,6,strain,WT,mutant,WT | mutant,-0.9921568636123768,-1.1702105401887115,0.17805367657633475,2.410480424005104,3.252590329111528,-0.8421099051064238,1.4161448705738724,1.928858036838089,-0.5127131662642166,false,true,none,down,"marginal gaussian (robust), per-axis q < 0.01",true,"down, down"
g0050,,drugA,10,6,strain,WT,mutant,WT | mutant,-0.3183590012384272,0.05857490555212408,-0.3769339067905513,0.8194915100691281,0.695750664300165,0.12374084576896316,0.3078915932267973,0.26054144394940926,0.047350149277388065,false,false,none,none,"marginal gaussian (robust), per-axis q < 0.01",false,none
g0051,,drugA,10,6,strain,WT,mutant,WT | mutant,-0.0035731670754586276,-0.10569416913485696,0.10212100205939834,0.01876366440714036,0.23201678943816526,-0.2132531250310249,0.0024226650687477953,0.07056481955783596,-0.06814215448908817,false,false,none,none,"marginal gaussian (robust), per-axis q < 0.01",false,none
g0052,,drugA,10,6,strain,WT,mutant,WT | mutant,0.0499106208585971,-0.06926568546907319,0.11917630632767029,0.12583178901275874,0.5903045717421493,-0.46447278272939063,0.036836913085098975,0.21210654902984805,-0.17526963594474906,false,false,none,none,"marginal gaussian (robust), per-axis q < 0.01",false,none
g0053,,drugA,10,6,strain,WT,mutant,WT | mutant,0.0062895902424369154,0.005958278353139335,0.0003313118892975808,0.026700643184904567,0.016931106189857142,0.009769536995047425,0.0024226650687477953,0.009772243843425753,-0.007349578774677958,false,false,none,none,"marginal gaussian (robust), per-axis q < 0.01",false,none
g0054,,drugA,10,6,strain,WT,mutant,WT | mutant,0.0749279794715143,-0.06927652799720363,0.14420450746871794,0.2679600111426345,0.1086049039610039,0.1593551071816306,0.049343882072617806,0.022505335302757952,0.026838546769859854,false,false,none,none,"marginal gaussian (robust), per-axis q < 0.01",false,none
g0055,,drugA,10,6,strain,WT,mutant,WT | mutant,-0.5326091920264879,-0.2618645409848952,-0.27074465104159273,1.2695345479791917,1.2922486692336306,-0.022714121254438835,0.6342874094413951,0.5471611506100866,0.08712625883130842,false,false,none,none,"marginal gaussian (robust), per-axis q < 0.01",false,none
g0056,,drugA,10,6,strain,WT,mutant,WT | mutant,0.0160327327816443,-0.011365085570026245,0.027397818351670544,0.03988798334987193,0.0251746002939147,0.014713383055957232,0.0024226650687477953,0.011200796250271356,-0.008778131181523562,false,false,none,none,"marginal gaussian (robust), per-axis q < 0.01",false,none
g0057,,drugA,10,6,strain,WT,mutant,WT | mutant,0.059021225584931614,-0.060723152276809245,0.11974437786174086,0.17323146810195741,0.2303971671899872,-0.05716569908802979,0.04038908944718994,0.07056481955783596,-0.030175730110646018,false,false,none,none,"marginal gaussian (robust), per-axis q < 0.01",false,none
g0058,,drugA,10,6,strain,WT,mutant,WT | mutant,-0.005847971226762283,-0.06934151412943201,0.06349354290266973,0.011974276672946952,0.22489220525833611,-0.21291792858538916,0.0024226650687477953,0.06905743585286409,-0.0666347707841163,false,false,none,none,"marginal gaussian (robust), per-axis q < 0.01",false,none
g0059,,drugA,10,6,strain,WT,mutant,WT | mutant,-0.237177007941483,0.03263288626572969,-0.2698098942072127,0.48607908034152214,0.16313062515520044,0.3229484551863217,0.12497414401537445,0.045916526339329605,0.07905761767604484,false,false,none,none,"marginal gaussian (robust), per-axis q < 0.01",false,none
g0060,,drugA,10,6,strain,WT,mutant,WT | mutant,-1.2106634972615833,-2.18768712488499,0.9770236276234066,2.077172456073756,4.048043480731295,-1.9708710246575385,1.2027024718501804,2.1823474208152236,-0.9796449489650432,true,true,down,down,"marginal gaussian (robust), per-axis q < 0.01",true,"down, down"
g0061,,drugA,10,6,strain,WT,mutant,WT | mutant,0.13524000148731474,-0.001956587665201681,0.13719658915251642,0.4180482765460535,0.013451764802229586,0.4045965117438239,0.08888404197789528,0.007494271083305939,0.08138977089458933,false,false,none,none,"marginal gaussian (robust), per-axis q < 0.01",false,none
g0062,,drugA,10,6,strain,WT,mutant,WT | mutant,0.4692645665886701,1.2066261600820285,-0.7373615934933584,1.8182378081256034,3.947453868455719,-2.1292160603301156,1.0375709908854807,2.1609390545872738,-1.123368063701793,false,true,none,up,"marginal gaussian (robust), per-axis q < 0.01",true,"—, up"
g0063,,drugA,10,6,strain,WT,mutant,WT | mutant,0.1944794137670982,0.47602099286901023,-0.281541579101912,0.9219375186782064,2.3468411293419016,-1.4249036106636952,0.3534990456055293,1.3619586617066224,-1.008459616101093,false,false,none,none,"marginal gaussian (robust), per-axis q < 0.01",false,none
g0064,,drugA,10,6,strain,WT,mutant,WT | mutant,1.187795279330775,1.1999318545592583,-0.012136575228483437,1.809845365639316,2.2530891873314305,-0.4432438216921144,1.0375709908854807,1.2904831144073032,-0.2529121235218226,true,true,up,up,"marginal gaussian (robust), per-axis q < 0.01",true,"up, up"
g0065,,drugA,10,6,strain,WT,mutant,WT | mutant,0.038491903407086525,-0.15863300604073594,0.19712490944782246,0.12971101525311646,0.5295599309044703,-0.39984891565135383,0.036836913085098975,0.18237781086628715,-0.14554089778118817,false,false,none,none,"marginal gaussian (robust), per-axis q < 0.01",false,none
g0066,,drugA,10,6,strain,WT,mutant,WT | mutant,-0.09655026821711488,0.009111345604229548,-0.10566161382134442,0.2676569718740685,0.025003384868221956,0.24265358700584655,0.049343882072617806,0.011200796250271356,0.03814308582234645,false,false,none,none,"marginal gaussian (robust), per-axis q < 0.01",false,none
g0067,,drugA,10,6,strain,WT,mutant,WT | mutant,1.2027076091330118,1.1199246607083797,0.08278294842463207,3.048736241258846,2.1802973003640265,0.8684389408948197,1.7628237779595857,1.2490996916915236,0.5137240862680621,true,true,up,up,"marginal gaussian (robust), per-axis q < 0.01",true,"up, up"
g0068,,drugA,10,6,strain,WT,mutant,WT | mutant,-0.09452003037367263,-0.03034795633926457,-0.06417207403440806,0.888738823669895,0.07137745250912916,0.8173613711607658,0.33570463471282125,0.018594749235914247,0.317109885476907,false,false,none,none,"marginal gaussian (robust), per-axis q < 0.01",false,none
g0069,,drugA,10,6,strain,WT,mutant,WT | mutant,-0.2656934066287562,0.07365265395678477,-0.33934606058554095,0.9734394015398444,0.19703286825581104,0.7764065332840334,0.39554507155399987,0.05642031438497226,0.3391247571690276,false,false,none,none,"marginal gaussian (robust), per-axis q < 0.01",false,none
g0070,,drugA,10,6,strain,WT,mutant,WT | mutant,-0.11063907286211361,-0.02516533108208563,-0.08547374178002798,0.3908305792939778,0.05467868766537387,0.3361518916286039,0.08888404197789528,0.015002747441513972,0.0738812945363813,false,false,none,none,"marginal gaussian (robust), per-axis q < 0.01",false,none
g0071,,drugA,10,6,strain,WT,mutant,WT | mutant,0.13360433684998618,0.030176744528759514,0.10342759232122667,0.7672158945595922,0.0910856789013488,0.6761302156582434,0.27994536779067714,0.021370556748148452,0.25857481104252866,false,false,none,none,"marginal gaussian (robust), per-axis q < 0.01",false,none
g0072,,drugA,10,6,strain,WT,mutant,WT | mutant,0.0707705897807962,0.06411243035047143,0.006658159430324773,0.2799074388370252,0.48856927318781407,-0.2086618343507889,0.05170110843346537,0.1742738653700799,-0.12257275693661454,false,false,none,none,"marginal gaussian (robust), per-axis q < 0.01",false,none
g0073,,drugA,10,6,strain,WT,mutant,WT | mutant,-0.8719722688059219,-1.711068227418747,0.839095958612825,2.0600082980637056,4.365375060261631,-2.305366762197925,1.1993571271248267,2.2778302507292034,-1.0784731236043767,false,true,none,down,"marginal gaussian (robust), per-axis q < 0.01",true,"down, down"
g0074,,drugA,10,6,strain,WT,mutant,WT | mutant,-0.1568424691998187,-0.11295987641807947,-0.04388259278173923,0.36558383828091023,0.6295313490328314,-0.26394751075192113,0.08111302544972314,0.2201637242574038,-0.13905069880768067,false,false,none,none,"marginal gaussian (robust), per-axis q < 0.01",false,none
g0075,,drugA,10,6,strain,WT,mutant,WT | mutant,0.3632555476322503,0.2192521080203127,0.14400343961193762,1.5589921526407047,0.9317058953086672,0.6272862573320375,0.8576489485090713,0.3783334857161265,0.47931546279294474,false,false,none,none,"marginal gaussian (robust), per-axis q < 0.01",false,none
g0076,,drugA,10,6,strain,WT,mutant,WT | mutant,-0.07643132978113698,-0.4601005762114436,0.38366924643030664,0.3330212894995042,1.2268251390235492,-0.893803849524045,0.07585126316062778,0.5289131050772157,-0.4530618419165879,false,false,none,none,"marginal gaussian (robust), per-axis q < 0.01",false,none
g0077,,drugA,10,6,strain,WT,mutant,WT | mutant,0.032092862993797766,-0.05337524182508879,0.08546810481888656,0.08201083421584905,0.2859749327860767,-0.20396409857022768,0.015655323753360186,0.08653156432679679,-0.07087624057343661,false,false,none,none,"marginal gaussian (robust), per-axis q < 0.01",false,none
g0078,,drugA,10,6,strain,WT,mutant,WT | mutant,-0.11092729977884908,0.1961734224147822,-0.30710072219363127,0.778938427305519,0.7650754337775766,0.013862993527942402,0.286154370359555,0.2903144809648852,-0.004160110605330225,false,false,none,none,"marginal gaussian (robust), per-axis q < 0.01",false,none
g0079,,drugA,10,6,strain,WT,mutant,WT | mutant,-0.0217409474220025,-0.14390546544170935,0.12216451801970685,0.10017248478118135,0.7503535235624029,-0.6501810387812216,0.026237577080051894,0.2884403650108246,-0.2622027879307727,false,false,none,none,"marginal gaussian (robust), per-axis q < 0.01",false,none
g0080,,drugA,10,6,strain,WT,mutant,WT | mutant,-0.13872680459620668,0.1374938757974533,-0.27622068039366,0.49223122322662716,0.6464853707975392,-0.15425414757091205,0.12497414401537445,0.22483410679954494,-0.09985996278417049,false,false,none,none,"marginal gaussian (robust), per-axis q < 0.01",false,none
g0081,,drugA,10,6,strain,WT,mutant,WT | mutant,-0.15725319700463913,0.1596559215882749,-0.31690911859291404,0.3653591955934807,0.4840264783482913,-0.11866728275481064,0.08111302544972314,0.1742738653700799,-0.09316083992035677,false,false,none,none,"marginal gaussian (robust), per-axis q < 0.01",false,none
g0082,,drugA,10,6,strain,WT,mutant,WT | mutant,-0.1278684822221594,0.20418852159064205,-0.33205700381280145,0.7533773967466785,0.9145302656704644,-0.16115286892378589,0.27149670281103927,0.3783334857161265,-0.10683678290508725,false,false,none,none,"marginal gaussian (robust), per-axis q < 0.01",false,none
g0083,,drugA,10,6,strain,WT,mutant,WT | mutant,-0.09503749987707444,0.10811684210468187,-0.2031543419817563,0.32069632460069636,0.5744834793002984,-0.25378715469960206,0.07544269024354193,0.20847450200263176,-0.13303181175908985,false,false,none,none,"marginal gaussian (robust), per-axis q < 0.01",false,none
g0084,,drugA,10,6,strain,WT,mutant,WT | mutant,0.04841883840739847,-0.17568862404291608,0.22410746245031454,0.09295415261052566,1.2969721565447083,-1.2040180039341826,0.023832425904884755,0.5471611506100866,-0.5233287247052019,false,false,none,none,"marginal gaussian (robust), per-axis q < 0.01",false,none
g0085,,drugA,10,6,strain,WT,mutant,WT | mutant,0.10836761361942315,-0.046421626048703146,0.1547892396681263,0.20019303932720722,0.11307152345980379,0.08712151586740344,0.04038908944718994,0.022925237270053564,0.017463852177136377,false,false,none,none,"marginal gaussian (robust), per-axis q < 0.01",false,none
g0086,,drugA,10,6,strain,WT,mutant,WT | mutant,0.11368214528342513,-0.1963528594569528,0.31003500474037793,0.819479213995467,0.6948737397064925,0.1246054742889745,0.3078915932267973,0.26054144394940926,0.047350149277388065,false,false,none,none,"marginal gaussian (robust), per-axis q < 0.01",false,none
g0087,,drugA,10,6,strain,WT,mutant,WT | mutant,0.08222376058324343,0.004019151277059763,0.07820460930618367,0.42988021265715576,0.019181950240896244,0.4106982624162595,0.08888404197789528,0.009772243843425753,0.07911179813446953,false,false,none,none,"marginal gaussian (robust), per-axis q < 0.01",false,none
g0088,,drugA,10,6,strain,WT,mutant,WT | mutant,-0.177920399707709,0.2535341235210389,-0.4314545232287479,1.8849271961637473,1.1866817807468044,0.6982454154169428,1.0836891254745953,0.5141103191851955,0.5695788062893998,false,false,none,none,"marginal gaussian (robust), per-axis q < 0.01",false,none
g0089,,drugA,10,6,strain,WT,mutant,WT | mutant,0.4331385954978959,0.6902430491943026,-0.25710445369640667,1.3725603912073787,3.1697769491488,-1.7972165579414214,0.6999889296457699,1.9249943030481718,-1.2250053734024018,false,false,none,none,"marginal gaussian (robust), per-axis q < 0.01",false,none
g0090,,drugA,10,6,strain,WT,mutant,WT | mutant,0.1276533709120784,-0.18849541230856737,0.31614878322064577,0.5089100588109701,0.4933114244388928,0.015598634372077258,0.12944241411966012,0.1742738653700799,-0.04483145125041979,false,false,none,none,"marginal gaussian (robust), per-axis q < 0.01",false,none
g0091,,drugA,10,6,strain,WT,mutant,WT | mutant,-0.033812102203478744,0.08851832438012153,-0.12233042658360027,0.1027973056041667,0.32338528186531956,-0.22058797626115287,0.026681957852521667,0.09638806153730217,-0.0697061036847805,false,false,none,none,"marginal gaussian (robust), per-axis q < 0.01",false,none
g0092,,drugA,10,6,strain,WT,mutant,WT | mutant,0.1647878083584331,-0.1619799460620044,0.3267677544204375,0.785954834505288,0.6974571042340264,0.08849773027126162,0.2862252227121694,0.26054144394940926,0.025683778762760123,false,false,none,none,"marginal gaussian (robust), per-axis q < 0.01",false,none
g0093,,drugA,10,6,strain,WT,mutant,WT | mutant,-0.14331892579893335,-0.10737540409012958,-0.03594352170880377,0.3599109868546818,0.3540277479733866,0.005883238881295216,0.08111302544972314,0.10111554477705155,-0.02000251932732841,false,false,none,none,"marginal gaussian (robust), per-axis q < 0.01",false,none
g0094,,drugA,10,6,strain,WT,mutant,WT | mutant,0.03209462348518244,0.15461716771934242,-0.12252254423415998,0.18379160090984378,0.42332538896624183,-0.23953378805639805,0.04038908944718994,0.13969269196188003,-0.09930360251469009,false,false,none,none,"marginal gaussian (robust), per-axis q < 0.01",false,none
g0095,,drugA,10,6,strain,WT,mutant,WT | mutant,-0.013560191848327463,-0.1277120877616369,0.11415189591330943,0.037487418785829285,0.4386844881798476,-0.40119706939401834,0.0024226650687477953,0.1527720248805872,-0.1503493598118394,false,false,none,none,"marginal gaussian (robust), per-axis q < 0.01",false,none
g0096,,drugA,10,6,strain,WT,mutant,WT | mutant,-0.06405796618227733,0.12965546688849905,-0.19371343307077638,0.31788945976171196,0.3238646069941655,-0.00597514723245357,0.07544269024354193,0.09638806153730217,-0.020945371293760243,false,false,none,none,"marginal gaussian (robust), per-axis q < 0.01",false,none
g0097,,drugA,10,6,strain,WT,mutant,WT | mutant,-0.15106888067082735,-0.0033355740578615567,-0.1477333066129658,0.31934967390914937,0.006595330937281205,0.31275434297186816,0.07544269024354193,0.00422213114166657,0.07122055910187536,false,false,none,none,"marginal gaussian (robust), per-axis q < 0.01",false,none
g0098,,drugA,10,6,strain,WT,mutant,WT | mutant,-0.19053835749918235,0.0907746654858137,-0.28131302298499605,0.6200106934578118,0.46602923608960833,0.15398145736820346,0.19835942945981752,0.1661809948470554,0.032178434612762125,false,false,none,none,"marginal gaussian (robust), per-axis q < 0.01",false,none
g0099,,drugA,10,6,strain,WT,mutant,WT | mutant,0.543144601140094,0.18004147579443774,0.36310312534565625,2.2624216963557555,1.1234670312616375,1.138954665094118,1.3509681458790102,0.4733430843039321,0.877625061575078,false,false,none,none,"marginal gaussian (robust), per-axis q < 0.01",false,none
g0100,,drugA,10,6,strain,WT,mutant,WT | mutant,-0.042578229768180265,-0.1896545858792571,0.14707635611107683,0.14855351147353507,0.497128826904847,-0.3485753154313119,0.04000331931299382,0.1742738653700799,-0.1342705460570861,false,false,none,none,"marginal gaussian (robust), per-axis q < 0.01",false,none
g0101,,drugA,10,6,strain,WT,mutant,WT | mutant,0.11005182550697157,-0.06539087035753255,0.17544269586450412,0.3577895989172388,0.15568813656682726,0.20210146235041157,0.08111302544972314,0.04510353221202352,0.03600949323769962,false,false,none,none,"marginal gaussian (robust), per-axis q < 0.01",false,none
g0102,,drugA,10,6,strain,WT,mutant,WT | mutant,-0.07486358623892464,-0.2846720212153606,0.20980843497643598,0.15618343671809812,0.8575779047785527,-0.7013944680604546,0.04022369237108863,0.3573698297533818,-0.31714613738229314,false,false,none,none,"marginal gaussian (robust), per-axis q < 0.01",false,none
g0103,,drugA,10,6,strain,WT,mutant,WT | mutant,0.11531462135885917,-0.05168372939563426,0.16699835075449343,0.3413051047025074,0.10494001997668319,0.23636508472582424,0.08111302544972314,0.021370556748148452,0.05974246870157469,false,false,none,none,"marginal gaussian (robust), per-axis q < 0.01",false,none
g0104,,drugA,10,6,strain,WT,mutant,WT | mutant,0.15642672843836003,0.11321968878680977,0.04320703965155026,0.6320220795398255,0.9473637697777801,-0.31534169023795466,0.1993569228750948,0.3783334857161265,-0.17897656284103172,false,false,none,none,"marginal gaussian (robust), per-axis q < 0.01",false,none
g0105,,drugA,10,6,strain,WT,mutant,WT | mutant,0.07584994369097586,0.07128502080882804,0.004564922882147826,0.21545746966671325,0.6025910630471653,-0.387133593380452,0.04038908944718994,0.21210654902984805,-0.1717174595826581,false,false,none,none,"marginal gaussian (robust), per-axis q < 0.01",false,none
g0106,,drugA,10,6,strain,WT,mutant,WT | mutant,0.6023657725761717,0.36375375719946934,0.2386120153767024,1.9595500679393296,1.247901212621049,0.7116488553182807,1.1295326359796427,0.534493497088035,0.5950391388916078,false,false,none,none,"marginal gaussian (robust), per-axis q < 0.01",false,none
g0107,,drugA,10,6,strain,WT,mutant,WT | mutant,-0.07450098765099611,0.02394622777655009,-0.0984472154275462,0.14145758186829768,0.06311233912962676,0.07834524273867093,0.037639642649303764,0.016282754386929263,0.0213568882623745,false,false,none,none,"marginal gaussian (robust), per-axis q < 0.01",false,none
g0108,,drugA,10,6,strain,WT,mutant,WT | mutant,0.2356388069342632,0.1176796644436191,0.1179591424906441,1.226318708751724,0.6424504372504922,0.5838682715012318,0.5961510957432024,0.22391240867664086,0.3722386870665615,false,false,none,none,"marginal gaussian (robust), per-axis q < 0.01",false,none
g0109,,drugA,10,6,strain,WT,mutant,WT | mutant,-0.05039769171946329,-0.08839411273450004,0.03799642101503675,0.21726812710728652,0.2529052185339728,-0.03563709142668628,0.04038908944718994,0.07819845758439943,-0.03780936813720949,false,false,none,none,"marginal gaussian (robust), per-axis q < 0.01",false,none
g0110,,drugA,10,6,strain,WT,mutant,WT | mutant,-0.0451987837617418,0.12051354827457583,-0.16571233203631763,0.23293746560124745,0.6142019597100223,-0.3812644941087749,0.04469050703757199,0.21210654902984805,-0.16741604199227605,false,false,none,none,"marginal gaussian (robust), per-axis q < 0.01",false,none
g0111,,drugA,10,6,strain,WT,mutant,WT | mutant,0.00234535578468531,0.0742949117592735,-0.07194955597458819,0.004466685450686307,0.7806349238073673,-0.776168238356681,0.0020934856550716987,0.30232869023002623,-0.3002352045749545,false,false,none,none,"marginal gaussian (robust), per-axis q < 0.01",false,none
g0112,,drugA,10,6,strain,WT,mutant,WT | mutant,-1.2853868499319248,-0.9631616043366122,-0.3222252455953125,1.9538360107374881,3.469717822674267,-1.515881811936779,1.1295326359796427,1.9842330044698027,-0.85470036849016,true,false,down,none,"marginal gaussian (robust), per-axis q < 0.01",true,"down, down"
g0113,,drugA,10,6,strain,WT,mutant,WT | mutant,-0.9092346392703234,-0.8269317032041705,-0.08230293606615291,1.0378656891271185,2.4984542139986607,-1.4605885248715422,0.44311570039054116,1.4389381280664773,-0.9958224276759361,false,false,none,none,"marginal gaussian (robust), per-axis q < 0.01",false,none
g0114,,drugA,10,6,strain,WT,mutant,WT | mutant,0.2403499084188052,0.009486697231206875,0.23086321118759834,0.8349353556184579,0.027561344512054012,0.8073740111064038,0.30907889622840684,0.011200796250271356,0.29787809997813547,false,false,none,none,"marginal gaussian (robust), per-axis q < 0.01",false,none
g0115,,drugA,10,6,strain,WT,mutant,WT | mutant,-0.29429882087145565,-0.28095963942331714,-0.013339181448138504,1.4562017897666637,0.7950499832207542,0.6611518065459095,0.7665969889062745,0.30630639563446793,0.46029059327180655,false,false,none,none,"marginal gaussian (robust), per-axis q < 0.01",false,none
g0116,,drugA,10,6,strain,WT,mutant,WT | mutant,0.04880231016900005,-0.16893372862288736,0.2177360387918874,0.1930752598732104,0.6007484856184706,-0.4076732257452602,0.04038908944718994,0.21210654902984805,-0.1717174595826581,false,false,none,none,"marginal gaussian (robust), per-axis q < 0.01",false,none
g0117,,drugA,10,6,strain,WT,mutant,WT | mutant,0.1521518856657469,0.24910552880239223,-0.09695364313664534,0.8284219816938387,1.1136785657097596,-0.2852565840159209,0.30907889622840684,0.4733430843039321,-0.16426418807552529,false,false,none,none,"marginal gaussian (robust), per-axis q < 0.01",false,none
g0118,,drugA,10,6,strain,WT,mutant,WT | mutant,-0.9350466910077815,-0.35966278995700485,-0.5753839010507766,3.1239532261592555,1.0047615183956675,2.119191707763588,1.802609386918287,0.4038832814891335,1.3987261054291535,false,false,none,none,"marginal gaussian (robust), per-axis q < 0.01",false,none
g0119,,drugA,10,6,strain,WT,mutant,WT | mutant,0.003991065759926471,0.004324722887413479,-0.00033365712748700815,0.009929734267714839,0.02455857768566445,-0.014628843417949611,0.0024226650687477953,0.011200796250271356,-0.008778131181523562,false,false,none,none,"marginal gaussian (robust), per-axis q < 0.01",false,none
g0120,,drugA,10,6,strain,WT,mutant,WT | mutant,0.00573592434706427,0.02261595223447621,-0.01688002788741194,0.01505701485122229,0.037314533952428605,-0.022257519101206318,0.0024226650687477953,0.011200796250271356,-0.008778131181523562,false,false,none,none,"marginal gaussian (robust), per-axis q < 0.01",false,none
g0121,,drugA,10,6,strain,WT,mutant,WT | mutant,-0.08316929414657537,0.06504109474481812,-0.14821038889139349,0.423336676144089,0.4024404232586591,0.0208962528854299,0.08888404197789528,0.13003043036304585,-0.04114638838515057,false,false,none,none,"marginal gaussian (robust), per-axis q < 0.01",false,none
g0122,,drugA,10,6,strain,WT,mutant,WT | mutant,-0.15317757600446136,0.04526485180158524,-0.1984424278060466,0.20062166968428358,0.12194327003258956,0.07867839965169401,0.04038908944718994,0.024205958255873357,0.016183131191316584,false,false,none,none,"marginal gaussian (robust), per-axis q < 0.01",false,none
g0123,,drugA,10,6,strain,WT,mutant,WT | mutant,-1.0311114815446176,-1.7626330084630064,0.7315215269183888,3.269464798089892,5.113150084670235,-1.8436852865803433,1.8187420861446393,2.548484020418146,-0.7297419342735068,true,true,down,down,"marginal gaussian (robust), per-axis q < 0.01",true,"down, down"
g0124,,drugA,10,6,strain,WT,mutant,WT | mutant,-0.13263603423588677,0.09752889941514731,-0.23016493365103408,0.5551097475427622,0.29142935017564353,0.2636803973671187,0.16070539868563027,0.08653156432679679,0.07417383435883348,false,false,none,none,"marginal gaussian (robust), per-axis q < 0.01",false,none
g0125,,drugA,10,6,strain,WT,mutant,WT | mutant,-0.018001622903220493,-0.24902341322673038,0.2310217903235099,0.03954069064665622,0.5230799004363794,-0.4835392097897232,0.0024226650687477953,0.17900267556855062,-0.17658001049980282,false,false,none,none,"marginal gaussian (robust), per-axis q < 0.01",false,none
g0126,,drugA,10,6,strain,WT,mutant,WT | mutant,-0.08093771882573009,-0.06450973064109178,-0.01642798818463831,0.23812461646237568,0.9235300419840475,-0.6854054255216718,0.04469050703757199,0.3783334857161265,-0.3336429786785545,false,false,none,none,"marginal gaussian (robust), per-axis q < 0.01",false,none
g0127,,drugA,10,6,strain,WT,mutant,WT | mutant,-0.0059334980403917825,0.029800592339173093,-0.035734090379564876,0.007806053353273919,0.05349691703370139,-0.04569086368042747,0.0024226650687477953,0.015002747441513972,-0.012580082372766177,false,false,none,none,"marginal gaussian (robust), per-axis q < 0.01",false,none
g0128,,drugA,10,6,strain,WT,mutant,WT | mutant,-0.03928015409015373,0.093496141922774,-0.13277629601292773,0.16421546202286802,0.746354308221938,-0.58213884619907,0.04038908944718994,0.2884403650108246,-0.24805127556363465,false,false,none,none,"marginal gaussian (robust), per-axis q < 0.01",false,none
g0129,,drugA,10,6,strain,WT,mutant,WT | mutant,-0.14737186025335092,-0.2950924617532671,0.14772060149991617,0.401230496960553,1.6033365334861167,-1.2021060365255636,0.08888404197789528,0.7629463388348166,-0.6740622968569213,false,false,none,none,"marginal gaussian (robust), per-axis q < 0.01",false,none
g0130,,drugA,10,6,strain,WT,mutant,WT | mutant,0.11096635278147815,0.057313795804553536,0.053652556976924615,0.2559960360703845,0.5159793596685438,-0.2599833235981593,0.04638218478741876,0.17900267556855062,-0.13262049078113186,false,false,none,none,"marginal gaussian (robust), per-axis q < 0.01",false,none
g0131,,drugA,10,6,strain,WT,mutant,WT | mutant,0.12019528937370616,0.08087485682218798,0.03932043255151818,0.38873228322044817,0.2945186397565192,0.09421364346392896,0.08888404197789528,0.08653156432679679,0.0023524776510984863,false,false,none,none,"marginal gaussian (robust), per-axis q < 0.01",false,none
g0132,,drugA,10,6,strain,WT,mutant,WT | mutant,0.08360745043971463,-0.26873597108089164,0.35234342152060627,0.3416949310875871,1.46546243624305,-1.1237675051554628,0.08111302544972314,0.6719449685649723,-0.5908319431152492,false,false,none,none,"marginal gaussian (robust), per-axis q < 0.01",false,none
g0133,,drugA,10,6,strain,WT,mutant,WT | mutant,-0.005118237850815888,0.016498286700448617,-0.021616524551264504,0.017884279042127308,0.04038516484890195,-0.022500885806774642,0.0024226650687477953,0.011200796250271356,-0.008778131181523562,false,false,none,none,"marginal gaussian (robust), per-axis q < 0.01",false,none
g0134,,drugA,10,6,strain,WT,mutant,WT | mutant,1.1592996989014974,1.1109928337565975,0.0483068651448999,2.4165443665925466,3.167441072566342,-0.7508967059737954,1.4161448705738724,1.9249943030481718,-0.5088494324742994,true,true,up,up,"marginal gaussian (robust), per-axis q < 0.01",true,"up, up"
g0135,,drugA,10,6,strain,WT,mutant,WT | mutant,-0.3153340781619427,0.10609292227672995,-0.42142700043867265,1.3994062212477323,0.2511860003147407,1.1482202209329917,0.7212308821681247,0.07819845758439943,0.6430324245837252,false,false,none,none,"marginal gaussian (robust), per-axis q < 0.01",false,none
g0136,,drugA,10,6,strain,WT,mutant,WT | mutant,0.13000790984143507,0.1154880144286512,0.014519895412783868,0.3938220142335221,0.37696447325640026,0.016857540977121832,0.08888404197789528,0.11332840466829208,-0.024444362690396806,false,false,none,none,"marginal gaussian (robust), per-axis q < 0.01",false,none
g0137,,drugA,10,6,strain,WT,mutant,WT | mutant,0.07560007269373514,-0.18331165983989894,0.2589117325336341,0.4199392537844325,0.4780398441122264,-0.05810059032779391,0.08888404197789528,0.17344516784521183,-0.08456112586731655,false,false,none,none,"marginal gaussian (robust), per-axis q < 0.01",false,none
g0138,,drugA,10,6,strain,WT,mutant,WT | mutant,0.00421127213371264,0.05312687506076674,-0.0489156029270541,0.007182104284724666,0.09831423799797204,-0.09113213371324737,0.0024226650687477953,0.021370556748148452,-0.018947891679400655,false,false,none,none,"marginal gaussian (robust), per-axis q < 0.01",false,none
g0139,,drugA,10,6,strain,WT,mutant,WT | mutant,0.17409820985246682,-0.17086391210782814,0.34496212196029497,0.8440634202659074,0.3989966350166397,0.44506678524926774,0.3127107520522688,0.12879679692614326,0.18391395512612552,false,false,none,none,"marginal gaussian (robust), per-axis q < 0.01",false,none
g0140,,drugA,10,6,strain,WT,mutant,WT | mutant,-0.003915909547751006,-0.12303375553444784,0.11911784598669684,0.017372700862957755,0.41571365751912115,-0.39834095665616337,0.0024226650687477953,0.1377098329864588,-0.135287167917711,false,false,none,none,"marginal gaussian (robust), per-axis q < 0.01",false,none
g0141,,drugA,10,6,strain,WT,mutant,WT | mutant,0.0753036970264187,-0.13107618092168494,0.20637987794810364,0.5880501520385935,0.4812613547529847,0.10678879728560875,0.17807425140051586,0.1742738653700799,0.0038003860304359482,false,false,none,none,"marginal gaussian (robust), per-axis q < 0.01",false,none
g0142,,drugA,10,6,strain,WT,mutant,WT | mutant,-0.06281376419455498,0.12152738933124851,-0.1843411535258035,0.32587980709591313,1.0560487263923681,-0.730168919296455,0.07544269024354193,0.4456251715796036,-0.37018248133606163,false,false,none,none,"marginal gaussian (robust), per-axis q < 0.01",false,none
g0143,,drugA,10,6,strain,WT,mutant,WT | mutant,-0.30714129883061947,0.29834527250030174,-0.6054865713309212,0.7654301859951416,1.7350780507703945,-0.9696478647752529,0.27994536779067714,0.8779821626162415,-0.5980367948255644,false,false,none,none,"marginal gaussian (robust), per-axis q < 0.01",false,none
g0144,,drugA,10,6,strain,WT,mutant,WT | mutant,0.19264893356804258,-0.053999885352423505,0.24664881892046608,2.502077191123194,0.2625475310546547,2.2395296600685395,1.4287728207053774,0.08096188943455616,1.3478109312708213,false,false,none,none,"marginal gaussian (robust), per-axis q < 0.01",false,none
g0145,,drugA,10,6,strain,WT,mutant,WT | mutant,-0.09762984466880731,0.04357921571679668,-0.141209060385604,0.34273828840487164,0.1682206246943342,0.17451766371053745,0.08111302544972314,0.0462139680572709,0.03489905739245224,false,false,none,none,"marginal gaussian (robust), per-axis q < 0.01",false,none
g0146,,drugA,10,6,strain,WT,mutant,WT | mutant,-0.7451763455938778,-0.8605712306063218,0.11539488501244399,2.7440900602091163,1.5243235986094974,1.2197664615996189,1.5773640046290647,0.7155323900298994,0.8618316145991652,false,false,none,none,"marginal gaussian (robust), per-axis q < 0.01",false,none
g0147,,drugA,10,6,strain,WT,mutant,WT | mutant,0.15472956682145167,-0.12316387457553901,0.2778934413969907,0.28460518120270734,0.7541632969321638,-0.46955811572945644,0.05365679559488792,0.2884403650108246,-0.23478356941593667,false,false,none,none,"marginal gaussian (robust), per-axis q < 0.01",false,none
g0148,,drugA,10,6,strain,WT,mutant,WT | mutant,0.09214803656814574,-0.023097968928322388,0.11524600549646813,0.15116065671061352,0.07902765063600715,0.07213300607460636,0.04000331931299382,0.02086661878878987,0.01913670052420395,false,false,none,none,"marginal gaussian (robust), per-axis q < 0.01",false,none
g0149,,drugA,10,6,strain,WT,mutant,WT | mutant,-1.0321124369286743,-1.3437162557814624,0.3116038188527881,3.180958638448583,2.1414464816341607,1.039512156814422,1.802609386918287,1.22166727507193,0.5809421118463571,true,true,down,down,"marginal gaussian (robust), per-axis q < 0.01",true,"down, down"
g0150,,drugA,10,6,strain,WT,mutant,WT | mutant,-0.1309043007942421,0.24220287512941852,-0.3731071759236606,0.16451137318574777,2.404620425495884,-2.240109052310136,0.04038908944718994,1.4016270945460423,-1.3612380050988524,false,false,none,none,"marginal gaussian (robust), per-axis q < 0.01",false,none
g0151,,drugA,10,6,strain,WT,mutant,WT | mutant,-1.1584427592243598,-2.2771578442862452,1.1187150850618854,1.8133275748851325,4.126354572668393,-2.3130269977832603,1.0375709908854807,2.1823474208152236,-1.144776429929743,true,true,down,down,"marginal gaussian (robust), per-axis q < 0.01",true,"down, down"
g0152,,drugA,10,6,strain,WT,mutant,WT | mutant,-0.6359764380798474,-0.46798611189272776,-0.16799032618711962,1.9829401107971145,1.0068658879223826,0.9760742228747319,1.1342773901798244,0.4038832814891335,0.7303941086906909,false,false,none,none,"marginal gaussian (robust), per-axis q < 0.01",false,none
g0153,,drugA,10,6,strain,WT,mutant,WT | mutant,1.1083845406960098,0.9994127586873169,0.10897178200869284,4.372849782277208,1.22799642547083,3.1448533568063777,2.1092137136890994,0.5289131050772157,1.5803006086118838,true,false,up,none,"marginal gaussian (robust), per-axis q < 0.01",true,"up, up"
g0154,,drugA,10,6,strain,WT,mutant,WT | mutant,0.030372026440296906,-0.03210640896418582,0.062478435404482724,0.10453482981200812,0.2040600946938131,-0.09952526488180496,0.027007141037105258,0.06010401857268065,-0.033096877535575386,false,false,none,none,"marginal gaussian (robust), per-axis q < 0.01",false,none
g0155,,drugA,10,6,strain,WT,mutant,WT | mutant,0.16074527112293513,0.04696300475182369,0.11378226637111144,0.48741215266367144,0.19267479700202478,0.29473735566164666,0.12497414401537445,0.05642031438497226,0.06855382963040219,false,false,none,none,"marginal gaussian (robust), per-axis q < 0.01",false,none
g0156,,drugA,10,6,strain,WT,mutant,WT | mutant,-0.04523125382862858,-0.1605158502809516,0.11528459645232303,0.13124955923316609,0.45002841587630804,-0.318778856643142,0.036836913085098975,0.1601735167381382,-0.12333660365303922,false,false,none,none,"marginal gaussian (robust), per-axis q < 0.01",false,none
g0157,,drugA,10,6,strain,WT,mutant,WT | mutant,-0.20354426346289856,-0.01537537291818225,-0.1881688905447163,0.6916552667125798,0.05157290212949721,0.6400823645830827,0.24426049811625472,0.014536738748746527,0.2297237593675082,false,false,none,none,"marginal gaussian (robust), per-axis q < 0.01",false,none
g0158,,drugA,10,6,strain,WT,mutant,WT | mutant,0.047633377537725785,0.03770041249862732,0.009932965039098463,0.1274223948726719,0.09333971274770154,0.03408268212497036,0.036836913085098975,0.021370556748148452,0.015466356336950524,false,false,none,none,"marginal gaussian (robust), per-axis q < 0.01",false,none
g0159,,drugA,10,6,strain,WT,mutant,WT | mutant,-0.10515602087851317,0.08307167365257406,-0.18822769453108723,0.29595173584610657,0.3744298694874564,-0.07847813364134981,0.06169944494320804,0.11295986265585586,-0.051260417712647825,false,false,none,none,"marginal gaussian (robust), per-axis q < 0.01",false,none
g0160,,drugA,10,6,strain,WT,mutant,WT | mutant,0.10915866774493299,-0.015868069226592674,0.12502673697152566,0.3894866036504312,0.06274479064449852,0.3267418130059327,0.08888404197789528,0.016282754386929263,0.07260128759096601,false,false,none,none,"marginal gaussian (robust), per-axis q < 0.01",false,none
g0161,,drugA,10,6,strain,WT,mutant,WT | mutant,-0.27370981114713455,-0.025466899702531798,-0.24824291144460275,1.7156439865808775,0.07603109694752128,1.6396128896333562,0.9705218578706567,0.020567555026534876,0.9499543028441219,false,false,none,none,"marginal gaussian (robust), per-axis q < 0.01",false,none
g0162,,drugA,10,6,strain,WT,mutant,WT | mutant,-0.005235559410984081,-0.08411392273506291,0.07887836332407883,0.010402960639389868,0.6029582873651765,-0.5925553267257867,0.0024226650687477953,0.21210654902984805,-0.20968388396110024,false,false,none,none,"marginal gaussian (robust), per-axis q < 0.01",false,none
g0163,,drugA,10,6,strain,WT,mutant,WT | mutant,0.0690786344910368,-0.05546621830622378,0.12454485279726057,0.16282852712941792,0.3378502678857064,-0.17502174075628846,0.04038908944718994,0.09749958383093534,-0.057110494383745394,false,false,none,none,"marginal gaussian (robust), per-axis q < 0.01",false,none
g0164,,drugA,10,6,strain,WT,mutant,WT | mutant,0.15027902078693423,0.03200256859321016,0.11827645219372407,1.0346539110429318,0.08664580531026896,0.9480081057326628,0.44311570039054116,0.021370556748148452,0.4217451436423927,false,false,none,none,"marginal gaussian (robust), per-axis q < 0.01",false,none
g0165,,drugA,10,6,strain,WT,mutant,WT | mutant,-1.1754726664517294,-2.171363682300427,0.9958910158486978,2.484934769454357,4.685736172666203,-2.2008014032118455,1.425418683522174,2.4221001040780945,-0.9966814205559205,true,true,down,down,"marginal gaussian (robust), per-axis q < 0.01",true,"down, down"
g0166,,drugA,10,6,strain,WT,mutant,WT | mutant,-0.2809436892595141,-0.10711997374482252,-0.17382371551469156,0.726063598439707,0.3392529636874382,0.38681063475226884,0.26079094400383296,0.09749958383093534,0.16329136017289764,false,false,none,none,"marginal gaussian (robust), per-axis q < 0.01",false,none
g0167,,drugA,10,6,strain,WT,mutant,WT | mutant,0.11810307418619459,0.055763017976441454,0.062340056209753136,0.485520225611539,0.12669666241890007,0.358823563192639,0.12497414401537445,0.027413449615228968,0.09756069440014548,false,false,none,none,"marginal gaussian (robust), per-axis q < 0.01",false,none
g0168,,drugA,10,6,strain,WT,mutant,WT | mutant,0.1496293709757417,-0.04747479909821095,0.19710417007395264,0.7827054252180972,0.6338634255153995,0.14884199970269762,0.2862252227121694,0.2201637242574038,0.06606149845476558,false,false,none,none,"marginal gaussian (robust), per-axis q < 0.01",false,none
g0169,,drugA,10,6,strain,WT,mutant,WT | mutant,0.07207648472510453,0.1404579792280911,-0.06838149450298658,0.20183035897625567,0.2798519481469958,-0.07802158917074015,0.04038908944718994,0.08254180492092543,-0.04215271547373549,false,false,none,none,"marginal gaussian (robust), per-axis q < 0.01",false,none
g0170,,drugA,10,6,strain,WT,mutant,WT | mutant,0.04836988582843382,0.035068712337363195,0.013301173491070628,0.31505373696030053,0.1337846867581466,0.18126905020215395,0.0746701280059038,0.033011611491964535,0.04165851651393926,false,false,none,none,"marginal gaussian (robust), per-axis q < 0.01",false,none
g0171,,drugA,10,6,strain,WT,mutant,WT | mutant,-0.037189082885364044,-0.2338183523042705,0.19662926941890646,0.09424065655927526,0.904759988751642,-0.8105193321923667,0.023832425904884755,0.3783334857161265,-0.35450105981124175,false,false,none,none,"marginal gaussian (robust), per-axis q < 0.01",false,none
g0172,,drugA,10,6,strain,WT,mutant,WT | mutant,0.1111072310182184,-0.2092402542644365,0.3203474852826549,0.7055425633378779,0.5136942150695604,0.19184834826831754,0.2548198513926253,0.17900267556855062,0.07581717582407468,false,false,none,none,"marginal gaussian (robust), per-axis q < 0.01",false,none
g0173,,drugA,10,6,strain,WT,mutant,WT | mutant,0.20452770594120828,-0.014853148590264098,0.21938085453147238,0.36335366941889263,0.05483982549585616,0.3085138439230365,0.08111302544972314,0.015002747441513972,0.06611027800820916,false,false,none,none,"marginal gaussian (robust), per-axis q < 0.01",false,none
g0174,,drugA,10,6,strain,WT,mutant,WT | mutant,0.0047873834669767135,0.39389305094866156,-0.38910566748168485,0.013021812664109374,1.260004331586635,-1.2469825189225257,0.0024226650687477953,0.5404363073488023,-0.5380136422800545,false,false,none,none,"marginal gaussian (robust), per-axis q < 0.01",false,none
g0175,,drugA,10,6,strain,WT,mutant,WT | mutant,0.12580311396222932,0.25151048183511016,-0.12570736787288084,0.5768649387656025,1.3859487337840255,-0.809083795018423,0.1705613666087628,0.6136743590301901,-0.44311299242142727,false,false,none,none,"marginal gaussian (robust), per-axis q < 0.01",false,none
g0176,,drugA,10,6,strain,WT,mutant,WT | mutant,-0.07301125844579914,-0.0666437707118881,-0.006367487733911048,0.19742705102690597,0.16527582903576268,0.032151221991143286,0.04038908944718994,0.0462139680572709,-0.005824878610080957,false,false,none,none,"marginal gaussian (robust), per-axis q < 0.01",false,none
g0177,,drugA,10,6,strain,WT,mutant,WT | mutant,-0.062252091628783646,-0.1394888675074082,0.07723677587862454,0.17695665660060667,0.9106613110626554,-0.7337046544620487,0.04038908944718994,0.3783334857161265,-0.3379443962689366,false,false,none,none,"marginal gaussian (robust), per-axis q < 0.01",false,none
g0178,,drugA,10,6,strain,WT,mutant,WT | mutant,-1.0403467708663268,-0.8844153717477576,-0.15593139911856913,3.159873339059236,2.5312184570768697,0.6286548819823663,1.802609386918287,1.457914086659053,0.3446953002592341,true,false,down,none,"marginal gaussian (robust), per-axis q < 0.01",true,"down, down"
g0179,,drugA,10,6,strain,WT,mutant,WT | mutant,-0.1385180721142838,-0.12138248778404392,-0.017135584330239872,0.9313304664584685,0.8609806535764168,0.07034981288205167,0.35789047789887396,0.3573698297533818,0.0005206481454921863,false,false,none,none,"marginal gaussian (robust), per-axis q < 0.01",false,none
g0180,,drugA,10,6,strain,WT,mutant,WT | mutant,0.017390580205550066,0.14868241160057138,-0.13129183139502132,0.13260490571167735,0.33944975722015436,-0.206844851508477,0.036836913085098975,0.09749958383093534,-0.06066267074583636,false,false,none,none,"marginal gaussian (robust), per-axis q < 0.01",false,none
g0181,,drugA,10,6,strain,WT,mutant,WT | mutant,0.001983076515216453,-0.03134711546497826,0.03333019198019471,0.005482812215669436,0.08634953838183401,-0.08086672616616458,0.0020934856550716987,0.021370556748148452,-0.019277071093076754,false,false,none,none,"marginal gaussian (robust), per-axis q < 0.01",false,none
g0182,,drugA,10,6,strain,WT,mutant,WT | mutant,0.0272989610223906,0.14014362057291763,-0.11284465955052703,0.1116924668170273,0.6699554746120453,-0.558263007795018,0.028469031067243022,0.24200997751636277,-0.21354094644911975,false,false,none,none,"marginal gaussian (robust), per-axis q < 0.01",false,none
g0183,,drugA,10,6,strain,WT,mutant,WT | mutant,0.13956726675998787,-0.038039925838003086,0.17760719259799096,0.5565455812367379,0.0814888486604024,0.4750567325763355,0.16070539868563027,0.02086661878878987,0.1398387798968404,false,false,none,none,"marginal gaussian (robust), per-axis q < 0.01",false,none
g0184,,drugA,10,6,strain,WT,mutant,WT | mutant,-0.4963752070986942,-0.22541307914228526,-0.27096212795640895,2.0564530152789797,1.2243474495983289,0.8321055656806509,1.1993571271248267,0.5289131050772157,0.670444022047611,false,false,none,none,"marginal gaussian (robust), per-axis q < 0.01",false,none
g0185,,drugA,10,6,strain,WT,mutant,WT | mutant,-0.11841033325524464,0.06612900086309814,-0.18453933411834278,0.19554175208957625,0.25662674217057274,-0.06108499008099649,0.04038908944718994,0.07819845758439943,-0.03780936813720949,false,false,none,none,"marginal gaussian (robust), per-axis q < 0.01",false,none
g0186,,drugA,10,6,strain,WT,mutant,WT | mutant,0.01779844538910602,-0.05558192377479543,0.07338036916390145,0.06206854510600827,0.9035925058427993,-0.841523960736791,0.008767670419790263,0.3783334857161265,-0.36956581529633625,false,false,none,none,"marginal gaussian (robust), per-axis q < 0.01",false,none
g0187,,drugA,10,6,strain,WT,mutant,WT | mutant,-0.2505122848092025,-0.06262583101537444,-0.18788645379382807,0.7167365130259591,0.2031661559549389,0.5135703570710202,0.25746799656380914,0.06010401857268065,0.19736397799112848,false,false,none,none,"marginal gaussian (robust), per-axis q < 0.01",false,none
g0188,,drugA,10,6,strain,WT,mutant,WT | mutant,0.00962143032577778,-0.024038801408472033,0.03366023173424981,0.01942305160783543,0.03415818033994642,-0.01473512873211099,0.0024226650687477953,0.011200796250271356,-0.008778131181523562,false,false,none,none,"marginal gaussian (robust), per-axis q < 0.01",false,none
g0189,,drugA,10,6,strain,WT,mutant,WT | mutant,-0.7237289842041346,-0.7275258524492889,0.00379686824515435,1.36224353503075,0.9597037010628015,0.40253983396794857,0.695204562069102,0.3783334857161265,0.31687107635297546,false,false,none,none,"marginal gaussian (robust), per-axis q < 0.01",false,none
g0190,,drugA,10,6,strain,WT,mutant,WT | mutant,-0.05678717155812585,-0.03382168970179045,-0.0229654818563354,0.2345549137310819,0.055361068569346604,0.17919384516173528,0.04469050703757199,0.015002747441513972,0.02968775959605802,false,false,none,none,"marginal gaussian (robust), per-axis q < 0.01",false,none
g0191,,drugA,10,6,strain,WT,mutant,WT | mutant,1.1123988406147092,0.10578478766728949,1.0066140529474197,3.3980836179255807,0.25529352868622046,3.14279008923936,1.8187420861446393,0.07819845758439943,1.7405436285602398,true,false,up,none,"marginal gaussian (robust), per-axis q < 0.01",true,"up, —"
g0192,,drugA,10,6,strain,WT,mutant,WT | mutant,-0.0489100706476977,0.005044545072385276,-0.05395461572008298,0.13732444912903932,0.011441724535850427,0.1258827245931889,0.036836913085098975,0.006682285319873601,0.030154627765225372,false,false,none,none,"marginal gaussian (robust), per-axis q < 0.01",false,none
g0193,,drugA,10,6,strain,WT,mutant,WT | mutant,-0.0831911903690088,-0.1476489183747134,0.0644577280057046,0.2745212381420921,0.4483777768169833,-0.1738565386748912,0.049343882072617806,0.1601735167381382,-0.1108296346655204,false,false,none,none,"marginal gaussian (robust), per-axis q < 0.01",false,none
g0194,,drugA,10,6,strain,WT,mutant,WT | mutant,0.0748861343161007,0.026233659986324653,0.04865247432977604,0.32529389063739184,0.0801060717069666,0.24518781893042524,0.07544269024354193,0.02086661878878987,0.05457607145475206,false,false,none,none,"marginal gaussian (robust), per-axis q < 0.01",false,none
g0195,,drugA,10,6,strain,WT,mutant,WT | mutant,0.16508590552245472,-0.07034390360681897,0.2354298091292737,0.3417769990255609,0.1895692736632582,0.1522077253623027,0.08111302544972314,0.05626697357015621,0.024846051879566927,false,false,none,none,"marginal gaussian (robust), per-axis q < 0.01",false,none
g0196,,drugA,10,6,strain,WT,mutant,WT | mutant,-0.8613753869478824,-0.12126455086838739,-0.740110836079495,2.2627627375735133,0.27718732222947834,1.985575415344035,1.3509681458790102,0.08237251866270051,1.2685956272163097,false,false,none,none,"marginal gaussian (robust), per-axis q < 0.01",false,none
g0197,,drugA,10,6,strain,WT,mutant,WT | mutant,0.07806485385793849,0.03251657119253082,0.04554828266540767,0.5229312254836118,0.11189847908329276,0.41103274640031906,0.13724210852469199,0.022925237270053564,0.11431687125463842,false,false,none,none,"marginal gaussian (robust), per-axis q < 0.01",false,none
g0198,,drugA,10,6,strain,WT,mutant,WT | mutant,-0.105297082849237,0.1084901829675502,-0.2137872658167872,0.17255828868153764,0.4145741673083221,-0.24201587862678445,0.04038908944718994,0.1377098329864588,-0.09732074353926887,false,false,none,none,"marginal gaussian (robust), per-axis q < 0.01",false,none
g0199,,drugA,10,6,strain,WT,mutant,WT | mutant,-0.05313795299346147,-0.08797867437930673,0.034840721385845264,0.21105260468482812,0.5414068200475709,-0.3303542153627428,0.04038908944718994,0.18625577033811253,-0.14586668089092258,false,false,none,none,"marginal gaussian (robust), per-axis q < 0.01",false,none
g0200,,drugA,10,6,strain,WT,mutant,WT | mutant,-0.015272664988590812,-0.0143778914214856,-0.0008947735671052115,0.05500296706571809,,,0.006210746525307864,,,false,false,none,none,"marginal gaussian (robust), per-axis q < 0.01",false,none
g0201,,drugA,10,6,strain,WT,mutant,WT | mutant,0.0760332827238912,0.26967463937299563,-0.19364135664910442,0.13527409243676475,0.6832589797357431,-0.5479848872989783,0.036836913085098975,0.25213182385387123,-0.21529491076877225,false,false,none,none,"marginal gaussian (robust), per-axis q < 0.01",false,none
g0202,,drugA,10,6,strain,WT,mutant,WT | mutant,0.06513451749252042,0.011134636066431725,0.05399988142608869,0.36741145478106296,0.04422210514958823,0.3231893496314747,0.08111302544972314,0.011200796250271356,0.06991222919945178,false,false,none,none,"marginal gaussian (robust), per-axis q < 0.01",false,none
g0203,,drugA,10,6,strain,WT,mutant,WT | mutant,-0.20805491255865505,-0.032393185656943047,-0.175661726901712,0.8447612893642105,0.08217970062163145,0.762581588742579,0.3127107520522688,0.02086661878878987,0.2918441332634789,false,false,none,none,"marginal gaussian (robust), per-axis q < 0.01",false,none
g0204,,drugA,10,6,strain,WT,mutant,WT | mutant,0.04922086662031511,-0.17726411351566895,0.22648498013598406,0.25077709162740125,0.9417389175606863,-0.690961825933285,0.04507322777584579,0.3783334857161265,-0.33326025794028075,false,false,none,none,"marginal gaussian (robust), per-axis q < 0.01",false,none
g0205,,drugA,10,6,strain,WT,mutant,WT | mutant,-0.07820561864163711,-0.11313748112926447,0.03493186248762736,0.296784168116203,0.2062472324762093,0.09053693563999371,0.06169944494320804,0.06010401857268065,0.0015954263705273905,false,false,none,none,"marginal gaussian (robust), per-axis q < 0.01",false,none
g0206,,drugA,10,6,strain,WT,mutant,WT | mutant,-0.9522030519688904,-1.0679751680892764,0.11577211612038596,1.7082526478018012,3.5581625300776123,-1.849909882275811,0.9696613862505383,1.9934964658255228,-1.0238350795749844,false,true,none,down,"marginal gaussian (robust), per-axis q < 0.01",true,"down, down"
g0207,,drugA,10,6,strain,WT,mutant,WT | mutant,-1.316953024559747,-1.2342459719442243,-0.08270705261552269,2.368233012135102,2.4404051940189544,-0.07217218188385255,1.405626939210975,1.4016270945460423,0.00399984466493275,true,true,down,down,"marginal gaussian (robust), per-axis q < 0.01",true,"down, down"
g0208,,drugA,10,6,strain,WT,mutant,WT | mutant,0.09215729666751393,0.05910142974125954,0.033055866926254396,0.21502256465507302,0.32638976854042295,-0.11136720388534993,0.04038908944718994,0.09638806153730217,-0.05599897209011223,false,false,none,none,"marginal gaussian (robust), per-axis q < 0.01",false,none
g0209,,drugA,10,6,strain,WT,mutant,WT | mutant,0.07802426839445431,-0.15092220735839135,0.22894647575284566,0.4004386009062428,1.0808743853210983,-0.6804357844148554,0.08888404197789528,0.46559832771392173,-0.37671428573602644,false,false,none,none,"marginal gaussian (robust), per-axis q < 0.01",false,none
g0210,,drugA,10,6,strain,WT,mutant,WT | mutant,1.129531608385749,1.12474489407251,0.00478671431323896,4.494721159910318,3.2367597009564975,1.2579614589538206,2.1092137136890994,1.928858036838089,0.1803556768510104,true,true,up,up,"marginal gaussian (robust), per-axis q < 0.01",true,"up, up"
g0211,,drugA,10,6,strain,WT,mutant,WT | mutant,-0.015479953416734915,-0.04007002198040688,0.024590068563671963,0.06060032463081129,0.11047004680248042,-0.04986972217166913,0.008767670419790263,0.022925237270053564,-0.0141575668502633,false,false,none,none,"marginal gaussian (robust), per-axis q < 0.01",false,none
g0212,,drugA,10,6,strain,WT,mutant,WT | mutant,-0.007885397870662558,-0.029981085237654526,0.022095687366991967,0.0178665496433794,0.06243487876113108,-0.04456832911775168,0.0024226650687477953,0.016282754386929263,-0.013860089318181468,false,false,none,none,"marginal gaussian (robust), per-axis q < 0.01",false,none
g0213,,drugA,10,6,strain,WT,mutant,WT | mutant,-0.04727853174459007,-0.07081750935205822,0.023538977607468148,0.11974870606806044,0.28873995226022586,-0.16899124619216543,0.03364913740981444,0.08653156432679679,-0.05288242691698235,false,false,none,none,"marginal gaussian (robust), per-axis q < 0.01",false,none
g0214,,drugA,10,6,strain,WT,mutant,WT | mutant,-0.8540689809470932,-1.8373054781368348,0.9832364971897416,2.617260694684722,3.074261235798136,-0.4570005411134139,1.4997526617748522,1.8604662629713244,-0.3607136011964722,false,true,none,down,"marginal gaussian (robust), per-axis q < 0.01",true,"down, down"
g0215,,drugA,10,6,strain,WT,mutant,WT | mutant,0.10925103749695353,-0.17275050075204046,0.282001538248994,0.6214542977760817,1.092575128887232,-0.47112083111115033,0.19835942945981752,0.4723917367853112,-0.27403230732549366,false,false,none,none,"marginal gaussian (robust), per-axis q < 0.01",false,none
g0216,,drugA,10,6,strain,WT,mutant,WT | mutant,-0.1614216190927884,-0.019970720601111935,-0.14145089849167647,0.8646893964746853,0.07435512695439452,0.7903342695202908,0.3212126312925341,0.020234072908917374,0.3009785583836167,false,false,none,none,"marginal gaussian (robust), per-axis q < 0.01",false,none
g0217,,drugA,10,6,strain,WT,mutant,WT | mutant,-0.08745473684604477,0.09302740154280364,-0.1804821383888484,0.25817329205416867,0.3220086982809603,-0.06383540622679162,0.04638218478741876,0.09638806153730217,-0.05000587674988341,false,false,none,none,"marginal gaussian (robust), per-axis q < 0.01",false,none
g0218,,drugA,10,6,strain,WT,mutant,WT | mutant,0.025283456336095078,0.11966144215223551,-0.09437798581614043,0.04213320472675999,0.304430782966932,-0.26229757824017197,0.0024226650687477953,0.08653156432679679,-0.084108899258049,false,false,none,none,"marginal gaussian (robust), per-axis q < 0.01",false,none
g0219,,drugA,10,6,strain,WT,mutant,WT | mutant,0.06876241056352761,0.05118852929116713,0.01757388127236048,0.20016380669963066,0.19133409863465362,0.008829708064977043,0.04038908944718994,0.05642031438497226,-0.01603122493778232,false,false,none,none,"marginal gaussian (robust), per-axis q < 0.01",false,none
g0220,,drugA,10,6,strain,WT,mutant,WT | mutant,-0.05255393346304693,-0.1664779435578687,0.11392401009482178,0.19983837400632729,0.5837621688954096,-0.38392379488908224,0.04038908944718994,0.21210654902984805,-0.1717174595826581,false,false,none,none,"marginal gaussian (robust), per-axis q < 0.01",false,none
g0221,,drugA,10,6,strain,WT,mutant,WT | mutant,0.11847023498746978,0.13558498419389764,-0.01711474920642786,0.6273024199707774,0.5580920817217279,0.06921033824904954,0.1993569228750948,0.19940489731781894,-0.00004797444272414131,false,false,none,none,"marginal gaussian (robust), per-axis q < 0.01",false,none
g0222,,drugA,10,6,strain,WT,mutant,WT | mutant,-0.005892921174345922,0.07155162076937405,-0.07744454194371997,0.0177399515480682,0.19154936380936885,-0.17380941226130064,0.0024226650687477953,0.05642031438497226,-0.053997649316224465,false,false,none,none,"marginal gaussian (robust), per-axis q < 0.01",false,none
g0223,,drugA,10,6,strain,WT,mutant,WT | mutant,0.04070467850376858,0.0787646033223659,-0.038059924818597324,0.1485915122345782,0.3485755973798741,-0.1999840851452959,0.04000331931299382,0.09987987858470253,-0.05987655927170871,false,false,none,none,"marginal gaussian (robust), per-axis q < 0.01",false,none
g0224,,drugA,10,6,strain,WT,mutant,WT | mutant,-0.02347622080984202,0.0887390146745588,-0.11221523548440082,0.07724724288245687,0.6017953243203007,-0.5245480814378438,0.015008298614800254,0.21210654902984805,-0.1970982504150478,false,false,none,none,"marginal gaussian (robust), per-axis q < 0.01",false,none
g0225,,drugA,10,6,strain,WT,mutant,WT | mutant,-0.055647570737660246,-0.00980653490291239,-0.045841035834747856,0.12328579293904181,0.06450368722447626,0.05878210571456555,0.03574098340661485,0.016282754386929263,0.019458229019685587,false,false,none,none,"marginal gaussian (robust), per-axis q < 0.01",false,none
g0226,,drugA,10,6,strain,WT,mutant,WT | mutant,-0.19447115898851486,0.15129749160447226,-0.3457686505929871,0.7330646935926362,0.36261031970890895,0.3704543738837272,0.26079094400383296,0.10351318557343037,0.1572777584304026,false,false,none,none,"marginal gaussian (robust), per-axis q < 0.01",false,none
g0227,,drugA,10,6,strain,WT,mutant,WT | mutant,-0.05041466395340244,-0.14530632796208565,0.09489166400868321,0.1728314437688611,1.16704196597266,-0.994210522203799,0.04038908944718994,0.5002724937606934,-0.45988340431350344,false,false,none,none,"marginal gaussian (robust), per-axis q < 0.01",false,none
g0228,,drugA,10,6,strain,WT,mutant,WT | mutant,0.03063610883837864,0.128773600282301,-0.09813749144392236,0.1474853891074889,0.2931185586990531,-0.14563316959156422,0.04000331931299382,0.08653156432679679,-0.04652824501380297,false,false,none,none,"marginal gaussian (robust), per-axis q < 0.01",false,none
g0229,,drugA,10,6,strain,WT,mutant,WT | mutant,-1.167469606062002,-0.17654061230517115,-0.9909289937568309,3.3362802377312906,1.2163119874099253,2.1199682503213655,1.8187420861446393,0.526707186549536,1.2920348995951034,true,false,down,none,"marginal gaussian (robust), per-axis q < 0.01",true,"down, —"
g0230,,drugA,10,6,strain,WT,mutant,WT | mutant,0.03767216641585058,-0.0778394028967675,0.11551156931261808,0.07794754001451568,0.2881435758840955,-0.21019603586957983,0.015008298614800254,0.08653156432679679,-0.07152326571199653,false,false,none,none,"marginal gaussian (robust), per-axis q < 0.01",false,none
g0231,,drugA,10,6,strain,WT,mutant,WT | mutant,0.14091321858181693,0.19143049861986405,-0.05051728003804712,0.8439530608174084,0.3161559906387479,0.5277970701786605,0.3127107520522688,0.09588220007176924,0.21682855198049955,false,false,none,none,"marginal gaussian (robust), per-axis q < 0.01",false,none
g0232,,drugA,10,6,strain,WT,mutant,WT | mutant,-0.4098267888320315,-0.6901581623202322,0.2803313734882007,1.1146527021887653,2.533541384331248,-1.4188886821424829,0.5042291473760008,1.457914086659053,-0.9536849392830522,false,false,none,none,"marginal gaussian (robust), per-axis q < 0.01",false,none
g0233,,drugA,10,6,strain,WT,mutant,WT | mutant,-0.08640533479632673,-0.13063282867524428,0.044227493878917556,0.14140786414484527,0.8937815272980343,-0.752373663153189,0.037639642649303764,0.3783334857161265,-0.34069384306682277,false,false,none,none,"marginal gaussian (robust), per-axis q < 0.01",false,none
g0234,,drugA,10,6,strain,WT,mutant,WT | mutant,0.2733341970079799,0.3093787455053594,-0.03604454849737948,0.7422842029052756,0.6613745072189722,0.08090969568630346,0.2639779693279346,0.2365875293681194,0.027390439959815216,false,false,none,none,"marginal gaussian (robust), per-axis q < 0.01",false,none
g0235,,drugA,10,6,strain,WT,mutant,WT | mutant,-0.09436714190352014,0.08609791297506142,-0.18046505487858155,0.3404277202551887,0.31863144496718526,0.02179627528800343,0.08111302544972314,0.09638806153730217,-0.015275036087579033,false,false,none,none,"marginal gaussian (robust), per-axis q < 0.01",false,none
g0236,,drugA,10,6,strain,WT,mutant,WT | mutant,0.19554748810126643,0.13089179816541296,0.06465568993585347,0.7262190387105943,0.32498564503289235,0.401233393677702,0.26079094400383296,0.09638806153730217,0.1644028824665308,false,false,none,none,"marginal gaussian (robust), per-axis q < 0.01",false,none
g0237,,drugA,10,6,strain,WT,mutant,WT | mutant,1.3488261795098362,1.9801952274118007,-0.6313690479019645,3.3024657449791195,2.9423259647261006,0.36013978025301885,1.8187420861446393,1.775599909146049,0.04314217699859024,true,true,up,up,"marginal gaussian (robust), per-axis q < 0.01",true,"up, up"
g0238,,drugA,10,6,strain,WT,mutant,WT | mutant,0.00004003718510503518,-0.19762753008450762,0.19766756726961265,0.00010747817516988414,0.8292053275643181,-0.8290978493891482,0.00010747817516983589,0.33272512505839036,-0.33261764688322054,false,false,none,none,"marginal gaussian (robust), per-axis q < 0.01",false,none
g0239,,drugA,10,6,strain,WT,mutant,WT | mutant,-0.07715516313407011,0.23779592981381903,-0.31495109294788914,0.1642245573114047,0.4166396102534334,-0.2524150529420287,0.04038908944718994,0.1377098329864588,-0.09732074353926887,false,false,none,none,"marginal gaussian (robust), per-axis q < 0.01",false,none
g0240,,drugA,10,6,strain,WT,mutant,WT | mutant,0.03621487844633542,-0.047556966860775596,0.08377184530711101,0.09954194749786854,0.8844690003553608,-0.7849270528574923,0.026237577080051894,0.3728813795866911,-0.3466438025066392,false,false,none,none,"marginal gaussian (robust), per-axis q < 0.01",false,none
g0241,,drugA,10,6,strain,WT,mutant,WT | mutant,-0.09668446296101241,-0.27316041105373934,0.17647594809272693,0.5037767802014579,1.1104642065717527,-0.6066874263702948,0.12944241411966012,0.4733430843039321,-0.343900670184272,false,false,none,none,"marginal gaussian (robust), per-axis q < 0.01",false,none
g0242,,drugA,10,6,strain,WT,mutant,WT | mutant,1.3297118672692143,0.2563552383301495,1.0733566289390648,2.310330908948005,1.1874370338261915,1.1228938751218134,1.368914135093816,0.5141103191851955,0.8548038159086206,true,false,up,none,"marginal gaussian (robust), per-axis q < 0.01",true,"up, —"
g0243,,drugA,10,6,strain,WT,mutant,WT | mutant,-0.7521452580404757,-0.661979920103156,-0.09016533793731973,1.773847579176176,2.7007517070436062,-0.9269041278674301,1.0153614889079738,1.5984836406904728,-0.5831221517824989,false,false,none,none,"marginal gaussian (robust), per-axis q < 0.01",false,none
g0244,,drugA,10,6,strain,WT,mutant,WT | mutant,0.029818544030456806,-0.08163935094394947,0.11145789497440628,0.07518658407719819,0.20518231961186642,-0.12999573553466823,0.014311202882289962,0.06010401857268065,-0.04579281569039069,false,false,none,none,"marginal gaussian (robust), per-axis q < 0.01",false,none
g0245,,drugA,10,6,strain,WT,mutant,WT | mutant,0.060257606779999584,-0.14721958985425854,0.20747719663425812,0.29902354858708474,0.9083956364890642,-0.6093720879019795,0.06169944494320804,0.3783334857161265,-0.31663404077291846,false,false,none,none,"marginal gaussian (robust), per-axis q < 0.01",false,none
g0246,,drugA,10,6,strain,WT,mutant,WT | mutant,-0.057573118842856985,0.03763801130419964,-0.09521113014705662,0.14678748683109083,0.09383190875253482,0.05295557807855601,0.04000331931299382,0.021370556748148452,0.01863276256484537,false,false,none,none,"marginal gaussian (robust), per-axis q < 0.01",false,none
g0247,,drugA,10,6,strain,WT,mutant,WT | mutant,0.1498857353720826,0.05645154892230586,0.09343418644977675,0.4967084754232404,0.1868069336749715,0.3099015417482689,0.12516700952561272,0.05511016029728787,0.07005684922832484,false,false,none,none,"marginal gaussian (robust), per-axis q < 0.01",false,none
g0248,,drugA,10,6,strain,WT,mutant,WT | mutant,-0.2987639816750267,-0.16732701804059857,-0.13143696363442814,1.5602184228139473,0.7071761729284746,0.8530422498854727,0.8576489485090713,0.26054144394940926,0.597107504559662,false,false,none,none,"marginal gaussian (robust), per-axis q < 0.01",false,none
g0249,,drugA,10,6,strain,WT,mutant,WT | mutant,-0.04340707497872387,0.0524367046956975,-0.09584377967442137,0.23817712989740064,0.14372685967711876,0.09445027022028188,0.04469050703757199,0.035426828554072406,0.009263678483499585,false,false,none,none,"marginal gaussian (robust), per-axis q < 0.01",false,none
g0250,,drugA,10,6,strain,WT,mutant,WT | mutant,-1.32040559628056,-0.23990611765074377,-1.0804994786298163,2.5066795036919767,0.7529865597904056,1.7536929439015712,1.4287728207053774,0.2884403650108246,1.1403324556945527,true,false,down,none,"marginal gaussian (robust), per-axis q < 0.01",true,"down, —"
g0251,,drugA,10,6,strain,WT,mutant,WT | mutant,-0.17875704251201796,0.24034656656876674,-0.4191036090807847,0.37424784744238704,0.5745327700891165,-0.20028492264672948,0.08142338972679662,0.20847450200263176,-0.12705111227583515,false,false,none,none,"marginal gaussian (robust), per-axis q < 0.01",false,none
g0252,,drugA,10,6,strain,WT,mutant,WT | mutant,0.24128248933925178,0.049600222449422304,0.19168226688982948,1.6069095812158622,0.1189775123835308,1.4879320688323314,0.8873415569780296,0.024205958255873357,0.8631355987221563,false,false,none,none,"marginal gaussian (robust), per-axis q < 0.01",false,none
g0253,,drugA,10,6,strain,WT,mutant,WT | mutant,-0.2215148604357733,0.05325603761646569,-0.274770898052239,0.6434913324059086,0.0883937490893766,0.555097583316532,0.20267690912090497,0.021370556748148452,0.18130635237275652,false,false,none,none,"marginal gaussian (robust), per-axis q < 0.01",false,none
g0254,,drugA,10,6,strain,WT,mutant,WT | mutant,-0.1431052045882577,0.01861502840217888,-0.16172023299043659,0.4180927995497957,0.08052660597775006,0.33756619357204565,0.08888404197789528,0.02086661878878987,0.0680174231891054,false,false,none,none,"marginal gaussian (robust), per-axis q < 0.01",false,none
g0255,,drugA,10,6,strain,WT,mutant,WT | mutant,-0.5159130251715309,-0.06546243166652754,-0.4504505935050034,1.7176670811632417,0.15654427411384217,1.5611228070493997,0.9705218578706567,0.04510353221202352,0.9254183256586331,false,false,none,none,"marginal gaussian (robust), per-axis q < 0.01",false,none
g0256,,drugA,10,6,strain,WT,mutant,WT | mutant,-0.022233213624101467,0.2575910947811586,-0.27982430840526007,0.04464230000730887,0.6294937510444313,-0.5848514510371224,0.0024226650687477953,0.2201637242574038,-0.217741059188656,false,false,none,none,"marginal gaussian (robust), per-axis q < 0.01",false,none
g0257,,drugA,10,6,strain,WT,mutant,WT | mutant,-0.8495729946713011,-0.9097507615853031,0.06017776691400201,2.9703389408992265,2.22657600588611,0.7437629350131165,1.7067028723111182,1.274693798353756,0.4320090739573621,false,false,none,none,"marginal gaussian (robust), per-axis q < 0.01",false,none
g0258,,drugA,10,6,strain,WT,mutant,WT | mutant,-0.024782110818838632,0.14048721142567278,-0.1652693222445114,0.06647379784863448,0.7837452877825908,-0.7172714899339563,0.00966360529237602,0.30232869023002623,-0.2926650849376502,false,false,none,none,"marginal gaussian (robust), per-axis q < 0.01",false,none
g0259,,drugA,10,6,strain,WT,mutant,WT | mutant,0.06847840313197295,-0.15190225487326003,0.220380658005233,0.11399575730154915,0.4710656615870677,-0.35706990428551855,0.029336636006610455,0.16885068706540785,-0.13951405105879738,false,false,none,none,"marginal gaussian (robust), per-axis q < 0.01",false,none
g0260,,drugA,10,6,strain,WT,mutant,WT | mutant,-0.04753853740043823,-0.26547281643796694,0.2179342790375287,0.10773686806032028,1.458459782433418,-1.3507229143730977,0.02737064315501684,0.6719449685649723,-0.6445743254099555,false,false,none,none,"marginal gaussian (robust), per-axis q < 0.01",false,none
g0261,,drugA,10,6,strain,WT,mutant,WT | mutant,0.0806781155668066,-0.10745014416676746,0.18812825973357405,0.3918230976680728,0.5336197644068065,-0.1417966667387337,0.08888404197789528,0.18360165709881307,-0.0947176151209178,false,false,none,none,"marginal gaussian (robust), per-axis q < 0.01",false,none
g0262,,drugA,10,6,strain,WT,mutant,WT | mutant,0.07014058089162223,-0.05842137280644266,0.1285619536980649,0.24240858240260496,0.4934210589997345,-0.25101247659712955,0.04469050703757199,0.1742738653700799,-0.12958335833250792,false,false,none,none,"marginal gaussian (robust), per-axis q < 0.01",false,none
g0263,,drugA,10,6,strain,WT,mutant,WT | mutant,0.006936357782731051,-0.12412448611062565,0.1310608438933567,0.026404757255048966,0.8937898869692964,-0.8673851297142474,0.0024226650687477953,0.3783334857161265,-0.37591082064737874,false,false,none,none,"marginal gaussian (robust), per-axis q < 0.01",false,none
g0264,,drugA,10,6,strain,WT,mutant,WT | mutant,-0.15403994117946773,-0.16388535337570787,0.009845412196240133,0.4762884601369416,0.9012681133573573,-0.42497965322041575,0.118448271916702,0.3783334857161265,-0.25988521379942453,false,false,none,none,"marginal gaussian (robust), per-axis q < 0.01",false,none
g0265,,drugA,10,6,strain,WT,mutant,WT | mutant,0.03482732187887194,-0.18274857286081847,0.2175758947396904,0.15971723683927297,0.7002201767631602,-0.5405029399238872,0.04038908944718994,0.26054144394940926,-0.22015235450221932,false,false,none,none,"marginal gaussian (robust), per-axis q < 0.01",false,none
g0266,,drugA,10,6,strain,WT,mutant,WT | mutant,0.1907686660210257,-0.06572505653384741,0.2564937225548731,0.6013364821301328,0.27407824693253735,0.32725823519759545,0.18345499957274927,0.08237251866270051,0.10108248091004876,false,false,none,none,"marginal gaussian (robust), per-axis q < 0.01",false,none
g0267,,drugA,10,6,strain,WT,mutant,WT | mutant,-0.16033744861853805,-0.00959350432757411,-0.15074394429096394,0.5989019511694587,0.02048433146120679,0.5784176197082519,0.18345499957274927,0.009772243843425753,0.1736827557293235,false,false,none,none,"marginal gaussian (robust), per-axis q < 0.01",false,none
g0268,,drugA,10,6,strain,WT,mutant,WT | mutant,-1.0691654039037282,-0.9893519700851865,-0.07981343381854167,2.723687702950172,3.255720258184777,-0.532032555234605,1.5739949866689003,1.928858036838089,-0.35486305016918873,true,false,down,none,"marginal gaussian (robust), per-axis q < 0.01",true,"down, down"
g0269,,drugA,10,6,strain,WT,mutant,WT | mutant,-0.6679948001567766,-0.9442144495984142,0.27621964944163757,2.3979215036944983,2.1331208255486755,0.26480067814582275,1.4161448705738724,1.22166727507193,0.19447759550194244,false,false,none,none,"marginal gaussian (robust), per-axis q < 0.01",false,none
g0270,,drugA,10,6,strain,WT,mutant,WT | mutant,-0.006303630346747191,-0.17271210406214,0.1664084737153928,0.025289178934005386,0.9711461194395201,-0.9458569405055147,0.0024226650687477953,0.37960790878712936,-0.3771852437183816,false,false,none,none,"marginal gaussian (robust), per-axis q < 0.01",false,none
g0271,,drugA,10,6,strain,WT,mutant,WT | mutant,1.16656330663624,1.0329962680773015,0.13356703855893848,1.3080901708491477,2.4070932853451077,-1.09900311449596,0.6625021989731323,1.4016270945460423,-0.73912489557291,true,true,up,up,"marginal gaussian (robust), per-axis q < 0.01",true,"up, up"
g0272,,drugA,10,6,strain,WT,mutant,WT | mutant,1.3411224679105338,1.16302908874097,0.1780933791695638,3.397258430375721,1.817040886833197,1.580217543542524,1.8187420861446393,0.9513448269171266,0.8673972592275127,true,true,up,up,"marginal gaussian (robust), per-axis q < 0.01",true,"up, up"
g0273,,drugA,10,6,strain,WT,mutant,WT | mutant,-0.009644422148455511,-0.038127848028615574,0.028483425880160063,0.06655545886157564,0.09392247410728559,-0.027367015245709947,0.00966360529237602,0.021370556748148452,-0.011706951455772432,false,false,none,none,"marginal gaussian (robust), per-axis q < 0.01",false,none
g0274,,drugA,10,6,strain,WT,mutant,WT | mutant,0.014472239348290117,-0.03687286652574251,0.051345105874032626,0.03832827965875945,0.2618125877062143,-0.22348430804745484,0.0024226650687477953,0.08096188943455616,-0.07853922436580837,false,false,none,none,"marginal gaussian (robust), per-axis q < 0.01",false,none
g0275,,drugA,10,6,strain,WT,mutant,WT | mutant,0.13074486569548682,0.036276252899496875,0.09446861279598995,1.020270561146635,0.13969589611735875,0.8805746650292762,0.43332810218339335,0.03410305434697702,0.3992250478364163,false,false,none,none,"marginal gaussian (robust), per-axis q < 0.01",false,none
g0276,,drugA,10,6,strain,WT,mutant,WT | mutant,0.11910293593356869,-0.21501195080028346,0.33411488673385215,0.7115443505166495,0.4093013147238784,0.3022430357927712,0.25746799656380914,0.13466986183430707,0.12279813472950207,false,false,none,none,"marginal gaussian (robust), per-axis q < 0.01",false,none
g0277,,drugA,10,6,strain,WT,mutant,WT | mutant,-0.0891348255652451,-0.2898567194919064,0.2007218939266613,0.1807394944362862,0.9114828466404189,-0.7307433522041327,0.04038908944718994,0.3783334857161265,-0.3379443962689366,false,false,none,none,"marginal gaussian (robust), per-axis q < 0.01",false,none
g0278,,drugA,10,6,strain,WT,mutant,WT | mutant,0.2974599245345253,0.8602027755634527,-0.5627428510289274,1.7781307085878868,2.78759012892573,-1.009459420337843,1.0153614889079738,1.6700820960158596,-0.6547206071078857,false,false,none,none,"marginal gaussian (robust), per-axis q < 0.01",false,none
g0279,,drugA,10,6,strain,WT,mutant,WT | mutant,0.0038267854848470506,0.11786869057558391,-0.11404190509073686,0.010273518478992582,0.8701456518297734,-0.8598721333507808,0.0024226650687477953,0.3623844389141566,-0.35996177384540884,false,false,none,none,"marginal gaussian (robust), per-axis q < 0.01",false,none
g0280,,drugA,10,6,strain,WT,mutant,WT | mutant,-0.05747220065591652,0.09259482262558194,-0.15006702328149846,0.2684320677439797,0.9053888125734326,-0.6369567448294529,0.049343882072617806,0.3783334857161265,-0.3289896036435087,false,false,none,none,"marginal gaussian (robust), per-axis q < 0.01",false,none
g0281,,drugA,10,6,strain,WT,mutant,WT | mutant,0.05960532980724498,0.09771143412947758,-0.0381061043222326,0.45121466075800765,0.39191665267449743,0.05929800808351021,0.10139244455361629,0.12391577868393916,-0.02252333413032287,false,false,none,none,"marginal gaussian (robust), per-axis q < 0.01",false,none
g0282,,drugA,10,6,strain,WT,mutant,WT | mutant,-0.011946152757557726,-0.09931768741171432,0.08737153465415659,0.062184232049542314,0.26682734120318385,-0.20464310915364153,0.008767670419790263,0.08237251866270051,-0.07360484824291025,false,false,none,none,"marginal gaussian (robust), per-axis q < 0.01",false,none
g0283,,drugA,10,6,strain,WT,mutant,WT | mutant,-0.2393748512035394,-0.0734836941777921,-0.1658911570257473,1.3486345314139847,0.2689151435497841,1.0797193878642006,0.6870584541538389,0.08237251866270051,0.6046859354911385,false,false,none,none,"marginal gaussian (robust), per-axis q < 0.01",false,none
g0284,,drugA,10,6,strain,WT,mutant,WT | mutant,-0.27822636929490585,-0.6285667423343337,0.3503403730394279,1.1631929442414908,0.5866546679982217,0.576538276243269,0.5380461326080199,0.21210654902984805,0.3259395835781719,false,false,none,none,"marginal gaussian (robust), per-axis q < 0.01",false,none
g0285,,drugA,10,6,strain,WT,mutant,WT | mutant,-0.08449738817763475,0.02432375639719364,-0.10882114457482839,0.24801145601034225,0.07606320087997545,0.1719482551303668,0.04507322777584579,0.020567555026534876,0.024505672749310915,false,false,none,none,"marginal gaussian (robust), per-axis q < 0.01",false,none
g0286,,drugA,10,6,strain,WT,mutant,WT | mutant,0.06384139701794211,0.0766067564625601,-0.012765359444617985,0.508810133317902,0.16187627068633903,0.346933862631563,0.12944241411966012,0.045916526339329605,0.08352588778033052,false,false,none,none,"marginal gaussian (robust), per-axis q < 0.01",false,none
g0287,,drugA,10,6,strain,WT,mutant,WT | mutant,0.20709917374381526,-0.133844376532962,0.34094355027677725,0.5369723061672802,0.5702998123051921,-0.03332750613791191,0.14673748669920755,0.20703087237355433,-0.06029338567434678,false,false,none,none,"marginal gaussian (robust), per-axis q < 0.01",false,none
g0288,,drugA,10,6,strain,WT,mutant,WT | mutant,-0.16848637725737703,0.08526501783564111,-0.25375139509301814,0.8309988996725796,0.37777904951850877,0.4532198501540708,0.30907889622840684,0.11332840466829208,0.19575049156011476,false,false,none,none,"marginal gaussian (robust), per-axis q < 0.01",false,none
g0289,,drugA,10,6,strain,WT,mutant,WT | mutant,-0.16004957007286524,-0.06768604201260775,-0.0923635280602575,0.5353122918956157,0.17884708931012142,0.3564652025854943,0.14673748669920755,0.048749929092230825,0.09798755760697672,false,false,none,none,"marginal gaussian (robust), per-axis q < 0.01",false,none
g0290,,drugA,10,6,strain,WT,mutant,WT | mutant,0.07757030768303252,0.06310757044571602,0.014462737237316503,0.39362456649784633,0.23547682484553786,0.15814774165230847,0.08888404197789528,0.07172624829345997,0.017157793684435305,false,false,none,none,"marginal gaussian (robust), per-axis q < 0.01",false,none
g0291,,drugA,10,6,strain,WT,mutant,WT | mutant,0.2707409071636011,-0.022556903608855983,0.2932978107724571,0.7250864631383593,0.06845027900332115,0.6566361841350382,0.26079094400383296,0.01700181481917085,0.2437891291846621,false,false,none,none,"marginal gaussian (robust), per-axis q < 0.01",false,none
g0292,,drugA,10,6,strain,WT,mutant,WT | mutant,0.14872088770991354,0.04164865645842397,0.10707223125148957,0.40257833774840446,0.1156056493425258,0.28697268840587864,0.08888404197789528,0.023696034407648777,0.0651880075702465,false,false,none,none,"marginal gaussian (robust), per-axis q < 0.01",false,none
g0293,,drugA,10,6,strain,WT,mutant,WT | mutant,-0.43114060073048677,-0.5653097021229545,0.13416910139246774,3.5006893566407564,3.49804242162995,0.0026469350108064837,1.8187420861446393,1.9842330044698027,-0.16549091832516338,false,false,none,none,"marginal gaussian (robust), per-axis q < 0.01",false,none
g0294,,drugA,10,6,strain,WT,mutant,WT | mutant,-0.6815920742964936,-0.4885662501215542,-0.1930258241749394,2.2665908773393,3.0449210855118074,-0.7783302081725072,1.3509681458790102,1.8604662629713244,-0.5094981170923143,false,false,none,none,"marginal gaussian (robust), per-axis q < 0.01",false,none
g0295,,drugA,10,6,strain,WT,mutant,WT | mutant,-0.056171016120147854,-0.0502224680150114,-0.005948548105136453,0.10520567667725429,0.13509955806748472,-0.02989388139023043,0.027007141037105258,0.033011611491964535,-0.006004470454859277,false,false,none,none,"marginal gaussian (robust), per-axis q < 0.01",false,none
g0296,,drugA,10,6,strain,WT,mutant,WT | mutant,-0.05176965931584476,-0.12192069093219615,0.07015103161635139,0.3542126765509032,0.45169194084276315,-0.09747926429185994,0.08111302544972314,0.1601735167381382,-0.07906049128841507,false,false,none,none,"marginal gaussian (robust), per-axis q < 0.01",false,none
g0297,,drugA,10,6,strain,WT,mutant,WT | mutant,-0.013532636757469518,-0.04316641316856895,0.029633776411099433,0.043072417441525714,0.19594097406181704,-0.15286855662029133,0.0024226650687477953,0.05642031438497226,-0.053997649316224465,false,false,none,none,"marginal gaussian (robust), per-axis q < 0.01",false,none
g0298,,drugA,10,6,strain,WT,mutant,WT | mutant,-0.0771287379807557,-0.10808895506304417,0.030960217082288466,0.23095867034152365,0.2857096436879865,-0.05475097334646287,0.04469050703757199,0.08653156432679679,-0.0418410572892248,false,false,none,none,"marginal gaussian (robust), per-axis q < 0.01",false,none
g0299,,drugA,10,6,strain,WT,mutant,WT | mutant,-0.08709882640610189,-0.011132961358157445,-0.07596586504794445,0.3586080970992377,0.03566022463531763,0.32294787246392004,0.08111302544972314,0.011200796250271356,0.06991222919945178,false,false,none,none,"marginal gaussian (robust), per-axis q < 0.01",false,none
g0300,,drugA,10,6,strain,WT,mutant,WT | mutant,-0.22510725324671554,-0.013700549509058746,-0.2114067037376568,0.9181651098576187,0.0403465959179035,0.8778185139397152,0.3534990456055293,0.011200796250271356,0.34229824935525793,false,false,none,none,"marginal gaussian (robust), per-axis q < 0.01",false,none
g0301,,drugA,10,6,strain,WT,mutant,WT | mutant,0.057036843820371885,-0.10303070988338892,0.1600675537037608,0.17101833553825813,0.27343530716695846,-0.10241697162870034,0.04038908944718994,0.08237251866270051,-0.04198342921551057,false,false,none,none,"marginal gaussian (robust), per-axis q < 0.01",false,none
g0302,,drugA,10,6,strain,WT,mutant,WT | mutant,-0.05768455131559769,-0.09389244954011744,0.03620789822451975,0.7947313315655176,0.267294428675585,0.5274369028899326,0.28697011864990085,0.08237251866270051,0.20459759998720034,false,false,none,none,"marginal gaussian (robust), per-axis q < 0.01",false,none
g0303,,drugA,10,6,strain,WT,mutant,WT | mutant,0.0849390233078351,0.08237282879595842,0.002566194511876674,0.38369062506571794,0.20550240926784555,0.1781882157978724,0.08619628921664237,0.06010401857268065,0.026092270643961718,false,false,none,none,"marginal gaussian (robust), per-axis q < 0.01",false,none
g0304,,drugA,10,6,strain,WT,mutant,WT | mutant,-0.004220157515127276,0.11474509301378077,-0.11896525052890805,0.0075653326966444905,0.6122016901853442,-0.6046363574886997,0.0024226650687477953,0.21210654902984805,-0.20968388396110024,false,false,none,none,"marginal gaussian (robust), per-axis q < 0.01",false,none
g0305,,drugA,10,6,strain,WT,mutant,WT | mutant,0.05656803664607679,0.15365332288974898,-0.09708528624367219,0.19125598952661038,0.8944050140053881,-0.7031490244787777,0.04038908944718994,0.3783334857161265,-0.3379443962689366,false,false,none,none,"marginal gaussian (robust), per-axis q < 0.01",false,none
g0306,,drugA,10,6,strain,WT,mutant,WT | mutant,0.06813935655523906,0.08651690390497269,-0.018377547349733625,0.2677661797884301,0.33134608960289397,-0.06357990981446388,0.049343882072617806,0.09638806153730217,-0.047044179464684366,false,false,none,none,"marginal gaussian (robust), per-axis q < 0.01",false,none
g0307,,drugA,10,6,strain,WT,mutant,WT | mutant,1.1566942898245216,1.226646208762114,-0.06995191893759234,3.9279849145623733,3.311838437726458,0.6161464768359153,1.9653788416382465,1.928858036838089,0.036520804800157514,true,true,up,up,"marginal gaussian (robust), per-axis q < 0.01",true,"up, up"
g0308,,drugA,10,6,strain,WT,mutant,WT | mutant,-0.0337429356416159,-0.1848872649679265,0.1511443293263106,0.1585992161715238,0.4613560824232734,-0.3027568662517496,0.04038908944718994,0.16545244760338126,-0.12506335815619132,false,false,none,none,"marginal gaussian (robust), per-axis q < 0.01",false,none
g0309,,drugA,10,6,strain,WT,mutant,WT | mutant,0.11183430587172083,0.05634359152280055,0.05549071434892028,0.45830649094382414,0.2468155473290415,0.21149094361478263,0.10315544123436571,0.07660116390316847,0.026554277331197237,false,false,none,none,"marginal gaussian (robust), per-axis q < 0.01",false,none
g0310,,drugA,10,6,strain,WT,mutant,WT | mutant,0.07003015679278057,-0.03775780650326155,0.10778796329604212,0.21645647284339692,0.09417444568779611,0.12228202715560081,0.04038908944718994,0.021370556748148452,0.01901853269904149,false,false,none,none,"marginal gaussian (robust), per-axis q < 0.01",false,none
g0311,,drugA,10,6,strain,WT,mutant,WT | mutant,-0.9446507568706792,-0.77581864924678,-0.16883210762389922,2.6273786968933748,2.4288765738692457,0.19850212302412906,1.4997526617748522,1.4016270945460423,0.09812556722880994,false,false,none,none,"marginal gaussian (robust), per-axis q < 0.01",false,none
g0312,,drugA,10,6,strain,WT,mutant,WT | mutant,-0.38892900147900455,-0.4382674791174077,0.049338477638403155,1.131186160690209,1.4469668365152182,-0.31578067582500924,0.5135854293518457,0.667630607273896,-0.1540451779220503,false,false,none,none,"marginal gaussian (robust), per-axis q < 0.01",false,none
g0313,,drugA,10,6,strain,WT,mutant,WT | mutant,1.111561885500734,1.0634249856129525,0.04813689988778158,2.0787883958888065,3.2934101789249812,-1.2146217830361747,1.2027024718501804,1.928858036838089,-0.7261555649879086,true,true,up,up,"marginal gaussian (robust), per-axis q < 0.01",true,"up, up"
g0314,,drugA,10,6,strain,WT,mutant,WT | mutant,0.05182320258022877,0.011376970972762024,0.04044623160746674,0.1261552583418251,0.024416862529485522,0.10173839581233957,0.036836913085098975,0.011200796250271356,0.025636116834827617,false,false,none,none,"marginal gaussian (robust), per-axis q < 0.01",false,none
g0315,,drugA,10,6,strain,WT,mutant,WT | mutant,0.09334321267105494,0.07019071556703338,0.023152497104021563,0.2550223918463854,0.17567020145665266,0.07935219038973276,0.04638218478741876,0.047166784245319365,-0.0007845994579006033,false,false,none,none,"marginal gaussian (robust), per-axis q < 0.01",false,none
g0316,,drugA,10,6,strain,WT,mutant,WT | mutant,-0.20772170021729597,0.2875293017156757,-0.49525100193297167,0.5874042781875434,0.5572450855380585,0.030159192649484856,0.17807425140051586,0.19940489731781894,-0.021330645917303076,false,false,none,none,"marginal gaussian (robust), per-axis q < 0.01",false,none
g0317,,drugA,10,6,strain,WT,mutant,WT | mutant,0.09160246082883639,0.014535485859292763,0.07706697496954362,0.24868763410324654,0.0301700540444904,0.21851758005875616,0.04507322777584579,0.011200796250271356,0.03387243152557443,false,false,none,none,"marginal gaussian (robust), per-axis q < 0.01",false,none
g0318,,drugA,10,6,strain,WT,mutant,WT | mutant,-1.0179425623028795,-1.175192875476574,0.15725031317369442,2.3897463277994624,1.9507877866339778,0.4389585411654846,1.4161448705738724,1.0673629597574756,0.34878191081639676,true,true,down,down,"marginal gaussian (robust), per-axis q < 0.01",true,"down, down"
g0319,,drugA,10,6,strain,WT,mutant,WT | mutant,0.021648309512285024,-0.026484234077086555,0.04813254358937158,0.06865402917348493,0.035014312514544045,0.03363971665894088,0.00966360529237602,0.011200796250271356,-0.0015371909578953367,false,false,none,none,"marginal gaussian (robust), per-axis q < 0.01",false,none
g0320,,drugA,10,6,strain,WT,mutant,WT | mutant,-0.35532623117367645,-1.1044083667944937,0.7490821356208173,1.4334649665360262,3.7165360856881455,-2.2830711191521194,0.7496124945647282,1.996968061450313,-1.2473555668855847,false,true,none,down,"marginal gaussian (robust), per-axis q < 0.01",true,"—, down"
g0321,,drugA,10,6,strain,WT,mutant,WT | mutant,0.1972939699899996,0.18675694788998065,0.010537022100018945,0.9738727572334674,0.7458964596150457,0.22797629761842175,0.39554507155399987,0.2884403650108246,0.10710470654317528,false,false,none,none,"marginal gaussian (robust), per-axis q < 0.01",false,none
g0322,,drugA,10,6,strain,WT,mutant,WT | mutant,-0.043519203012715835,0.2641413013167906,-0.3076605043295064,0.0931864465025342,1.2685177397413296,-1.1753312932387954,0.023832425904884755,0.5427007662264958,-0.518868340321611,false,false,none,none,"marginal gaussian (robust), per-axis q < 0.01",false,none
g0323,,drugA,10,6,strain,WT,mutant,WT | mutant,0.7352855708983235,0.465961947478009,0.26932362342031446,3.2911490377786543,1.1055922437945274,2.185556793984127,1.8187420861446393,0.4733430843039321,1.3453990018407072,false,false,none,none,"marginal gaussian (robust), per-axis q < 0.01",false,none
g0324,,drugA,10,6,strain,WT,mutant,WT | mutant,0.19229738511445937,0.09703570332857137,0.09526168178588801,0.5575074585529514,0.1549247364556026,0.4025827220973488,0.16070539868563027,0.04510353221202352,0.11560186647360676,false,false,none,none,"marginal gaussian (robust), per-axis q < 0.01",false,none
g0325,,drugA,10,6,strain,WT,mutant,WT | mutant,-0.03183655102423444,0.001450400229582982,-0.03328695125381742,0.07872166521864142,0.002942821238162173,0.07577884398047925,0.015008298614800254,0.002634532429463549,0.012373766185336706,false,false,none,none,"marginal gaussian (robust), per-axis q < 0.01",false,none
g0326,,drugA,10,6,strain,WT,mutant,WT | mutant,0.1621425143215447,-0.26538745625048854,0.42752997057203324,0.6304126355259584,1.161848571020839,-0.5314359354948807,0.1993569228750948,0.5002724937606934,-0.3009155708855986,false,false,none,none,"marginal gaussian (robust), per-axis q < 0.01",false,none
g0327,,drugA,10,6,strain,WT,mutant,WT | mutant,0.3056493192275429,-0.05469383878149081,0.3603431580090337,0.8875334742597383,0.09742164536220572,0.7901118288975325,0.33570463471282125,0.021370556748148452,0.3143340779646728,false,false,none,none,"marginal gaussian (robust), per-axis q < 0.01",false,none
g0328,,drugA,10,6,strain,WT,mutant,WT | mutant,-0.30969156471548764,-0.2476940108190604,-0.06199755389642725,0.7833949936983727,0.7917912138389325,-0.00839622014055974,0.2862252227121694,0.30630639563446793,-0.02008117292229855,false,false,none,none,"marginal gaussian (robust), per-axis q < 0.01",false,none
g0329,,drugA,10,6,strain,WT,mutant,WT | mutant,-0.004017127716196001,-0.014173399219009397,0.010156271502813397,0.012083180898673662,0.0220717008201558,-0.009988519921482138,0.0024226650687477953,0.010073852680259648,-0.007651187611511854,false,false,none,none,"marginal gaussian (robust), per-axis q < 0.01",false,none
g0330,,drugA,10,6,strain,WT,mutant,WT | mutant,-1.068918054196784,-2.2469102449045737,1.1779921907077897,2.518888767621657,3.2147705001373494,-0.6958817325156925,1.4287728207053774,1.928858036838089,-0.5000852161327116,true,true,down,down,"marginal gaussian (robust), per-axis q < 0.01",true,"down, down"
g0331,,drugA,10,6,strain,WT,mutant,WT | mutant,0.19349300879653253,-0.015578429476167166,0.2090714382726997,1.1288614869590223,0.0501565432400729,1.0787049437189495,0.5135854293518457,0.014407179265638292,0.4991782500862074,false,false,none,none,"marginal gaussian (robust), per-axis q < 0.01",false,none
g0332,,drugA,10,6,strain,WT,mutant,WT | mutant,0.013489908086878444,-0.07981877857166708,0.09330868665854553,0.021599438991307226,0.2963633838405629,-0.27476394484925565,0.0024226650687477953,0.08653156432679679,-0.084108899258049,false,false,none,none,"marginal gaussian (robust), per-axis q < 0.01",false,none
g0333,,drugA,10,6,strain,WT,mutant,WT | mutant,0.4449944099460872,0.6822938832624343,-0.23729947331634715,1.274276443188613,1.6694782783431459,-0.3952018351545328,0.6342874094413951,0.8208155577258556,-0.18652814828446052,false,false,none,none,"marginal gaussian (robust), per-axis q < 0.01",false,none
g0334,,drugA,10,6,strain,WT,mutant,WT | mutant,0.15409397398208569,0.1105225022612295,0.04357147172085618,0.5684373485475804,0.30141575461925146,0.26702159392832897,0.16513928653046595,0.08653156432679679,0.07860772220366916,false,false,none,none,"marginal gaussian (robust), per-axis q < 0.01",false,none
g0335,,drugA,10,6,strain,WT,mutant,WT | mutant,0.16968190402033478,0.139129993537205,0.030551910483129774,0.4191411561119989,0.48171086978993977,-0.06256971367794084,0.08888404197789528,0.1742738653700799,-0.08538982339218464,false,false,none,none,"marginal gaussian (robust), per-axis q < 0.01",false,none
g0336,,drugA,10,6,strain,WT,mutant,WT | mutant,0.13263883399334553,-0.0909413986029195,0.22358023259626503,1.0932554992290202,0.2674523738518102,0.82580312537721,0.48763082729802437,0.08237251866270051,0.40525830863532386,false,false,none,none,"marginal gaussian (robust), per-axis q < 0.01",false,none
g0337,,drugA,10,6,strain,WT,mutant,WT | mutant,0.054683115752997224,-0.007622522216811589,0.062305637969808814,0.16762409495763025,0.028481435126196802,0.13914265983143345,0.04038908944718994,0.011200796250271356,0.029188293196918583,false,false,none,none,"marginal gaussian (robust), per-axis q < 0.01",false,none
g0338,,drugA,10,6,strain,WT,mutant,WT | mutant,-0.009158434306593577,-0.27113247849884203,0.26197404419224846,0.02448694105562005,1.2918346240167387,-1.2673476829611185,0.0024226650687477953,0.5471611506100866,-0.5447384855413389,false,false,none,none,"marginal gaussian (robust), per-axis q < 0.01",false,none
g0339,,drugA,10,6,strain,WT,mutant,WT | mutant,-0.041757200045456244,0.09572563300845438,-0.13748283305391062,0.13138299569525036,0.17050765142295243,-0.03912465572770207,0.036836913085098975,0.046502273940782136,-0.009665360855683161,false,false,none,none,"marginal gaussian (robust), per-axis q < 0.01",false,none
g0340,,drugA,10,6,strain,WT,mutant,WT | mutant,1.149269845562218,2.0106369325420914,-0.8613670869798735,3.2048037141636687,3.6500145560250297,-0.44521084186136095,1.802609386918287,1.9934964658255228,-0.19088707890723566,true,true,up,up,"marginal gaussian (robust), per-axis q < 0.01",true,"up, up"
g0341,,drugA,10,6,strain,WT,mutant,WT | mutant,0.09216801978872624,0.04587361795695344,0.0462944018317728,0.35131564396411114,0.17162920076008295,0.17968644320402818,0.08111302544972314,0.046502273940782136,0.034610751508941,false,false,none,none,"marginal gaussian (robust), per-axis q < 0.01",false,none
g0342,,drugA,10,6,strain,WT,mutant,WT | mutant,0.8872151721128319,0.8168098314084045,0.07040534070442739,1.8572833568388687,1.2857524121613497,0.571530944677519,1.0634693042289236,0.5471611506100866,0.516308153618837,false,false,none,none,"marginal gaussian (robust), per-axis q < 0.01",false,none
g0343,,drugA,10,6,strain,WT,mutant,WT | mutant,-0.024102373689906642,-0.12525349388174778,0.10115112019184114,0.18493604759556445,0.3585490823996209,-0.17361303480405646,0.04038908944718994,0.10351318557343037,-0.06312409612624043,false,false,none,none,"marginal gaussian (robust), per-axis q < 0.01",false,none
g0344,,drugA,10,6,strain,WT,mutant,WT | mutant,-0.3171039807459284,-0.2359270702268379,-0.08117691051909048,2.117365333286679,0.9205327941232948,1.1968325391633843,1.2154571007161636,0.3783334857161265,0.8371236150000372,false,false,none,none,"marginal gaussian (robust), per-axis q < 0.01",false,none
g0345,,drugA,10,6,strain,WT,mutant,WT | mutant,-0.036055765673157936,-0.08192347984618031,0.04586771417302238,,0.5860732852337132,,,0.21210654902984805,,false,false,none,none,"marginal gaussian (robust), per-axis q < 0.01",false,none
g0346,,drugA,10,6,strain,WT,mutant,WT | mutant,-0.024037596800891237,0.0012740322158224515,-0.025311629016713688,0.11018893010221553,0.007045334784741892,0.10314359531747364,0.028396449458879976,0.00422213114166657,0.02417431831721341,false,false,none,none,"marginal gaussian (robust), per-axis q < 0.01",false,none
g0347,,drugA,10,6,strain,WT,mutant,WT | mutant,0.01108595796438916,-0.18638016065682006,0.19746611862120922,0.027980678260571705,0.9824715376393024,-0.9544908593787307,0.0024226650687477953,0.38628842194114815,-0.3838657568724004,false,false,none,none,"marginal gaussian (robust), per-axis q < 0.01",false,none
g0348,,drugA,10,6,strain,WT,mutant,WT | mutant,0.06931411858218972,0.21413196242116328,-0.14481784383897356,1.5036151538649918,0.9371088480869263,0.5665063057780655,0.8081808093438787,0.3783334857161265,0.4298473236277522,false,false,none,none,"marginal gaussian (robust), per-axis q < 0.01",false,none
g0349,,drugA,10,6,strain,WT,mutant,WT | mutant,0.1237735504063977,0.044402859376546644,0.07937069102985106,0.21076911351710437,0.25016756857682304,-0.03939845505971867,0.04038908944718994,0.07819845758439943,-0.03780936813720949,false,false,none,none,"marginal gaussian (robust), per-axis q < 0.01",false,none
g0350,,drugA,10,6,strain,WT,mutant,WT | mutant,-0.08608247778632183,-0.12659945313558119,0.040516975349259354,0.17510558709677948,0.4829180267243465,-0.30781243962756705,0.04038908944718994,0.1742738653700799,-0.13388477592288997,false,false,none,none,"marginal gaussian (robust), per-axis q < 0.01",false,none
g0351,,drugA,10,6,strain,WT,mutant,WT | mutant,0.036260796287049146,-0.07590587884916111,0.11216667513621026,0.09140436891704026,0.13787127584251846,-0.046466906925478196,0.023667952738165843,0.03410305434697702,-0.010435101608811174,false,false,none,none,"marginal gaussian (robust), per-axis q < 0.01",false,none
g0352,,drugA,10,6,strain,WT,mutant,WT | mutant,0.019409321684626946,0.23719294575034233,-0.2177836240657154,0.026610471955802857,1.098489895937403,-1.0718794239816,0.0024226650687477953,0.4733430843039321,-0.47092041923518435,false,false,none,none,"marginal gaussian (robust), per-axis q < 0.01",false,none
g0353,,drugA,10,6,strain,WT,mutant,WT | mutant,1.1049414790492316,0.9155454330508332,0.18939604599839832,2.902280190135197,1.276652568283333,1.6256276218518642,1.680036806705314,0.5444954167374799,1.135541389967834,true,false,up,none,"marginal gaussian (robust), per-axis q < 0.01",true,"up, up"
g0354,,drugA,10,6,strain,WT,mutant,WT | mutant,-0.05755933183035822,-0.0515838608166721,-0.005975471013686118,0.15789712235706005,0.23499177176400518,-0.07709464940694513,0.04038908944718994,0.07172624829345997,-0.03133715884627003,false,false,none,none,"marginal gaussian (robust), per-axis q < 0.01",false,none
g0355,,drugA,10,6,strain,WT,mutant,WT | mutant,0.0032845632362779043,-0.044140138566293174,0.04742470180257108,0.010505056440246512,0.3512342184376127,-0.3407291619973662,0.0024226650687477953,0.10043537455467678,-0.098012709485929,false,false,none,none,"marginal gaussian (robust), per-axis q < 0.01",false,none
g0356,,drugA,10,6,strain,WT,mutant,WT | mutant,-0.4774966489239558,-0.493598362249565,0.016101713325609168,1.0803406328949747,1.5330171614148858,-0.452676528519911,0.47946239598844065,0.7165391241689968,-0.23707672818055614,false,false,none,none,"marginal gaussian (robust), per-axis q < 0.01",false,none
g0357,,drugA,10,6,strain,WT,mutant,WT | mutant,-0.7921216397499826,-0.7505670431128557,-0.041554596637126906,2.339576251362,1.5914376621553379,0.7481385892066623,1.3876940438296463,0.759165357726217,0.6285286861034294,false,false,none,none,"marginal gaussian (robust), per-axis q < 0.01",false,none
g0358,,drugA,10,6,strain,WT,mutant,WT | mutant,1.0608662960764654,1.2094623987897588,-0.14859610271329338,2.3945069830082524,2.3980914347311364,-0.003584451722884019,1.4161448705738724,1.4016270945460423,0.01451777602783011,true,true,up,up,"marginal gaussian (robust), per-axis q < 0.01",true,"up, up"
g0359,,drugA,10,6,strain,WT,mutant,WT | mutant,0.13370120741207003,-0.118093050804994,0.251794258217064,0.4084343511522636,0.3188067421138734,0.08962760903839023,0.08888404197789528,0.09638806153730217,-0.0075040195594068965,false,false,none,none,"marginal gaussian (robust), per-axis q < 0.01",false,none
g0360,,drugA,10,6,strain,WT,mutant,WT | mutant,0.18115103883803663,0.010256115147797118,0.1708949236902395,0.874735809396362,0.03211119828900717,0.8426246111073548,0.327103084443053,0.011200796250271356,0.31590228819278166,false,false,none,none,"marginal gaussian (robust), per-axis q < 0.01",false,none
g0361,,drugA,10,6,strain,WT,mutant,WT | mutant,-0.210758469595131,-0.20763573338039443,-0.0031227362147365767,0.37610518155392614,0.5334238733032045,-0.15731869174927837,0.08142338972679662,0.18360165709881307,-0.10217826737201645,false,false,none,none,"marginal gaussian (robust), per-axis q < 0.01",false,none
g0362,,drugA,10,6,strain,WT,mutant,WT | mutant,-0.832420044698166,-0.9548705690797519,0.12245052438158588,1.9008799579318403,1.8963475424598306,0.0045324154720096654,1.0920887493522424,1.021877558236255,0.0702111911159875,false,false,none,none,"marginal gaussian (robust), per-axis q < 0.01",false,none
g0363,,drugA,10,6,strain,WT,mutant,WT | mutant,0.16376305824250892,0.1116482188151835,0.05211483942732542,0.7121759035800368,0.33688189750828995,0.37529400607174684,0.25746799656380914,0.09749958383093534,0.15996841273287382,false,false,none,none,"marginal gaussian (robust), per-axis q < 0.01",false,none
g0364,,drugA,10,6,strain,WT,mutant,WT | mutant,-0.010804954759724872,-0.030741299582487613,0.01993634482276274,0.05912720411750332,0.17025925612765377,-0.11113205201015044,0.008767670419790263,0.046502273940782136,-0.03773460352099187,false,false,none,none,"marginal gaussian (robust), per-axis q < 0.01",false,none
g0365,,drugA,10,6,strain,WT,mutant,WT | mutant,1.0792817282439797,1.253258837029117,-0.17397710878513717,2.418463052813973,3.369715326935945,-0.9512522741219724,1.4161448705738724,1.928858036838089,-0.5127131662642166,true,true,up,up,"marginal gaussian (robust), per-axis q < 0.01",true,"up, up"
g0366,,drugA,10,6,strain,WT,mutant,WT | mutant,0.013670200549263711,-0.1141304164370478,0.1278006169863115,0.058885982011593514,0.2935916118592253,-0.23470562984763177,0.008767670419790263,0.08653156432679679,-0.07776389390700653,false,false,none,none,"marginal gaussian (robust), per-axis q < 0.01",false,none
g0367,,drugA,10,6,strain,WT,mutant,WT | mutant,-0.18732125855380932,0.06546490831663476,-0.2527861668704441,0.6348200114400494,0.23522572845474854,0.39959428298530086,0.1993569228750948,0.07172624829345997,0.12763067458163482,false,false,none,none,"marginal gaussian (robust), per-axis q < 0.01",false,none
g0368,,drugA,10,6,strain,WT,mutant,WT | mutant,-0.14586589578862252,0.012110789465900496,-0.15797668525452302,0.34923579693269946,0.03340218161269826,0.3158336153200012,0.08111302544972314,0.011200796250271356,0.06991222919945178,false,false,none,none,"marginal gaussian (robust), per-axis q < 0.01",false,none
g0001,,drugA,2.5,24,strain,WT,mutant,WT | mutant,0.6707841301589328,0.3152274907349586,0.3555566394239742,2.357682045053426,1.129872425346612,1.227809619706814,0.9057775786867449,0.36573188940578305,0.5400456892809619,false,false,none,none,"marginal gaussian (robust), per-axis q < 0.01",false,none
g0002,,drugA,2.5,24,strain,WT,mutant,WT | mutant,0.6330154204989107,0.35285638731081725,0.28015903318809343,3.1822623116935342,0.9194523106423883,2.262810001051146,1.390747657084727,0.28579450638914605,1.104953150695581,false,false,none,none,"marginal gaussian (robust), per-axis q < 0.01",false,none
g0003,,drugA,2.5,24,strain,WT,mutant,WT | mutant,0.4537520288847734,0.1022852187861627,0.3514668100986107,1.9457577511354558,0.316993861348107,1.6287638897873489,0.8147598073233066,0.07365906206475033,0.7411007452585562,false,false,none,none,"marginal gaussian (robust), per-axis q < 0.01",false,none
g0004,,drugA,2.5,24,strain,WT,mutant,WT | mutant,-0.10282494006355236,0.0816193465994477,-0.18444428666300006,0.3996205247943324,0.21850001724427745,0.18112050755005496,0.06458422191111077,0.0564194726314109,0.008164749279699866,false,false,none,none,"marginal gaussian (robust), per-axis q < 0.01",false,none
g0005,,drugA,2.5,24,strain,WT,mutant,WT | mutant,0.1842627261336709,-0.036725850827449946,0.22098857696112084,0.8071054376376908,0.1377687793540029,0.6693366582836879,0.24557899274681574,0.0411553143137017,0.20442367843311404,false,false,none,none,"marginal gaussian (robust), per-axis q < 0.01",false,none
g0006,,drugA,2.5,24,strain,WT,mutant,WT | mutant,-0.16501569168887809,-0.0673555493246134,-0.09766014236426468,0.8083877891399358,0.15514614011946823,0.6532416490204676,0.24557899274681574,0.04269719855833738,0.20288179418847835,false,false,none,none,"marginal gaussian (robust), per-axis q < 0.01",false,none
g0007,,drugA,2.5,24,strain,WT,mutant,WT | mutant,-0.17923248922029789,-0.025969597144692713,-0.15326289207560517,0.7207749380729833,0.08733149692323211,0.6334434411497512,0.21562495975307727,0.023907439585539886,0.19171752016753738,false,false,none,none,"marginal gaussian (robust), per-axis q < 0.01",false,none
g0008,,drugA,2.5,24,strain,WT,mutant,WT | mutant,-0.2171930176354664,-0.3794701162436436,0.16227709860817718,0.5373753572506612,0.9146217322886572,-0.37724637503799596,0.13588039436158067,0.28579450638914605,-0.14991411202756538,false,false,none,none,"marginal gaussian (robust), per-axis q < 0.01",false,none
g0009,,drugA,2.5,24,strain,WT,mutant,WT | mutant,-0.05957520161185492,-0.05420634176470429,-0.005368859847150631,0.2324397119570221,0.1206870023726052,0.1117527095844169,0.03848924657954304,0.037212859935345156,0.0012763866441978869,false,false,none,none,"marginal gaussian (robust), per-axis q < 0.01",false,none
g0010,,drugA,2.5,24,strain,WT,mutant,WT | mutant,0.19924469960832614,0.2454018504859512,-0.046157150877625064,0.48120716792422313,0.993988077652885,-0.5127809097286619,0.10356575812635854,0.3055682556501744,-0.20200249752381588,false,false,none,none,"marginal gaussian (robust), per-axis q < 0.01",false,none
g0011,,drugA,2.5,24,strain,WT,mutant,WT | mutant,0.01036175454824928,-0.14211495192222223,0.1524767064704715,0.029989294048912592,0.9097563391649383,-0.8797670451160257,0.008209519725670605,0.28579450638914605,-0.2775849866634754,false,false,none,none,"marginal gaussian (robust), per-axis q < 0.01",false,none
g0012,,drugA,2.5,24,strain,WT,mutant,WT | mutant,0.138205559994649,-0.033742839021618565,0.17194839901626757,0.6544220856849553,0.08632926276219906,0.5680928229227562,0.1868358735734069,0.023907439585539886,0.162928433987867,false,false,none,none,"marginal gaussian (robust), per-axis q < 0.01",false,none
g0013,,drugA,2.5,24,strain,WT,mutant,WT | mutant,0.11030223714192644,0.0005727848995418228,0.10972945224238462,0.20595900357522653,0.001966712093442005,0.20399229148178452,0.03480923170815971,0.0019667120934419562,0.03284251961471775,false,false,none,none,"marginal gaussian (robust), per-axis q < 0.01",false,none
g0014,,drugA,2.5,24,strain,WT,mutant,WT | mutant,-0.25562962857879157,-0.2036985640569231,-0.051931064521868464,0.6523131471293617,0.5236558313189754,0.1286573158103863,0.1868358735734069,0.12515287860371954,0.06168299496968735,false,false,none,none,"marginal gaussian (robust), per-axis q < 0.01",false,none
g0015,,drugA,2.5,24,strain,WT,mutant,WT | mutant,-0.04051215684652831,-0.11045176453441918,0.06993960768789087,0.2263209189870371,0.5981294905269652,-0.3718085715399281,0.03848924657954304,0.14428287445481522,-0.10579362787527218,false,false,none,none,"marginal gaussian (robust), per-axis q < 0.01",false,none
g0016,,drugA,2.5,24,strain,WT,mutant,WT | mutant,-0.1392234026110586,0.07743986006241066,-0.21666326267346925,0.5522554889464748,0.5528128452340866,-0.0005573562876117766,0.13588039436158067,0.13503844442169488,0.0008419499398857888,false,false,none,none,"marginal gaussian (robust), per-axis q < 0.01",false,none
g0017,,drugA,2.5,24,strain,WT,mutant,WT | mutant,0.3289053922573526,0.3059060356437939,0.022999356613558675,1.9334495946546049,1.3060576920046827,0.6273919026499222,0.8147598073233066,0.4603452927491321,0.35441451457417444,false,false,none,none,"marginal gaussian (robust), per-axis q < 0.01",false,none
g0018,,drugA,2.5,24,strain,WT,mutant,WT | mutant,0.08304144764478583,-0.0008383343623945549,0.08387978200718038,0.2181759621151752,0.0030113315503426234,0.2151646305648326,0.03848924657954304,0.0019667120934419562,0.036522534486101085,false,false,none,none,"marginal gaussian (robust), per-axis q < 0.01",false,none
g0019,,drugA,2.5,24,strain,WT,mutant,WT | mutant,0.05545164322901819,-0.011338988679401751,0.06679063190841994,0.19489263456638198,0.021757924922209283,0.17313470964417269,0.03480923170815971,0.0029241801624619863,0.03188505154569772,false,false,none,none,"marginal gaussian (robust), per-axis q < 0.01",false,none
g0020,,drugA,2.5,24,strain,WT,mutant,WT | mutant,-0.11356874270484241,0.005238849347154684,-0.11880759205199709,0.5477201039477564,0.006880790526528272,0.5408393134212282,0.13588039436158067,0.0019667120934419562,0.1339136822681387,false,false,none,none,"marginal gaussian (robust), per-axis q < 0.01",false,none
g0021,,drugA,2.5,24,strain,WT,mutant,WT | mutant,-0.024241831715471562,0.07337220780188503,-0.09761403951735659,0.08521541964393842,0.11261266546959181,-0.027397245825653394,0.019054683588824593,0.03343141942196701,-0.014376735833142414,false,false,none,none,"marginal gaussian (robust), per-axis q < 0.01",false,none
g0022,,drugA,2.5,24,strain,WT,mutant,WT | mutant,0.2269501279180428,-0.125957751732809,0.3529078796508518,0.9010274606043728,0.26186747047411507,0.6391599901302577,0.2974609544057148,0.059398409485294734,0.23806254492042006,false,false,none,none,"marginal gaussian (robust), per-axis q < 0.01",false,none
g0023,,drugA,2.5,24,strain,WT,mutant,WT | mutant,0.1909618487329876,-0.12014150240112187,0.3111033511341095,0.6554994063322364,0.44600028879830733,0.20949911753392902,0.1868358735734069,0.11296812478217054,0.07386774879123635,false,false,none,none,"marginal gaussian (robust), per-axis q < 0.01",false,none
g0024,,drugA,2.5,24,strain,WT,mutant,WT | mutant,0.11243332117815186,0.14842719527237946,-0.03599387409422761,0.29338322686811497,0.7463141415532784,-0.4529309146851634,0.045329783714679266,0.22025955409949138,-0.1749297703848121,false,false,none,none,"marginal gaussian (robust), per-axis q < 0.01",false,none
g0025,,drugA,2.5,24,strain,WT,mutant,WT | mutant,-0.4678991729649713,-0.8961828724622078,0.42828369949723655,1.5849050180976112,3.4235530744828626,-1.8386480563852514,0.6722697131994372,1.3041119473036407,-0.6318422341042035,false,false,none,none,"marginal gaussian (robust), per-axis q < 0.01",false,none
g0026,,drugA,2.5,24,strain,WT,mutant,WT | mutant,0.3837841990283124,0.5274136373409455,-0.14362943831263308,3.0797234139197696,2.204466459211375,0.8752569547083944,1.390747657084727,0.9154475816536339,0.4753000754310931,false,false,none,none,"marginal gaussian (robust), per-axis q < 0.01",false,none
g0027,,drugA,2.5,24,strain,WT,mutant,WT | mutant,0.0025439989112294725,0.07994232261560619,-0.07739832370437671,0.007510123189473723,0.7282752379436197,-0.720765114754146,0.0028326489083077013,0.2061868377074341,-0.2033541887991264,false,false,none,none,"marginal gaussian (robust), per-axis q < 0.01",false,none
g0028,,drugA,2.5,24,strain,WT,mutant,WT | mutant,-0.41601818119902845,-0.40596934620331027,-0.010048834995718181,0.5426354980179413,1.1829714953075556,-0.6403359972896143,0.13588039436158067,0.39873932993529027,-0.2628589355737096,false,false,none,none,"marginal gaussian (robust), per-axis q < 0.01",false,none
g0029,,drugA,2.5,24,strain,WT,mutant,WT | mutant,0.041913617543073656,0.0321271002932928,0.009786517249780857,0.17397040936088173,0.08878977029866328,0.08518063906221846,0.03480923170815971,0.023907439585539886,0.010901792122619821,false,false,none,none,"marginal gaussian (robust), per-axis q < 0.01",false,none
g0030,,drugA,2.5,24,strain,WT,mutant,WT | mutant,-0.18087860701334257,0.01879940022776516,-0.19967800724110774,0.43890911609268685,0.03541037289751646,0.4034987431951704,0.08569902905567588,0.0029241801624619863,0.08277484889321389,false,false,none,none,"marginal gaussian (robust), per-axis q < 0.01",false,none
g0031,,drugA,2.5,24,strain,WT,mutant,WT | mutant,-0.0803231614092983,0.03245543023375497,-0.11277859164305326,0.1729378904224305,0.10446817367665728,0.06846971674577321,0.03480923170815971,0.029537804782690896,0.005271426925468812,false,false,none,none,"marginal gaussian (robust), per-axis q < 0.01",false,none
g0032,,drugA,2.5,24,strain,WT,mutant,WT | mutant,-0.454480229506137,-0.044036227634322245,-0.41044400187181473,1.097111204312045,0.1110145384264984,0.9860966658855466,0.4063246490302274,0.03325487951366777,0.3730697695165596,false,false,none,none,"marginal gaussian (robust), per-axis q < 0.01",false,none
g0033,,drugA,2.5,24,strain,WT,mutant,WT | mutant,0.03480799732349382,0.032224348643019596,0.0025836486804742265,0.07421729098734145,0.09457798207362773,-0.020360691086286284,0.017428812242995174,0.023907439585539886,-0.006478627342544712,false,false,none,none,"marginal gaussian (robust), per-axis q < 0.01",false,none
g0034,,drugA,2.5,24,strain,WT,mutant,WT | mutant,0.4275043974931432,0.5273317697708801,-0.09982737227773697,1.7657367622508655,1.1756377131768025,0.590099049074063,0.7439569879276233,0.39873932993529027,0.34521765799233306,false,false,none,none,"marginal gaussian (robust), per-axis q < 0.01",false,none
g0035,,drugA,2.5,24,strain,WT,mutant,WT | mutant,0.17069818838719364,0.031295995363770146,0.1394021930234235,1.31235965377762,0.13988984930530476,1.1724698044723154,0.5246630854877461,0.0411553143137017,0.4835077711740444,false,false,none,none,"marginal gaussian (robust), per-axis q < 0.01",false,none
g0036,,drugA,2.5,24,strain,WT,mutant,WT | mutant,-0.0020135887839565214,-0.10937515704106104,0.10736156825710452,0.0025429319480343763,0.2084557145468989,-0.20591278259886453,0.0025429319480343763,0.05626030251858902,-0.05371737057055464,false,false,none,none,"marginal gaussian (robust), per-axis q < 0.01",false,none
g0037,,drugA,2.5,24,strain,WT,mutant,WT | mutant,0.21783151197030381,0.2683094259337775,-0.050477913963473675,0.9935833170871252,1.409635617488705,-0.4160523004015798,0.35201478447548923,0.4896072085804818,-0.13759242410499256,false,false,none,none,"marginal gaussian (robust), per-axis q < 0.01",false,none
g0038,,drugA,2.5,24,strain,WT,mutant,WT | mutant,0.5778043520141782,1.2502105906098322,-0.672406238595654,1.4966472352425535,2.517182923344086,-1.0205356881015326,0.6297694209050547,1.0867162610465049,-0.45694684014145015,false,true,none,up,"marginal gaussian (robust), per-axis q < 0.01",true,"up, up"
g0039,,drugA,2.5,24,strain,WT,mutant,WT | mutant,0.1351330921906193,-0.09232469505032803,0.22745778724094734,0.7060937010948067,0.5986636321525833,0.1074300689422234,0.20843174416745067,0.14428287445481522,0.06414886971263545,false,false,none,none,"marginal gaussian (robust), per-axis q < 0.01",false,none
g0040,,drugA,2.5,24,strain,WT,mutant,WT | mutant,-0.06123425894295398,0.06201408712079548,-0.12324834606374946,0.28842884683600156,0.1869746155316304,0.10145423130437117,0.045329783714679266,0.04396853418615085,0.0013612495285284174,false,false,none,none,"marginal gaussian (robust), per-axis q < 0.01",false,none
g0041,,drugA,2.5,24,strain,WT,mutant,WT | mutant,-0.09362884670495397,-0.0617048629617889,-0.031923983743165074,0.2364879093669197,0.1781468441828213,0.0583410651840984,0.03848924657954304,0.04280055281719948,-0.004311306237656437,false,false,none,none,"marginal gaussian (robust), per-axis q < 0.01",false,none
g0042,,drugA,2.5,24,strain,WT,mutant,WT | mutant,0.0882563703285566,0.031402456721117744,0.056853913607438855,0.25042422753467214,0.14213753367520232,0.10828669385946982,0.03848924657954304,0.0411553143137017,-0.0026660677341586586,false,false,none,none,"marginal gaussian (robust), per-axis q < 0.01",false,none
g0043,,drugA,2.5,24,strain,WT,mutant,WT | mutant,-0.6012630134644379,-0.8334820711965438,0.23221905773210594,1.768438347444817,1.6255002177940727,0.14293812965074437,0.7439569879276233,0.5484052291002256,0.19555175882739773,false,false,none,none,"marginal gaussian (robust), per-axis q < 0.01",false,none
g0044,,drugA,2.5,24,strain,WT,mutant,WT | mutant,-0.590890591227283,-0.6894390160495769,0.09854842482229387,3.053505488766301,2.9707196886815646,0.08278580008473657,1.390747657084727,1.2473600059997558,0.1433876510849712,false,false,none,none,"marginal gaussian (robust), per-axis q < 0.01",false,none
g0045,,drugA,2.5,24,strain,WT,mutant,WT | mutant,-0.049013004396464055,-0.22646787234692844,0.1774548679504644,0.12033139333081608,0.6116700519695679,-0.4913386586387518,0.03015476298172808,0.14732310520534247,-0.1171683422236144,false,false,none,none,"marginal gaussian (robust), per-axis q < 0.01",false,none
g0046,,drugA,2.5,24,strain,WT,mutant,WT | mutant,0.34918258942566993,0.1491838610300915,0.19999872839557842,0.9197402295425803,0.5489143430912874,0.3708258864512929,0.3081349203083875,0.1346523703522566,0.1734825499561309,false,false,none,none,"marginal gaussian (robust), per-axis q < 0.01",false,none
g0047,,drugA,2.5,24,strain,WT,mutant,WT | mutant,-0.14162885717898632,0.1253479522540628,-0.26697680943304913,0.35200075358474614,0.9731650972299464,-0.6211643436452002,0.06031078417490831,0.291870702804354,-0.2315599186294457,false,false,none,none,"marginal gaussian (robust), per-axis q < 0.01",false,none
g0048,,drugA,2.5,24,strain,WT,mutant,WT | mutant,-0.029856977355573022,0.07898394689867239,-0.10884092425424541,0.16245452761765924,0.16927679647281305,-0.006822268855153801,0.03480923170815971,0.04269719855833738,-0.007887966850177675,false,false,none,none,"marginal gaussian (robust), per-axis q < 0.01",false,none
g0049,,drugA,2.5,24,strain,WT,mutant,WT | mutant,-0.4481798721816519,-0.49863276020245717,0.050452888020805275,0.5497552044316572,1.9491949965758146,-1.3994397921441575,0.13588039436158067,0.7375088121215814,-0.6016284177600006,false,false,none,none,"marginal gaussian (robust), per-axis q < 0.01",false,none
g0050,,drugA,2.5,24,strain,WT,mutant,WT | mutant,-0.08769264231204055,0.04026841120074742,-0.12796105351278797,0.2800340482485772,0.09266166139782207,0.18737238685075513,0.045329783714679266,0.023907439585539886,0.02142234412913938,false,false,none,none,"marginal gaussian (robust), per-axis q < 0.01",false,none
g0051,,drugA,2.5,24,strain,WT,mutant,WT | mutant,0.29389804033630895,-0.03937643520128198,0.33327447553759093,1.5978347830218889,0.10138971175801231,1.4964450712638766,0.6754396408345587,0.027867105788436285,0.6475725350461223,false,false,none,none,"marginal gaussian (robust), per-axis q < 0.01",false,none
g0052,,drugA,2.5,24,strain,WT,mutant,WT | mutant,0.07782866753123763,-0.2935630409478449,0.37139170847908254,0.33639783150193664,1.169828725831447,-0.8334308943295103,0.05385124153196856,0.39873932993529027,-0.3448880884033217,false,false,none,none,"marginal gaussian (robust), per-axis q < 0.01",false,none
g0053,,drugA,2.5,24,strain,WT,mutant,WT | mutant,0.08152918343810533,-0.09558517786197385,0.17711436130007918,0.17097504966957838,0.37272351554787286,-0.20174846587829448,0.03480923170815971,0.09479973916123602,-0.05999050745307631,false,false,none,none,"marginal gaussian (robust), per-axis q < 0.01",false,none
g0054,,drugA,2.5,24,strain,WT,mutant,WT | mutant,-0.00968480492221424,-0.021453281755716702,0.011768476833502461,0.026252648589630362,0.058660246104967895,-0.03240759751533753,0.008152716360220134,0.01237505866053151,-0.004222342300311375,false,false,none,none,"marginal gaussian (robust), per-axis q < 0.01",false,none
g0055,,drugA,2.5,24,strain,WT,mutant,WT | mutant,-0.2608510324294473,-0.047612959100439944,-0.21323807332900735,0.7223499836397244,0.15715861770381287,0.5651913659359115,0.21562495975307727,0.04269719855833738,0.1729277611947399,false,false,none,none,"marginal gaussian (robust), per-axis q < 0.01",false,none
g0056,,drugA,2.5,24,strain,WT,mutant,WT | mutant,-0.058446652984681435,-0.17193491333260624,0.11348826034792481,0.2418848466693436,0.6493673671767817,-0.40748252050743805,0.03848924657954304,0.16867165209882118,-0.13018240551927812,false,false,none,none,"marginal gaussian (robust), per-axis q < 0.01",false,none
g0057,,drugA,2.5,24,strain,WT,mutant,WT | mutant,-0.07154989536816281,0.003808624050252618,-0.07535851941841543,0.3697056553824346,0.010764585040376588,0.358941070342058,0.06219942758649449,0.0019667120934419562,0.060232715493052535,false,false,none,none,"marginal gaussian (robust), per-axis q < 0.01",false,none
g0058,,drugA,2.5,24,strain,WT,mutant,WT | mutant,0.1954846053122079,0.002401105976751694,0.1930834993354562,1.075459127285152,0.004649829438642828,1.0708092978465091,0.39861475401297974,0.0019667120934419562,0.3966480419195378,false,false,none,none,"marginal gaussian (robust), per-axis q < 0.01",false,none
g0059,,drugA,2.5,24,strain,WT,mutant,WT | mutant,-0.08428232951279924,-0.06867174066743065,-0.01561058884536859,0.16292204162412974,0.27260553243278524,-0.1096834908086555,0.03480923170815971,0.059398409485294734,-0.024589177777135027,false,false,none,none,"marginal gaussian (robust), per-axis q < 0.01",false,none
g0060,,drugA,2.5,24,strain,WT,mutant,WT | mutant,-0.5703300196769856,-1.1679098166837516,0.597579797006766,1.0591208785987605,4.032085176479341,-2.9729642978805804,0.39090015121568433,1.4686040910849303,-1.077703939869246,false,true,none,down,"marginal gaussian (robust), per-axis q < 0.01",true,"down, down"
g0061,,drugA,2.5,24,strain,WT,mutant,WT | mutant,0.1327993712829496,0.005724448095779877,0.12707492318716973,0.3188138503689934,0.013627291847998895,0.3051865585209945,0.052127626356185876,0.0019667120934419562,0.05016091426274392,false,false,none,none,"marginal gaussian (robust), per-axis q < 0.01",false,none
g0062,,drugA,2.5,24,strain,WT,mutant,WT | mutant,0.20712110088434343,0.6237059871465087,-0.4165848862621653,1.1413154735358098,1.699134325399541,-0.5578188518637313,0.42087008827292677,0.5506265879759484,-0.12975649970302167,false,false,none,none,"marginal gaussian (robust), per-axis q < 0.01",false,none
g0063,,drugA,2.5,24,strain,WT,mutant,WT | mutant,0.1517708611736701,0.12173671128946673,0.030034149884203387,0.7644904873101847,0.16367710319862544,0.6008133841115593,0.23171947639971482,0.04269719855833738,0.18902227784137743,false,false,none,none,"marginal gaussian (robust), per-axis q < 0.01",false,none
g0064,,drugA,2.5,24,strain,WT,mutant,WT | mutant,0.5419491144035273,0.6364462304746219,-0.09449711607109457,1.1167376393775206,1.0895748204138356,0.027162818963684998,0.42012154043497896,0.3521685377202515,0.06795300271472748,false,false,none,none,"marginal gaussian (robust), per-axis q < 0.01",false,none
g0065,,drugA,2.5,24,strain,WT,mutant,WT | mutant,-0.12487454199174142,0.07970869931686941,-0.20458324130861083,0.3617329457333036,0.32134672795266805,0.04038621778063556,0.06219942758649449,0.07365906206475033,-0.011459634478255834,false,false,none,none,"marginal gaussian (robust), per-axis q < 0.01",false,none
g0066,,drugA,2.5,24,strain,WT,mutant,WT | mutant,0.06822806413346338,0.0568645967230097,0.011363467410453687,0.8005699647675831,0.20771531127416729,0.5928546534934158,0.243322317855983,0.05626030251858902,0.18706201533739397,false,false,none,none,"marginal gaussian (robust), per-axis q < 0.01",false,none
g0067,,drugA,2.5,24,strain,WT,mutant,WT | mutant,0.5289928350100972,0.43800548419068974,0.09098735081940745,1.072367969996017,2.4687837557111316,-1.3964157857151147,0.39861475401297974,1.0867162610465049,-0.6881015070335251,false,false,none,none,"marginal gaussian (robust), per-axis q < 0.01",false,none
g0068,,drugA,2.5,24,strain,WT,mutant,WT | mutant,-0.18699085468791132,0.029739932760971755,-0.21673078744888308,1.7155851725839626,0.08781388456095855,1.627771288023004,0.7295209505272551,0.023907439585539886,0.7056135109417152,false,false,none,none,"marginal gaussian (robust), per-axis q < 0.01",false,none
g0069,,drugA,2.5,24,strain,WT,mutant,WT | mutant,-0.016994119116787942,-0.11322965022663922,0.09623553110985128,0.025328938005925724,0.2693048549479411,-0.24397591694201537,0.008152716360220134,0.059398409485294734,-0.0512456931250746,false,false,none,none,"marginal gaussian (robust), per-axis q < 0.01",false,none
g0070,,drugA,2.5,24,strain,WT,mutant,WT | mutant,-0.02102889559100518,0.02452476446795515,-0.04555366005896033,0.03537851231927932,0.06452681506531295,-0.02914830274603363,0.008209519725670605,0.015593482331188326,-0.00738396260551772,false,false,none,none,"marginal gaussian (robust), per-axis q < 0.01",false,none
g0071,,drugA,2.5,24,strain,WT,mutant,WT | mutant,-0.03979935171412663,-0.03030223807372412,-0.00949711364040251,0.10510378117448992,0.1581544451546621,-0.05305066398017218,0.022307405063930343,0.04269719855833738,-0.02038979349440704,false,false,none,none,"marginal gaussian (robust), per-axis q < 0.01",false,none
g0072,,drugA,2.5,24,strain,WT,mutant,WT | mutant,0.19591867680353658,0.020273654831295396,0.1756450219722412,0.36478915117999205,0.069223331699704,0.29556581948028804,0.06219942758649449,0.01762560728416768,0.044573820302326816,false,false,none,none,"marginal gaussian (robust), per-axis q < 0.01",false,none
g0073,,drugA,2.5,24,strain,WT,mutant,WT | mutant,-0.6750262376995684,-0.9679583680620922,0.29293213036252386,1.1266487329070134,2.8519527162552825,-1.725303983348269,0.42087008827292677,1.2473600059997558,-0.826489917726829,false,false,none,none,"marginal gaussian (robust), per-axis q < 0.01",false,none
g0074,,drugA,2.5,24,strain,WT,mutant,WT | mutant,-0.03379695875683808,-0.06172122715701267,0.02792426840017459,0.10347077154953709,0.1577876892945564,-0.0543169177450193,0.022307405063930343,0.04269719855833738,-0.02038979349440704,false,false,none,none,"marginal gaussian (robust), per-axis q < 0.01",false,none
g0075,,drugA,2.5,24,strain,WT,mutant,WT | mutant,0.01729514548537381,0.014106691329528687,0.003188454155845122,0.0534575076192224,0.026442092668493303,0.027015414950729094,0.01532684347643765,0.0029241801624619863,0.012402663313975663,false,false,none,none,"marginal gaussian (robust), per-axis q < 0.01",false,none
g0076,,drugA,2.5,24,strain,WT,mutant,WT | mutant,0.047048972566958724,-0.08211443944883179,0.1291634120157905,0.14134354965197138,0.1413513608772387,-0.000007811225267329025,0.03322532816994885,0.0411553143137017,-0.00792998614375285,false,false,none,none,"marginal gaussian (robust), per-axis q < 0.01",false,none
g0077,,drugA,2.5,24,strain,WT,mutant,WT | mutant,0.0719737665811202,-0.09331037050176505,0.16528413708288525,0.19677875716599405,0.39036532048328876,-0.1935865633172947,0.03480923170815971,0.09591029715343156,-0.06110106544527186,false,false,none,none,"marginal gaussian (robust), per-axis q < 0.01",false,none
g0078,,drugA,2.5,24,strain,WT,mutant,WT | mutant,0.17929817069784804,0.07840930278442748,0.10088886791342055,0.5151059609390777,0.2674994730472859,0.2476064878917918,0.11951985766051743,0.059398409485294734,0.06012144817522269,false,false,none,none,"marginal gaussian (robust), per-axis q < 0.01",false,none
g0079,,drugA,2.5,24,strain,WT,mutant,WT | mutant,0.02373697567538091,0.08551426009597307,-0.06177728442059216,0.06469752716901123,0.23795273863149552,-0.1732552114624843,0.017335553233996274,0.059398409485294734,-0.042062856251298464,false,false,none,none,"marginal gaussian (robust), per-axis q < 0.01",false,none
g0080,,drugA,2.5,24,strain,WT,mutant,WT | mutant,-0.036378017540414476,0.09884750186242108,-0.13522551940283556,0.08523449014563285,0.4030173555482344,-0.3177828654026016,0.019054683588824593,0.09591029715343156,-0.07685561356460698,false,false,none,none,"marginal gaussian (robust), per-axis q < 0.01",false,none
g0081,,drugA,2.5,24,strain,WT,mutant,WT | mutant,0.06441402753732639,-0.043744823114938214,0.1081588506522646,0.15274882640680357,0.2132172920142094,-0.06046846560740582,0.03480923170815971,0.05626030251858902,-0.02145107081042931,false,false,none,none,"marginal gaussian (robust), per-axis q < 0.01",false,none
g0082,,drugA,2.5,24,strain,WT,mutant,WT | mutant,-0.014156808641303087,-0.1770402769353323,0.16288346829402922,0.04705675202168941,1.1966364075447027,-1.1495796555230133,0.01268785039042689,0.39873932993529027,-0.38605147954486335,false,false,none,none,"marginal gaussian (robust), per-axis q < 0.01",false,none
g0083,,drugA,2.5,24,strain,WT,mutant,WT | mutant,-0.12852056153959346,0.2521841571636241,-0.38070471870321754,0.37991420171381113,0.8188479514675667,-0.4389337497537556,0.06219942758649449,0.23003818656044964,-0.16783875897395514,false,false,none,none,"marginal gaussian (robust), per-axis q < 0.01",false,none
g0084,,drugA,2.5,24,strain,WT,mutant,WT | mutant,-0.1187080402465508,0.04860373788194394,-0.16731177812849474,0.8573580900769036,0.25723089850364694,0.6001271915732567,0.2738782960205972,0.059398409485294734,0.21447988653530248,false,false,none,none,"marginal gaussian (robust), per-axis q < 0.01",false,none
g0085,,drugA,2.5,24,strain,WT,mutant,WT | mutant,0.03402412155070955,0.0930339952318846,-0.05900987368117505,0.18914965838663608,0.2696176711550626,-0.0804680127684265,0.03480923170815971,0.059398409485294734,-0.024589177777135027,false,false,none,none,"marginal gaussian (robust), per-axis q < 0.01",false,none
g0086,,drugA,2.5,24,strain,WT,mutant,WT | mutant,0.021005668948019363,0.14164632171469727,-0.1206406527666779,0.07923501851945956,0.4585078329957215,-0.37927281447626193,0.017428812242995174,0.11656865740823312,-0.09913984516523794,false,false,none,none,"marginal gaussian (robust), per-axis q < 0.01",false,none
g0087,,drugA,2.5,24,strain,WT,mutant,WT | mutant,0.2062343878832653,-0.04361069001527973,0.24984507789854504,0.5577623547682187,0.17514898817048616,0.3826133665977325,0.13588039436158067,0.04269719855833738,0.09318319580324329,false,false,none,none,"marginal gaussian (robust), per-axis q < 0.01",false,none
g0088,,drugA,2.5,24,strain,WT,mutant,WT | mutant,-0.2591949195590644,-0.05316159988770508,-0.2060333196713593,1.3546368146860723,0.31842898857645374,1.0362078261096186,0.5500409061371354,0.07365906206475033,0.4763818440723851,false,false,none,none,"marginal gaussian (robust), per-axis q < 0.01",false,none
g0089,,drugA,2.5,24,strain,WT,mutant,WT | mutant,0.4429762792695655,0.08404575926114788,0.35893052000841763,1.330131241784498,0.2376167838939821,1.0925144578905157,0.5351354347531244,0.059398409485294734,0.4757370252678297,false,false,none,none,"marginal gaussian (robust), per-axis q < 0.01",false,none
g0090,,drugA,2.5,24,strain,WT,mutant,WT | mutant,-0.04136348120911926,-0.16828613711767382,0.12692265590855456,0.11696013896571117,0.7103658351504333,-0.593405696184722,0.028233575011855947,0.19610277242620422,-0.16786919741434828,false,false,none,none,"marginal gaussian (robust), per-axis q < 0.01",false,none
g0091,,drugA,2.5,24,strain,WT,mutant,WT | mutant,0.12124887873727452,-0.0978386264706117,0.21908750520788622,0.4012351079090172,0.3702920510228144,0.030943056886202802,0.06458422191111077,0.09461269555862979,-0.030028473647519024,false,false,none,none,"marginal gaussian (robust), per-axis q < 0.01",false,none
g0092,,drugA,2.5,24,strain,WT,mutant,WT | mutant,0.02090180521291174,0.014087443179009895,0.006814362033901844,0.05856295438630715,0.07927138436585877,-0.02070842997955162,0.017335553233996274,0.02229533137632022,-0.004959778142323946,false,false,none,none,"marginal gaussian (robust), per-axis q < 0.01",false,none
g0093,,drugA,2.5,24,strain,WT,mutant,WT | mutant,-0.05885515817247722,0.14303834780583813,-0.20189350597831535,0.16481493009475687,0.8157956666660124,-0.6509807365712555,0.03480923170815971,0.23003818656044964,-0.19522895485228992,false,false,none,none,"marginal gaussian (robust), per-axis q < 0.01",false,none
g0094,,drugA,2.5,24,strain,WT,mutant,WT | mutant,0.07641138402012615,-0.15781257977038088,0.23422396379050703,0.46564190507190295,0.3559408458408611,0.10970105923104184,0.09845117335280794,0.0847158318029265,0.013735341549881444,false,false,none,none,"marginal gaussian (robust), per-axis q < 0.01",false,none
g0095,,drugA,2.5,24,strain,WT,mutant,WT | mutant,-0.11400050797952943,0.08486794136655362,-0.19886844934608305,0.5452567950205597,0.300108415841566,0.24514837917899368,0.13588039436158067,0.06500693388589306,0.07087346047568761,false,false,none,none,"marginal gaussian (robust), per-axis q < 0.01",false,none
g0096,,drugA,2.5,24,strain,WT,mutant,WT | mutant,0.028426006675630333,-0.055867686723189536,0.08429369339881987,0.12855797095746685,0.21864383916878827,-0.09008586821132142,0.03159878166474358,0.0564194726314109,-0.024820690966667322,false,false,none,none,"marginal gaussian (robust), per-axis q < 0.01",false,none
g0097,,drugA,2.5,24,strain,WT,mutant,WT | mutant,-0.033412895498893036,-0.20068221993468693,0.1672693244357939,0.18990777585252963,1.939262061498399,-1.7493542856458695,0.03480923170815971,0.7375088121215814,-0.7026995804134216,false,false,none,none,"marginal gaussian (robust), per-axis q < 0.01",false,none
g0098,,drugA,2.5,24,strain,WT,mutant,WT | mutant,-0.09189019545142951,0.1811088044272413,-0.2729989998786708,0.30621056676530484,0.48733103377580594,-0.1811204670105011,0.04571411753841098,0.11974960079062902,-0.07403548325221804,false,false,none,none,"marginal gaussian (robust), per-axis q < 0.01",false,none
g0099,,drugA,2.5,24,strain,WT,mutant,WT | mutant,0.42236692154600775,0.2333516151461641,0.18901530639984365,1.214957213447286,1.1130668276698716,0.10189038577741427,0.46799922093234264,0.3624990989183166,0.10550012201402603,false,false,none,none,"marginal gaussian (robust), per-axis q < 0.01",false,none
g0100,,drugA,2.5,24,strain,WT,mutant,WT | mutant,-0.026464465606066412,-0.10792445672523066,0.08145999111916424,0.06054992159795453,0.4192225377522839,-0.3586726161543294,0.017335553233996274,0.10125412017202307,-0.0839185669380268,false,false,none,none,"marginal gaussian (robust), per-axis q < 0.01",false,none
g0101,,drugA,2.5,24,strain,WT,mutant,WT | mutant,-0.23337833904207184,-0.13478869394093707,-0.09858964510113477,0.7526651547104922,0.35155005752136126,0.40111509718913096,0.2255238218031385,0.08253519828854355,0.14298862351459496,false,false,none,none,"marginal gaussian (robust), per-axis q < 0.01",false,none
g0102,,drugA,2.5,24,strain,WT,mutant,WT | mutant,0.008487967608934,0.1543379336485895,-0.1458499660396555,0.020993258496318487,0.7216782395976828,-0.7006849811013643,0.006466367037185561,0.2035201329899297,-0.19705376595274413,false,false,none,none,"marginal gaussian (robust), per-axis q < 0.01",false,none
g0103,,drugA,2.5,24,strain,WT,mutant,WT | mutant,0.0322617508340155,-0.08310289907744917,0.11536464991146467,0.22762501910953503,0.3588759072913221,-0.1312508881817871,0.03848924657954304,0.08542943325942948,-0.046940186679886434,false,false,none,none,"marginal gaussian (robust), per-axis q < 0.01",false,none
g0104,,drugA,2.5,24,strain,WT,mutant,WT | mutant,-0.05052189398812246,0.12189146674298712,-0.17241336073110958,0.15455589470309583,0.45733327165506055,-0.3027773769519647,0.03480923170815971,0.11656865740823312,-0.08175942570007341,false,false,none,none,"marginal gaussian (robust), per-axis q < 0.01",false,none
g0105,,drugA,2.5,24,strain,WT,mutant,WT | mutant,0.15238776468543946,0.1971462321960562,-0.04475846751061674,0.3453726830426448,0.5329388181163583,-0.18756613507371356,0.05598666854237132,0.12515287860371954,-0.06916621006134822,false,false,none,none,"marginal gaussian (robust), per-axis q < 0.01",false,none
g0106,,drugA,2.5,24,strain,WT,mutant,WT | mutant,0.1706266103501397,0.2080484679721355,-0.03742185762199579,0.6898758729557999,1.0524708031308556,-0.36259493017505573,0.1959100615884076,0.3407785435156562,-0.14486848192724858,false,false,none,none,"marginal gaussian (robust), per-axis q < 0.01",false,none
g0107,,drugA,2.5,24,strain,WT,mutant,WT | mutant,0.0024790627560662415,-0.08031999415310764,0.08279905690917388,0.0055594150745264205,0.2522008260083056,-0.2466414109337792,0.0028326489083077013,0.059398409485294734,-0.056565760576987034,false,false,none,none,"marginal gaussian (robust), per-axis q < 0.01",false,none
g0108,,drugA,2.5,24,strain,WT,mutant,WT | mutant,0.11315465437811234,0.06173427290778832,0.05142038147032402,1.0819238649538585,0.1641821414670294,0.9177417234868291,0.39861475401297974,0.04269719855833738,0.3559175554546424,false,false,none,none,"marginal gaussian (robust), per-axis q < 0.01",false,none
g0109,,drugA,2.5,24,strain,WT,mutant,WT | mutant,0.05990969089796927,-0.09139004789479976,0.15129973879276903,0.21578685275552978,0.2916740085893831,-0.0758871558338533,0.03848924657954304,0.060432319990279114,-0.02194307341073607,false,false,none,none,"marginal gaussian (robust), per-axis q < 0.01",false,none
g0110,,drugA,2.5,24,strain,WT,mutant,WT | mutant,-0.04339995767808613,0.004378449852283417,-0.04777840753036955,0.20066477078938177,0.012307007161764518,0.18835776362761725,0.03480923170815971,0.0019667120934419562,0.03284251961471775,false,false,none,none,"marginal gaussian (robust), per-axis q < 0.01",false,none
g0111,,drugA,2.5,24,strain,WT,mutant,WT | mutant,0.08977648689746687,0.2019014759301525,-0.11212498903268564,0.2314722817442738,0.772890821585406,-0.5414185398411322,0.03848924657954304,0.22025955409949138,-0.18177030751994833,false,false,none,none,"marginal gaussian (robust), per-axis q < 0.01",false,none
g0112,,drugA,2.5,24,strain,WT,mutant,WT | mutant,-0.7148469353792617,-0.7166257685276598,0.0017788331483981068,1.814940103606173,1.5436845904276413,0.2712555131785317,0.7676062248105427,0.5484052291002256,0.21920099571031715,false,false,none,none,"marginal gaussian (robust), per-axis q < 0.01",false,none
g0113,,drugA,2.5,24,strain,WT,mutant,WT | mutant,-0.49077799409442946,-0.36936450652024,-0.12141348757418946,1.4513070285774712,0.7980332446403617,0.6532737839371094,0.6014625535387527,0.22449766028287543,0.37696489325587723,false,false,none,none,"marginal gaussian (robust), per-axis q < 0.01",false,none
g0114,,drugA,2.5,24,strain,WT,mutant,WT | mutant,-0.17865434621421628,0.30454258816963176,-0.48319693438384803,0.921849872405833,1.658013261609079,-0.736163389203246,0.3081349203083875,0.5484052291002256,-0.24027030879183808,false,false,none,none,"marginal gaussian (robust), per-axis q < 0.01",false,none
g0115,,drugA,2.5,24,strain,WT,mutant,WT | mutant,-0.3719672007093049,-0.1552640121803126,-0.21670318852899229,0.9369200191210603,0.4811891373696346,0.4557308817514257,0.31036872084937484,0.11727170261561365,0.1930970182337612,false,false,none,none,"marginal gaussian (robust), per-axis q < 0.01",false,none
g0116,,drugA,2.5,24,strain,WT,mutant,WT | mutant,0.21720749972513254,-0.16200634397227454,0.37921384369740707,0.6290949149058206,0.6212094791622965,0.007885435743524072,0.1704570658801713,0.15115007893012097,0.019306986950050314,false,false,none,none,"marginal gaussian (robust), per-axis q < 0.01",false,none
g0117,,drugA,2.5,24,strain,WT,mutant,WT | mutant,-0.07487858299303518,-0.07933234422995383,0.004453761236918652,0.3875970565057051,0.7751326610894992,-0.3875356045837941,0.06219942758649449,0.22025955409949138,-0.1580601265129969,false,false,none,none,"marginal gaussian (robust), per-axis q < 0.01",false,none
g0118,,drugA,2.5,24,strain,WT,mutant,WT | mutant,-0.48493174280366347,-0.010466518139258696,-0.47446522466440477,1.0527382211262437,,,0.38998038944466956,,,false,false,none,none,"marginal gaussian (robust), per-axis q < 0.01",false,none
g0119,,drugA,2.5,24,strain,WT,mutant,WT | mutant,-0.10031843885551162,0.05140411399123135,-0.15172255284674296,0.32004724300330556,0.25483519900910634,0.06521204399419922,0.052127626356185876,0.059398409485294734,-0.007270783129108858,false,false,none,none,"marginal gaussian (robust), per-axis q < 0.01",false,none
g0120,,drugA,2.5,24,strain,WT,mutant,WT | mutant,0.1482011887782395,-0.0457931240444438,0.1939943128226833,0.2975784162626466,0.18272818747794023,0.11485022878470635,0.045329783714679266,0.04280055281719948,0.0025292308974797853,false,false,none,none,"marginal gaussian (robust), per-axis q < 0.01",false,none
g0121,,drugA,2.5,24,strain,WT,mutant,WT | mutant,0.20020423369945384,0.20633100385975656,-0.006126770160302719,1.2077722369050339,0.7568450003526193,0.4509272365524146,0.46799922093234264,0.22025955409949138,0.24773966683285126,false,false,none,none,"marginal gaussian (robust), per-axis q < 0.01",false,none
g0122,,drugA,2.5,24,strain,WT,mutant,WT | mutant,-0.15845881859141642,-0.05574322749479954,-0.10271559109661688,0.5580335381938251,0.15044247183909282,0.40759106635473225,0.13588039436158067,0.0411553143137017,0.09472508004787897,false,false,none,none,"marginal gaussian (robust), per-axis q < 0.01",false,none
g0123,,drugA,2.5,24,strain,WT,mutant,WT | mutant,-0.5822944481625827,-1.118468788933213,0.5361743407706303,2.2989967436310006,2.446077363784991,-0.14708062015399026,0.8986909273745336,1.0867162610465049,-0.18802533367197127,false,true,none,down,"marginal gaussian (robust), per-axis q < 0.01",true,"down, down"
g0124,,drugA,2.5,24,strain,WT,mutant,WT | mutant,0.030341522072106386,-0.05743592195343972,0.0877774440255461,0.06030942543975094,0.13277670762563,-0.07246728218587908,0.017335553233996274,0.03982893138644835,-0.022493378152452077,false,false,none,none,"marginal gaussian (robust), per-axis q < 0.01",false,none
g0125,,drugA,2.5,24,strain,WT,mutant,WT | mutant,-0.18537275138013953,0.02762723055989902,-0.21299998194003855,0.7748066682674264,0.08101781958261063,0.6937888486848157,0.23171947639971482,0.02268671250810594,0.20903276389160888,false,false,none,none,"marginal gaussian (robust), per-axis q < 0.01",false,none
g0126,,drugA,2.5,24,strain,WT,mutant,WT | mutant,0.04342485951178965,0.10741183608715765,-0.063986976575368,0.06530395026147845,0.3267538387810722,-0.2614498885195938,0.017335553233996274,0.07502661444241583,-0.05769106120841956,false,false,none,none,"marginal gaussian (robust), per-axis q < 0.01",false,none
g0127,,drugA,2.5,24,strain,WT,mutant,WT | mutant,-0.06466650388595419,0.15052613785181457,-0.21519264173776875,0.35589585146018893,0.6689971057278175,-0.3131012542676285,0.06188963932317027,0.16981746848651086,-0.1079278291633406,false,false,none,none,"marginal gaussian (robust), per-axis q < 0.01",false,none
g0128,,drugA,2.5,24,strain,WT,mutant,WT | mutant,-0.06744573425382328,0.12536953218111258,-0.19281526643493585,0.37049385897046033,0.3783580153001147,-0.00786415632965437,0.06219942758649449,0.09591029715343156,-0.03371086956693707,false,false,none,none,"marginal gaussian (robust), per-axis q < 0.01",false,none
g0129,,drugA,2.5,24,strain,WT,mutant,WT | mutant,0.11024228221942067,-0.10479327901969526,0.21503556123911594,0.28441681571820643,0.7487919988853263,-0.4643751831671199,0.045329783714679266,0.22025955409949138,-0.1749297703848121,false,false,none,none,"marginal gaussian (robust), per-axis q < 0.01",false,none
g0130,,drugA,2.5,24,strain,WT,mutant,WT | mutant,0.036777375410784074,0.004449201505719813,0.03232817390506426,0.0990688811460594,0.035218139349470344,0.06385074179658906,0.022307405063930343,0.0029241801624619863,0.019383224901468356,false,false,none,none,"marginal gaussian (robust), per-axis q < 0.01",false,none
g0131,,drugA,2.5,24,strain,WT,mutant,WT | mutant,-0.12737259850193183,-0.08015737082244456,-0.04721522767948727,0.3037046485859544,0.22745244815287474,0.07625220043307968,0.04535286782564968,0.0564194726314109,-0.011066604805761222,false,false,none,none,"marginal gaussian (robust), per-axis q < 0.01",false,none
g0132,,drugA,2.5,24,strain,WT,mutant,WT | mutant,-0.1261761485514281,0.09337670491603411,-0.21955285346746223,0.27337585488915683,0.21984656100848632,0.053529293880670514,0.045329783714679266,0.0564194726314109,-0.011089688916731635,false,false,none,none,"marginal gaussian (robust), per-axis q < 0.01",false,none
g0133,,drugA,2.5,24,strain,WT,mutant,WT | mutant,0.02443850318519658,0.05764625020425207,-0.03320774701905549,0.08231957722485927,0.4587613276041724,-0.3764417503793131,0.017531020769093113,0.11656865740823312,-0.09903763663914,false,false,none,none,"marginal gaussian (robust), per-axis q < 0.01",false,none
g0134,,drugA,2.5,24,strain,WT,mutant,WT | mutant,0.502278626955114,0.47223846385957735,0.0300401630955367,1.742838044092024,1.4386416310625072,0.3041964130295167,0.7360425630989813,0.49840983606599704,0.23763272703298427,false,false,none,none,"marginal gaussian (robust), per-axis q < 0.01",false,none
g0135,,drugA,2.5,24,strain,WT,mutant,WT | mutant,-0.031654131438356714,-0.07407825466646933,0.04242412322811262,0.07804748774800604,0.1790113071607081,-0.10096381941270205,0.017428812242995174,0.04280055281719948,-0.025371740574204306,false,false,none,none,"marginal gaussian (robust), per-axis q < 0.01",false,none
g0136,,drugA,2.5,24,strain,WT,mutant,WT | mutant,-0.17015640921985664,-0.06882952440853884,-0.1013268848113178,0.6138382283423305,0.25099405433240624,0.36284417400992425,0.1619337619756496,0.059398409485294734,0.10253535249035486,false,false,none,none,"marginal gaussian (robust), per-axis q < 0.01",false,none
g0137,,drugA,2.5,24,strain,WT,mutant,WT | mutant,0.029704340634753912,-0.0033423366943168276,0.03304667732907074,0.07775193449252965,0.008718885321070426,0.06903304917145922,0.017428812242995174,0.0019667120934419562,0.015462100149553218,false,false,none,none,"marginal gaussian (robust), per-axis q < 0.01",false,none
g0138,,drugA,2.5,24,strain,WT,mutant,WT | mutant,0.1221452478956504,0.07478335674665626,0.04736189114899414,0.2727211087835921,0.2331050354512489,0.03961607333234324,0.045329783714679266,0.05797235196944502,-0.012642568254765757,false,false,none,none,"marginal gaussian (robust), per-axis q < 0.01",false,none
g0139,,drugA,2.5,24,strain,WT,mutant,WT | mutant,0.05451824038009789,0.11914353210021744,-0.06462529172011955,0.26109227222715753,1.359740459574067,-1.0986481873469094,0.03848924657954304,0.4616537248648013,-0.4231644782852582,false,false,none,none,"marginal gaussian (robust), per-axis q < 0.01",false,none
g0140,,drugA,2.5,24,strain,WT,mutant,WT | mutant,0.0715302299888183,0.11324890546604571,-0.04171867547722741,0.2184804403525178,0.26904481340035313,-0.05056437304783534,0.03848924657954304,0.059398409485294734,-0.02090916290575169,false,false,none,none,"marginal gaussian (robust), per-axis q < 0.01",false,none
g0141,,drugA,2.5,24,strain,WT,mutant,WT | mutant,0.1525102843701731,0.07260410176555254,0.07990618260462057,0.44452420588133756,0.2823785510894881,0.16214565479184945,0.08569902905567588,0.059398409485294734,0.026300619570381142,false,false,none,none,"marginal gaussian (robust), per-axis q < 0.01",false,none
g0142,,drugA,2.5,24,strain,WT,mutant,WT | mutant,-0.03587426121324366,-0.06733856258030446,0.0314643013670608,0.15262028239756953,0.24733814361053583,-0.0947178612129663,0.03480923170815971,0.059398409485294734,-0.024589177777135027,false,false,none,none,"marginal gaussian (robust), per-axis q < 0.01",false,none
g0143,,drugA,2.5,24,strain,WT,mutant,WT | mutant,-0.03739149607045533,0.0346295254403719,-0.07202102151082723,0.09539483471061053,0.0952935182057418,0.00010131650486872035,0.022307405063930343,0.023907439585539886,-0.001600034521609544,false,false,none,none,"marginal gaussian (robust), per-axis q < 0.01",false,none
g0144,,drugA,2.5,24,strain,WT,mutant,WT | mutant,-0.07531207465459744,-0.11127337750108168,0.035961302846484244,0.16028417372587667,0.23876397806604288,-0.07847980434016621,0.03480923170815971,0.059398409485294734,-0.024589177777135027,false,false,none,none,"marginal gaussian (robust), per-axis q < 0.01",false,none
g0145,,drugA,2.5,24,strain,WT,mutant,WT | mutant,0.1910978655566815,-0.03146301160641407,0.22256087716309558,0.37342562157701753,0.1899040657934307,0.18352155578358684,0.06219942758649449,0.04472427171876549,0.017475155867729006,false,false,none,none,"marginal gaussian (robust), per-axis q < 0.01",false,none
g0146,,drugA,2.5,24,strain,WT,mutant,WT | mutant,-0.47119490317802715,-0.32191179760536137,-0.14928310557266578,1.480044903510744,0.824521845782617,0.6555230577281269,0.6217672609351625,0.23003818656044964,0.39172907437471294,false,false,none,none,"marginal gaussian (robust), per-axis q < 0.01",false,none
g0147,,drugA,2.5,24,strain,WT,mutant,WT | mutant,-0.1537208374119654,-0.19932420448865784,0.045603367076692436,0.6473104618605107,0.5625501979381502,0.08476026392236047,0.1852663641429499,0.13503844442169488,0.05022791972125501,false,false,none,none,"marginal gaussian (robust), per-axis q < 0.01",false,none
g0148,,drugA,2.5,24,strain,WT,mutant,WT | mutant,-0.1595862985789882,0.09072297952918795,-0.25030927810817616,0.8990941442931464,0.2526215641342967,0.6464725801588497,0.2974609544057148,0.059398409485294734,0.23806254492042006,false,false,none,none,"marginal gaussian (robust), per-axis q < 0.01",false,none
g0149,,drugA,2.5,24,strain,WT,mutant,WT | mutant,-0.4032686664944727,-0.7432754710152167,0.34000680452074405,0.9261591541506297,3.126669362961813,-2.2005102088111834,0.3081349203083875,1.2473600059997558,-0.9392250856913683,false,false,none,none,"marginal gaussian (robust), per-axis q < 0.01",false,none
g0150,,drugA,2.5,24,strain,WT,mutant,WT | mutant,0.013252078786200272,-0.13617958057857038,0.14943165936477065,0.05225796187230052,0.574580060858654,-0.5223220989863535,0.01532684347643765,0.13503844442169488,-0.11971160094525723,false,false,none,none,"marginal gaussian (robust), per-axis q < 0.01",false,none
g0151,,drugA,2.5,24,strain,WT,mutant,WT | mutant,-0.7569852718213665,-0.8749395818221712,0.1179543100008047,1.9610450284452117,2.131818290208567,-0.17077326176335528,0.8147598073233066,0.8693672004781374,-0.054607393154830874,false,false,none,none,"marginal gaussian (robust), per-axis q < 0.01",false,none
g0152,,drugA,2.5,24,strain,WT,mutant,WT | mutant,-0.22515517871575952,-0.31497302096644475,0.08981784225068523,1.2262208874236142,0.9605813715738487,0.26563951584976553,0.46799922093234264,0.2891948888699184,0.17880433206242424,false,false,none,none,"marginal gaussian (robust), per-axis q < 0.01",false,none
g0153,,drugA,2.5,24,strain,WT,mutant,WT | mutant,0.6564215732984895,0.7747258768855048,-0.11830430358701527,1.6695760801764075,2.4677624578320545,-0.798186377655647,0.7254699927450516,1.0867162610465049,-0.36124626830145323,false,false,none,none,"marginal gaussian (robust), per-axis q < 0.01",false,none
g0154,,drugA,2.5,24,strain,WT,mutant,WT | mutant,-0.02110443978977017,0.12533422272252182,-0.14643866251229198,0.060639352465815116,0.39088881071069537,-0.3302494582448803,0.017335553233996274,0.09591029715343156,-0.0785747439194353,false,false,none,none,"marginal gaussian (robust), per-axis q < 0.01",false,none
g0155,,drugA,2.5,24,strain,WT,mutant,WT | mutant,-0.056937633452469605,0.20060346986588584,-0.25754110331835545,0.09075446663538522,0.7479912262425563,-0.6572367596071711,0.02012258056570852,0.22025955409949138,-0.20013697353378287,false,false,none,none,"marginal gaussian (robust), per-axis q < 0.01",false,none
g0156,,drugA,2.5,24,strain,WT,mutant,WT | mutant,-0.08954732300861501,0.00570976231718312,-0.09525708532579813,0.8259397830221338,0.011988907560087974,0.8139508754620458,0.25572715894616604,0.0019667120934419562,0.2537604468527241,false,false,none,none,"marginal gaussian (robust), per-axis q < 0.01",false,none
g0157,,drugA,2.5,24,strain,WT,mutant,WT | mutant,-0.14513184843939975,0.0473232949959872,-0.19245514343538694,0.7641435395862828,0.22684049658175495,0.5373030430045278,0.23171947639971482,0.0564194726314109,0.17530000376830393,false,false,none,none,"marginal gaussian (robust), per-axis q < 0.01",false,none
g0158,,drugA,2.5,24,strain,WT,mutant,WT | mutant,0.14697445889488936,-0.16334585180390793,0.3103203106987973,0.5460512663817613,1.0675110270074524,-0.5214597606256911,0.13588039436158067,0.34287903235029693,-0.20699863798871626,false,false,none,none,"marginal gaussian (robust), per-axis q < 0.01",false,none
g0159,,drugA,2.5,24,strain,WT,mutant,WT | mutant,0.1532954733620917,0.07648693983253274,0.07680853352955896,0.7421042756183038,0.29140598650287175,0.4506982891154321,0.2255238218031385,0.060432319990279114,0.1650915018128594,false,false,none,none,"marginal gaussian (robust), per-axis q < 0.01",false,none
g0160,,drugA,2.5,24,strain,WT,mutant,WT | mutant,-0.13247053265771402,-0.0563964036016138,-0.07607412905610023,0.2572538578808673,0.14326440522990425,0.11398945265096305,0.03848924657954304,0.0411553143137017,-0.0026660677341586586,false,false,none,none,"marginal gaussian (robust), per-axis q < 0.01",false,none
g0161,,drugA,2.5,24,strain,WT,mutant,WT | mutant,-0.04223355634746628,0.053196762338376224,-0.09543031868584251,0.10021101152556812,0.20644162383174788,-0.10623061230617976,0.022307405063930343,0.05626030251858902,-0.033952897454658675,false,false,none,none,"marginal gaussian (robust), per-axis q < 0.01",false,none
g0162,,drugA,2.5,24,strain,WT,mutant,WT | mutant,0.07547444021222738,0.23540145441345572,-0.15992701420122835,0.3233491292266961,0.4103978706866622,-0.0870487414599661,0.052127626356185876,0.09691122740190382,-0.04478360104571794,false,false,none,none,"marginal gaussian (robust), per-axis q < 0.01",false,none
g0163,,drugA,2.5,24,strain,WT,mutant,WT | mutant,0.142793373384146,-0.17663653461663564,0.31942990800078164,0.7410432564619938,0.4338607563982011,0.30718250006379266,0.2255238218031385,0.10590811791133933,0.11961570389179918,false,false,none,none,"marginal gaussian (robust), per-axis q < 0.01",false,none
g0164,,drugA,2.5,24,strain,WT,mutant,WT | mutant,0.1358341097493163,-0.1095688403264905,0.2454029500758068,0.32241892817402357,0.7627802280312246,-0.440361299857201,0.052127626356185876,0.22025955409949138,-0.16813192774330551,false,false,none,none,"marginal gaussian (robust), per-axis q < 0.01",false,none
g0165,,drugA,2.5,24,strain,WT,mutant,WT | mutant,-0.5019729029463535,-0.956411792730071,0.4544388897837175,1.6510924027805005,1.459302483731148,0.1917899190493526,0.7187130396865693,0.49840983606599704,0.22030320362057226,false,false,none,none,"marginal gaussian (robust), per-axis q < 0.01",false,none
g0166,,drugA,2.5,24,strain,WT,mutant,WT | mutant,0.007307279087418905,-0.17592502907612584,0.18323230816354474,0.024997273007949964,1.2995505085427537,-1.2745532355348037,0.008152716360220134,0.4603452927491321,-0.45219257638891197,false,false,none,none,"marginal gaussian (robust), per-axis q < 0.01",false,none
g0167,,drugA,2.5,24,strain,WT,mutant,WT | mutant,0.042057461142089636,-0.05839844904884295,0.10045591019093258,0.07005903084857379,0.14046188791058264,-0.07040285706200886,0.017428812242995174,0.0411553143137017,-0.023726502070706527,false,false,none,none,"marginal gaussian (robust), per-axis q < 0.01",false,none
g0168,,drugA,2.5,24,strain,WT,mutant,WT | mutant,-0.2221545319262841,0.07636776506762288,-0.298522296993907,1.5213753741527023,0.2419969934504138,1.2793783807022885,0.6457236355076983,0.059398409485294734,0.5863252260224036,false,false,none,none,"marginal gaussian (robust), per-axis q < 0.01",false,none
g0169,,drugA,2.5,24,strain,WT,mutant,WT | mutant,-0.01834597210673472,0.06918401247789774,-0.08752998458463246,0.05813856487066874,0.25083796930441654,-0.1926994044337478,0.017335553233996274,0.059398409485294734,-0.042062856251298464,false,false,none,none,"marginal gaussian (robust), per-axis q < 0.01",false,none
g0170,,drugA,2.5,24,strain,WT,mutant,WT | mutant,0.1677346748143762,-0.08297207400123963,0.25070674881561583,0.5896803312991803,0.44866991214431357,0.14101041915486673,0.1476841535927485,0.11307553136357645,0.03460862222917205,false,false,none,none,"marginal gaussian (robust), per-axis q < 0.01",false,none
g0171,,drugA,2.5,24,strain,WT,mutant,WT | mutant,-0.05968608863484626,-0.13982313990797568,0.08013705127312942,0.21987478488561418,0.48966388766782515,-0.26978910278221097,0.03848924657954304,0.11974960079062902,-0.08126035421108598,false,false,none,none,"marginal gaussian (robust), per-axis q < 0.01",false,none
g0172,,drugA,2.5,24,strain,WT,mutant,WT | mutant,0.08807052537123994,-0.1888311843515158,0.27690170972275574,0.2958586709174899,0.7617896490328699,-0.46593097811538003,0.045329783714679266,0.22025955409949138,-0.1749297703848121,false,false,none,none,"marginal gaussian (robust), per-axis q < 0.01",false,none
g0173,,drugA,2.5,24,strain,WT,mutant,WT | mutant,0.046605828429543195,0.04894235954059312,-0.002336531111049922,0.12280617927184871,0.3046350520352357,-0.181828872763387,0.03070878097264051,0.06616040995565846,-0.035451628983017944,false,false,none,none,"marginal gaussian (robust), per-axis q < 0.01",false,none
g0174,,drugA,2.5,24,strain,WT,mutant,WT | mutant,0.28764555815054393,0.29368971575723357,-0.006044157606689637,1.4293114868909462,1.2443234730934274,0.18498801379751884,0.5958574280403972,0.4212050771932606,0.1746523508471366,false,false,none,none,"marginal gaussian (robust), per-axis q < 0.01",false,none
g0175,,drugA,2.5,24,strain,WT,mutant,WT | mutant,0.061773992160203406,0.16495516619104933,-0.10318117403084592,0.23927793269021597,0.41958891324119707,-0.1803109805509811,0.03848924657954304,0.10125412017202307,-0.06276487359248002,false,false,none,none,"marginal gaussian (robust), per-axis q < 0.01",false,none
g0176,,drugA,2.5,24,strain,WT,mutant,WT | mutant,-0.15618790222051349,0.006336106012976295,-0.16252400823348978,0.7382931969932365,0.021098149091048554,0.7171950479021879,0.2255238218031385,0.0029241801624619863,0.22259964164067653,false,false,none,none,"marginal gaussian (robust), per-axis q < 0.01",false,none
g0177,,drugA,2.5,24,strain,WT,mutant,WT | mutant,0.0620959296324628,0.1757822738214614,-0.11368634418899859,0.36209627623595037,0.5338763461817184,-0.17178006994576805,0.06219942758649449,0.12515287860371954,-0.06295345101722505,false,false,none,none,"marginal gaussian (robust), per-axis q < 0.01",false,none
g0178,,drugA,2.5,24,strain,WT,mutant,WT | mutant,-0.22484448099364052,-0.6185913840231816,0.3937469030295411,1.0463802565784168,1.441422747688774,-0.39504249111035716,0.389017456783549,0.49840983606599704,-0.10939237928244805,false,false,none,none,"marginal gaussian (robust), per-axis q < 0.01",false,none
g0179,,drugA,2.5,24,strain,WT,mutant,WT | mutant,-0.08538921730433469,-0.17998108044157757,0.09459186313724288,0.2500861238974977,0.4216632713641525,-0.1715771474666548,0.03848924657954304,0.10125412017202307,-0.06276487359248002,false,false,none,none,"marginal gaussian (robust), per-axis q < 0.01",false,none
g0180,,drugA,2.5,24,strain,WT,mutant,WT | mutant,-0.10257491977759337,0.12419566369656465,-0.22677058347415802,0.3608755178569984,0.5096570167049608,-0.14878149884796238,0.06219942758649449,0.12515287860371954,-0.06295345101722505,false,false,none,none,"marginal gaussian (robust), per-axis q < 0.01",false,none
g0181,,drugA,2.5,24,strain,WT,mutant,WT | mutant,0.15130416032627636,-0.0489102720225878,0.20021443234886416,0.6147622332010548,0.2107678123775456,0.4039944208235092,0.1619337619756496,0.05626030251858902,0.10567345945706058,false,false,none,none,"marginal gaussian (robust), per-axis q < 0.01",false,none
g0182,,drugA,2.5,24,strain,WT,mutant,WT | mutant,0.010322064145876553,-0.08098520540391263,0.09130726954978918,0.028052668671197368,0.3184112311707877,-0.2903585624995903,0.008152716360220134,0.07365906206475033,-0.06550634570453019,false,false,none,none,"marginal gaussian (robust), per-axis q < 0.01",false,none
g0183,,drugA,2.5,24,strain,WT,mutant,WT | mutant,0.13084199692683995,0.09757376977687926,0.033268227149960694,0.7796000163447885,0.3791164269389385,0.40048358940585,0.23171947639971482,0.09591029715343156,0.13580917924628327,false,false,none,none,"marginal gaussian (robust), per-axis q < 0.01",false,none
g0184,,drugA,2.5,24,strain,WT,mutant,WT | mutant,-0.34246428575020715,0.10062242019443524,-0.4430867059446424,2.2227144666253738,0.2322873529993232,1.9904271136260505,0.8986909273745336,0.05797235196944502,0.8407185754050885,false,false,none,none,"marginal gaussian (robust), per-axis q < 0.01",false,none
g0185,,drugA,2.5,24,strain,WT,mutant,WT | mutant,-0.060879450050411066,-0.05642318973892735,-0.004456260311483717,0.0965226486518996,0.1213810308345209,-0.02485838218262129,0.022307405063930343,0.037212859935345156,-0.014905454871414814,false,false,none,none,"marginal gaussian (robust), per-axis q < 0.01",false,none
g0186,,drugA,2.5,24,strain,WT,mutant,WT | mutant,0.1716230821301199,-0.050391932547620755,0.22201501467774065,0.4480545730272666,0.127521628726221,0.3205329443010456,0.08632673700967375,0.03846022374157595,0.0478665132680978,false,false,none,none,"marginal gaussian (robust), per-axis q < 0.01",false,none
g0187,,drugA,2.5,24,strain,WT,mutant,WT | mutant,0.054983539228759426,0.0010552669458210318,0.053928272282938394,0.16772292764405533,0.005209148132486493,0.16251377951156884,0.03480923170815971,0.0019667120934419562,0.03284251961471775,false,false,none,none,"marginal gaussian (robust), per-axis q < 0.01",false,none
g0188,,drugA,2.5,24,strain,WT,mutant,WT | mutant,0.210470688856498,-0.11912178898046033,0.32959247783695833,0.4963801855782545,0.6559263449050341,-0.15954615932677962,0.11522379772233567,0.16954128116498235,-0.05431748344264668,false,false,none,none,"marginal gaussian (robust), per-axis q < 0.01",false,none
g0189,,drugA,2.5,24,strain,WT,mutant,WT | mutant,-0.20750502399824988,-0.49165659802515815,0.28415157402690827,1.352460731247716,1.5502257037762877,-0.19776497252857173,0.5500409061371354,0.5484052291002256,0.0016356770369098106,false,false,none,none,"marginal gaussian (robust), per-axis q < 0.01",false,none
g0190,,drugA,2.5,24,strain,WT,mutant,WT | mutant,-0.08843443875746182,0.03201387725007976,-0.12044831600754158,0.49888001087820244,0.275013516813149,0.22386649406505343,0.11522379772233567,0.059398409485294734,0.05582538823704093,false,false,none,none,"marginal gaussian (robust), per-axis q < 0.01",false,none
g0191,,drugA,2.5,24,strain,WT,mutant,WT | mutant,0.6421261169548931,0.18985707443024857,0.4522690425246445,4.025116176878562,1.0502265347233448,2.974889642155217,1.6752111720178213,0.3407785435156562,1.334432628502165,false,false,none,none,"marginal gaussian (robust), per-axis q < 0.01",false,none
g0192,,drugA,2.5,24,strain,WT,mutant,WT | mutant,-0.1430354293097924,-0.012579225312458142,-0.13045620399733426,0.4237133376834174,0.034256691492118824,0.3894566461912986,0.07927542798076156,0.0029241801624619863,0.07635124781829958,false,false,none,none,"marginal gaussian (robust), per-axis q < 0.01",false,none
g0193,,drugA,2.5,24,strain,WT,mutant,WT | mutant,0.053448838228584705,0.11150193312644596,-0.05805309489786126,0.21804302113820961,1.0717485126609696,-0.85370549152276,0.03848924657954304,0.34287903235029693,-0.3043897857707539,false,false,none,none,"marginal gaussian (robust), per-axis q < 0.01",false,none
g0194,,drugA,2.5,24,strain,WT,mutant,WT | mutant,-0.26528501720491704,-0.1775935507571198,-0.08769146644779724,1.5729735744699478,0.7592125540918812,0.8137610203780666,0.6698835874780042,0.22025955409949138,0.44962403337851287,false,false,none,none,"marginal gaussian (robust), per-axis q < 0.01",false,none
g0195,,drugA,2.5,24,strain,WT,mutant,WT | mutant,0.3230249893323105,0.025659986745393937,0.29736500258691656,1.2096534349433237,0.057015653642368345,1.1526377813009554,0.46799922093234264,0.012048508125845136,0.4559507128064975,false,false,none,none,"marginal gaussian (robust), per-axis q < 0.01",false,none
g0196,,drugA,2.5,24,strain,WT,mutant,WT | mutant,-0.31448603015610743,-0.1847989466847757,-0.12968708347133173,1.3927085679889775,0.781884182063341,0.6108243859256365,0.5750487763216603,0.22025955409949138,0.3547892222221689,false,false,none,none,"marginal gaussian (robust), per-axis q < 0.01",false,none
g0197,,drugA,2.5,24,strain,WT,mutant,WT | mutant,-0.01524148176753215,-0.05311508744116189,0.03787360567362974,0.037578434284108495,0.2143353506264996,-0.1767569163423911,0.008209519725670605,0.05626030251858902,-0.04805078279291841,false,false,none,none,"marginal gaussian (robust), per-axis q < 0.01",false,none
g0198,,drugA,2.5,24,strain,WT,mutant,WT | mutant,-0.336928558758812,-0.11672076783105645,-0.22020779092775555,1.2559044395092858,0.24713005216795475,1.008774387341331,0.48939717028934976,0.059398409485294734,0.429998760804055,false,false,none,none,"marginal gaussian (robust), per-axis q < 0.01",false,none
g0199,,drugA,2.5,24,strain,WT,mutant,WT | mutant,-0.07908950613641519,0.06015827039229915,-0.13924777652871434,0.2930136572116552,0.18584569271073043,0.10716796450092475,0.045329783714679266,0.04396853418615085,0.0013612495285284174,false,false,none,none,"marginal gaussian (robust), per-axis q < 0.01",false,none
g0200,,drugA,2.5,24,strain,WT,mutant,WT | mutant,0.038920977043144234,-0.1425191303307094,0.18144010737385363,0.12234033556990295,0.5971742495499768,-0.4748339139800738,0.03070878097264051,0.14428287445481522,-0.1135740934821747,false,false,none,none,"marginal gaussian (robust), per-axis q < 0.01",false,none
g0201,,drugA,2.5,24,strain,WT,mutant,WT | mutant,0.028867917409938215,0.16700457926996926,-0.13813666186003104,0.18378091356100376,0.5169782415490424,-0.3331973279880386,0.03480923170815971,0.12515287860371954,-0.09034364689555983,false,false,none,none,"marginal gaussian (robust), per-axis q < 0.01",false,none
g0202,,drugA,2.5,24,strain,WT,mutant,WT | mutant,0.06105162476839787,0.09705963794196037,-0.0360080131735625,0.08646021718121036,0.40036038273401664,-0.3139001655528063,0.019054683588824593,0.09591029715343156,-0.07685561356460698,false,false,none,none,"marginal gaussian (robust), per-axis q < 0.01",false,none
g0203,,drugA,2.5,24,strain,WT,mutant,WT | mutant,0.11438870457934414,-0.20618472738291516,0.3205734319622593,0.16219495916539248,0.9213594625290443,-0.7591645033636518,0.03480923170815971,0.28579450638914605,-0.25098527468098636,false,false,none,none,"marginal gaussian (robust), per-axis q < 0.01",false,none
g0204,,drugA,2.5,24,strain,WT,mutant,WT | mutant,-0.07907468144071217,0.12895520557544948,-0.20802988701616165,0.33915152938408233,0.6898238472173043,-0.35067231783322195,0.05433707795829224,0.1832476131593662,-0.12891053520107396,false,false,none,none,"marginal gaussian (robust), per-axis q < 0.01",false,none
g0205,,drugA,2.5,24,strain,WT,mutant,WT | mutant,0.08127525698915505,-0.14425016488428355,0.2255254218734386,0.5585789375126236,0.9546387736299266,-0.396059836117303,0.13588039436158067,0.2887847795259573,-0.15290438516437665,false,false,none,none,"marginal gaussian (robust), per-axis q < 0.01",false,none
g0206,,drugA,2.5,24,strain,WT,mutant,WT | mutant,-0.550260420271016,-0.8426853293056844,0.29242490903466845,2.646604644688536,2.8108410913941664,-0.16423644670563053,1.112820959261537,1.2473600059997558,-0.13453904673821881,false,false,none,none,"marginal gaussian (robust), per-axis q < 0.01",false,none
g0207,,drugA,2.5,24,strain,WT,mutant,WT | mutant,-0.7471172639674233,-0.3070248352028617,-0.44009242876456156,2.016297871254544,0.7967526699847913,1.2195452012697525,0.8147598073233066,0.22449766028287543,0.5902621470404311,false,false,none,none,"marginal gaussian (robust), per-axis q < 0.01",false,none
g0208,,drugA,2.5,24,strain,WT,mutant,WT | mutant,-0.29901772123623616,0.17246969627232112,-0.47148741750855727,2.2225609225167493,0.4510665123901106,1.7714944101266388,0.8986909273745336,0.11307553136357645,0.7856153960109571,false,false,none,none,"marginal gaussian (robust), per-axis q < 0.01",false,none
g0209,,drugA,2.5,24,strain,WT,mutant,WT | mutant,-0.08674384802402102,-0.013769043002795911,-0.07297480502122511,0.327875397887955,0.054739272366742676,0.2731361255212123,0.052127626356185876,0.01108618074805076,0.041041445608135114,false,false,none,none,"marginal gaussian (robust), per-axis q < 0.01",false,none
g0210,,drugA,2.5,24,strain,WT,mutant,WT | mutant,0.49969997770347696,0.5399423283915876,-0.04024235068811066,1.6680685210206687,2.3043057332415677,-0.636237212220899,0.7254699927450516,0.9712735692254311,-0.24580357648037943,false,false,none,none,"marginal gaussian (robust), per-axis q < 0.01",false,none
g0211,,drugA,2.5,24,strain,WT,mutant,WT | mutant,-0.01961249522727826,-0.10711920372302952,0.08750670849575126,0.030326293261388953,0.3285140534235866,-0.2981877601621976,0.008209519725670605,0.07502661444241583,-0.06681709471674523,false,false,none,none,"marginal gaussian (robust), per-axis q < 0.01",false,none
g0212,,drugA,2.5,24,strain,WT,mutant,WT | mutant,0.28878833709008234,-0.09151335268471605,0.3803016897747984,0.952160411219733,0.38619636133050406,0.565964049889229,0.3157315182605081,0.09591029715343156,0.21982122110707653,false,false,none,none,"marginal gaussian (robust), per-axis q < 0.01",false,none
g0213,,drugA,2.5,24,strain,WT,mutant,WT | mutant,-0.04502477567043872,-0.18921812965672835,0.14419335398628963,0.11508449908942751,0.6394903948622092,-0.5244058957727816,0.02780317600975324,0.1659144209071964,-0.13811124489744317,false,false,none,none,"marginal gaussian (robust), per-axis q < 0.01",false,none
g0214,,drugA,2.5,24,strain,WT,mutant,WT | mutant,-0.5414190903985991,-0.9288603219173206,0.38744123151872145,3.9400289950273577,2.757215657388988,1.1828133376383696,1.6752111720178213,1.2351272571528027,0.44008391486501863,false,false,none,none,"marginal gaussian (robust), per-axis q < 0.01",false,none
g0215,,drugA,2.5,24,strain,WT,mutant,WT | mutant,0.017480982200102524,-0.04847105375955785,0.06595203595966037,0.03427772367620098,0.1543918484284578,-0.12011412475225682,0.008209519725670605,0.04269719855833738,-0.03448767883266678,false,false,none,none,"marginal gaussian (robust), per-axis q < 0.01",false,none
g0216,,drugA,2.5,24,strain,WT,mutant,WT | mutant,-0.1538687106629837,-0.06884432661316886,-0.08502438404981483,0.5918905016657018,0.49055760036598084,0.10133290129972095,0.1476841535927485,0.11974960079062902,0.027934552802119483,false,false,none,none,"marginal gaussian (robust), per-axis q < 0.01",false,none
g0217,,drugA,2.5,24,strain,WT,mutant,WT | mutant,0.11930466677151941,-0.024593967114777016,0.14389863388629642,0.47908187862958473,0.03748763419834739,0.44159424443123735,0.10356575812635854,0.0029241801624619863,0.10064157796389656,false,false,none,none,"marginal gaussian (robust), per-axis q < 0.01",false,none
g0218,,drugA,2.5,24,strain,WT,mutant,WT | mutant,0.034279650019709784,0.006025556460137693,0.02825409355957209,0.13732695209568696,0.01909352379896913,0.11823342829671783,0.03322532816994885,0.002155101882689489,0.03107022628725936,false,false,none,none,"marginal gaussian (robust), per-axis q < 0.01",false,none
g0219,,drugA,2.5,24,strain,WT,mutant,WT | mutant,-0.17983334112717575,-0.15395876144112286,-0.02587457968605289,1.4031507033248871,0.46485399724351373,0.9382967060813734,0.5776655741456134,0.11656865740823312,0.46109691673738024,false,false,none,none,"marginal gaussian (robust), per-axis q < 0.01",false,none
g0220,,drugA,2.5,24,strain,WT,mutant,WT | mutant,0.055440517184299765,0.18602449114382047,-0.1305839739595207,0.1962210557189874,1.5604771391648753,-1.364256083445888,0.03480923170815971,0.5484052291002256,-0.5135959973920659,false,false,none,none,"marginal gaussian (robust), per-axis q < 0.01",false,none
g0221,,drugA,2.5,24,strain,WT,mutant,WT | mutant,0.03873845246657126,-0.13055109406398735,0.1692895465305586,0.14662696318876567,0.3751433060943776,-0.22851634290561196,0.03322532816994885,0.0949634494035165,-0.06173812123356765,false,false,none,none,"marginal gaussian (robust), per-axis q < 0.01",false,none
g0222,,drugA,2.5,24,strain,WT,mutant,WT | mutant,0.07273475034616705,-0.09665635071682566,0.1693911010629927,1.2811402026871666,0.23983337402734067,1.041306828659826,0.500622219024416,0.059398409485294734,0.4412238095391212,false,false,none,none,"marginal gaussian (robust), per-axis q < 0.01",false,none
g0223,,drugA,2.5,24,strain,WT,mutant,WT | mutant,-0.11105169787699154,0.14694434831924852,-0.25799604619624006,0.2433134754096593,0.518693687557423,-0.27538021214776365,0.03848924657954304,0.12515287860371954,-0.0866636320241765,false,false,none,none,"marginal gaussian (robust), per-axis q < 0.01",false,none
g0224,,drugA,2.5,24,strain,WT,mutant,WT | mutant,-0.05391245095737052,-0.07488952700673135,0.020977076049360832,0.10099926118974972,0.15559077515166983,-0.05459151396192011,0.022307405063930343,0.04269719855833738,-0.02038979349440704,false,false,none,none,"marginal gaussian (robust), per-axis q < 0.01",false,none
g0225,,drugA,2.5,24,strain,WT,mutant,WT | mutant,-0.17333222657097203,-0.1138106750936938,-0.05952155147727822,1.1875982954209952,0.6538411205117682,0.5337571749092269,0.4580213312768629,0.16954128116498235,0.28848005011188055,false,false,none,none,"marginal gaussian (robust), per-axis q < 0.01",false,none
g0226,,drugA,2.5,24,strain,WT,mutant,WT | mutant,-0.0006592910838882915,-0.1305671153622594,0.1299078242783711,0.0026575317584129335,0.47935566368957283,-0.4766981319311599,0.0025429319480343763,0.11727170261561365,-0.11472877066757928,false,false,none,none,"marginal gaussian (robust), per-axis q < 0.01",false,none
g0227,,drugA,2.5,24,strain,WT,mutant,WT | mutant,0.043119274755637704,-0.13101966268342125,0.17413893743905895,0.18781213547417933,0.9374781917568124,-0.749666056282633,0.03480923170815971,0.28579450638914605,-0.25098527468098636,false,false,none,none,"marginal gaussian (robust), per-axis q < 0.01",false,none
g0228,,drugA,2.5,24,strain,WT,mutant,WT | mutant,-0.0051066507344090795,-0.09365282348864046,0.08854617275423138,0.00849132209776315,0.4876211748197171,-0.47912985272195396,0.0028326489083077013,0.11974960079062902,-0.11691695188232132,false,false,none,none,"marginal gaussian (robust), per-axis q < 0.01",false,none
g0229,,drugA,2.5,24,strain,WT,mutant,WT | mutant,-0.5520945990628556,-0.38384790153988746,-0.16824669752296817,2.1431671016876774,1.4178101807499044,0.725356920937773,0.8783492786781409,0.4896072085804818,0.38874207009765915,false,false,none,none,"marginal gaussian (robust), per-axis q < 0.01",false,none
g0230,,drugA,2.5,24,strain,WT,mutant,WT | mutant,0.048563641916448574,0.0014646021369486562,0.04709903977949992,0.22566329319828363,0.0036770943408404415,0.2219861988574432,0.03848924657954304,0.0019667120934419562,0.036522534486101085,false,false,none,none,"marginal gaussian (robust), per-axis q < 0.01",false,none
g0231,,drugA,2.5,24,strain,WT,mutant,WT | mutant,0.08971383004567457,0.02122420148246107,0.0684896285632135,0.22267262107703167,0.1248200544163242,0.09785256666070748,0.03848924657954304,0.03846022374157595,0.000029022837967095094,false,false,none,none,"marginal gaussian (robust), per-axis q < 0.01",false,none
g0232,,drugA,2.5,24,strain,WT,mutant,WT | mutant,-0.4847731826295192,-0.36155445782089046,-0.12321872480862872,1.5288307372208394,1.2998673923119497,0.2289633449088897,0.6457236355076983,0.4603452927491321,0.18537834275856618,false,false,none,none,"marginal gaussian (robust), per-axis q < 0.01",false,none
g0233,,drugA,2.5,24,strain,WT,mutant,WT | mutant,-0.037121738299871865,0.12193926670770416,-0.15906100500757603,0.1429368708989082,0.5265683032321162,-0.38363143233320807,0.03322532816994885,0.12515287860371954,-0.09192755043377068,false,false,none,none,"marginal gaussian (robust), per-axis q < 0.01",false,none
g0234,,drugA,2.5,24,strain,WT,mutant,WT | mutant,-0.06088332776616756,-0.04680318716602194,-0.014080140600145619,0.18471443645512783,0.1489041141069737,0.03581032234815412,0.03480923170815971,0.0411553143137017,-0.0063460826055419944,false,false,none,none,"marginal gaussian (robust), per-axis q < 0.01",false,none
g0235,,drugA,2.5,24,strain,WT,mutant,WT | mutant,-0.024816004003024972,-0.015874436829165006,-0.008941567173859966,0.047104173838615905,0.03848084267594548,0.008623331162670424,0.01268785039042689,0.0029241801624619863,0.009763670227964902,false,false,none,none,"marginal gaussian (robust), per-axis q < 0.01",false,none
g0236,,drugA,2.5,24,strain,WT,mutant,WT | mutant,-0.12864833707716272,-0.09466019442835183,-0.03398814264881089,0.46931643097264225,0.33097023321596913,0.13834619775667312,0.09936826470835833,0.07502661444241583,0.024341650265942497,false,false,none,none,"marginal gaussian (robust), per-axis q < 0.01",false,none
g0237,,drugA,2.5,24,strain,WT,mutant,WT | mutant,0.6159816198485677,0.8416414998663235,-0.22565988001775583,2.6372760927768297,2.2001750660952157,0.437101026681614,1.112820959261537,0.9154475816536339,0.19737337760790308,false,false,none,none,"marginal gaussian (robust), per-axis q < 0.01",false,none
g0238,,drugA,2.5,24,strain,WT,mutant,WT | mutant,0.029352444452610982,0.042647437164333724,-0.013294992711722742,0.33376933694954286,0.08160580216135847,0.2521635347881844,0.05347882728379898,0.02268671250810594,0.030792114775693036,false,false,none,none,"marginal gaussian (robust), per-axis q < 0.01",false,none
g0239,,drugA,2.5,24,strain,WT,mutant,WT | mutant,0.014973231242334073,0.13509631289645618,-0.12012308165412211,0.03937481352077129,0.4684332652119436,-0.42905845169117235,0.008209519725670605,0.11656865740823312,-0.10835913768256251,false,false,none,none,"marginal gaussian (robust), per-axis q < 0.01",false,none
g0240,,drugA,2.5,24,strain,WT,mutant,WT | mutant,0.04966904216514045,-0.21300737299536188,0.26267641516050233,0.13759747668842673,0.5593191468996951,-0.4217216702112684,0.03322532816994885,0.13503844442169488,-0.10181311625174602,false,false,none,none,"marginal gaussian (robust), per-axis q < 0.01",false,none
g0241,,drugA,2.5,24,strain,WT,mutant,WT | mutant,0.07398250290660702,-0.06846514035904505,0.14244764326565207,0.3702011583468161,0.3338728274678475,0.036328330878968584,0.06219942758649449,0.07502661444241583,-0.012827186855921338,false,false,none,none,"marginal gaussian (robust), per-axis q < 0.01",false,none
g0242,,drugA,2.5,24,strain,WT,mutant,WT | mutant,0.544470096319948,0.3069345028259747,0.23753559349397335,1.9853818710068398,1.0356393784968763,0.9497424925099636,0.8147598073233066,0.3354811532229215,0.47927865410038506,false,false,none,none,"marginal gaussian (robust), per-axis q < 0.01",false,none
g0243,,drugA,2.5,24,strain,WT,mutant,WT | mutant,-0.21006450722017966,-0.3376537425613906,0.12758923534121092,0.6632328022189945,0.555083253773412,0.10814954844558244,0.1868358735734069,0.13503844442169488,0.05179742915171201,false,false,none,none,"marginal gaussian (robust), per-axis q < 0.01",false,none
g0244,,drugA,2.5,24,strain,WT,mutant,WT | mutant,0.06212734117829033,-0.004812455776409763,0.06693979695470009,0.21517098088852826,0.030798800168260233,0.18437218072026804,0.03848924657954304,0.0029241801624619863,0.03556506641708106,false,false,none,none,"marginal gaussian (robust), per-axis q < 0.01",false,none
g0245,,drugA,2.5,24,strain,WT,mutant,WT | mutant,0.028339999438543373,0.04881431086385302,-0.020474311425309644,0.09042606169277771,0.17140295369337483,-0.08097689200059711,0.02012258056570852,0.04269719855833738,-0.022574617992628863,false,false,none,none,"marginal gaussian (robust), per-axis q < 0.01",false,none
g0246,,drugA,2.5,24,strain,WT,mutant,WT | mutant,-0.045728357240452766,-0.035187912725453074,-0.010540444514999692,0.15114569396470925,0.08332099173246343,0.06782470223224582,0.03480923170815971,0.02268671250810594,0.012122519200053767,false,false,none,none,"marginal gaussian (robust), per-axis q < 0.01",false,none
g0247,,drugA,2.5,24,strain,WT,mutant,WT | mutant,-0.14114723726074985,-0.06765400976371794,-0.07349322749703191,0.37857694708793704,0.16602397949081427,0.21255296759712278,0.06219942758649449,0.04269719855833738,0.01950222902815711,false,false,none,none,"marginal gaussian (robust), per-axis q < 0.01",false,none
g0248,,drugA,2.5,24,strain,WT,mutant,WT | mutant,0.1471150986053189,-0.1302665195381909,0.2773816181435098,0.47183889112363153,0.45793143552931437,0.013907455594317164,0.09936826470835833,0.11656865740823312,-0.017200392699874792,false,false,none,none,"marginal gaussian (robust), per-axis q < 0.01",false,none
g0249,,drugA,2.5,24,strain,WT,mutant,WT | mutant,0.036858928223040266,0.16669628328489416,-0.1298373550618539,0.1525644732390547,0.7727509374744912,-0.6201864642354364,0.03480923170815971,0.22025955409949138,-0.1854503223913317,false,false,none,none,"marginal gaussian (robust), per-axis q < 0.01",false,none
g0250,,drugA,2.5,24,strain,WT,mutant,WT | mutant,-0.636762314517247,-0.23582978393474185,-0.4009325305825051,3.085692678014935,1.306727836024606,1.7789648419903292,1.390747657084727,0.4603452927491321,0.930402364335595,false,false,none,none,"marginal gaussian (robust), per-axis q < 0.01",false,none
g0251,,drugA,2.5,24,strain,WT,mutant,WT | mutant,-0.13436118913628814,0.04519961615475676,-0.1795608052910449,0.5108297411286162,0.12624996984366743,0.3845797712849488,0.1181681908673726,0.03846022374157595,0.07970796712579664,false,false,none,none,"marginal gaussian (robust), per-axis q < 0.01",false,none
g0252,,drugA,2.5,24,strain,WT,mutant,WT | mutant,0.02710660596737302,-0.0022941136277481178,0.02940071959512114,0.06104482018379076,0.00408658920326008,0.05695823098053068,0.017335553233996274,0.0019667120934419562,0.015368841140554318,false,false,none,none,"marginal gaussian (robust), per-axis q < 0.01",false,none
g0253,,drugA,2.5,24,strain,WT,mutant,WT | mutant,0.001318649845149622,0.13333214415344763,-0.132013494308298,0.00519938218741466,0.6408365493723817,-0.635637167184967,0.0028326489083077013,0.1659144209071964,-0.1630817719988887,false,false,none,none,"marginal gaussian (robust), per-axis q < 0.01",false,none
g0254,,drugA,2.5,24,strain,WT,mutant,WT | mutant,0.17401933661101232,-0.10532629405778415,0.2793456306687965,0.6756524365346546,0.40932180166678633,0.26633063486786823,0.18898586390876176,0.09691122740190382,0.09207463650685795,false,false,none,none,"marginal gaussian (robust), per-axis q < 0.01",false,none
g0255,,drugA,2.5,24,strain,WT,mutant,WT | mutant,-0.04054675616176162,0.010768747641574095,-0.051315503803335716,0.1568546169738717,0.03256840511264303,0.12428621186122868,0.03480923170815971,0.0029241801624619863,0.03188505154569772,false,false,none,none,"marginal gaussian (robust), per-axis q < 0.01",false,none
g0256,,drugA,2.5,24,strain,WT,mutant,WT | mutant,0.05219420039748002,0.037047511997025495,0.015146688400454522,0.18618428244704013,0.11776086164526284,0.0684234208017773,0.03480923170815971,0.03572240475315714,-0.0009131730449974326,false,false,none,none,"marginal gaussian (robust), per-axis q < 0.01",false,none
g0257,,drugA,2.5,24,strain,WT,mutant,WT | mutant,-0.579230484342836,-0.19044099847622764,-0.38878948586660833,2.185785145095222,0.6104336454821903,1.5753514996130318,0.8986909273745336,0.14732310520534247,0.7513678221691911,false,false,none,none,"marginal gaussian (robust), per-axis q < 0.01",false,none
g0258,,drugA,2.5,24,strain,WT,mutant,WT | mutant,-0.0504928706503005,0.0342024467595472,-0.0846953174098477,0.15040794206231622,0.08962932096915838,0.06077862109315785,0.03480923170815971,0.023907439585539886,0.010901792122619821,false,false,none,none,"marginal gaussian (robust), per-axis q < 0.01",false,none
g0259,,drugA,2.5,24,strain,WT,mutant,WT | mutant,-0.031238114552516905,-0.17396821120952666,0.14273009665700975,0.07014399729625535,1.477453762447501,-1.4073097651512456,0.017428812242995174,0.5050372840795896,-0.4876084718365944,false,false,none,none,"marginal gaussian (robust), per-axis q < 0.01",false,none
g0260,,drugA,2.5,24,strain,WT,mutant,WT | mutant,0.1081913270843522,-0.004464657681779727,0.11265598476613192,0.37438138247557123,0.025834424406784073,0.34854695806878716,0.06219942758649449,0.0029241801624619863,0.05927524742403251,false,false,none,none,"marginal gaussian (robust), per-axis q < 0.01",false,none
g0261,,drugA,2.5,24,strain,WT,mutant,WT | mutant,-0.003081143690174315,-0.07992433107030728,0.07684318738013296,0.00851047567194403,0.30923134778249584,-0.3007208721105518,0.0028326489083077013,0.06796955712200445,-0.06513690821369675,false,false,none,none,"marginal gaussian (robust), per-axis q < 0.01",false,none
g0262,,drugA,2.5,24,strain,WT,mutant,WT | mutant,-0.07315589757844698,0.14431314114957683,-0.2174690387280238,0.14067555230383205,0.8032595466485555,-0.6625839943447234,0.03322532816994885,0.22449766028287543,-0.19127233211292657,false,false,none,none,"marginal gaussian (robust), per-axis q < 0.01",false,none
g0263,,drugA,2.5,24,strain,WT,mutant,WT | mutant,0.05104479169643028,-0.09815311990613296,0.14919791160256324,0.2335987762429686,0.8415062501182846,-0.6079074738753161,0.03848924657954304,0.23226767416319882,-0.19377842758365577,false,false,none,none,"marginal gaussian (robust), per-axis q < 0.01",false,none
g0264,,drugA,2.5,24,strain,WT,mutant,WT | mutant,0.06405460205249192,-0.04938211006866133,0.11343671212115325,0.15333824893576498,0.16916337846613863,-0.015825129530373655,0.03480923170815971,0.04269719855833738,-0.007887966850177675,false,false,none,none,"marginal gaussian (robust), per-axis q < 0.01",false,none
g0265,,drugA,2.5,24,strain,WT,mutant,WT | mutant,0.023853383870154232,0.07155349771703534,-0.04770011384688111,0.059105617920682994,0.4573867913132542,-0.39828117339257124,0.017335553233996274,0.11656865740823312,-0.09923310417423685,false,false,none,none,"marginal gaussian (robust), per-axis q < 0.01",false,none
g0266,,drugA,2.5,24,strain,WT,mutant,WT | mutant,-0.06632494188588867,-0.20302916693415174,0.13670422504826307,0.4488339028526824,0.9688610630262828,-0.5200271601736004,0.08632673700967375,0.291870702804354,-0.20554396579468026,false,false,none,none,"marginal gaussian (robust), per-axis q < 0.01",false,none
g0267,,drugA,2.5,24,strain,WT,mutant,WT | mutant,0.16152645916043795,-0.12796668738183747,0.2894931465422754,0.5243594438439148,0.28259800287088566,0.2417614409730291,0.12582895991857326,0.059398409485294734,0.06643055043327853,false,false,none,none,"marginal gaussian (robust), per-axis q < 0.01",false,none
g0268,,drugA,2.5,24,strain,WT,mutant,WT | mutant,-0.7772122495064622,-0.6429149413158939,-0.1342973081905683,1.8897090634874896,1.1846637790565169,0.7050452844309727,0.8009824995336343,0.39873932993529027,0.40224316959834405,false,false,none,none,"marginal gaussian (robust), per-axis q < 0.01",false,none
g0269,,drugA,2.5,24,strain,WT,mutant,WT | mutant,-0.2461290243786074,-0.5399886603584445,0.2938596359798371,0.8436015081382109,2.889102193907379,-2.045500685769168,0.2689797651571881,1.2473600059997558,-0.9783802408425677,false,false,none,none,"marginal gaussian (robust), per-axis q < 0.01",false,none
g0270,,drugA,2.5,24,strain,WT,mutant,WT | mutant,0.05076537882630383,0.16256295561819822,-0.11179757679189439,0.14223801060655744,0.5813298991948379,-0.43909188858828047,0.03322532816994885,0.13512010945619143,-0.10189478128624258,false,false,none,none,"marginal gaussian (robust), per-axis q < 0.01",false,none
g0271,,drugA,2.5,24,strain,WT,mutant,WT | mutant,0.574916309216043,0.5700374154072918,0.004878893808751172,1.1353825101555999,3.062791686701809,-1.9274091765462091,0.42087008827292677,1.2473600059997558,-0.826489917726829,false,false,none,none,"marginal gaussian (robust), per-axis q < 0.01",false,none
g0272,,drugA,2.5,24,strain,WT,mutant,WT | mutant,0.7835804184144095,0.9042090260181421,-0.12062860760373262,2.531933457476622,1.8309962808479359,0.700937176628686,1.0452668848507294,0.6477264371651311,0.39754044768559826,false,false,none,none,"marginal gaussian (robust), per-axis q < 0.01",false,none
g0273,,drugA,2.5,24,strain,WT,mutant,WT | mutant,0.09788737561191851,0.04803128528034595,0.04985609033157257,0.27909390079480445,0.071005972093951,0.20808792870085346,0.045329783714679266,0.018069896906152513,0.027259886808526753,false,false,none,none,"marginal gaussian (robust), per-axis q < 0.01",false,none
g0274,,drugA,2.5,24,strain,WT,mutant,WT | mutant,0.0692239559295853,0.01055521024197148,0.05866874568761382,0.2505927140768596,0.02295050512410325,0.2276422089527564,0.03848924657954304,0.0029241801624619863,0.03556506641708106,false,false,none,none,"marginal gaussian (robust), per-axis q < 0.01",false,none
g0275,,drugA,2.5,24,strain,WT,mutant,WT | mutant,-0.13461241060236606,-0.2523485310074163,0.11773612040505022,0.3786048219354866,1.0469271324787983,-0.6683223105433117,0.06219942758649449,0.3407785435156562,-0.2785791159291617,false,false,none,none,"marginal gaussian (robust), per-axis q < 0.01",false,none
g0276,,drugA,2.5,24,strain,WT,mutant,WT | mutant,0.2195041030078304,0.015865646108643716,0.2036384568991867,1.5463207557976568,0.022190800119445422,1.5241299556782113,0.6525707950598566,0.0029241801624619863,0.6496466148973946,false,false,none,none,"marginal gaussian (robust), per-axis q < 0.01",false,none
g0277,,drugA,2.5,24,strain,WT,mutant,WT | mutant,0.07894590272670321,0.08006645116394129,-0.001120548437238078,0.1764841699913783,0.26149117075614103,-0.08500700076476272,0.03480923170815971,0.059398409485294734,-0.024589177777135027,false,false,none,none,"marginal gaussian (robust), per-axis q < 0.01",false,none
g0278,,drugA,2.5,24,strain,WT,mutant,WT | mutant,0.21708934816074787,0.4676634120299923,-0.2505740638692444,0.6775817007202034,1.4960067602569371,-0.8184250595367337,0.18898586390876176,0.5123092714793366,-0.3233234075705748,false,false,none,none,"marginal gaussian (robust), per-axis q < 0.01",false,none
g0279,,drugA,2.5,24,strain,WT,mutant,WT | mutant,0.1228289835709031,0.23908742422251272,-0.11625844065160962,0.5994207325039246,1.0179489520978386,-0.41852821959391406,0.1508442094861712,0.3236995864344041,-0.17285537694823291,false,false,none,none,"marginal gaussian (robust), per-axis q < 0.01",false,none
g0280,,drugA,2.5,24,strain,WT,mutant,WT | mutant,0.06010062512830938,0.11434926587490857,-0.054248640746599186,0.27487531410898947,0.4075392818164213,-0.13266396770743183,0.045329783714679266,0.09691122740190382,-0.05158144368722455,false,false,none,none,"marginal gaussian (robust), per-axis q < 0.01",false,none
g0281,,drugA,2.5,24,strain,WT,mutant,WT | mutant,0.01885650754142887,-0.13129654873685226,0.15015305627828113,0.0558819336480549,0.9269552614782323,-0.8710733278301773,0.01637339236438135,0.28579450638914605,-0.2694211140247647,false,false,none,none,"marginal gaussian (robust), per-axis q < 0.01",false,none
g0282,,drugA,2.5,24,strain,WT,mutant,WT | mutant,-0.10633123409552425,0.0445101901240772,-0.15084142421960145,0.35628878275503095,0.2415821385345912,0.11470664422043975,0.06188963932317027,0.059398409485294734,0.0024912298378755374,false,false,none,none,"marginal gaussian (robust), per-axis q < 0.01",false,none
g0283,,drugA,2.5,24,strain,WT,mutant,WT | mutant,-0.05008442346542985,0.007560398113875877,-0.05764482157930573,0.1543547412373721,0.03707928077690637,0.11727546046046575,0.03480923170815971,0.0029241801624619863,0.03188505154569772,false,false,none,none,"marginal gaussian (robust), per-axis q < 0.01",false,none
g0284,,drugA,2.5,24,strain,WT,mutant,WT | mutant,-0.17521838170602422,-0.13583140088339096,-0.039386980822633255,0.7065479924378986,0.9122851318219908,-0.20573713938409222,0.20843174416745067,0.28579450638914605,-0.07736276222169539,false,false,none,none,"marginal gaussian (robust), per-axis q < 0.01",false,none
g0285,,drugA,2.5,24,strain,WT,mutant,WT | mutant,0.008613127571017287,-0.1731333012170131,0.18174642878803038,0.014769485306706851,0.5527261448647216,-0.5379566595580147,0.0028326489083077013,0.13503844442169488,-0.13220579551338718,false,false,none,none,"marginal gaussian (robust), per-axis q < 0.01",false,none
g0286,,drugA,2.5,24,strain,WT,mutant,WT | mutant,-0.04479688803887072,0.00229072900066285,-0.04708761703953357,0.1326791426848059,0.006651043750155734,0.12602809893465017,0.03159878166474358,0.0019667120934419562,0.02963206957130162,false,false,none,none,"marginal gaussian (robust), per-axis q < 0.01",false,none
g0287,,drugA,2.5,24,strain,WT,mutant,WT | mutant,-0.31287286956036464,0.15237369508826948,-0.4652465646486341,1.1233950468259886,0.6634536165963962,0.45994143022959233,0.42087008827292677,0.16954128116498235,0.2513288071079444,false,false,none,none,"marginal gaussian (robust), per-axis q < 0.01",false,none
g0288,,drugA,2.5,24,strain,WT,mutant,WT | mutant,-0.049760331297952654,-0.10949496191455577,0.05973463061660311,0.12762458436009827,0.3033056344213177,-0.17568105006121942,0.03159878166474358,0.06616040995565846,-0.03456162829091488,false,false,none,none,"marginal gaussian (robust), per-axis q < 0.01",false,none
g0289,,drugA,2.5,24,strain,WT,mutant,WT | mutant,0.10849816117787814,0.11103088237031855,-0.0025327211924404125,0.1688559500324913,0.5579317574650453,-0.389075807432554,0.03480923170815971,0.13503844442169488,-0.10022921271353517,false,false,none,none,"marginal gaussian (robust), per-axis q < 0.01",false,none
g0290,,drugA,2.5,24,strain,WT,mutant,WT | mutant,0.07119411598327474,-0.08759356798538676,0.1587876839686615,0.5378764946849031,0.5118368241674317,0.02603967051747136,0.13588039436158067,0.12515287860371954,0.010727515757861128,false,false,none,none,"marginal gaussian (robust), per-axis q < 0.01",false,none
g0291,,drugA,2.5,24,strain,WT,mutant,WT | mutant,0.003584165248597948,-0.17151172063517173,0.17509588588376968,0.010725016516082035,0.8701252781878188,-0.8594002616717368,0.0028326489083077013,0.25603419943832106,-0.25320155053001336,false,false,none,none,"marginal gaussian (robust), per-axis q < 0.01",false,none
g0292,,drugA,2.5,24,strain,WT,mutant,WT | mutant,-0.17535048088360483,0.06580549118108792,-0.24115597206469275,0.4058533209623688,0.21887858618697284,0.18697473477539597,0.06531478401471404,0.0564194726314109,0.008895311383303135,false,false,none,none,"marginal gaussian (robust), per-axis q < 0.01",false,none
g0293,,drugA,2.5,24,strain,WT,mutant,WT | mutant,-0.5225832980115026,-0.39397816693274024,-0.12860513107876237,2.8656141277570346,1.098036659451159,1.7675774683058756,1.2540088185228417,0.35409950959861713,0.8999093089242246,false,false,none,none,"marginal gaussian (robust), per-axis q < 0.01",false,none
g0294,,drugA,2.5,24,strain,WT,mutant,WT | mutant,-0.41537464927552037,-0.30781423247877626,-0.10756041679674411,3.2624594716931896,1.2858407633046818,1.9766187083885078,1.390747657084727,0.45475343773323973,0.9359942193514873,false,false,none,none,"marginal gaussian (robust), per-axis q < 0.01",false,none
g0295,,drugA,2.5,24,strain,WT,mutant,WT | mutant,0.13063394105265402,0.14386277055091234,-0.013228829498258321,0.4228305483024911,0.3809212577735335,0.04190929052895764,0.07927542798076156,0.09591029715343156,-0.01663486917267,false,false,none,none,"marginal gaussian (robust), per-axis q < 0.01",false,none
g0296,,drugA,2.5,24,strain,WT,mutant,WT | mutant,-0.04278676682548621,0.010312319848232221,-0.05309908667371843,0.12881130280665531,0.03223247795076311,0.0965788248558922,0.03159878166474358,0.0029241801624619863,0.028674601502281592,false,false,none,none,"marginal gaussian (robust), per-axis q < 0.01",false,none
g0297,,drugA,2.5,24,strain,WT,mutant,WT | mutant,-0.15409360147001117,0.2379935715590218,-0.39208717302903295,0.39383230916618783,0.49675290407775563,-0.1029205949115678,0.0635129374002191,0.11974960079062902,-0.05623666339040992,false,false,none,none,"marginal gaussian (robust), per-axis q < 0.01",false,none
g0298,,drugA,2.5,24,strain,WT,mutant,WT | mutant,-0.05402845238037557,-0.11020401034219951,0.05617555796182394,0.12943391050973252,0.5919168903979786,-0.46248297988824605,0.03159878166474358,0.14237915731040462,-0.11078037564566104,false,false,none,none,"marginal gaussian (robust), per-axis q < 0.01",false,none
g0299,,drugA,2.5,24,strain,WT,mutant,WT | mutant,0.15968167629766583,-0.007392198585797871,0.1670738748834637,0.5582760895912786,0.03500185041908297,0.5232742391721956,0.13588039436158067,0.0029241801624619863,0.13295621419911868,false,false,none,none,"marginal gaussian (robust), per-axis q < 0.01",false,none
g0300,,drugA,2.5,24,strain,WT,mutant,WT | mutant,0.22872911888341108,0.2549935726338113,-0.026264453750400207,0.936697286904274,0.668840564654003,0.267856722250271,0.31036872084937484,0.16981746848651086,0.14055125236286398,false,false,none,none,"marginal gaussian (robust), per-axis q < 0.01",false,none
g0301,,drugA,2.5,24,strain,WT,mutant,WT | mutant,0.2285328646116218,0.0064654948044937655,0.22206736980712805,1.9403126542728684,0.022310835878433365,1.918001818394435,0.8147598073233066,0.0029241801624619863,0.8118356271608446,false,false,none,none,"marginal gaussian (robust), per-axis q < 0.01",false,none
g0302,,drugA,2.5,24,strain,WT,mutant,WT | mutant,0.07471681573881028,0.07327486675910055,0.0014419489797097285,0.23010087659309073,0.3451839991410589,-0.11508312254796818,0.03848924657954304,0.08055599015635492,-0.04206674357681188,false,false,none,none,"marginal gaussian (robust), per-axis q < 0.01",false,none
g0303,,drugA,2.5,24,strain,WT,mutant,WT | mutant,0.007867619343692844,-0.15716487627643083,0.16503249562012368,0.03092447483789152,1.195381473287853,-1.1644569984499613,0.008209519725670605,0.39873932993529027,-0.39052981020961963,false,false,none,none,"marginal gaussian (robust), per-axis q < 0.01",false,none
g0304,,drugA,2.5,24,strain,WT,mutant,WT | mutant,0.028474719644510316,0.07847678339546338,-0.05000206375095306,0.09724937258849889,0.15561843547724225,-0.058369062888743356,0.022307405063930343,0.04269719855833738,-0.02038979349440704,false,false,none,none,"marginal gaussian (robust), per-axis q < 0.01",false,none
g0305,,drugA,2.5,24,strain,WT,mutant,WT | mutant,0.12765737241783093,0.12043452244012087,0.007222849977710055,0.85295438042787,0.2894596542337588,0.5634947261941112,0.2738782960205972,0.060432319990279114,0.2134459760303181,false,false,none,none,"marginal gaussian (robust), per-axis q < 0.01",false,none
g0306,,drugA,2.5,24,strain,WT,mutant,WT | mutant,0.06463163467391997,-0.027323147127829905,0.09195478180174987,0.24385286040635118,0.045482678011503595,0.19837018239484758,0.03848924657954304,0.0031396763211292006,0.03534957025841384,false,false,none,none,"marginal gaussian (robust), per-axis q < 0.01",false,none
g0307,,drugA,2.5,24,strain,WT,mutant,WT | mutant,0.5571739940269538,0.7298223914486517,-0.1726483974216979,1.8913406709286813,,,0.8009824995336343,,,false,false,none,none,"marginal gaussian (robust), per-axis q < 0.01",false,none
g0308,,drugA,2.5,24,strain,WT,mutant,WT | mutant,-0.05238757928102089,-0.04916904924066401,-0.0032185300403568817,0.07389819909045557,0.1351578624646947,-0.06125966337423912,0.017428812242995174,0.040024107482441305,-0.02259529523944613,false,false,none,none,"marginal gaussian (robust), per-axis q < 0.01",false,none
g0309,,drugA,2.5,24,strain,WT,mutant,WT | mutant,0.06142572683381431,-0.10975607075643268,0.171181797590247,0.16714617906255463,0.4944136160503174,-0.3272674369877628,0.03480923170815971,0.11974960079062902,-0.08494036908246931,false,false,none,none,"marginal gaussian (robust), per-axis q < 0.01",false,none
g0310,,drugA,2.5,24,strain,WT,mutant,WT | mutant,-0.11710145300583363,-0.17107595444901946,0.05397450144318583,0.4998076519546808,0.5180247794506596,-0.018217127495978813,0.11522379772233567,0.12515287860371954,-0.009929080881383875,false,false,none,none,"marginal gaussian (robust), per-axis q < 0.01",false,none
g0311,,drugA,2.5,24,strain,WT,mutant,WT | mutant,-0.5661277767934152,-0.5447525588685895,-0.021375217924825662,1.9844441471708092,2.023988266562819,-0.03954411939200986,0.8147598073233066,0.7827264759023276,0.03203333142097897,false,false,none,none,"marginal gaussian (robust), per-axis q < 0.01",false,none
g0312,,drugA,2.5,24,strain,WT,mutant,WT | mutant,-0.4892227111653371,-0.2628941695257252,-0.2263285416396119,1.2693771066764867,0.8815304131524913,0.3878466935239955,0.4959209775012228,0.26253199990824916,0.23338897759297367,false,false,none,none,"marginal gaussian (robust), per-axis q < 0.01",false,none
g0313,,drugA,2.5,24,strain,WT,mutant,WT | mutant,0.624079233905297,0.5076910233600973,0.11638821054519966,3.0891881275824007,1.6241737460087886,1.465014381573612,1.390747657084727,0.5484052291002256,0.8423424279845014,false,false,none,none,"marginal gaussian (robust), per-axis q < 0.01",false,none
g0314,,drugA,2.5,24,strain,WT,mutant,WT | mutant,-0.006817809633393068,-0.1450596004154754,0.13824179078208232,0.02086418773782804,0.34765009429508975,-0.3267859065572617,0.006466367037185561,0.08083419916221017,-0.07436783212502461,false,false,none,none,"marginal gaussian (robust), per-axis q < 0.01",false,none
g0315,,drugA,2.5,24,strain,WT,mutant,WT | mutant,-0.18585173566974156,0.025965838754272497,-0.21181757442401405,0.7784554664743213,0.11309724796493618,0.6653582185093851,0.23171947639971482,0.03343141942196701,0.19828805697774782,false,false,none,none,"marginal gaussian (robust), per-axis q < 0.01",false,none
g0316,,drugA,2.5,24,strain,WT,mutant,WT | mutant,-0.12242174369253167,0.042560917314373725,-0.1649826610069054,0.5035016691902838,0.20022387297705482,0.30327779621322903,0.11522379772233567,0.05338329492092516,0.061840502801410506,false,false,none,none,"marginal gaussian (robust), per-axis q < 0.01",false,none
g0317,,drugA,2.5,24,strain,WT,mutant,WT | mutant,0.15651423253030572,0.1968957515572498,-0.04038151902694409,0.4224067755066959,0.3956091245784149,0.026797650928281014,0.07927542798076156,0.09591029715343156,-0.01663486917267,false,false,none,none,"marginal gaussian (robust), per-axis q < 0.01",false,none
g0318,,drugA,2.5,24,strain,WT,mutant,WT | mutant,-0.6192310762089477,-0.6819421034614113,0.06271102725246358,1.8493648379260896,1.5918285233166394,0.25753631460945026,0.788666997572478,0.5484052291002256,0.24026176847225245,false,false,none,none,"marginal gaussian (robust), per-axis q < 0.01",false,none
g0319,,drugA,2.5,24,strain,WT,mutant,WT | mutant,-0.16997544288486388,0.02160979634274618,-0.19158523922761006,0.8901809194795338,0.06509635124283601,0.8250845682366978,0.2974609544057148,0.015593482331188326,0.28186747207452645,false,false,none,none,"marginal gaussian (robust), per-axis q < 0.01",false,none
g0320,,drugA,2.5,24,strain,WT,mutant,WT | mutant,-0.2598932407368242,-0.18869578535049225,-0.07119745538633193,1.869921965014441,0.44163328947773084,1.4282886755367101,0.7954358401751961,0.11114831447547405,0.6842875256997221,false,false,none,none,"marginal gaussian (robust), per-axis q < 0.01",false,none
g0321,,drugA,2.5,24,strain,WT,mutant,WT | mutant,0.1179703422088032,0.3555449037485632,-0.23757456153975998,0.39743593019247464,1.1226405584373371,-0.7252046282448625,0.06458422191111077,0.36533944702681365,-0.30075522511570285,false,false,none,none,"marginal gaussian (robust), per-axis q < 0.01",false,none
g0322,,drugA,2.5,24,strain,WT,mutant,WT | mutant,0.05580836953850721,0.12549110069166503,-0.06968273115315782,0.24409925240196162,0.3819463356655126,-0.137847083263551,0.03848924657954304,0.09591029715343156,-0.05742105057388852,false,false,none,none,"marginal gaussian (robust), per-axis q < 0.01",false,none
g0323,,drugA,2.5,24,strain,WT,mutant,WT | mutant,0.002701114994788867,0.21845080790774318,-0.21574969291295432,0.006454361265184195,1.3530369523234946,-1.3465825910583105,0.0028326489083077013,0.4616537248648013,-0.4588210759564936,false,false,none,none,"marginal gaussian (robust), per-axis q < 0.01",false,none
g0324,,drugA,2.5,24,strain,WT,mutant,WT | mutant,-0.025485196613891148,-0.0922225668713823,0.06673737025749116,0.07178175736088707,0.27005366567443945,-0.19827190831355238,0.017428812242995174,0.059398409485294734,-0.04196959724229956,false,false,none,none,"marginal gaussian (robust), per-axis q < 0.01",false,none
g0325,,drugA,2.5,24,strain,WT,mutant,WT | mutant,-0.05244369382185532,0.21795256434389465,-0.27039625816574997,0.18105440704919504,0.9160371039405818,-0.7349826968913867,0.03480923170815971,0.28579450638914605,-0.25098527468098636,false,false,none,none,"marginal gaussian (robust), per-axis q < 0.01",false,none
g0326,,drugA,2.5,24,strain,WT,mutant,WT | mutant,-0.029192024892006785,0.15972070105205205,-0.18891272594405883,0.12479886111495632,0.7013041181852333,-0.576505257070277,0.03070878097264051,0.19090147627424237,-0.16019269530160185,false,false,none,none,"marginal gaussian (robust), per-axis q < 0.01",false,none
g0327,,drugA,2.5,24,strain,WT,mutant,WT | mutant,-0.0745331123930626,0.2220979894693933,-0.2966311018624559,0.2902032916933589,0.6608877299078232,-0.3706844382144643,0.045329783714679266,0.16954128116498235,-0.12421149745030308,false,false,none,none,"marginal gaussian (robust), per-axis q < 0.01",false,none
g0328,,drugA,2.5,24,strain,WT,mutant,WT | mutant,-0.41098714805196757,0.06281294628024092,-0.4738000943322085,1.7011681344086271,0.12886386030038527,1.5723042741082418,0.7269336092908818,0.03846022374157595,0.6884733855493058,false,false,none,none,"marginal gaussian (robust), per-axis q < 0.01",false,none
g0329,,drugA,2.5,24,strain,WT,mutant,WT | mutant,0.13985063703171363,0.0252325478929869,0.11461808913872673,0.21930164009783024,0.06149907629149586,0.15780256380633437,0.03848924657954304,0.01389183460876423,0.02459741197077881,false,false,none,none,"marginal gaussian (robust), per-axis q < 0.01",false,none
g0330,,drugA,2.5,24,strain,WT,mutant,WT | mutant,-0.6151128996767845,-1.0882684278360912,0.4731555281593067,2.252997223279009,3.390471777978389,-1.1374745546993799,0.8986909273745336,1.3041119473036407,-0.40542101992910706,false,true,none,down,"marginal gaussian (robust), per-axis q < 0.01",true,"down, down"
g0331,,drugA,2.5,24,strain,WT,mutant,WT | mutant,-0.07108305210067023,-0.09528927717164404,0.024206225070973808,0.1696024117959698,0.20311802687816494,-0.03351561508219514,0.03480923170815971,0.05461028945457224,-0.019801057746412533,false,false,none,none,"marginal gaussian (robust), per-axis q < 0.01",false,none
g0332,,drugA,2.5,24,strain,WT,mutant,WT | mutant,-0.09271043405522938,-0.009698197287535848,-0.08301223676769354,0.31694544936572233,0.034863141014744865,0.2820823083509775,0.052127626356185876,0.0029241801624619863,0.04920344619372389,false,false,none,none,"marginal gaussian (robust), per-axis q < 0.01",false,none
g0333,,drugA,2.5,24,strain,WT,mutant,WT | mutant,0.21220658173267815,0.5425936106998233,-0.3303870289671451,0.8726977425885725,1.1838832386767453,-0.3111854960881728,0.2845735292039026,0.39873932993529027,-0.11416580073138766,false,false,none,none,"marginal gaussian (robust), per-axis q < 0.01",false,none
g0334,,drugA,2.5,24,strain,WT,mutant,WT | mutant,0.212682372581936,0.07983830602231912,0.1328440665596169,0.6533452659695627,0.13874822882892163,0.514597037140641,0.1868358735734069,0.0411553143137017,0.1456805592597052,false,false,none,none,"marginal gaussian (robust), per-axis q < 0.01",false,none
g0335,,drugA,2.5,24,strain,WT,mutant,WT | mutant,-0.1193175009117926,0.03977313567206053,-0.15909063658385314,0.8935470037029117,0.13201830572192047,0.7615286979809912,0.2974609544057148,0.03982893138644835,0.25763202301926647,false,false,none,none,"marginal gaussian (robust), per-axis q < 0.01",false,none
g0336,,drugA,2.5,24,strain,WT,mutant,WT | mutant,-0.12143684444736103,-0.0012838600238849196,-0.1201529844234761,0.5386246878149605,0.0022868840536975047,0.536337803761263,0.13588039436158067,0.0019667120934419562,0.1339136822681387,false,false,none,none,"marginal gaussian (robust), per-axis q < 0.01",false,none
g0337,,drugA,2.5,24,strain,WT,mutant,WT | mutant,-0.006342436788855821,-0.1821457369036743,0.17580330011481848,0.032257311780255676,0.4309420269653696,-0.39868471518511395,0.008209519725670605,0.10550704469975433,-0.09729752497408373,false,false,none,none,"marginal gaussian (robust), per-axis q < 0.01",false,none
g0338,,drugA,2.5,24,strain,WT,mutant,WT | mutant,0.016943743825635238,-0.011969054222779718,0.028912798048414956,0.0322037918452335,0.027358208869205005,0.004845582976028492,0.008209519725670605,0.0029241801624619863,0.005285339563208619,false,false,none,none,"marginal gaussian (robust), per-axis q < 0.01",false,none
g0339,,drugA,2.5,24,strain,WT,mutant,WT | mutant,0.015048872992306173,0.12970158419795474,-0.11465271120564857,0.03231433609341139,0.4632740425795083,-0.43095970648609694,0.008209519725670605,0.11656865740823312,-0.10835913768256251,false,false,none,none,"marginal gaussian (robust), per-axis q < 0.01",false,none
g0340,,drugA,2.5,24,strain,WT,mutant,WT | mutant,0.5065725072996656,1.1423804186312445,-0.6358079113315789,1.430137035417155,2.9365602895168306,-1.5064232540996756,0.5958574280403972,1.2473600059997558,-0.6515025779593586,false,true,none,up,"marginal gaussian (robust), per-axis q < 0.01",true,"—, up"
g0341,,drugA,2.5,24,strain,WT,mutant,WT | mutant,-0.07432009017828811,-0.11939641952815094,0.04507632934986283,0.1366751489445105,1.5730123790840265,-1.4363372301395159,0.03322532816994885,0.5484052291002256,-0.5151799009302768,false,false,none,none,"marginal gaussian (robust), per-axis q < 0.01",false,none
g0342,,drugA,2.5,24,strain,WT,mutant,WT | mutant,0.4284645109661387,0.43140885251527017,-0.0029443415491314795,1.690721436636437,1.6627652658856735,0.0279561707507634,0.7269336092908818,0.5484052291002256,0.1785283801906562,false,false,none,none,"marginal gaussian (robust), per-axis q < 0.01",false,none
g0343,,drugA,2.5,24,strain,WT,mutant,WT | mutant,-0.02383902248398062,-0.1508488405986812,0.12700981811470058,0.07185260083647972,0.2068620607915474,-0.1350094599550677,0.017428812242995174,0.05626030251858902,-0.03883149027559384,false,false,none,none,"marginal gaussian (robust), per-axis q < 0.01",false,none
g0344,,drugA,2.5,24,strain,WT,mutant,WT | mutant,-0.10126349469612528,-0.18446337029217919,0.08319987559605391,0.3072467426176748,0.8291553962732132,-0.5219086536555384,0.04571411753841098,0.23003818656044964,-0.18432406902203866,false,false,none,none,"marginal gaussian (robust), per-axis q < 0.01",false,none
g0345,,drugA,2.5,24,strain,WT,mutant,WT | mutant,0.09706845205609937,0.04241588187025691,0.054652570185842464,0.20978572341415652,0.22089294283352423,-0.011107219419367709,0.03487301184401801,0.0564194726314109,-0.02154646078739289,false,false,none,none,"marginal gaussian (robust), per-axis q < 0.01",false,none
g0346,,drugA,2.5,24,strain,WT,mutant,WT | mutant,-0.03262347521613229,-0.1478307595218311,0.11520728430569882,0.1523642821359209,0.829126644485455,-0.6767623623495341,0.03480923170815971,0.23003818656044964,-0.19522895485228992,false,false,none,none,"marginal gaussian (robust), per-axis q < 0.01",false,none
g0347,,drugA,2.5,24,strain,WT,mutant,WT | mutant,0.13891548504181017,0.08171018309202438,0.05720530194978579,0.4391701966083329,0.33682504986636586,0.10234514674196704,0.08569902905567588,0.07502661444241583,0.010672414613260045,false,false,none,none,"marginal gaussian (robust), per-axis q < 0.01",false,none
g0348,,drugA,2.5,24,strain,WT,mutant,WT | mutant,-0.040740068158921616,0.13140665246735495,-0.17214672062627656,0.10545390837321122,0.33174916403297483,-0.2262952556597636,0.022307405063930343,0.07502661444241583,-0.05271920937848549,false,false,none,none,"marginal gaussian (robust), per-axis q < 0.01",false,none
g0349,,drugA,2.5,24,strain,WT,mutant,WT | mutant,-0.050865839879740804,-0.09673408614547263,0.04586824626573183,0.16770472592762964,0.5530431534100985,-0.3853384274824688,0.03480923170815971,0.13503844442169488,-0.10022921271353517,false,false,none,none,"marginal gaussian (robust), per-axis q < 0.01",false,none
g0350,,drugA,2.5,24,strain,WT,mutant,WT | mutant,0.12287480305978882,0.0579381889384436,0.06493661412134522,0.24720673113093497,0.17977760208190122,0.06742912904903375,0.03848924657954304,0.04280055281719948,-0.004311306237656437,false,false,none,none,"marginal gaussian (robust), per-axis q < 0.01",false,none
g0351,,drugA,2.5,24,strain,WT,mutant,WT | mutant,0.004403330378449866,0.1048626173964724,-0.10045928701802254,0.007084623646790464,0.5148223589367561,-0.5077377352899657,0.0028326489083077013,0.12515287860371954,-0.12232022969541184,false,false,none,none,"marginal gaussian (robust), per-axis q < 0.01",false,none
g0352,,drugA,2.5,24,strain,WT,mutant,WT | mutant,-0.04700891350237235,0.13282817420441972,-0.17983708770679208,0.2812246449305621,0.3804492076967826,-0.09922456276622049,0.045329783714679266,0.09591029715343156,-0.0505805134387523,false,false,none,none,"marginal gaussian (robust), per-axis q < 0.01",false,none
g0353,,drugA,2.5,24,strain,WT,mutant,WT | mutant,0.4729290603846579,0.8209064964905108,-0.34797743610585297,2.1999970263495237,2.63867487377531,-0.4386778474257862,0.8986909273745336,1.1543750344285242,-0.2556841070539906,false,false,none,none,"marginal gaussian (robust), per-axis q < 0.01",false,none
g0354,,drugA,2.5,24,strain,WT,mutant,WT | mutant,0.29685345908489325,-0.19422322990523533,0.4910766889901286,1.1850200592131253,0.5523914941378676,0.6326285650752577,0.4580213312768629,0.13503844442169488,0.322982886855168,false,false,none,none,"marginal gaussian (robust), per-axis q < 0.01",false,none
g0355,,drugA,2.5,24,strain,WT,mutant,WT | mutant,0.1365726391102129,-0.016255083688154315,0.1528277227983672,0.6546150504221396,0.07781962915060599,0.5767954212715336,0.1868358735734069,0.022194415452026228,0.16464145812138067,false,false,none,none,"marginal gaussian (robust), per-axis q < 0.01",false,none
g0356,,drugA,2.5,24,strain,WT,mutant,WT | mutant,-0.24124284084014658,-0.2510442379573208,0.009801397117174204,0.7704216616631783,1.3215908105896823,-0.551169148926504,0.23171947639971482,0.4603452927491321,-0.22862581634941728,false,false,none,none,"marginal gaussian (robust), per-axis q < 0.01",false,none
g0357,,drugA,2.5,24,strain,WT,mutant,WT | mutant,-0.19448957311554516,-0.39475614571232676,0.2002665725967816,0.4367029996814956,1.5988670578555726,-1.1621640581740769,0.08569902905567588,0.5484052291002256,-0.4627062000445497,false,false,none,none,"marginal gaussian (robust), per-axis q < 0.01",false,none
g0358,,drugA,2.5,24,strain,WT,mutant,WT | mutant,0.5541780752469112,0.4629042029568158,0.09127387229009543,2.019778283457856,1.6042361730379366,0.4155421104199193,0.8147598073233066,0.5484052291002256,0.26635457822308095,false,false,none,none,"marginal gaussian (robust), per-axis q < 0.01",false,none
g0359,,drugA,2.5,24,strain,WT,mutant,WT | mutant,0.0072706239162556585,0.03991049547603964,-0.032639871559783984,0.01888477142025882,0.15709152983327782,-0.138206758413019,0.005705168858934353,0.04269719855833738,-0.03699202969940303,false,false,none,none,"marginal gaussian (robust), per-axis q < 0.01",false,none
g0360,,drugA,2.5,24,strain,WT,mutant,WT | mutant,0.05054401834237687,0.09790162804196356,-0.04735760969958669,0.28953943497015044,0.23727322128139328,0.05226621368875717,0.045329783714679266,0.059398409485294734,-0.014068625770615469,false,false,none,none,"marginal gaussian (robust), per-axis q < 0.01",false,none
g0361,,drugA,2.5,24,strain,WT,mutant,WT | mutant,0.2813894103851098,-0.1149898472049724,0.3963792575900822,1.0029356054959697,0.38940068219350377,0.613534923302466,0.35616587919852594,0.09591029715343156,0.26025558204509436,false,false,none,none,"marginal gaussian (robust), per-axis q < 0.01",false,none
g0362,,drugA,2.5,24,strain,WT,mutant,WT | mutant,-0.3405997297934107,-0.48162839141755676,0.14102866162414607,1.012930224710314,1.3598859043817315,-0.3469556796714175,0.36089625842051315,0.4616537248648013,-0.10075746644428812,false,false,none,none,"marginal gaussian (robust), per-axis q < 0.01",false,none
g0363,,drugA,2.5,24,strain,WT,mutant,WT | mutant,0.08972540264459639,0.02807107834766409,0.061654324296932295,0.3315051695177135,0.10681306137489131,0.2246921081428222,0.05345908077442191,0.030470351457667084,0.022988729316754823,false,false,none,none,"marginal gaussian (robust), per-axis q < 0.01",false,none
g0364,,drugA,2.5,24,strain,WT,mutant,WT | mutant,0.13529473767385358,0.06302405568399827,0.07227068198985531,0.340339990637798,0.145967946762301,0.19437204387549703,0.05433707795829224,0.0411553143137017,0.01318176364459054,false,false,none,none,"marginal gaussian (robust), per-axis q < 0.01",false,none
g0365,,drugA,2.5,24,strain,WT,mutant,WT | mutant,0.6078823737988106,0.5161307125682226,0.09175166123058798,1.733688657705504,1.7972102802836554,-0.06352162257815142,0.7360425630989813,0.6316692035612822,0.1043733595376991,false,false,none,none,"marginal gaussian (robust), per-axis q < 0.01",false,none
g0366,,drugA,2.5,24,strain,WT,mutant,WT | mutant,-0.03708003902618984,-0.046327017292531636,0.009246978266341799,0.11014053579890369,0.2597333559781803,-0.1495928201792766,0.02429966008253665,0.059398409485294734,-0.03509874940275809,false,false,none,none,"marginal gaussian (robust), per-axis q < 0.01",false,none
g0367,,drugA,2.5,24,strain,WT,mutant,WT | mutant,0.10867610546601103,0.2313377425974661,-0.12266163713145506,0.7431074035245049,1.324509589300865,-0.58140218577636,0.2255238218031385,0.4603452927491321,-0.2348214709459936,false,false,none,none,"marginal gaussian (robust), per-axis q < 0.01",false,none
g0368,,drugA,2.5,24,strain,WT,mutant,WT | mutant,0.09879593528763131,-0.03685057964111671,0.13564651492874802,0.2778080738922568,0.07253607954225678,0.20527199435000004,0.045329783714679266,0.018257516478948976,0.02707226723573029,false,false,none,none,"marginal gaussian (robust), per-axis q < 0.01",false,none
g0001,,drugA,5,24,strain,WT,mutant,WT | mutant,1.3465010984904309,0.6522756994411782,0.6942253990492526,3.6733812440740374,1.1581651023853217,2.5152161416887155,1.9074975582377758,0.4934993292192884,1.4139982290184874,true,false,up,none,"marginal gaussian (robust), per-axis q < 0.01",true,"up, up"
g0002,,drugA,5,24,strain,WT,mutant,WT | mutant,1.2853594560653328,0.5948737063570118,0.690485749708321,2.1917869653420645,2.16754907172026,0.024237893621804396,1.2980370046042644,1.2577133397003615,0.040323664903902934,true,false,up,none,"marginal gaussian (robust), per-axis q < 0.01",true,"up, up"
g0003,,drugA,5,24,strain,WT,mutant,WT | mutant,0.8856131724803831,0.27118920938222857,0.6144239630981545,3.954532753194332,0.8651433424752566,3.0893894107190754,2.0337373553792544,0.3156877027239541,1.7180496526553002,false,false,none,none,"marginal gaussian (robust), per-axis q < 0.01",false,none
g0004,,drugA,5,24,strain,WT,mutant,WT | mutant,-0.21198407814099518,0.0012779047583624248,-0.2132619828993576,0.980095744552121,0.0037265458112983457,0.9763691987408226,0.424208730001077,0.0024298682407890957,0.4217788617602879,false,false,none,none,"marginal gaussian (robust), per-axis q < 0.01",false,none
g0005,,drugA,5,24,strain,WT,mutant,WT | mutant,-0.0854017991305156,0.009642068266225934,-0.09504386739674153,0.6087223283919059,0.01802917085507137,0.5906931575368345,0.23332216256724048,0.007186304371471852,0.22613585819576862,false,false,none,none,"marginal gaussian (robust), per-axis q < 0.01",false,none
g0006,,drugA,5,24,strain,WT,mutant,WT | mutant,-0.060506078430935695,0.016704029464922776,-0.07721010789585847,0.10841229903163013,0.02324377108968253,0.0851685279419476,0.026972974417463588,0.007186304371471852,0.019786670045991737,false,false,none,none,"marginal gaussian (robust), per-axis q < 0.01",false,none
g0007,,drugA,5,24,strain,WT,mutant,WT | mutant,-0.01688368243021454,0.05594153809058522,-0.07282522052079976,0.04865047273492261,0.17543389850991406,-0.12678342577499147,0.009475924364570168,0.03161206291094079,-0.022136138546370622,false,false,none,none,"marginal gaussian (robust), per-axis q < 0.01",false,none
g0008,,drugA,5,24,strain,WT,mutant,WT | mutant,-0.5068646228192506,-0.5332908695996643,0.02642624678041372,1.1983983328559393,1.4323283093621941,-0.2339299765062548,0.5770331863325903,0.689579380447588,-0.11254619411499778,false,false,none,none,"marginal gaussian (robust), per-axis q < 0.01",false,none
g0009,,drugA,5,24,strain,WT,mutant,WT | mutant,0.23533576456528316,-0.0697827256639556,0.30511849022923876,1.04547097576346,0.1554955761742635,0.8899753995891965,0.4618943901295105,0.026172002592194522,0.43572238753731596,false,false,none,none,"marginal gaussian (robust), per-axis q < 0.01",false,none
g0010,,drugA,5,24,strain,WT,mutant,WT | mutant,0.5374566388129365,0.6620739323535192,-0.12461729354058271,1.3326840070334118,2.1578598952134245,-0.8251758881800126,0.6886556675357914,1.2577133397003615,-0.56905767216457,false,false,none,none,"marginal gaussian (robust), per-axis q < 0.01",false,none
g0011,,drugA,5,24,strain,WT,mutant,WT | mutant,-0.04442775031651536,-0.1381480247670428,0.09372027445052744,0.23557802918483223,0.5171045595711654,-0.2815265303863332,0.06242716377098034,0.12721731076371565,-0.0647901469927353,false,false,none,none,"marginal gaussian (robust), per-axis q < 0.01",false,none
g0012,,drugA,5,24,strain,WT,mutant,WT | mutant,0.03083407812483685,-0.02049945561148725,0.0513335337363241,0.053913806479679555,0.049524935171616095,0.004388871308063459,0.009475924364570168,0.010978537526705924,-0.001502613162135756,false,false,none,none,"marginal gaussian (robust), per-axis q < 0.01",false,none
g0013,,drugA,5,24,strain,WT,mutant,WT | mutant,0.22457090383039802,0.045689120015553364,0.17888178381484465,0.5600900635203795,0.2521137821330875,0.307976281387292,0.2036721174831525,0.048083290783317224,0.1555888266998353,false,false,none,none,"marginal gaussian (robust), per-axis q < 0.01",false,none
g0014,,drugA,5,24,strain,WT,mutant,WT | mutant,-0.06197905896120659,0.06800099705026774,-0.12998005601147433,0.18221033033092368,0.17802007249556143,0.004190257835362254,0.04110666701466017,0.03161206291094079,0.009494604103719377,false,false,none,none,"marginal gaussian (robust), per-axis q < 0.01",false,none
g0015,,drugA,5,24,strain,WT,mutant,WT | mutant,0.08381315644813725,0.08905339040604687,-0.0052402339579096235,0.4786639196960504,0.4295204597030484,0.04914345999300196,0.16808860612583879,0.1077768435291735,0.06031176259666529,false,false,none,none,"marginal gaussian (robust), per-axis q < 0.01",false,none
g0016,,drugA,5,24,strain,WT,mutant,WT | mutant,-0.1727533244788706,0.18965257509694133,-0.36240589957581193,0.8796290786627183,2.174582889886036,-1.2949538112233177,0.345435450699056,1.2577133397003615,-0.9122778890013055,false,false,none,none,"marginal gaussian (robust), per-axis q < 0.01",false,none
g0017,,drugA,5,24,strain,WT,mutant,WT | mutant,0.50590231632499,0.24309197969703078,0.2628103366279593,2.57279678620157,1.219351450717816,1.353445335483754,1.484070222247715,0.5378721785421328,0.9461980437055821,false,false,none,none,"marginal gaussian (robust), per-axis q < 0.01",false,none
g0018,,drugA,5,24,strain,WT,mutant,WT | mutant,-0.13364780884506366,0.13505828317936075,-0.2687060920244244,0.5590112488956323,0.600153975127327,-0.04114272623169479,0.2036721174831525,0.1617127516379382,0.041959365845214314,false,false,none,none,"marginal gaussian (robust), per-axis q < 0.01",false,none
g0019,,drugA,5,24,strain,WT,mutant,WT | mutant,-0.017662510009463617,0.013674652594804826,-0.03133716260426844,0.10438076159733137,0.029432686358575797,0.07494807523875557,0.026972974417463588,0.007186304371471852,0.019786670045991737,false,false,none,none,"marginal gaussian (robust), per-axis q < 0.01",false,none
g0020,,drugA,5,24,strain,WT,mutant,WT | mutant,-0.11697690360112922,0.05052354920108293,-0.16750045280221215,0.5486221630103876,0.07076711624529122,0.4778550467650964,0.19761819238456782,0.01129232295200476,0.18632586943256307,false,false,none,none,"marginal gaussian (robust), per-axis q < 0.01",false,none
g0021,,drugA,5,24,strain,WT,mutant,WT | mutant,0.04993919654608625,-0.05780498794988809,0.10774418449597434,0.22186991516734322,0.10708138558105254,0.11478852958629068,0.05742263727536963,0.015834372155539688,0.04158826511982994,false,false,none,none,"marginal gaussian (robust), per-axis q < 0.01",false,none
g0022,,drugA,5,24,strain,WT,mutant,WT | mutant,0.25398670537228973,0.23325224276136503,0.02073446261092471,0.8192419291412595,0.6267626041147204,0.19247932502653908,0.32527611777386717,0.16827346061420254,0.15700265715966463,false,false,none,none,"marginal gaussian (robust), per-axis q < 0.01",false,none
g0023,,drugA,5,24,strain,WT,mutant,WT | mutant,0.31353687535964525,-0.09579521776951871,0.40933209312916397,0.34880777501701643,0.16419252955933814,0.1846152454576783,0.11127091350955809,0.03003445913165227,0.08123645437790582,false,false,none,none,"marginal gaussian (robust), per-axis q < 0.01",false,none
g0024,,drugA,5,24,strain,WT,mutant,WT | mutant,0.20271120881574767,0.23541589249171047,-0.0327046836759628,1.1367677790313557,0.9405739069558222,0.19619387207553352,0.5362396136685974,0.36505277676559245,0.17118683690300496,false,false,none,none,"marginal gaussian (robust), per-axis q < 0.01",false,none
g0025,,drugA,5,24,strain,WT,mutant,WT | mutant,-0.8168664109546464,-1.7207356188085106,0.9038692078538642,2.6448425087897514,4.3869188730270725,-1.7420763642373212,1.484070222247715,2.4504623038192146,-0.9663920815714997,false,true,none,down,"marginal gaussian (robust), per-axis q < 0.01",true,"down, down"
g0026,,drugA,5,24,strain,WT,mutant,WT | mutant,0.7370716588180315,0.7371939225987632,-0.00012226378073165733,1.5495146985048514,1.6292224833659894,-0.07970778486113805,0.85289859956231,0.8593213084077687,-0.006422708845458702,false,false,none,none,"marginal gaussian (robust), per-axis q < 0.01",false,none
g0027,,drugA,5,24,strain,WT,mutant,WT | mutant,-0.021278034325979966,0.10082040079338306,-0.12209843511936302,0.6540387655776947,1.22088468956817,-0.5668459239904753,0.2587251773688558,0.5378721785421328,-0.27914700117327695,false,false,none,none,"marginal gaussian (robust), per-axis q < 0.01",false,none
g0028,,drugA,5,24,strain,WT,mutant,WT | mutant,-0.7719222616155719,-0.8779744936688374,0.10605223205326553,0.7930520674962314,3.9823669717532892,-3.189314904257058,0.31818478984284443,2.3231640942887584,-2.004979304445914,false,false,none,none,"marginal gaussian (robust), per-axis q < 0.01",false,none
g0029,,drugA,5,24,strain,WT,mutant,WT | mutant,-0.15426995253185183,0.10040985886545606,-0.2546798113973079,0.8360081768139844,0.2765745262047706,0.5594336506092139,0.3284744145551228,0.04980302076252696,0.2786713937925958,false,false,none,none,"marginal gaussian (robust), per-axis q < 0.01",false,none
g0030,,drugA,5,24,strain,WT,mutant,WT | mutant,-0.24103148386559603,-0.037307365694342565,-0.20372411817125347,0.6242397194253289,0.7698434387688262,-0.14560371934349736,0.24308333156941006,0.2449770722529751,-0.0018937406835650428,false,false,none,none,"marginal gaussian (robust), per-axis q < 0.01",false,none
g0031,,drugA,5,24,strain,WT,mutant,WT | mutant,0.035468662464419154,0.12085616689506473,-0.08538750443064558,0.10312480181149636,0.40317833144981974,-0.3000535296383234,0.026972974417463588,0.09878475009519518,-0.07181177567773159,false,false,none,none,"marginal gaussian (robust), per-axis q < 0.01",false,none
g0032,,drugA,5,24,strain,WT,mutant,WT | mutant,-0.692192170369724,-0.15617209256429376,-0.5360200778054303,1.3648700904100075,0.3866961383034595,0.978173952106548,0.7021122587284334,0.09317423703790292,0.6089380216905305,false,false,none,none,"marginal gaussian (robust), per-axis q < 0.01",false,none
g0033,,drugA,5,24,strain,WT,mutant,WT | mutant,-0.11642844047246115,0.15222012175699362,-0.26864856222945477,0.2514014537756038,0.6513442925832185,-0.39994283880761466,0.06422473209978385,0.18942197324430657,-0.12519724114452271,false,false,none,none,"marginal gaussian (robust), per-axis q < 0.01",false,none
g0034,,drugA,5,24,strain,WT,mutant,WT | mutant,0.8269874516562776,0.7636611308462928,0.06332632080998479,1.7549267901119563,2.523137502040124,-0.7682107119281676,1.0019923280812941,1.423769133019391,-0.42177680493809677,false,false,none,none,"marginal gaussian (robust), per-axis q < 0.01",false,none
g0035,,drugA,5,24,strain,WT,mutant,WT | mutant,-0.09168471284749202,0.1540603740860238,-0.24574508693351582,0.4152202874563654,0.838223662964991,-0.42300337550862555,0.13776412264482563,0.2971200975784543,-0.15935597493362869,false,false,none,none,"marginal gaussian (robust), per-axis q < 0.01",false,none
g0036,,drugA,5,24,strain,WT,mutant,WT | mutant,0.06938769005573597,0.06637778578220832,0.0030099042735276527,0.09631921095682676,0.20451776383093037,-0.10819855287410361,0.02507438260651403,0.0331600064778348,-0.008085623871320769,false,false,none,none,"marginal gaussian (robust), per-axis q < 0.01",false,none
g0037,,drugA,5,24,strain,WT,mutant,WT | mutant,0.7682650101602073,0.9886964474695459,-0.22043143730933856,2.654266642243568,2.653069786360559,0.001196855883009107,1.484070222247715,1.5379349532463031,-0.05386473099858824,false,false,none,none,"marginal gaussian (robust), per-axis q < 0.01",false,none
g0038,,drugA,5,24,strain,WT,mutant,WT | mutant,1.3965857986519135,2.3561751394258295,-0.959589340773916,1.6637573453700758,3.0263096679185404,-1.3625523225484646,0.9263891268540193,1.805352656645778,-0.8789635297917587,true,true,up,up,"marginal gaussian (robust), per-axis q < 0.01",true,"up, up"
g0039,,drugA,5,24,strain,WT,mutant,WT | mutant,0.09216551567149622,-0.17021071105073737,0.2623762267222336,0.5113247011412285,0.5561953115613314,-0.044870610420102874,0.17669103908119277,0.14306256005339013,0.03362847902780264,false,false,none,none,"marginal gaussian (robust), per-axis q < 0.01",false,none
g0040,,drugA,5,24,strain,WT,mutant,WT | mutant,0.07376512807371505,-0.06636580914473811,0.14013093721845316,1.0086513631484855,0.11844517416257347,0.890206188985912,0.44280354447496784,0.018550307605054894,0.42425323686991295,false,false,none,none,"marginal gaussian (robust), per-axis q < 0.01",false,none
g0041,,drugA,5,24,strain,WT,mutant,WT | mutant,0.004989850636945903,-0.01532995161264239,0.020319802249588292,0.020238096209463763,0.08703939809564137,-0.06680130188617761,0.008939936750484706,0.01329725013961089,-0.004357313389126184,false,false,none,none,"marginal gaussian (robust), per-axis q < 0.01",false,none
g0042,,drugA,5,24,strain,WT,mutant,WT | mutant,-0.06065004327138013,-0.2500839553878027,0.18943391211642258,0.16915461354359815,1.9018838849119175,-1.7327292713683193,0.037466513721606025,1.0799537099496868,-1.0424871962280808,false,false,none,none,"marginal gaussian (robust), per-axis q < 0.01",false,none
g0043,,drugA,5,24,strain,WT,mutant,WT | mutant,-1.1089205880919888,-1.5699894077506427,0.4610688196586539,3.018803776500122,2.0020563813663994,1.0167473951337227,1.6405046838908086,1.1299595969384386,0.51054508695237,true,true,down,down,"marginal gaussian (robust), per-axis q < 0.01",true,"down, down"
g0044,,drugA,5,24,strain,WT,mutant,WT | mutant,-1.123475219432227,-1.3173384618389958,0.19386324240676878,4.067006292023945,2.3935133184400232,1.6734929735839215,2.0337373553792544,1.3752884983338243,0.6584488570454301,true,true,down,down,"marginal gaussian (robust), per-axis q < 0.01",true,"down, down"
g0045,,drugA,5,24,strain,WT,mutant,WT | mutant,-0.09710755257571435,-0.2251783519442423,0.12807079936852794,0.25281442168776314,0.5842283224787066,-0.33141390079094346,0.06422473209978385,0.15547436639244944,-0.09124963429266558,false,false,none,none,"marginal gaussian (robust), per-axis q < 0.01",false,none
g0046,,drugA,5,24,strain,WT,mutant,WT | mutant,0.42765246597499385,0.2854288413963415,0.14222362457865234,2.5855771657121704,1.0276054595162314,1.557971706195939,1.484070222247715,0.40483184767837516,1.0792383745693397,false,false,none,none,"marginal gaussian (robust), per-axis q < 0.01",false,none
g0047,,drugA,5,24,strain,WT,mutant,WT | mutant,-0.10146816468974151,0.16016489400779488,-0.2616330586975364,0.242706460546001,0.4303684433002648,-0.1876619827542638,0.06422473209978385,0.1077768435291735,-0.04355211142938964,false,false,none,none,"marginal gaussian (robust), per-axis q < 0.01",false,none
g0048,,drugA,5,24,strain,WT,mutant,WT | mutant,-0.02650000604991476,0.0035935713595236507,-0.03009357740943841,0.13091826299259635,0.006495416684548918,0.12442284630804742,0.029781258785254183,0.0024298682407890957,0.027351390544465087,false,false,none,none,"marginal gaussian (robust), per-axis q < 0.01",false,none
g0049,,drugA,5,24,strain,WT,mutant,WT | mutant,-1.0866166626357545,-1.1272206443525468,0.04060398171679225,0.9772193239694225,3.4543394199036497,-2.477120095934227,0.424208730001077,2.0681378145028564,-1.6439290845017793,false,true,none,down,"marginal gaussian (robust), per-axis q < 0.01",true,"down, down"
g0050,,drugA,5,24,strain,WT,mutant,WT | mutant,-0.14265556990465278,0.08333933915349867,-0.22599490905815145,0.498638512335386,0.20078620706264658,0.2978523052727394,0.17333994194446803,0.03161206291094079,0.14172787903352724,false,false,none,none,"marginal gaussian (robust), per-axis q < 0.01",false,none
g0051,,drugA,5,24,strain,WT,mutant,WT | mutant,0.1288030659772783,-0.010622339987994778,0.13942540596527309,0.43240866115747667,0.026204095485088678,0.406204565672388,0.1475942097316865,0.007186304371471852,0.14040790536021464,false,false,none,none,"marginal gaussian (robust), per-axis q < 0.01",false,none
g0052,,drugA,5,24,strain,WT,mutant,WT | mutant,0.16408099385129482,-0.22485431540297185,0.38893530925426667,0.4825970843865204,0.9127144274625885,-0.4301173430760681,0.1696022966928959,0.3504215630061137,-0.18081926631321782,false,false,none,none,"marginal gaussian (robust), per-axis q < 0.01",false,none
g0053,,drugA,5,24,strain,WT,mutant,WT | mutant,-0.17582427327819872,-0.05582376905331898,-0.12000050422487973,0.5865413659977303,0.2330129795600846,0.3535283864376457,0.21935063427863533,0.04307213623527119,0.17627849804336415,false,false,none,none,"marginal gaussian (robust), per-axis q < 0.01",false,none
g0054,,drugA,5,24,strain,WT,mutant,WT | mutant,0.0376625565037596,0.06463445223064213,-0.026971895726882522,0.08173964644801726,0.39508591563761963,-0.3133462691896024,0.019760319468017314,0.09524414091157445,-0.07548382144355713,false,false,none,none,"marginal gaussian (robust), per-axis q < 0.01",false,none
g0055,,drugA,5,24,strain,WT,mutant,WT | mutant,-0.3818231411215809,-0.1719762429881877,-0.2098468981333932,1.028297422714942,0.7534983362733705,0.27479908644157147,0.4492213383076693,0.23839525069577175,0.21082608761189756,false,false,none,none,"marginal gaussian (robust), per-axis q < 0.01",false,none
g0056,,drugA,5,24,strain,WT,mutant,WT | mutant,-0.15095229104819907,-0.16333104337229365,0.012378752324094577,0.4027753740408258,0.6108468143609683,-0.20807144032014252,0.13776412264482563,0.1658252455602578,-0.02806112291543217,false,false,none,none,"marginal gaussian (robust), per-axis q < 0.01",false,none
g0057,,drugA,5,24,strain,WT,mutant,WT | mutant,-0.24239967388333028,0.09992580217478064,-0.3423254760581109,0.6803928984869323,0.44337498335447795,0.23701791513245435,0.2759130820483895,0.10896882351167675,0.16694425853671274,false,false,none,none,"marginal gaussian (robust), per-axis q < 0.01",false,none
g0058,,drugA,5,24,strain,WT,mutant,WT | mutant,0.10032251862246255,-0.10732134166233642,0.20764386028479898,0.40807487049938007,0.40100622656659507,0.0070686439327850015,0.13776412264482563,0.09878475009519518,0.03897937254963045,false,false,none,none,"marginal gaussian (robust), per-axis q < 0.01",false,none
g0059,,drugA,5,24,strain,WT,mutant,WT | mutant,-0.04195864878553479,-0.11376765721914328,0.07180900843360849,0.13695946025565217,0.4908530882657677,-0.3538936280101155,0.030504129341365337,0.12721731076371565,-0.0967131814223503,false,false,none,none,"marginal gaussian (robust), per-axis q < 0.01",false,none
g0060,,drugA,5,24,strain,WT,mutant,WT | mutant,-1.174952730045332,-2.204015929586715,1.0290631995413833,2.6660818731144444,5.091879658967186,-2.4257977858527418,1.484070222247715,2.8306167901746933,-1.3465465679269784,true,true,down,down,"marginal gaussian (robust), per-axis q < 0.01",true,"down, down"
g0061,,drugA,5,24,strain,WT,mutant,WT | mutant,-0.06221542473883446,0.16869269636246642,-0.23090812110130088,0.3079590385200753,0.8180735314738434,-0.5101144929537682,0.08947852385937176,0.2851644447025783,-0.19568592084320652,false,false,none,none,"marginal gaussian (robust), per-axis q < 0.01",false,none
g0062,,drugA,5,24,strain,WT,mutant,WT | mutant,0.6768244601140401,1.5244924245534746,-0.8476679644394345,2.9107278176327576,2.8728277009701553,0.03790011666260229,1.600152504062546,1.7084748451857181,-0.10832234112317218,false,true,none,up,"marginal gaussian (robust), per-axis q < 0.01",true,"up, up"
g0063,,drugA,5,24,strain,WT,mutant,WT | mutant,0.2873947547830653,0.4160359664140252,-0.12864121163095987,0.8309964870057859,1.8322786293132802,-1.0012821423074945,0.3284744145551228,1.025860620529297,-0.6973862059741742,false,false,none,none,"marginal gaussian (robust), per-axis q < 0.01",false,none
g0064,,drugA,5,24,strain,WT,mutant,WT | mutant,1.0932287796431446,1.2688496772008495,-0.17562089755770494,4.110295125948365,1.257726471687815,2.8525686542605504,2.0337373553792544,0.5587564673517961,1.4749808880274582,true,false,up,none,"marginal gaussian (robust), per-axis q < 0.01",true,"up, up"
g0065,,drugA,5,24,strain,WT,mutant,WT | mutant,-0.06547995908221438,-0.01730259858929717,-0.04817736049291721,0.734961737510987,0.05906276408919653,0.6758989734217905,0.3020504070284648,0.01129232295200476,0.29075808407646003,false,false,none,none,"marginal gaussian (robust), per-axis q < 0.01",false,none
g0066,,drugA,5,24,strain,WT,mutant,WT | mutant,-0.017785082069302405,-0.12052318990980382,0.10273810784050141,0.057833680518701545,0.7600668650338647,-0.7022331845151631,0.009475924364570168,0.23916668573561503,-0.22969076137104485,false,false,none,none,"marginal gaussian (robust), per-axis q < 0.01",false,none
g0067,,drugA,5,24,strain,WT,mutant,WT | mutant,1.0559625958428622,1.0511902989006376,0.004772296942224585,1.184504181845742,3.0252228402800467,-1.8407186584343047,0.5680463698171372,1.805352656645778,-1.2373062868286409,false,true,none,up,"marginal gaussian (robust), per-axis q < 0.01",true,"up, up"
g0068,,drugA,5,24,strain,WT,mutant,WT | mutant,-0.036385985925084796,0.01792897355517553,-0.05431495948026033,0.18207284905711088,0.038893331074437536,0.14317951798267334,0.04110666701466017,0.007186304371471852,0.03392036264318832,false,false,none,none,"marginal gaussian (robust), per-axis q < 0.01",false,none
g0069,,drugA,5,24,strain,WT,mutant,WT | mutant,0.00047377975219475843,-0.002708963353535765,0.0031827431057305233,0.0013279324103008753,0.005410423375115039,-0.004082490964814164,0.0013279324103008753,0.0024298682407890957,-0.0011019358304882204,false,false,none,none,"marginal gaussian (robust), per-axis q < 0.01",false,none
g0070,,drugA,5,24,strain,WT,mutant,WT | mutant,-0.08823147336992498,-0.033376715532801526,-0.05485475783712346,0.44131372763742727,0.08743367626820511,0.3538800513692222,0.15192771313715372,0.01329725013961089,0.13863046299754284,false,false,none,none,"marginal gaussian (robust), per-axis q < 0.01",false,none
g0071,,drugA,5,24,strain,WT,mutant,WT | mutant,-0.2022740627931423,-0.06555038656835244,-0.13672367622478987,0.6032703288315243,0.2633225994112175,0.3399477294203068,0.23332216256724048,0.04814755680333636,0.18517460576390413,false,false,none,none,"marginal gaussian (robust), per-axis q < 0.01",false,none
g0072,,drugA,5,24,strain,WT,mutant,WT | mutant,0.01973579455069796,0.06492054838268047,-0.045184753831982505,0.03297653107049204,0.7329034179331115,-0.6999268868626195,0.008939936750484706,0.23506854270355523,-0.22612860595307052,false,false,none,none,"marginal gaussian (robust), per-axis q < 0.01",false,none
g0073,,drugA,5,24,strain,WT,mutant,WT | mutant,-0.8582113897127908,-1.8050896308634563,0.9468782411506655,1.427301238523196,3.8905925993721246,-2.4632913608489284,0.7535480225401587,2.282542244354975,-1.5289942218148165,false,true,none,down,"marginal gaussian (robust), per-axis q < 0.01",true,"down, down"
g0074,,drugA,5,24,strain,WT,mutant,WT | mutant,0.0440852891159178,-0.17235492677105668,0.21644021588697449,0.16695249154563999,0.4868063638975365,-0.31985387235189655,0.037466513721606025,0.12591062376151327,-0.08844411003990724,false,false,none,none,"marginal gaussian (robust), per-axis q < 0.01",false,none
g0075,,drugA,5,24,strain,WT,mutant,WT | mutant,0.24548797441205217,0.11457912194321906,0.1309088524688331,0.8388532922173586,0.4815078331980791,0.3573454590192795,0.3284744145551228,0.12374081100304667,0.2047336035520761,false,false,none,none,"marginal gaussian (robust), per-axis q < 0.01",false,none
g0076,,drugA,5,24,strain,WT,mutant,WT | mutant,-0.18059428918333964,-0.1191814085078331,-0.06141288067550654,0.6906768788526828,0.2803447771598846,0.4103321016927982,0.27711740456222167,0.05049037261901524,0.22662703194320644,false,false,none,none,"marginal gaussian (robust), per-axis q < 0.01",false,none
g0077,,drugA,5,24,strain,WT,mutant,WT | mutant,-0.09237099261836867,0.07386228062011746,-0.16623327323848613,0.2828756812055269,0.5715216795338165,-0.2886459983282896,0.08251584742290895,0.14594938223374862,-0.06343353481083967,false,false,none,none,"marginal gaussian (robust), per-axis q < 0.01",false,none
g0078,,drugA,5,24,strain,WT,mutant,WT | mutant,0.19537323711131727,-0.16541543220446187,0.36078866931577913,0.5302892451331257,0.5262289312336382,0.004060313899487467,0.18203344666626775,0.12721731076371565,0.054816135902552104,false,false,none,none,"marginal gaussian (robust), per-axis q < 0.01",false,none
g0079,,drugA,5,24,strain,WT,mutant,WT | mutant,0.08246842440137225,-0.048604051102727475,0.13107247550409973,0.3066392216552956,0.0948895167211965,0.21174970493409911,0.08947852385937176,0.015470235873475565,0.07400828798589619,false,false,none,none,"marginal gaussian (robust), per-axis q < 0.01",false,none
g0080,,drugA,5,24,strain,WT,mutant,WT | mutant,0.06777449261133839,0.05637526114561631,0.011399231465722082,0.16768453663820215,0.22227809566985238,-0.054593559031650224,0.037466513721606025,0.04307213623527119,-0.0056056225136651636,false,false,none,none,"marginal gaussian (robust), per-axis q < 0.01",false,none
g0081,,drugA,5,24,strain,WT,mutant,WT | mutant,-0.0631659438541341,-0.007200825940046229,-0.05596511791408787,0.18913004748740792,0.021390410841916428,0.1677396366454915,0.04110666701466017,0.007186304371471852,0.03392036264318832,false,false,none,none,"marginal gaussian (robust), per-axis q < 0.01",false,none
g0082,,drugA,5,24,strain,WT,mutant,WT | mutant,-0.11575278068250316,-0.06809512132301343,-0.047657659359489735,0.47184071278647766,0.1885686244961661,0.2832720882903116,0.1652279124063013,0.03161206291094079,0.1336158494953605,false,false,none,none,"marginal gaussian (robust), per-axis q < 0.01",false,none
g0083,,drugA,5,24,strain,WT,mutant,WT | mutant,-0.11051077364534301,0.15080409497324432,-0.2613148686185873,0.3125593326869971,0.4635798186896315,-0.1510204860026344,0.08947852385937176,0.11877089844706301,-0.029292374587691253,false,false,none,none,"marginal gaussian (robust), per-axis q < 0.01",false,none
g0084,,drugA,5,24,strain,WT,mutant,WT | mutant,0.04855917108843677,0.19334187520472312,-0.14478270411628635,0.23941563731295112,1.6467970932637095,-1.4073814559507585,0.06422473209978385,0.8698340638180019,-0.805609331718218,false,false,none,none,"marginal gaussian (robust), per-axis q < 0.01",false,none
g0085,,drugA,5,24,strain,WT,mutant,WT | mutant,0.05318103352612802,-0.03423129858851581,0.08741233211464383,0.29962797628851423,0.11043607754427434,0.1891918987442399,0.0878885967623975,0.01649054349995692,0.07139805326244059,false,false,none,none,"marginal gaussian (robust), per-axis q < 0.01",false,none
g0086,,drugA,5,24,strain,WT,mutant,WT | mutant,-0.16441261300860788,0.044247745058999755,-0.20866035806760763,0.8525840001839178,0.17590671190766669,0.6766772882762511,0.3284744145551228,0.03161206291094079,0.29686235164418195,false,false,none,none,"marginal gaussian (robust), per-axis q < 0.01",false,none
g0087,,drugA,5,24,strain,WT,mutant,WT | mutant,0.06168300797377668,-0.019598619498855996,0.08128162747263268,0.1391377454532903,0.09741428303670958,0.04172346241658072,0.030504129341365337,0.015470235873475565,0.015033893467889772,false,false,none,none,"marginal gaussian (robust), per-axis q < 0.01",false,none
g0088,,drugA,5,24,strain,WT,mutant,WT | mutant,-0.2932672085657906,-0.05081095293968119,-0.2424562556261094,1.5573252476912767,0.43984958145823516,1.1174756662330414,0.85289859956231,0.10800563838003435,0.7448929611822757,false,false,none,none,"marginal gaussian (robust), per-axis q < 0.01",false,none
g0089,,drugA,5,24,strain,WT,mutant,WT | mutant,0.6687678827920003,0.553817781028588,0.11495010176341225,1.5503366507084533,1.4680639995749984,0.08227265113345483,0.85289859956231,0.711951109102411,0.14094749045989896,false,false,none,none,"marginal gaussian (robust), per-axis q < 0.01",false,none
g0090,,drugA,5,24,strain,WT,mutant,WT | mutant,0.027353562486229777,-0.21370016708080186,0.24105372956703164,0.14336006396574705,0.8810725775850584,-0.7377125136193113,0.030504129341365337,0.32737988489050124,-0.2968757555491359,false,false,none,none,"marginal gaussian (robust), per-axis q < 0.01",false,none
g0091,,drugA,5,24,strain,WT,mutant,WT | mutant,0.24930154385073955,0.17386933770112023,0.07543220614961932,0.848077292410079,0.5965581083570793,0.25151918405299967,0.3284744145551228,0.1613700422654123,0.16710437228971048,false,false,none,none,"marginal gaussian (robust), per-axis q < 0.01",false,none
g0092,,drugA,5,24,strain,WT,mutant,WT | mutant,0.2289662107373438,-0.0009442995981441271,0.22991051033548793,0.7098038164368928,0.0029731884699304807,0.7068306279669624,0.29317511041875505,0.0024298682407890957,0.29074524217796593,false,false,none,none,"marginal gaussian (robust), per-axis q < 0.01",false,none
g0093,,drugA,5,24,strain,WT,mutant,WT | mutant,-0.1009529576126198,-0.033131820612014806,-0.06782113700060499,0.28775447825072775,0.18593272292538668,0.10182175532534107,0.08251584742290895,0.03161206291094079,0.050903784511968156,false,false,none,none,"marginal gaussian (robust), per-axis q < 0.01",false,none
g0094,,drugA,5,24,strain,WT,mutant,WT | mutant,-0.12715855428073652,-0.2688516313246634,0.14169307704392686,1.3219711194960908,0.6192040152862756,0.7027671042098153,0.685542226536866,0.1658252455602578,0.5197169809766082,false,false,none,none,"marginal gaussian (robust), per-axis q < 0.01",false,none
g0095,,drugA,5,24,strain,WT,mutant,WT | mutant,0.049275479552662205,0.10608110745284449,-0.05680562790018229,0.1256523833420474,1.1304588396016468,-1.0048064562595995,0.02815189508068698,0.478838898579862,-0.450687003499175,false,false,none,none,"marginal gaussian (robust), per-axis q < 0.01",false,none
g0096,,drugA,5,24,strain,WT,mutant,WT | mutant,-0.049532214387440376,0.07407571079233577,-0.12360792517977615,0.10197231489217697,0.29026074173605015,-0.1882884268438732,0.026972974417463588,0.05634748071831316,-0.02937450630084957,false,false,none,none,"marginal gaussian (robust), per-axis q < 0.01",false,none
g0097,,drugA,5,24,strain,WT,mutant,WT | mutant,0.10449664897728006,-0.16642290607904187,0.2709195550563219,0.4594126374904103,0.688143625628463,-0.2287309881380527,0.1583826418264291,0.20982743656306335,-0.05144479473663424,false,false,none,none,"marginal gaussian (robust), per-axis q < 0.01",false,none
g0098,,drugA,5,24,strain,WT,mutant,WT | mutant,0.14681800642486742,0.1200719761082869,0.026746030316580516,0.503029044676294,0.3758356965510006,0.12719334812529337,0.1752273291315717,0.08538443863102486,0.08984289050054685,false,false,none,none,"marginal gaussian (robust), per-axis q < 0.01",false,none
g0099,,drugA,5,24,strain,WT,mutant,WT | mutant,0.46052845903092177,0.3841759246344889,0.07635253439643286,1.341975039746546,1.142476915720049,0.19949812402649703,0.689941073456745,0.48327403825551785,0.2066670352012272,false,false,none,none,"marginal gaussian (robust), per-axis q < 0.01",false,none
g0100,,drugA,5,24,strain,WT,mutant,WT | mutant,-0.10577999223033174,-0.00382029154967789,-0.10195970068065385,0.3795380512540035,0.019390501192180606,0.36014755006182286,0.12990410853965417,0.007186304371471852,0.12271780416818232,false,false,none,none,"marginal gaussian (robust), per-axis q < 0.01",false,none
g0101,,drugA,5,24,strain,WT,mutant,WT | mutant,-0.2848504536921235,-0.13379033295306897,-0.1510601207390545,1.0175820845729289,0.33991818291356074,0.6776639016593682,0.44736946049696097,0.07877705682721167,0.3685924036697493,false,false,none,none,"marginal gaussian (robust), per-axis q < 0.01",false,none
g0102,,drugA,5,24,strain,WT,mutant,WT | mutant,-0.02679853897236839,0.1781664667588494,-0.2049650057312178,0.07702005870854045,0.9600151593821383,-0.8829951006735979,0.019760319468017314,0.3730534426302792,-0.35329312316226186,false,false,none,none,"marginal gaussian (robust), per-axis q < 0.01",false,none
g0103,,drugA,5,24,strain,WT,mutant,WT | mutant,0.15291850784407757,-0.12664042785618435,0.2795589357002619,0.7451934419903543,0.3395970701309672,0.40559637185938713,0.30273190462252864,0.07877705682721167,0.22395484779531696,false,false,none,none,"marginal gaussian (robust), per-axis q < 0.01",false,none
g0104,,drugA,5,24,strain,WT,mutant,WT | mutant,-0.05456486716589026,-0.17277834265488146,0.1182134754889912,0.1862110352743214,0.7255139178651515,-0.5393028825908301,0.04110666701466017,0.23190044024013326,-0.19079377322547308,false,false,none,none,"marginal gaussian (robust), per-axis q < 0.01",false,none
g0105,,drugA,5,24,strain,WT,mutant,WT | mutant,0.13122279453516406,-0.06041838666070376,0.19164118119586782,0.325511105771034,0.1821077875585828,0.14340331821245117,0.09675689852921664,0.03161206291094079,0.06514483561827585,false,false,none,none,"marginal gaussian (robust), per-axis q < 0.01",false,none
g0106,,drugA,5,24,strain,WT,mutant,WT | mutant,0.420300490498728,0.3689907585724601,0.051309731926267865,0.9465017018879043,1.070382389746352,-0.12388068785844775,0.4021108747992433,0.44258797653344506,-0.04047710173420177,false,false,none,none,"marginal gaussian (robust), per-axis q < 0.01",false,none
g0107,,drugA,5,24,strain,WT,mutant,WT | mutant,-0.005297915424154809,0.02372072708359596,-0.02901864250775077,0.00932285561786957,0.058740862668071256,-0.04941800705020169,0.0052445256324404705,0.01129232295200476,-0.00604779731956429,false,false,none,none,"marginal gaussian (robust), per-axis q < 0.01",false,none
g0108,,drugA,5,24,strain,WT,mutant,WT | mutant,-0.04386056466083943,-0.10838159935780922,0.06452103469696979,0.2289438791197873,0.5152829306402436,-0.28633905152045624,0.06103606911830723,0.12721731076371565,-0.06618124164540842,false,false,none,none,"marginal gaussian (robust), per-axis q < 0.01",false,none
g0109,,drugA,5,24,strain,WT,mutant,WT | mutant,0.2166657031944741,0.0323559712775392,0.1843097319169349,0.6513867276300995,0.13643009976436507,0.5149566278657345,0.2587251773688558,0.023977955470818556,0.23474722189803726,false,false,none,none,"marginal gaussian (robust), per-axis q < 0.01",false,none
g0110,,drugA,5,24,strain,WT,mutant,WT | mutant,-0.15714107253930099,0.10006157107476188,-0.25720264361406286,0.7802829251265558,0.3362901737767032,0.4439927513498526,0.31480565157060114,0.07877705682721167,0.23602859474338947,false,false,none,none,"marginal gaussian (robust), per-axis q < 0.01",false,none
g0111,,drugA,5,24,strain,WT,mutant,WT | mutant,0.057661058477878946,0.14872965612044187,-0.09106859764256292,0.254578844941626,0.5650804221107646,-0.31050157716913857,0.06422473209978385,0.14580235790838492,-0.08157762580860106,false,false,none,none,"marginal gaussian (robust), per-axis q < 0.01",false,none
g0112,,drugA,5,24,strain,WT,mutant,WT | mutant,-1.2715949637683064,-1.2966354085101468,0.025040444741840417,2.62385218133263,3.277505125080893,-0.6536529437482628,1.484070222247715,1.9456611820026921,-0.4615909597549772,true,true,down,down,"marginal gaussian (robust), per-axis q < 0.01",true,"down, down"
g0113,,drugA,5,24,strain,WT,mutant,WT | mutant,-1.1035279976273404,-0.7725626979974685,-0.330965299629872,2.5114947163720873,2.4634848959312485,0.04800982044083879,1.477125814740825,1.4063420097946797,0.07078380494614533,true,false,down,none,"marginal gaussian (robust), per-axis q < 0.01",true,"down, down"
g0114,,drugA,5,24,strain,WT,mutant,WT | mutant,0.13339438277500015,0.06870600243746594,0.06468838033753421,0.29387976084704837,0.3583326490620788,-0.06445288821503042,0.08405779936665345,0.07877705682721167,0.005280742539441774,false,false,none,none,"marginal gaussian (robust), per-axis q < 0.01",false,none
g0115,,drugA,5,24,strain,WT,mutant,WT | mutant,-0.5084746143385299,-0.6128016932688691,0.10432707893033921,1.2197592772079162,1.7393649862755634,-0.5196057090676471,0.5934307111530169,0.9499734650900268,-0.35654275393700985,false,false,none,none,"marginal gaussian (robust), per-axis q < 0.01",false,none
g0116,,drugA,5,24,strain,WT,mutant,WT | mutant,0.10864413873313161,0.02398241602475437,0.08466172270837724,0.7228715877640095,0.10391097253575915,0.6189606152282503,0.29690285549172835,0.015834372155539688,0.28106848333618867,false,false,none,none,"marginal gaussian (robust), per-axis q < 0.01",false,none
g0117,,drugA,5,24,strain,WT,mutant,WT | mutant,0.14345209724426056,-0.09907996504003869,0.24253206228429924,1.452385290902742,0.5156294429306754,0.9367558479720666,0.773028197401706,0.12721731076371565,0.6458108866379904,false,false,none,none,"marginal gaussian (robust), per-axis q < 0.01",false,none
g0118,,drugA,5,24,strain,WT,mutant,WT | mutant,-0.984412277766884,-0.2024966214728483,-0.7819156562940357,2.0709752316571888,,,1.2126975890816074,,,false,false,none,none,"marginal gaussian (robust), per-axis q < 0.01",false,none
g0119,,drugA,5,24,strain,WT,mutant,WT | mutant,-0.12088391258201181,0.13176970813764033,-0.25265362071965214,0.24202555902498687,0.8859512568812277,-0.6439256978562408,0.06422473209978385,0.3279797662073955,-0.26375503410761164,false,false,none,none,"marginal gaussian (robust), per-axis q < 0.01",false,none
g0120,,drugA,5,24,strain,WT,mutant,WT | mutant,0.02112916086750083,-0.010540216528044155,0.031669377395544984,0.03616779409431623,0.026311794656250016,0.009855999438066216,0.008939936750484706,0.007186304371471852,0.0017536323790128547,false,false,none,none,"marginal gaussian (robust), per-axis q < 0.01",false,none
g0121,,drugA,5,24,strain,WT,mutant,WT | mutant,0.06033268453663254,-0.05330368628088422,0.11363637081751676,0.34089215811294205,0.36167920776005325,-0.0207870496471112,0.10748279935502973,0.07877705682721167,0.02870574252781806,false,false,none,none,"marginal gaussian (robust), per-axis q < 0.01",false,none
g0122,,drugA,5,24,strain,WT,mutant,WT | mutant,0.06555949940317518,-0.051568994631104204,0.11712849403427938,0.4330074338509369,0.16646820924674496,0.2665392246041919,0.1475942097316865,0.030492531460051892,0.1171016782716346,false,false,none,none,"marginal gaussian (robust), per-axis q < 0.01",false,none
g0123,,drugA,5,24,strain,WT,mutant,WT | mutant,-1.3326997701307297,-1.9977711686010453,0.6650713984703156,3.9006151697167533,4.234603917892046,-0.33398874817529256,2.0337373553792544,2.4504623038192146,-0.4167249484399602,true,true,down,down,"marginal gaussian (robust), per-axis q < 0.01",true,"down, down"
g0124,,drugA,5,24,strain,WT,mutant,WT | mutant,-0.08463475829890221,-0.08007932618792779,-0.004555432110974422,1.3433675898949464,1.0060185976651899,0.33734899222975656,0.689941073456745,0.3882084053588839,0.30173266809786115,false,false,none,none,"marginal gaussian (robust), per-axis q < 0.01",false,none
g0125,,drugA,5,24,strain,WT,mutant,WT | mutant,-0.06508928661400937,0.07044566231092197,-0.13553494892493134,0.20501791368157588,0.21258776681265357,-0.007569853131077692,0.046481242020227555,0.03946098672071129,0.007020255299516262,false,false,none,none,"marginal gaussian (robust), per-axis q < 0.01",false,none
g0126,,drugA,5,24,strain,WT,mutant,WT | mutant,-0.10213101732363583,0.1282160130449661,-0.23034703036860193,0.16410718745255495,0.9768364974089907,-0.8127293099564358,0.037466513721606025,0.374044375746825,-0.33657786202521894,false,false,none,none,"marginal gaussian (robust), per-axis q < 0.01",false,none
g0127,,drugA,5,24,strain,WT,mutant,WT | mutant,0.13899825878665695,-0.04868200136732437,0.18768026015398132,0.4926521860467968,0.18643402621084243,0.30621815983595435,0.172317035187429,0.03161206291094079,0.1407049722764882,false,false,none,none,"marginal gaussian (robust), per-axis q < 0.01",false,none
g0128,,drugA,5,24,strain,WT,mutant,WT | mutant,-0.14451962285842868,0.009787825748794887,-0.15430744860722356,1.0188225466932943,0.023353399340286265,0.9954691473530081,0.44736946049696097,0.007186304371471852,0.44018315612548914,false,false,none,none,"marginal gaussian (robust), per-axis q < 0.01",false,none
g0129,,drugA,5,24,strain,WT,mutant,WT | mutant,0.2963745744501747,0.042561155091480174,0.2538134193586945,0.9485871573665056,0.2544145640666884,0.6941725932998172,0.4021108747992433,0.04814755680333636,0.3539633179959069,false,false,none,none,"marginal gaussian (robust), per-axis q < 0.01",false,none
g0130,,drugA,5,24,strain,WT,mutant,WT | mutant,0.06206487944651151,-0.02393300233180007,0.08599788177831158,0.15144980750877482,0.07871759049823264,0.07273221701054218,0.03430830874033706,0.01129232295200476,0.023015985788332298,false,false,none,none,"marginal gaussian (robust), per-axis q < 0.01",false,none
g0131,,drugA,5,24,strain,WT,mutant,WT | mutant,0.13975258726661544,0.07527641937284812,0.06447616789376731,0.3473381262533673,0.24866693533912004,0.09867119091424725,0.11127091350955809,0.048083290783317224,0.06318762272624087,false,false,none,none,"marginal gaussian (robust), per-axis q < 0.01",false,none
g0132,,drugA,5,24,strain,WT,mutant,WT | mutant,0.044685678660137285,-0.01270429721020605,0.057389975870343335,0.08102936909082964,0.0324761159209579,0.04855325316987174,0.019760319468017314,0.007186304371471852,0.012574015096545463,false,false,none,none,"marginal gaussian (robust), per-axis q < 0.01",false,none
g0133,,drugA,5,24,strain,WT,mutant,WT | mutant,-0.10007008755443891,-0.12078784297792744,0.020717755423488526,0.8298642440017219,2.197918154662764,-1.368053910661042,0.3284744145551228,1.2577133397003615,-0.9292389251452386,false,false,none,none,"marginal gaussian (robust), per-axis q < 0.01",false,none
g0134,,drugA,5,24,strain,WT,mutant,WT | mutant,1.0068236960464994,0.9709077127620702,0.03591598328442913,2.1245797161120525,2.4297755116342183,-0.3051957955221658,1.2489279774670488,1.3859965870556312,-0.13706860958858247,true,false,up,none,"marginal gaussian (robust), per-axis q < 0.01",true,"up, up"
g0135,,drugA,5,24,strain,WT,mutant,WT | mutant,-0.006717949849914362,-0.06511582980281538,0.05839787995290102,0.019960998384057703,0.6038738384946403,-0.5839128401105825,0.008939936750484706,0.1621549052440154,-0.1532149684935307,false,false,none,none,"marginal gaussian (robust), per-axis q < 0.01",false,none
g0136,,drugA,5,24,strain,WT,mutant,WT | mutant,-0.11587427374719894,-0.05057319281610262,-0.06530108093109632,0.6824870079539301,0.1913883718600009,0.49109863609392923,0.2759130820483895,0.03161206291094079,0.2443010191374487,false,false,none,none,"marginal gaussian (robust), per-axis q < 0.01",false,none
g0137,,drugA,5,24,strain,WT,mutant,WT | mutant,0.18447424978742522,0.06698540291521837,0.11748884687220684,0.6755801136983581,0.22831481153591535,0.44726530216244276,0.27536600949472384,0.04307213623527119,0.23229387325945267,false,false,none,none,"marginal gaussian (robust), per-axis q < 0.01",false,none
g0138,,drugA,5,24,strain,WT,mutant,WT | mutant,0.049486588242883656,0.12105470879789859,-0.07156812055501494,0.12905464683763396,0.49828575307093564,-0.3692311062333017,0.029781258785254183,0.12721731076371565,-0.09743605197846146,false,false,none,none,"marginal gaussian (robust), per-axis q < 0.01",false,none
g0139,,drugA,5,24,strain,WT,mutant,WT | mutant,-0.005067475934367849,0.022306613481633875,-0.027374089416001723,0.014829488741500209,0.09053521597762089,-0.07570572723612068,0.006939294312062436,0.013830136617624922,-0.006890842305562485,false,false,none,none,"marginal gaussian (robust), per-axis q < 0.01",false,none
g0140,,drugA,5,24,strain,WT,mutant,WT | mutant,0.07308960570870227,0.025215603414183718,0.04787400229451855,0.17655740652230006,0.04299670990915047,0.1335606966131496,0.037466513721606025,0.007186304371471852,0.030280209350134174,false,false,none,none,"marginal gaussian (robust), per-axis q < 0.01",false,none
g0141,,drugA,5,24,strain,WT,mutant,WT | mutant,-0.06505379440870218,0.1137897098443359,-0.17884350425303808,0.23913744366992237,0.27023264500589567,-0.031095201335973294,0.06422473209978385,0.04814755680333636,0.016077175296447498,false,false,none,none,"marginal gaussian (robust), per-axis q < 0.01",false,none
g0142,,drugA,5,24,strain,WT,mutant,WT | mutant,0.03668331904749689,-0.18869546419233618,0.22537878323983307,0.10792397857851146,0.5103532361985583,-0.4024292576200469,0.026972974417463588,0.12721731076371565,-0.10024433634625206,false,false,none,none,"marginal gaussian (robust), per-axis q < 0.01",false,none
g0143,,drugA,5,24,strain,WT,mutant,WT | mutant,-0.07573546132507936,0.042763941303394226,-0.11849940262847358,0.36615495025040795,0.13602171160793214,0.2301332386424758,0.12252642631080957,0.023977955470818556,0.098548470839991,false,false,none,none,"marginal gaussian (robust), per-axis q < 0.01",false,none
g0144,,drugA,5,24,strain,WT,mutant,WT | mutant,0.05709013859737233,0.14591247664105644,-0.08882233804368411,0.11160671190260886,0.3287471168791159,-0.21714040497650705,0.026972974417463588,0.0782081134783955,-0.05123513906093191,false,false,none,none,"marginal gaussian (robust), per-axis q < 0.01",false,none
g0145,,drugA,5,24,strain,WT,mutant,WT | mutant,0.1385658114671262,-0.11011370598600223,0.24867951745312844,0.44365249239552595,0.5872534345231009,-0.1436009421275749,0.15192771313715372,0.15547436639244944,-0.003546653255295712,false,false,none,none,"marginal gaussian (robust), per-axis q < 0.01",false,none
g0146,,drugA,5,24,strain,WT,mutant,WT | mutant,-0.7740512397183217,-0.5599050269568426,-0.21414621276147905,2.1477847230497837,1.5660595456510642,0.5817251773987195,1.2631781417518533,0.8031072306481711,0.46007091110368215,false,false,none,none,"marginal gaussian (robust), per-axis q < 0.01",false,none
g0147,,drugA,5,24,strain,WT,mutant,WT | mutant,-0.03352774206065412,-0.08149113161048938,0.047963389549835256,0.08919166614287509,0.3018064601684114,-0.2126147940255363,0.020273495542572354,0.06379605100962939,-0.043522555467057036,false,false,none,none,"marginal gaussian (robust), per-axis q < 0.01",false,none
g0148,,drugA,5,24,strain,WT,mutant,WT | mutant,-0.22674523470294083,-0.016802127253667365,-0.20994310744927347,0.7390443837897355,0.06055191117536333,0.6784924726143722,0.3020504070284648,0.01129232295200476,0.29075808407646003,false,false,none,none,"marginal gaussian (robust), per-axis q < 0.01",false,none
g0149,,drugA,5,24,strain,WT,mutant,WT | mutant,-1.0868713870091309,-1.5396524828917286,0.45278109588259774,1.9514258588055489,4.004556727210067,-2.0531308684045184,1.1490060336949686,2.3231640942887584,-1.1741580605937898,true,true,down,down,"marginal gaussian (robust), per-axis q < 0.01",true,"down, down"
g0150,,drugA,5,24,strain,WT,mutant,WT | mutant,-0.16551134207255735,-0.04127467904642579,-0.12423666302613157,0.6268901482847348,0.11295099857626112,0.5139391497084737,0.24308333156941006,0.01649054349995692,0.22659278806945315,false,false,none,none,"marginal gaussian (robust), per-axis q < 0.01",false,none
g0151,,drugA,5,24,strain,WT,mutant,WT | mutant,-1.1429900051055792,-2.287034197250863,1.1440441921452837,2.388627693929912,2.8969203218559922,-0.5082926279260804,1.3909815993233892,1.7148386991111233,-0.32385709978773414,true,true,down,down,"marginal gaussian (robust), per-axis q < 0.01",true,"down, down"
g0152,,drugA,5,24,strain,WT,mutant,WT | mutant,-0.5227110798234058,-0.48404993265473273,-0.03866114716867308,2.1096465437936853,2.4686906837696374,-0.3590441399759521,1.2427687294561864,1.4063420097946797,-0.16357328033849328,false,false,none,none,"marginal gaussian (robust), per-axis q < 0.01",false,none
g0153,,drugA,5,24,strain,WT,mutant,WT | mutant,1.0845573960537624,1.0741104333520095,0.010446962701752938,2.3212101055517183,2.3176553274754976,0.0035547780762206216,1.3574222782061631,1.323564187086018,0.03385809112014515,true,true,up,up,"marginal gaussian (robust), per-axis q < 0.01",true,"up, up"
g0154,,drugA,5,24,strain,WT,mutant,WT | mutant,-0.045599357280734054,-0.02121091003964004,-0.024388447241094013,0.1373258816266284,0.058171237977438936,0.07915464364918946,0.030504129341365337,0.01129232295200476,0.019211806389360576,false,false,none,none,"marginal gaussian (robust), per-axis q < 0.01",false,none
g0155,,drugA,5,24,strain,WT,mutant,WT | mutant,-0.0696386248744627,0.07541833360577854,-0.14505695848024125,0.1839917932794405,0.27563615137047215,-0.09164435809103164,0.04110666701466017,0.04980302076252696,-0.008696353747866793,false,false,none,none,"marginal gaussian (robust), per-axis q < 0.01",false,none
g0156,,drugA,5,24,strain,WT,mutant,WT | mutant,-0.15558880201905367,0.08005028265329095,-0.23563908467234462,0.8686243962591198,0.22617320113917014,0.6424511951199496,0.3402030755262257,0.04307213623527119,0.2971309392909545,false,false,none,none,"marginal gaussian (robust), per-axis q < 0.01",false,none
g0157,,drugA,5,24,strain,WT,mutant,WT | mutant,0.02949965724396897,-0.027902961204423704,0.05740261844839267,0.08473010249763166,0.12010771411218336,-0.035377611614551704,0.019760319468017314,0.018712692412256492,0.001047627055760822,false,false,none,none,"marginal gaussian (robust), per-axis q < 0.01",false,none
g0158,,drugA,5,24,strain,WT,mutant,WT | mutant,0.010951049466379814,-0.18775531097959952,0.19870636044597934,0.02889435497654269,0.974351133612098,-0.9454567786355553,0.008939936750484706,0.374044375746825,-0.36510443899634026,false,false,none,none,"marginal gaussian (robust), per-axis q < 0.01",false,none
g0159,,drugA,5,24,strain,WT,mutant,WT | mutant,-0.003712199517104331,0.0781636463789468,-0.08187584589605112,0.008799479849483439,0.3118130095156498,-0.30301352966616635,0.0052445256324404705,0.06602510849224012,-0.060780582859799655,false,false,none,none,"marginal gaussian (robust), per-axis q < 0.01",false,none
g0160,,drugA,5,24,strain,WT,mutant,WT | mutant,-0.14761587126063436,0.14539272079067445,-0.2930085920513088,0.5144114969889709,0.5067252180806502,0.007686278908320743,0.17669103908119277,0.12721731076371565,0.04947372831747712,false,false,none,none,"marginal gaussian (robust), per-axis q < 0.01",false,none
g0161,,drugA,5,24,strain,WT,mutant,WT | mutant,-0.0035719614816684953,-0.07712338776449457,0.07355142628282607,0.006057371613523359,0.14944411146921718,-0.14338673985569383,0.0044377871172210145,0.02490180983313041,-0.020464022715909393,false,false,none,none,"marginal gaussian (robust), per-axis q < 0.01",false,none
g0162,,drugA,5,24,strain,WT,mutant,WT | mutant,-0.016500619329443467,0.16399033771399552,-0.18049095704343898,0.04550843460290758,0.7501010519148622,-0.7045926173119547,0.009475924364570168,0.23839525069577175,-0.22891932633120157,false,false,none,none,"marginal gaussian (robust), per-axis q < 0.01",false,none
g0163,,drugA,5,24,strain,WT,mutant,WT | mutant,0.24425023548928948,-0.18637273633163431,0.4306229718209238,0.7129034388543214,0.46446528592753555,0.24843815292678584,0.2931836558590417,0.11877089844706301,0.1744127574119787,false,false,none,none,"marginal gaussian (robust), per-axis q < 0.01",false,none
g0164,,drugA,5,24,strain,WT,mutant,WT | mutant,0.08906390882799897,0.038780554310180904,0.05028335451781807,0.20239593736245068,0.10496295196786413,0.09743298539458654,0.046481242020227555,0.015834372155539688,0.030646869864687867,false,false,none,none,"marginal gaussian (robust), per-axis q < 0.01",false,none
g0165,,drugA,5,24,strain,WT,mutant,WT | mutant,-0.9406141803810657,-1.939118595884465,0.9985044155033993,2.731987230857814,5.773497498735214,-3.0415102678774,1.484070222247715,3.2112046342787393,-1.7271344120310244,false,true,none,down,"marginal gaussian (robust), per-axis q < 0.01",true,"down, down"
g0166,,drugA,5,24,strain,WT,mutant,WT | mutant,0.2329649864308827,0.017341847645388597,0.2156231387854941,0.5193079277745865,0.058248307662161554,0.4610596201124249,0.17669103908119277,0.01129232295200476,0.165398716129188,false,false,none,none,"marginal gaussian (robust), per-axis q < 0.01",false,none
g0167,,drugA,5,24,strain,WT,mutant,WT | mutant,0.20070160385506952,-0.13992689483128995,0.34062849868635947,0.6874397600544836,0.3025549637041781,0.3848847963503055,0.27692797884602766,0.06379605100962939,0.21313192783639828,false,false,none,none,"marginal gaussian (robust), per-axis q < 0.01",false,none
g0168,,drugA,5,24,strain,WT,mutant,WT | mutant,-0.17824988463721603,-0.1238204923307169,-0.054429392306499125,0.3976427870708953,0.612108082489687,-0.21446529541879167,0.13748012864807385,0.1658252455602578,-0.028345116912183943,false,false,none,none,"marginal gaussian (robust), per-axis q < 0.01",false,none
g0169,,drugA,5,24,strain,WT,mutant,WT | mutant,-0.004299344881763645,-0.10197574904868034,0.0976764041669167,0.012880487949467535,0.25662616730263976,-0.24374567935317223,0.006939294312062436,0.04814755680333636,-0.04120826249127392,false,false,none,none,"marginal gaussian (robust), per-axis q < 0.01",false,none
g0170,,drugA,5,24,strain,WT,mutant,WT | mutant,0.37209035632366394,-0.11174358346995383,0.4838339397936178,1.2894215120781392,0.2197587270934337,1.0696627849847054,0.6580721446481892,0.04307213623527119,0.615000008412918,false,false,none,none,"marginal gaussian (robust), per-axis q < 0.01",false,none
g0171,,drugA,5,24,strain,WT,mutant,WT | mutant,0.03127661658827385,0.15784308365652677,-0.12656646706825292,0.13026355031379444,0.49270255334258345,-0.362439003028789,0.029781258785254183,0.12721731076371565,-0.09743605197846146,false,false,none,none,"marginal gaussian (robust), per-axis q < 0.01",false,none
g0172,,drugA,5,24,strain,WT,mutant,WT | mutant,0.14174463659712266,0.07777523018188504,0.06396940641523763,0.5048402725051082,0.29064099777972896,0.21419927472537925,0.1752273291315717,0.05634748071831316,0.11887984841325855,false,false,none,none,"marginal gaussian (robust), per-axis q < 0.01",false,none
g0173,,drugA,5,24,strain,WT,mutant,WT | mutant,-0.13531283948146822,0.13260006951651704,-0.26791290899798526,0.3958319094083786,0.6975063689930029,-0.3016744595846243,0.13748012864807385,0.21076046592905898,-0.07328033728098513,false,false,none,none,"marginal gaussian (robust), per-axis q < 0.01",false,none
g0174,,drugA,5,24,strain,WT,mutant,WT | mutant,0.3983369924289688,0.6244673880183749,-0.22613039558940606,1.7806622709445714,2.166251125382223,-0.3855888544376518,1.0184909778583302,1.2577133397003615,-0.23922236184203127,false,false,none,none,"marginal gaussian (robust), per-axis q < 0.01",false,none
g0175,,drugA,5,24,strain,WT,mutant,WT | mutant,-0.07209677653057334,0.13751475801835866,-0.209611534548932,0.172644593874038,0.3431046036314483,-0.1704600097574103,0.037466513721606025,0.07877705682721167,-0.04131054310560565,false,false,none,none,"marginal gaussian (robust), per-axis q < 0.01",false,none
g0176,,drugA,5,24,strain,WT,mutant,WT | mutant,-0.04851374395138208,-0.01659538972022645,-0.03191835423115563,0.21621269096379817,0.06527736921629436,0.1509353217475038,0.05348539346609845,0.01129232295200476,0.04219307051409369,false,false,none,none,"marginal gaussian (robust), per-axis q < 0.01",false,none
g0177,,drugA,5,24,strain,WT,mutant,WT | mutant,0.06130909540915752,0.1866241772470758,-0.12531508183791829,0.2769115748817727,0.9725494128577444,-0.6956378379759718,0.08213161847999134,0.374044375746825,-0.29191275726683363,false,false,none,none,"marginal gaussian (robust), per-axis q < 0.01",false,none
g0178,,drugA,5,24,strain,WT,mutant,WT | mutant,-0.7627584093143431,-0.8414228394958139,0.07866443018147073,2.357546560686656,1.9685005100216537,0.3890460506650022,1.3714823386299482,1.1137778216631153,0.25770451696683283,false,false,none,none,"marginal gaussian (robust), per-axis q < 0.01",false,none
g0179,,drugA,5,24,strain,WT,mutant,WT | mutant,0.04982043080766374,0.010101639427428033,0.03971879138023571,0.11668814808565546,0.018958124465605446,0.09773002362005001,0.026972974417463588,0.007186304371471852,0.019786670045991737,false,false,none,none,"marginal gaussian (robust), per-axis q < 0.01",false,none
g0180,,drugA,5,24,strain,WT,mutant,WT | mutant,-0.01919317971348633,0.2533035771544352,-0.2724967568679215,0.0764056158104321,0.9845150690550281,-0.9081094532445959,0.019760319468017314,0.374044375746825,-0.35428405627880766,false,false,none,none,"marginal gaussian (robust), per-axis q < 0.01",false,none
g0181,,drugA,5,24,strain,WT,mutant,WT | mutant,0.07174061093478379,-0.11490844688498925,0.18664905781977303,0.18805284044044573,0.5324875168294946,-0.34443467638904884,0.04110666701466017,0.12855714446826946,-0.08745047745360929,false,false,none,none,"marginal gaussian (robust), per-axis q < 0.01",false,none
g0182,,drugA,5,24,strain,WT,mutant,WT | mutant,-0.13095973524193383,-0.01777046041398833,-0.1131892748279455,0.7913964445888322,0.05752994073589731,0.7338665038529348,0.31818478984284443,0.01129232295200476,0.30689246689083965,false,false,none,none,"marginal gaussian (robust), per-axis q < 0.01",false,none
g0183,,drugA,5,24,strain,WT,mutant,WT | mutant,0.2580865702092172,-0.007573339359348452,0.26565990956856567,1.468807226578278,0.043772351031084025,1.4250348755471938,0.7837730001855515,0.007186304371471852,0.7765866958140797,false,false,none,none,"marginal gaussian (robust), per-axis q < 0.01",false,none
g0184,,drugA,5,24,strain,WT,mutant,WT | mutant,-0.8084596938472473,-0.009396462062206012,-0.7990632317850412,3.0336178336829738,0.029703971514226508,3.0039138621687473,1.6405046838908086,0.007186304371471852,1.6333183795193367,false,false,none,none,"marginal gaussian (robust), per-axis q < 0.01",false,none
g0185,,drugA,5,24,strain,WT,mutant,WT | mutant,-0.13311380666835682,0.07207829617773953,-0.20519210284609635,0.28654605177081094,0.3081716868376609,-0.021625635066849946,0.08251584742290895,0.06602510849224012,0.016490738930668825,false,false,none,none,"marginal gaussian (robust), per-axis q < 0.01",false,none
g0186,,drugA,5,24,strain,WT,mutant,WT | mutant,0.09943733125485466,-0.15227301676394944,0.2517103480188041,1.5881649127899298,0.46903582462643956,1.1191290881634903,0.8735754428354875,0.11877089844706301,0.7548045443884245,false,false,none,none,"marginal gaussian (robust), per-axis q < 0.01",false,none
g0187,,drugA,5,24,strain,WT,mutant,WT | mutant,-0.0231780550198204,-0.04352425188521636,0.02034619686539596,0.28712252885466505,0.12033344633785921,0.16678908251680585,0.08251584742290895,0.018712692412256492,0.06380315501065245,false,false,none,none,"marginal gaussian (robust), per-axis q < 0.01",false,none
g0188,,drugA,5,24,strain,WT,mutant,WT | mutant,0.12314970914618861,-0.02173486948092318,0.1448845786271118,0.4117665120521393,0.145388156364227,0.26637835568791235,0.13776412264482563,0.024004373972969957,0.11375974867185568,false,false,none,none,"marginal gaussian (robust), per-axis q < 0.01",false,none
g0189,,drugA,5,24,strain,WT,mutant,WT | mutant,-0.6391729705411295,-0.7900159804413658,0.15084300990023625,1.9846438354182494,2.088346647782787,-0.1037028123645376,1.1591587062389757,1.1981516412620297,-0.03899293502305401,false,false,none,none,"marginal gaussian (robust), per-axis q < 0.01",false,none
g0190,,drugA,5,24,strain,WT,mutant,WT | mutant,0.15902985132923142,-0.04040777794886452,0.19943762927809594,0.9426528282079907,0.17065905343060764,0.7719937747773831,0.4021108747992433,0.03161206291094079,0.37049881188830247,false,false,none,none,"marginal gaussian (robust), per-axis q < 0.01",false,none
g0191,,drugA,5,24,strain,WT,mutant,WT | mutant,1.1061359947001979,0.25523814789787735,0.8508978468023205,3.4845002002345455,0.7714790215706131,2.7130211786639324,1.8217423685529714,0.2449770722529751,1.5767652962999963,true,false,up,none,"marginal gaussian (robust), per-axis q < 0.01",true,"up, —"
g0192,,drugA,5,24,strain,WT,mutant,WT | mutant,-0.193918610038045,0.0783038357764676,-0.2722224458145126,1.0020810421387658,0.5463722190900598,0.45570882304870597,0.4405545972478907,0.13649811507234189,0.3040564821755488,false,false,none,none,"marginal gaussian (robust), per-axis q < 0.01",false,none
g0193,,drugA,5,24,strain,WT,mutant,WT | mutant,0.05052000509224985,0.018855954467195346,0.03166405062505451,0.12085002683023226,0.05114095390215957,0.06970907292807269,0.027758657473926952,0.01129232295200476,0.016466334521922192,false,false,none,none,"marginal gaussian (robust), per-axis q < 0.01",false,none
g0194,,drugA,5,24,strain,WT,mutant,WT | mutant,-0.054502270233936834,-0.05833705667119471,0.0038347864372578755,0.16435783280084104,0.21591467625312447,-0.051556843452283424,0.037466513721606025,0.04101163813537918,-0.0035451244137731583,false,false,none,none,"marginal gaussian (robust), per-axis q < 0.01",false,none
g0195,,drugA,5,24,strain,WT,mutant,WT | mutant,0.19678387700722233,0.24649240770282255,-0.04970853069560022,0.7579538455240915,0.7223112973904826,0.0356425481336089,0.30604937915741054,0.23190044024013326,0.07414893891727728,false,false,none,none,"marginal gaussian (robust), per-axis q < 0.01",false,none
g0196,,drugA,5,24,strain,WT,mutant,WT | mutant,-0.6552621641347445,-0.25892315115340025,-0.3963390129813442,2.274928658517816,0.954491975463016,1.3204366830547998,1.3323301302421988,0.3730534426302792,0.9592766876119196,false,false,none,none,"marginal gaussian (robust), per-axis q < 0.01",false,none
g0197,,drugA,5,24,strain,WT,mutant,WT | mutant,-0.12865277736253233,0.039631277890471495,-0.16828405525300383,0.49471769996124304,0.16019396145761094,0.3345237385036321,0.172317035187429,0.028322212839214413,0.1439948223482146,false,false,none,none,"marginal gaussian (robust), per-axis q < 0.01",false,none
g0198,,drugA,5,24,strain,WT,mutant,WT | mutant,-0.19755673494187587,-0.18112709175081587,-0.016429643191059995,0.734359317331765,0.421066954464201,0.31329236286756396,0.3020504070284648,0.10181213869402073,0.20023826833444408,false,false,none,none,"marginal gaussian (robust), per-axis q < 0.01",false,none
g0199,,drugA,5,24,strain,WT,mutant,WT | mutant,0.09691717242725151,0.09422936434811735,0.0026878080791341574,1.9871525899584799,0.6786967821245062,1.3084558078339736,1.1591587062389757,0.20630902910742946,0.9528496771315462,false,false,none,none,"marginal gaussian (robust), per-axis q < 0.01",false,none
g0200,,drugA,5,24,strain,WT,mutant,WT | mutant,-0.06452710424971242,-0.20327541324111564,0.13874830899140322,0.3230354640988164,0.8464201644238422,-0.5233847003250258,0.09675689852921664,0.3011606392661478,-0.20440374073693113,false,false,none,none,"marginal gaussian (robust), per-axis q < 0.01",false,none
g0201,,drugA,5,24,strain,WT,mutant,WT | mutant,0.1923281872833691,0.10992975854316711,0.08239842874020198,0.4839805554143508,0.4965070581820279,-0.012526502767677083,0.1696022966928959,0.12721731076371565,0.04238498592918025,false,false,none,none,"marginal gaussian (robust), per-axis q < 0.01",false,none
g0202,,drugA,5,24,strain,WT,mutant,WT | mutant,0.09944322415020856,0.12965260318062022,-0.030209379030411654,0.1549296149695383,1.1591025434866804,-1.0041729285171421,0.03560730002755829,0.4934993292192884,-0.4578920291917301,false,false,none,none,"marginal gaussian (robust), per-axis q < 0.01",false,none
g0203,,drugA,5,24,strain,WT,mutant,WT | mutant,0.12831941109342004,-0.051196650602250315,0.17951606169567036,0.27707852594362264,0.19823651705831258,0.07884200888531007,0.08213161847999134,0.03161206291094079,0.05051955556905055,false,false,none,none,"marginal gaussian (robust), per-axis q < 0.01",false,none
g0204,,drugA,5,24,strain,WT,mutant,WT | mutant,0.20451041487684307,0.10646185651957296,0.09804855835727011,0.8319927460295128,0.4183409327924352,0.41365181323707756,0.3284744145551228,0.10156073615011037,0.22691367840501242,false,false,none,none,"marginal gaussian (robust), per-axis q < 0.01",false,none
g0205,,drugA,5,24,strain,WT,mutant,WT | mutant,0.011013225065653387,-0.014613185657895045,0.025626410723548432,0.03498871421134041,0.15925131313670185,-0.12426259892536144,0.008939936750484706,0.028322212839214413,-0.019382276088729708,false,false,none,none,"marginal gaussian (robust), per-axis q < 0.01",false,none
g0206,,drugA,5,24,strain,WT,mutant,WT | mutant,-0.7804134689004698,-1.2127846907697304,0.4323712218692606,3.295109220044664,3.4923948396207383,-0.19728561957607438,1.808442647418771,2.076230010842502,-0.2677873634237309,false,true,none,down,"marginal gaussian (robust), per-axis q < 0.01",true,"down, down"
g0207,,drugA,5,24,strain,WT,mutant,WT | mutant,-1.081657038806073,-0.9919693940969259,-0.08968764470914703,2.5539968308877037,3.597965111867948,-1.0439682809802444,1.4806283929272452,2.114853493459098,-0.6342251005318529,true,false,down,none,"marginal gaussian (robust), per-axis q < 0.01",true,"down, down"
g0208,,drugA,5,24,strain,WT,mutant,WT | mutant,0.013378186490127675,0.11066039591596777,-0.0972822094258401,0.0342955817020732,0.520947472749111,-0.4866518910470378,0.008939936750484706,0.12721731076371565,-0.11827737401323093,false,false,none,none,"marginal gaussian (robust), per-axis q < 0.01",false,none
g0209,,drugA,5,24,strain,WT,mutant,WT | mutant,0.11569914105677803,-0.013288673632377623,0.12898781468915566,0.4203203201231641,0.053390492781457216,0.36692982734170687,0.137773730153196,0.01129232295200476,0.12648140720119122,false,false,none,none,"marginal gaussian (robust), per-axis q < 0.01",false,none
g0210,,drugA,5,24,strain,WT,mutant,WT | mutant,1.100871257434676,1.123042134089287,-0.02217087665461115,2.518329837731859,2.6580386611501687,-0.1397088234183097,1.477125814740825,1.5379349532463031,-0.06080913850547809,true,true,up,up,"marginal gaussian (robust), per-axis q < 0.01",true,"up, up"
g0211,,drugA,5,24,strain,WT,mutant,WT | mutant,-0.11597448129717147,-0.10443905631222172,-0.01153542498494975,0.15990221671016777,0.3602592235478496,-0.20035700683768184,0.03653416710109862,0.07877705682721167,-0.04224288972611305,false,false,none,none,"marginal gaussian (robust), per-axis q < 0.01",false,none
g0212,,drugA,5,24,strain,WT,mutant,WT | mutant,-0.13149215195837627,-0.10948488967152947,-0.022007262286846796,0.5573323317527124,0.17745653715606366,0.37987579459664866,0.2036721174831525,0.03161206291094079,0.1720600545722117,false,false,none,none,"marginal gaussian (robust), per-axis q < 0.01",false,none
g0213,,drugA,5,24,strain,WT,mutant,WT | mutant,0.0197809688830608,0.05901123376534123,-0.03923026488228043,0.06254972673223137,0.261246350204323,-0.19869662347209166,0.012575751770392754,0.04814755680333636,-0.035571805032943604,false,false,none,none,"marginal gaussian (robust), per-axis q < 0.01",false,none
g0214,,drugA,5,24,strain,WT,mutant,WT | mutant,-0.9927679176281448,-1.8098534829927786,0.8170855653646338,2.5822442726859554,3.5384446519744532,-0.9562003792884979,1.484070222247715,2.090095139824815,-0.6060249175771002,false,true,none,down,"marginal gaussian (robust), per-axis q < 0.01",true,"down, down"
g0215,,drugA,5,24,strain,WT,mutant,WT | mutant,-0.015542779722089506,0.02265830769461541,-0.038201087416704915,0.144181053837975,0.07529126449284934,0.06888978934512566,0.030504129341365337,0.01129232295200476,0.019211806389360576,false,false,none,none,"marginal gaussian (robust), per-axis q < 0.01",false,none
g0216,,drugA,5,24,strain,WT,mutant,WT | mutant,0.033789675817772036,-0.21490980428480633,0.24869948010257836,0.24846285799992782,1.3844368903030726,-1.1359740323031449,0.06422473209978385,0.6573342507670328,-0.5931095186672489,false,false,none,none,"marginal gaussian (robust), per-axis q < 0.01",false,none
g0217,,drugA,5,24,strain,WT,mutant,WT | mutant,0.04255364548130025,-0.03519287076522204,0.07774651624652229,0.141740842155312,0.05547379830630905,0.08626704384900294,0.030504129341365337,0.01129232295200476,0.019211806389360576,false,false,none,none,"marginal gaussian (robust), per-axis q < 0.01",false,none
g0218,,drugA,5,24,strain,WT,mutant,WT | mutant,-0.16138255084488673,-0.2624060561487376,0.10102350530385085,0.2845181805395726,1.0871554626038138,-0.8026372820642411,0.08251584742290895,0.4542815238616319,-0.37176567643872294,false,false,none,none,"marginal gaussian (robust), per-axis q < 0.01",false,none
g0219,,drugA,5,24,strain,WT,mutant,WT | mutant,0.01045709178362575,-0.11696789525852136,0.1274249870421471,0.04389076477073088,0.4339907119450094,-0.3900999471742785,0.009475924364570168,0.1077768435291735,-0.09830091916460333,false,false,none,none,"marginal gaussian (robust), per-axis q < 0.01",false,none
g0220,,drugA,5,24,strain,WT,mutant,WT | mutant,0.09652485007825717,0.0756596565740324,0.020865193504224777,0.4025819456543621,0.47920779942767167,-0.07662585377330955,0.13776412264482563,0.12374081100304667,0.01402331164177896,false,false,none,none,"marginal gaussian (robust), per-axis q < 0.01",false,none
g0221,,drugA,5,24,strain,WT,mutant,WT | mutant,0.07650326171515331,0.05362376593484086,0.022879495780312453,0.24076003214480474,0.13899435462395757,0.10176567752084717,0.06422473209978385,0.023977955470818556,0.040246776628965295,false,false,none,none,"marginal gaussian (robust), per-axis q < 0.01",false,none
g0222,,drugA,5,24,strain,WT,mutant,WT | mutant,0.15181185670423236,-0.09508166785892946,0.24689352456316183,0.38350080934477193,0.3528817790154535,0.030619030329318453,0.12990410853965417,0.07877705682721167,0.0511270517124425,false,false,none,none,"marginal gaussian (robust), per-axis q < 0.01",false,none
g0223,,drugA,5,24,strain,WT,mutant,WT | mutant,-0.10336891806670145,0.08049802493247427,-0.18386694299917572,0.46429230226150187,0.15340239656288857,0.3108899056986133,0.1608955733184136,0.02567843614061257,0.135217137177801,false,false,none,none,"marginal gaussian (robust), per-axis q < 0.01",false,none
g0224,,drugA,5,24,strain,WT,mutant,WT | mutant,-0.05494238009617458,-0.011299350286896548,-0.04364302980927803,0.1287614571046624,0.02091009983216538,0.10785135727249703,0.029781258785254183,0.007186304371471852,0.022594954413782332,false,false,none,none,"marginal gaussian (robust), per-axis q < 0.01",false,none
g0225,,drugA,5,24,strain,WT,mutant,WT | mutant,-0.2037185805956785,-0.06114968397862519,-0.1425688966170533,0.8250981745399916,0.17228037257131315,0.6528178019686784,0.32743621761263547,0.03161206291094079,0.29582415470169465,false,false,none,none,"marginal gaussian (robust), per-axis q < 0.01",false,none
g0226,,drugA,5,24,strain,WT,mutant,WT | mutant,-0.03910641559059336,0.007271900625365646,-0.046378316215959,0.22267863878392036,0.01907939419586038,0.20359924458805997,0.05742263727536963,0.007186304371471852,0.05023633290389778,false,false,none,none,"marginal gaussian (robust), per-axis q < 0.01",false,none
g0227,,drugA,5,24,strain,WT,mutant,WT | mutant,0.027792140744024252,-0.030026201369405925,0.05781834211343018,0.10200092155144655,0.1782989166307334,-0.07629799507928686,0.026972974417463588,0.03161206291094079,-0.004639088493477203,false,false,none,none,"marginal gaussian (robust), per-axis q < 0.01",false,none
g0228,,drugA,5,24,strain,WT,mutant,WT | mutant,-0.0824550885790778,0.11134974155659982,-0.19380483013567762,0.2569182912859277,0.6920476496168325,-0.4351293583309048,0.06422473209978385,0.20982743656306335,-0.1456027044632795,false,false,none,none,"marginal gaussian (robust), per-axis q < 0.01",false,none
g0229,,drugA,5,24,strain,WT,mutant,WT | mutant,-0.9432810143643939,-0.3554991372572136,-0.5877818771071803,3.347691196048296,1.3197862821550363,2.0279049138932597,1.808442647418771,0.613292818878804,1.1951498285399669,false,false,none,none,"marginal gaussian (robust), per-axis q < 0.01",false,none
g0230,,drugA,5,24,strain,WT,mutant,WT | mutant,0.012035598239695133,-0.03582212254932493,0.047857720789020064,0.05554206724230607,0.09702211414399477,-0.041480046901688696,0.009475924364570168,0.015470235873475565,-0.005994311508905397,false,false,none,none,"marginal gaussian (robust), per-axis q < 0.01",false,none
g0231,,drugA,5,24,strain,WT,mutant,WT | mutant,-0.012104836443945999,0.10222272870220905,-0.11432756514615505,0.03540035410718548,0.3860890285116154,-0.35068867440442997,0.008939936750484706,0.09317423703790292,-0.08423430028741821,false,false,none,none,"marginal gaussian (robust), per-axis q < 0.01",false,none
g0232,,drugA,5,24,strain,WT,mutant,WT | mutant,-0.5992051508189196,-0.550066211101397,-0.04913893971752259,1.8775401113109353,2.2684692270695095,-0.39092911575857414,1.0898435430210613,1.297240969639534,-0.2073974266184726,false,false,none,none,"marginal gaussian (robust), per-axis q < 0.01",false,none
g0233,,drugA,5,24,strain,WT,mutant,WT | mutant,-0.006333245044928049,0.05812431091399972,-0.06445755595892777,0.013172038409036463,0.410555781043405,-0.39738374263436854,0.006939294312062436,0.09878475009519518,-0.09184545578313275,false,false,none,none,"marginal gaussian (robust), per-axis q < 0.01",false,none
g0234,,drugA,5,24,strain,WT,mutant,WT | mutant,0.006953888532194696,0.033850501135354705,-0.02689661260316001,0.03868530662399122,0.22865091889296754,-0.18996561226897632,0.008939936750484706,0.04307213623527119,-0.034132199484786484,false,false,none,none,"marginal gaussian (robust), per-axis q < 0.01",false,none
g0235,,drugA,5,24,strain,WT,mutant,WT | mutant,-0.24624210404730107,-0.12044616636522498,-0.1257959376820761,0.8027502593092363,0.35326456396541533,0.44948569534382093,0.31818478984284443,0.07877705682721167,0.23940773301563276,false,false,none,none,"marginal gaussian (robust), per-axis q < 0.01",false,none
g0236,,drugA,5,24,strain,WT,mutant,WT | mutant,0.05543532800615569,0.03756797582485749,0.0178673521812982,0.11788867721147389,0.12252357857744561,-0.004634901365971722,0.026972974417463588,0.018712692412256492,0.008260282005207096,false,false,none,none,"marginal gaussian (robust), per-axis q < 0.01",false,none
g0237,,drugA,5,24,strain,WT,mutant,WT | mutant,1.0044041491874571,1.8575489670874248,-0.8531448178999677,3.6282473368970365,3.716404989096217,-0.0881576521991807,1.9074975582377758,2.1955048097979675,-0.2880072515601917,true,true,up,up,"marginal gaussian (robust), per-axis q < 0.01",true,"up, up"
g0238,,drugA,5,24,strain,WT,mutant,WT | mutant,0.006457223961019665,0.13643849435967947,-0.1299812703986598,0.023915044069382253,0.41514829175961,-0.3912332476902277,0.008939936750484706,0.10082869366494189,-0.09188875691445718,false,false,none,none,"marginal gaussian (robust), per-axis q < 0.01",false,none
g0239,,drugA,5,24,strain,WT,mutant,WT | mutant,0.0816499981431944,-0.02119490205235053,0.10284490019554493,0.15436482689919903,0.07926599730171013,0.0750988295974889,0.03560730002755829,0.01129232295200476,0.02431497707555353,false,false,none,none,"marginal gaussian (robust), per-axis q < 0.01",false,none
g0240,,drugA,5,24,strain,WT,mutant,WT | mutant,0.14155450978490247,0.09520823096749886,0.04634627881740361,0.7871225955083057,0.23638613705296121,0.5507364584553445,0.31818478984284443,0.04307213623527119,0.27511265360757325,false,false,none,none,"marginal gaussian (robust), per-axis q < 0.01",false,none
g0241,,drugA,5,24,strain,WT,mutant,WT | mutant,0.2733020530750583,-0.12541376760211964,0.3987158206771779,1.3665587986982355,0.3153463345313105,1.051212464166925,0.7021122587284334,0.06692069044398924,0.6351915682844442,false,false,none,none,"marginal gaussian (robust), per-axis q < 0.01",false,none
g0242,,drugA,5,24,strain,WT,mutant,WT | mutant,1.2133848148759387,0.3510892208554601,0.8622955940204786,2.732177072476107,1.0958081868121656,1.6363688856639413,1.484070222247715,0.45779460841757247,1.0262756138301423,true,false,up,none,"marginal gaussian (robust), per-axis q < 0.01",true,"up, —"
g0243,,drugA,5,24,strain,WT,mutant,WT | mutant,-0.6434979705473438,-0.5719836900367277,-0.07151428051061615,1.8166374125716074,1.9164919105133824,-0.09985449794177503,1.0431812833963436,1.0799537099496868,-0.03677242655334312,false,false,none,none,"marginal gaussian (robust), per-axis q < 0.01",false,none
g0244,,drugA,5,24,strain,WT,mutant,WT | mutant,0.15971152546077416,-0.05116903303186593,0.2108805584926401,0.811466569288845,0.3469081137153464,0.46455845557349856,0.32116571200785815,0.07877705682721167,0.24238865518064648,false,false,none,none,"marginal gaussian (robust), per-axis q < 0.01",false,none
g0245,,drugA,5,24,strain,WT,mutant,WT | mutant,-0.0633219345226177,-0.09253802918795628,0.029216094665338588,0.23005375377527087,0.4643880810927853,-0.2343343273175144,0.06103606911830723,0.11877089844706301,-0.05773482932875578,false,false,none,none,"marginal gaussian (robust), per-axis q < 0.01",false,none
g0246,,drugA,5,24,strain,WT,mutant,WT | mutant,0.16935539636907304,-0.020076685076281464,0.1894320814453545,0.604942614188119,0.05441532344533875,0.5505272907427803,0.23332216256724048,0.01129232295200476,0.2220298396152357,false,false,none,none,"marginal gaussian (robust), per-axis q < 0.01",false,none
g0247,,drugA,5,24,strain,WT,mutant,WT | mutant,0.010550823674188692,-0.06634962371150444,0.07690044738569313,0.019711514731488317,0.17927082192431515,-0.15955930719282682,0.008939936750484706,0.03161206291094079,-0.022672126160456087,false,false,none,none,"marginal gaussian (robust), per-axis q < 0.01",false,none
g0248,,drugA,5,24,strain,WT,mutant,WT | mutant,0.045447211240709606,-0.0851335076535289,0.1305807188942385,0.13244729967438157,0.6149615917915203,-0.48251429211713875,0.029781258785254183,0.1658252455602578,-0.13604398677500362,false,false,none,none,"marginal gaussian (robust), per-axis q < 0.01",false,none
g0249,,drugA,5,24,strain,WT,mutant,WT | mutant,-0.12451255049811039,-0.1417496186980074,0.01723706819989701,0.7715733064229339,0.6857604703447898,0.08581283607814405,0.31293545739728457,0.20982743656306335,0.10310802083422121,false,false,none,none,"marginal gaussian (robust), per-axis q < 0.01",false,none
g0250,,drugA,5,24,strain,WT,mutant,WT | mutant,-1.189103898252995,-0.25822038280951354,-0.9308835154434814,2.280883168010352,0.5434549420637548,1.7374282259465974,1.3323301302421988,0.13649811507234189,1.195832015169857,true,false,down,none,"marginal gaussian (robust), per-axis q < 0.01",true,"down, —"
g0251,,drugA,5,24,strain,WT,mutant,WT | mutant,-0.044790675106081146,-0.11896409885374393,0.07417342374766278,0.08365376623071849,0.35557663630495173,-0.2719228700742332,0.019760319468017314,0.07877705682721167,-0.059016737359194354,false,false,none,none,"marginal gaussian (robust), per-axis q < 0.01",false,none
g0252,,drugA,5,24,strain,WT,mutant,WT | mutant,0.1598413933186933,0.05574926046597639,0.1040921328527169,0.5573566809045529,0.2560777660266877,0.30127891487786523,0.2036721174831525,0.04814755680333636,0.15552456067981615,false,false,none,none,"marginal gaussian (robust), per-axis q < 0.01",false,none
g0253,,drugA,5,24,strain,WT,mutant,WT | mutant,0.024108169646567035,-0.08429865954466287,0.1084068291912299,0.05253020547451373,0.33143975385778757,-0.27890954838327386,0.009475924364570168,0.07877705682721167,-0.06930113246264151,false,false,none,none,"marginal gaussian (robust), per-axis q < 0.01",false,none
g0254,,drugA,5,24,strain,WT,mutant,WT | mutant,0.058565086328970395,0.018542939669215386,0.04002214665975501,0.07819399462739263,0.06408578617215424,0.014108208455238386,0.019760319468017314,0.01129232295200476,0.008467996516012554,false,false,none,none,"marginal gaussian (robust), per-axis q < 0.01",false,none
g0255,,drugA,5,24,strain,WT,mutant,WT | mutant,-0.3479674942462232,0.07628913181685526,-0.42425662606307846,1.5999655764143623,0.2627726949937085,1.3371928814206537,0.8792157977551016,0.04814755680333636,0.8310682409517652,false,false,none,none,"marginal gaussian (robust), per-axis q < 0.01",false,none
g0256,,drugA,5,24,strain,WT,mutant,WT | mutant,0.05367062954120705,-0.016841922064724457,0.0705125516059315,0.163981638564861,0.052367964833147616,0.11161367373171338,0.037466513721606025,0.01129232295200476,0.026174190769601265,false,false,none,none,"marginal gaussian (robust), per-axis q < 0.01",false,none
g0257,,drugA,5,24,strain,WT,mutant,WT | mutant,-1.0910080777138935,-0.6325506170952915,-0.45845746061860204,3.0069385878773653,1.734115079162858,1.2728235087145074,1.6405046838908086,0.9499734650900268,0.6905312188007818,true,false,down,none,"marginal gaussian (robust), per-axis q < 0.01",true,"down, down"
g0258,,drugA,5,24,strain,WT,mutant,WT | mutant,-0.07100088280010475,-0.1462637118610317,0.07526282906092696,0.3221606023626159,0.4435007144103292,-0.12134011204771328,0.09675689852921664,0.10896882351167675,-0.012211924982460112,false,false,none,none,"marginal gaussian (robust), per-axis q < 0.01",false,none
g0259,,drugA,5,24,strain,WT,mutant,WT | mutant,0.14689942076243412,-0.12953833381192403,0.27643775457435815,0.6738964934200654,0.9140821386084875,-0.24018564518842211,0.27536600949472384,0.3504215630061137,-0.07505555351138987,false,false,none,none,"marginal gaussian (robust), per-axis q < 0.01",false,none
g0260,,drugA,5,24,strain,WT,mutant,WT | mutant,0.004982987546027218,0.02066189885441716,-0.015678911308389942,0.03553676188362231,0.06290410014252482,-0.02736733825890251,0.008939936750484706,0.01129232295200476,-0.002352386201520054,false,false,none,none,"marginal gaussian (robust), per-axis q < 0.01",false,none
g0261,,drugA,5,24,strain,WT,mutant,WT | mutant,0.08581857482363198,-0.016950446899322458,0.10276902172295443,0.24593767181777826,0.056649052022186466,0.1892886197955918,0.06422473209978385,0.01129232295200476,0.052932409147779094,false,false,none,none,"marginal gaussian (robust), per-axis q < 0.01",false,none
g0262,,drugA,5,24,strain,WT,mutant,WT | mutant,-0.022379284660724252,0.08619707327482029,-0.10857635793554454,0.041496725904091016,0.4445306665883493,-0.40303394068425824,0.008939936750484706,0.10896882351167675,-0.10002888676119204,false,false,none,none,"marginal gaussian (robust), per-axis q < 0.01",false,none
g0263,,drugA,5,24,strain,WT,mutant,WT | mutant,0.26114032104466567,-0.0824354802365459,0.34357580128121157,1.9419782567672352,0.4969659393193917,1.4450123174478435,1.1469824497358618,0.12721731076371565,1.0197651389721463,false,false,none,none,"marginal gaussian (robust), per-axis q < 0.01",false,none
g0264,,drugA,5,24,strain,WT,mutant,WT | mutant,0.010540917256918192,-0.0377955408021986,0.048336458059116794,0.027258203573508725,0.11089089198460261,-0.08363268841109389,0.008939936750484706,0.01649054349995692,-0.007550606749472213,false,false,none,none,"marginal gaussian (robust), per-axis q < 0.01",false,none
g0265,,drugA,5,24,strain,WT,mutant,WT | mutant,0.10131640727798086,-0.02054589926616046,0.12186230654414132,0.3048681905143036,0.1387194254049346,0.166148765109369,0.08947852385937176,0.023977955470818556,0.0655005683885532,false,false,none,none,"marginal gaussian (robust), per-axis q < 0.01",false,none
g0266,,drugA,5,24,strain,WT,mutant,WT | mutant,-0.00419757182799918,-0.0915221673935478,0.08732459556554861,0.02395524109127058,0.40150974761579505,-0.3775545065245245,0.008939936750484706,0.09878475009519518,-0.08984481334471046,false,false,none,none,"marginal gaussian (robust), per-axis q < 0.01",false,none
g0267,,drugA,5,24,strain,WT,mutant,WT | mutant,-0.008797604139992643,-0.07040180703764243,0.061604202897649785,0.021661013831579493,0.15086652785969581,-0.1292055140281163,0.008939936750484706,0.02490180983313041,-0.015961873082645704,false,false,none,none,"marginal gaussian (robust), per-axis q < 0.01",false,none
g0268,,drugA,5,24,strain,WT,mutant,WT | mutant,-1.349563644779936,-1.2597180478139887,-0.0898455969659473,2.2380722950269156,1.9846750234730899,0.25339727155382574,1.3122013551531042,1.121352163352634,0.19084919180047022,true,true,down,down,"marginal gaussian (robust), per-axis q < 0.01",true,"down, down"
g0269,,drugA,5,24,strain,WT,mutant,WT | mutant,-0.8122881021188295,-0.688612693425247,-0.12367540869358251,2.2248366600512783,1.3622723786087705,0.8625642814425079,1.3122013551531042,0.6450775541665525,0.6671238009865517,false,false,none,none,"marginal gaussian (robust), per-axis q < 0.01",false,none
g0270,,drugA,5,24,strain,WT,mutant,WT | mutant,0.10081731023197449,0.07043630023489023,0.030381009997084263,0.4866598990308394,0.248463386180346,0.2381965128504934,0.1696022966928959,0.048083290783317224,0.12151900590957868,false,false,none,none,"marginal gaussian (robust), per-axis q < 0.01",false,none
g0271,,drugA,5,24,strain,WT,mutant,WT | mutant,1.116952226496096,1.1384614314095423,-0.02150920491344621,2.656916577405574,4.304280786173286,-1.647364208767712,1.484070222247715,2.4504623038192146,-0.9663920815714997,true,true,up,up,"marginal gaussian (robust), per-axis q < 0.01",true,"up, up"
g0272,,drugA,5,24,strain,WT,mutant,WT | mutant,1.303264164692255,1.4143775395570692,-0.11111337486481432,3.9283698122291635,1.9095199523067734,2.01884985992239,2.0337373553792544,1.0799537099496868,0.9537836454295676,true,true,up,up,"marginal gaussian (robust), per-axis q < 0.01",true,"up, up"
g0273,,drugA,5,24,strain,WT,mutant,WT | mutant,0.25574422864602475,0.1819620839762317,0.07378214466979305,1.0494333543661494,0.3102479220206725,0.739185432345477,0.4618943901295105,0.06602510849224012,0.39586928163727036,false,false,none,none,"marginal gaussian (robust), per-axis q < 0.01",false,none
g0274,,drugA,5,24,strain,WT,mutant,WT | mutant,-0.008605221295034937,0.15521796281321976,-0.1638231841082547,0.027663508476926342,0.6581827340730912,-0.6305192255961649,0.008939936750484706,0.18947499567509923,-0.18053505892461452,false,false,none,none,"marginal gaussian (robust), per-axis q < 0.01",false,none
g0275,,drugA,5,24,strain,WT,mutant,WT | mutant,-0.12331785572548792,-0.2685425871351077,0.14522473140961978,0.41534189734148524,1.3807780244862522,-0.9654361271447669,0.13776412264482563,0.6573342507670328,-0.5195701281222072,false,false,none,none,"marginal gaussian (robust), per-axis q < 0.01",false,none
g0276,,drugA,5,24,strain,WT,mutant,WT | mutant,0.25645015009223293,-0.15602042925515214,0.41247057934738507,1.0755946012198456,0.4061538225886011,0.6694407786312445,0.48287463614602655,0.09878475009519518,0.3840898860508314,false,false,none,none,"marginal gaussian (robust), per-axis q < 0.01",false,none
g0277,,drugA,5,24,strain,WT,mutant,WT | mutant,0.008186169671581922,0.037344719902358214,-0.029158550230776292,0.01470098208710691,0.1157423824465063,-0.10104140035939939,0.006939294312062436,0.017342506975938858,-0.010403212663876421,false,false,none,none,"marginal gaussian (robust), per-axis q < 0.01",false,none
g0278,,drugA,5,24,strain,WT,mutant,WT | mutant,0.4747008314835224,0.8424078175309155,-0.36770698604739316,1.5121767019154684,2.0507954867848,-0.5386187848693316,0.8213901466336507,1.1697438597039125,-0.34835371307026175,false,false,none,none,"marginal gaussian (robust), per-axis q < 0.01",false,none
g0279,,drugA,5,24,strain,WT,mutant,WT | mutant,0.09732199083913606,0.06043682083630486,0.0368851700028312,0.727704559293937,0.12796943835928745,0.5997351209346495,0.29857730777682606,0.022042607031855715,0.27653470074497033,false,false,none,none,"marginal gaussian (robust), per-axis q < 0.01",false,none
g0280,,drugA,5,24,strain,WT,mutant,WT | mutant,-0.18596012490596792,0.04743506234987116,-0.23339518725583908,0.7137587623188979,0.13630713453925497,0.5774516277796429,0.2931836558590417,0.023977955470818556,0.26920570038822317,false,false,none,none,"marginal gaussian (robust), per-axis q < 0.01",false,none
g0281,,drugA,5,24,strain,WT,mutant,WT | mutant,-0.044404872770666515,-0.18662650448361884,0.14222163171295232,0.2037031466026648,1.3182531869040104,-1.1145500403013455,0.046481242020227555,0.613292818878804,-0.5668115768585765,false,false,none,none,"marginal gaussian (robust), per-axis q < 0.01",false,none
g0282,,drugA,5,24,strain,WT,mutant,WT | mutant,-0.08308908788688285,0.06045671824391263,-0.14354580613079548,0.27973422973746925,0.3859541572764613,-0.10621992753899206,0.08213161847999134,0.09317423703790292,-0.011042618557911582,false,false,none,none,"marginal gaussian (robust), per-axis q < 0.01",false,none
g0283,,drugA,5,24,strain,WT,mutant,WT | mutant,0.013507450287143286,-0.12572348643345777,0.13923093672060105,0.01969330684568322,,,0.008939936750484706,,,false,false,none,none,"marginal gaussian (robust), per-axis q < 0.01",false,none
g0284,,drugA,5,24,strain,WT,mutant,WT | mutant,-0.43247258924981846,-0.39859443718855037,-0.033878152061268096,2.4749418270699683,0.9530750740471855,1.521866753022783,1.465396509163738,0.3730534426302792,1.0923430665334588,false,false,none,none,"marginal gaussian (robust), per-axis q < 0.01",false,none
g0285,,drugA,5,24,strain,WT,mutant,WT | mutant,0.035922456508798106,0.07030444066598207,-0.034381984157183965,0.06381392189150369,0.24121015361856546,-0.17739623172706176,0.012575751770392754,0.04440527405299042,-0.031829522282597666,false,false,none,none,"marginal gaussian (robust), per-axis q < 0.01",false,none
g0286,,drugA,5,24,strain,WT,mutant,WT | mutant,-0.061526125642602736,-0.01567988287291655,-0.045846242769686185,0.16132987640690538,0.052270093022993507,0.10905978338391187,0.03653416710109862,0.01129232295200476,0.02524184414909386,false,false,none,none,"marginal gaussian (robust), per-axis q < 0.01",false,none
g0287,,drugA,5,24,strain,WT,mutant,WT | mutant,-0.37511581304888963,0.16746262891644026,-0.5425784419653299,2.207703106027205,0.49490770656905697,1.7127953994581482,1.3046131190352614,0.12721731076371565,1.1773958082715459,false,false,none,none,"marginal gaussian (robust), per-axis q < 0.01",false,none
g0288,,drugA,5,24,strain,WT,mutant,WT | mutant,-0.09868162170687,0.04660810090230161,-0.1452897226091716,0.33209329188797676,0.1473127250408076,0.18478056684716915,0.10069922436538994,0.02435255441459554,0.07634666995079441,false,false,none,none,"marginal gaussian (robust), per-axis q < 0.01",false,none
g0289,,drugA,5,24,strain,WT,mutant,WT | mutant,0.042358802241597715,-0.0033033942942548578,0.04566219653585257,0.06818404254390646,0.00989086972171181,0.05829317282219465,0.013086690494913457,0.002692453843556264,0.010394236651357193,false,false,none,none,"marginal gaussian (robust), per-axis q < 0.01",false,none
g0290,,drugA,5,24,strain,WT,mutant,WT | mutant,0.016389635250810386,-0.20043966169943062,0.216829296950241,0.05404211806773609,1.1786393426079003,-1.124597224540164,0.009475924364570168,0.5028372033239075,-0.4933612789593373,false,false,none,none,"marginal gaussian (robust), per-axis q < 0.01",false,none
g0291,,drugA,5,24,strain,WT,mutant,WT | mutant,0.03893678214095431,-0.037081926043389224,0.07601870818434353,0.08763600966990982,0.08035629576707247,0.007279713902837354,0.020098744785992696,0.01129232295200476,0.008806421833987936,false,false,none,none,"marginal gaussian (robust), per-axis q < 0.01",false,none
g0292,,drugA,5,24,strain,WT,mutant,WT | mutant,-0.08570991896044511,-0.027364454656753523,-0.058345464303691585,0.3991045871220562,0.09558543320476631,0.3035191539172899,0.13748012864807385,0.015470235873475565,0.12200989277459828,false,false,none,none,"marginal gaussian (robust), per-axis q < 0.01",false,none
g0293,,drugA,5,24,strain,WT,mutant,WT | mutant,-0.7925445251904275,-0.839006561974962,0.04646203678453453,2.704792520748753,3.420398722674546,-0.7156062019257932,1.484070222247715,2.062225840873996,-0.5781556186262811,false,false,none,none,"marginal gaussian (robust), per-axis q < 0.01",false,none
g0294,,drugA,5,24,strain,WT,mutant,WT | mutant,-0.5559091973938326,-0.7553035422174519,0.19939434482361929,1.7781588225479608,1.4205873974174756,0.3575714251304851,1.0184909778583302,0.6843693356618274,0.33412164219650275,false,false,none,none,"marginal gaussian (robust), per-axis q < 0.01",false,none
g0295,,drugA,5,24,strain,WT,mutant,WT | mutant,0.21184238100197827,0.01640948746721005,0.19543289353476823,0.7474171305130013,0.03532836042541707,0.7120887700875842,0.30273190462252864,0.007186304371471852,0.2955456002510568,false,false,none,none,"marginal gaussian (robust), per-axis q < 0.01",false,none
g0296,,drugA,5,24,strain,WT,mutant,WT | mutant,-0.017691164692502426,-0.06560221631725938,0.04791105162475695,0.050935401671599045,0.6548578471235176,-0.6039224454519185,0.009475924364570168,0.18947499567509923,-0.17999907131052906,false,false,none,none,"marginal gaussian (robust), per-axis q < 0.01",false,none
g0297,,drugA,5,24,strain,WT,mutant,WT | mutant,-0.10467481473161122,0.09927530200502765,-0.20395011673663888,0.19620301407394544,0.5671024587909521,-0.37089944471700664,0.04365495948167958,0.14580235790838492,-0.10214739842670534,false,false,none,none,"marginal gaussian (robust), per-axis q < 0.01",false,none
g0298,,drugA,5,24,strain,WT,mutant,WT | mutant,-0.08260279955231908,-0.22647019311712668,0.1438673935648076,0.19924284111788704,1.2376880768153447,-1.0384452356974576,0.04501472840759954,0.544626932089846,-0.49961220368224646,false,false,none,none,"marginal gaussian (robust), per-axis q < 0.01",false,none
g0299,,drugA,5,24,strain,WT,mutant,WT | mutant,0.047585021673508976,0.1931098544531089,-0.14552483277959993,0.5095427473625567,0.7457559874139208,-0.23621324005136413,0.17669103908119277,0.23839525069577175,-0.06170421161457898,false,false,none,none,"marginal gaussian (robust), per-axis q < 0.01",false,none
g0300,,drugA,5,24,strain,WT,mutant,WT | mutant,-0.03282865394153767,-0.001372613673286338,-0.03145604026825133,0.22946275350750145,0.0024298682407891442,0.2270328852667123,0.06103606911830723,0.0024298682407890957,0.05860620087751813,false,false,none,none,"marginal gaussian (robust), per-axis q < 0.01",false,none
g0301,,drugA,5,24,strain,WT,mutant,WT | mutant,0.08718933535804663,-0.07200304532141022,0.15919238067945685,0.6274195102454024,0.17068864357652275,0.4567308666688797,0.24308333156941006,0.03161206291094079,0.21147126865846927,false,false,none,none,"marginal gaussian (robust), per-axis q < 0.01",false,none
g0302,,drugA,5,24,strain,WT,mutant,WT | mutant,0.09310982305595239,0.028626025839501246,0.06448379721645114,0.3528337405735642,0.1369812803556264,0.2158524602179378,0.11127091350955809,0.023977955470818556,0.08729295803873953,false,false,none,none,"marginal gaussian (robust), per-axis q < 0.01",false,none
g0303,,drugA,5,24,strain,WT,mutant,WT | mutant,-0.0810341996095838,-0.0012365862738992206,-0.07979761333568458,0.1375872689216863,0.005716805660394057,0.13187046326129223,0.030504129341365337,0.0024298682407890957,0.02807426110057624,false,false,none,none,"marginal gaussian (robust), per-axis q < 0.01",false,none
g0304,,drugA,5,24,strain,WT,mutant,WT | mutant,0.035489826617397746,0.06884826320999426,-0.03335843659259652,0.07752368397275791,0.16627413455195136,-0.08875045057919345,0.019760319468017314,0.030492531460051892,-0.010732211992034578,false,false,none,none,"marginal gaussian (robust), per-axis q < 0.01",false,none
g0305,,drugA,5,24,strain,WT,mutant,WT | mutant,0.09803573386533593,-0.17295740785001001,0.27099314171534594,1.3302242001474276,0.4323315256607303,0.8978926744866973,0.6886556675357914,0.1077768435291735,0.5808788240066179,false,false,none,none,"marginal gaussian (robust), per-axis q < 0.01",false,none
g0306,,drugA,5,24,strain,WT,mutant,WT | mutant,-0.04352422642014098,-0.29418503066262947,0.2506608042424885,0.09537786373358323,0.7399902747986347,-0.6446124110650514,0.02507438260651403,0.23839525069577175,-0.2133208680892577,false,false,none,none,"marginal gaussian (robust), per-axis q < 0.01",false,none
g0307,,drugA,5,24,strain,WT,mutant,WT | mutant,1.1012031914157312,1.2970091901112948,-0.1958059986955636,3.0022325199084015,,,1.6405046838908086,,,true,false,up,none,"marginal gaussian (robust), per-axis q < 0.01",true,"up, up"
g0308,,drugA,5,24,strain,WT,mutant,WT | mutant,-0.016330753699126177,-0.021688635375122445,0.005357881675996268,0.0229995963568017,0.10191444473168494,-0.07891484837488325,0.008939936750484706,0.015470235873475565,-0.006530299122990859,false,false,none,none,"marginal gaussian (robust), per-axis q < 0.01",false,none
g0309,,drugA,5,24,strain,WT,mutant,WT | mutant,0.035077527196207825,-0.07250975107961644,0.10758727827582426,0.11100965554219676,0.17496833172487428,-0.06395867618267752,0.026972974417463588,0.03161206291094079,-0.004639088493477203,false,false,none,none,"marginal gaussian (robust), per-axis q < 0.01",false,none
g0310,,drugA,5,24,strain,WT,mutant,WT | mutant,-0.13570394427252808,-0.13955843472502494,0.0038544904524968615,0.7742567660006958,0.3328770833456293,0.4413796826550665,0.31293545739728457,0.07877705682721167,0.2341584005700729,false,false,none,none,"marginal gaussian (robust), per-axis q < 0.01",false,none
g0311,,drugA,5,24,strain,WT,mutant,WT | mutant,-1.1931089494780025,-1.1193943738203114,-0.07371457565769113,2.541326233280857,2.4152366623621533,0.12608957091870376,1.4806283929272452,1.3844227149479338,0.09620567797931145,true,true,down,down,"marginal gaussian (robust), per-axis q < 0.01",true,"down, down"
g0312,,drugA,5,24,strain,WT,mutant,WT | mutant,-0.6635075981926102,-0.47367766778052367,-0.1898299304120865,1.6597280328213007,1.4388455590106173,0.22088247381068338,0.9263891268540193,0.689579380447588,0.23680974640643127,false,false,none,none,"marginal gaussian (robust), per-axis q < 0.01",false,none
g0313,,drugA,5,24,strain,WT,mutant,WT | mutant,1.0573875786915448,1.0925529082897807,-0.03516532959823593,2.4786993913880733,2.1676988899623986,0.3110005014256747,1.465396509163738,1.2577133397003615,0.2076831694633765,true,true,up,up,"marginal gaussian (robust), per-axis q < 0.01",true,"up, up"
g0314,,drugA,5,24,strain,WT,mutant,WT | mutant,-0.014261636111916332,-0.10572206259172034,0.09146042647980401,0.04384482599583269,0.23025107152075097,-0.18640624552491827,0.009475924364570168,0.04307213623527119,-0.03359621187070102,false,false,none,none,"marginal gaussian (robust), per-axis q < 0.01",false,none
g0315,,drugA,5,24,strain,WT,mutant,WT | mutant,-0.0320685826219993,-0.009466841699723005,-0.022601740922276292,0.10062125284936993,0.03502021483579183,0.0656010380135781,0.026972974417463588,0.007186304371471852,0.019786670045991737,false,false,none,none,"marginal gaussian (robust), per-axis q < 0.01",false,none
g0316,,drugA,5,24,strain,WT,mutant,WT | mutant,-0.0799045762938686,0.024560750157478495,-0.1044653264513471,0.3467049588338849,0.09040157459251964,0.2563033842413653,0.11127091350955809,0.013830136617624922,0.09744077689193317,false,false,none,none,"marginal gaussian (robust), per-axis q < 0.01",false,none
g0317,,drugA,5,24,strain,WT,mutant,WT | mutant,0.20190216534220973,-0.006201501337470106,0.20810366667967983,1.1336044837881798,0.011801830125970724,1.121802653662209,0.5362396136685974,0.002692453843556264,0.5335471598250412,false,false,none,none,"marginal gaussian (robust), per-axis q < 0.01",false,none
g0318,,drugA,5,24,strain,WT,mutant,WT | mutant,-1.3407864456129897,-1.095235438441307,-0.24555100717168266,3.3724941328162923,3.091562208661711,0.2809319241545811,1.808442647418771,1.8302993398692176,-0.021856692450446635,true,true,down,down,"marginal gaussian (robust), per-axis q < 0.01",true,"down, down"
g0319,,drugA,5,24,strain,WT,mutant,WT | mutant,-0.04989391112602881,0.022215479319692477,-0.07210939044572129,0.1901791124178602,0.037783972405120735,0.15239514001273946,0.04110666701466017,0.007186304371471852,0.03392036264318832,false,false,none,none,"marginal gaussian (robust), per-axis q < 0.01",false,none
g0320,,drugA,5,24,strain,WT,mutant,WT | mutant,-0.523805847424458,-0.8798359172701593,0.3560300698457013,1.9614009926911717,1.836736196431556,0.12466479625961568,1.1514280296901456,1.025860620529297,0.12556740916084852,false,false,none,none,"marginal gaussian (robust), per-axis q < 0.01",false,none
g0321,,drugA,5,24,strain,WT,mutant,WT | mutant,0.3540667825289292,0.45266947478084507,-0.09860269225191587,1.135366520201289,0.9548131486308727,0.1805533715704163,0.5362396136685974,0.3730534426302792,0.16318617103831823,false,false,none,none,"marginal gaussian (robust), per-axis q < 0.01",false,none
g0322,,drugA,5,24,strain,WT,mutant,WT | mutant,0.013720273056927468,0.1315524560217689,-0.11783218296484144,0.0670511481895567,0.35607047442425627,-0.28901932623469956,0.013086690494913457,0.07877705682721167,-0.06569036633229822,false,false,none,none,"marginal gaussian (robust), per-axis q < 0.01",false,none
g0323,,drugA,5,24,strain,WT,mutant,WT | mutant,0.1727372293976117,0.4452046316200615,-0.2724674022224498,0.7968382087519661,2.3634354038367724,-1.5665971950848063,0.31818478984284443,1.357445040147585,-1.0392602503047406,false,false,none,none,"marginal gaussian (robust), per-axis q < 0.01",false,none
g0324,,drugA,5,24,strain,WT,mutant,WT | mutant,0.1651159546454668,-0.1639139284297393,0.3290298830752061,0.7624201960826162,0.5561363118544849,0.20628388422813138,0.3071620877083475,0.14306256005339013,0.1640995276549574,false,false,none,none,"marginal gaussian (robust), per-axis q < 0.01",false,none
g0325,,drugA,5,24,strain,WT,mutant,WT | mutant,0.21312188198363025,0.06693331095990018,0.14618857102373006,0.6404912119212657,0.22147562986269148,0.4190155820585742,0.25073465230342923,0.04307213623527119,0.20766251606815805,false,false,none,none,"marginal gaussian (robust), per-axis q < 0.01",false,none
g0326,,drugA,5,24,strain,WT,mutant,WT | mutant,0.132801105621267,0.282933769704071,-0.150132664082804,0.4502873540990649,1.12731791065262,-0.6770305565535553,0.15395247964346354,0.478838898579862,-0.32488641893639847,false,false,none,none,"marginal gaussian (robust), per-axis q < 0.01",false,none
g0327,,drugA,5,24,strain,WT,mutant,WT | mutant,0.13294244487315865,0.09041397831230569,0.04252846656085296,0.45697023499751316,0.9134476788785223,-0.45647744388100914,0.15829414472700928,0.3504215630061137,-0.19212741827910443,false,false,none,none,"marginal gaussian (robust), per-axis q < 0.01",false,none
g0328,,drugA,5,24,strain,WT,mutant,WT | mutant,-0.49013639170450674,-0.064659725966699,-0.42547666573780774,1.9628179477421783,0.13040242218798548,1.8324155255541927,1.1514280296901456,0.02258805421955075,1.128839975470595,false,false,none,none,"marginal gaussian (robust), per-axis q < 0.01",false,none
g0329,,drugA,5,24,strain,WT,mutant,WT | mutant,0.06622806993309105,0.023032467326748574,0.043195602606342476,0.10095879982560749,0.24676417534764758,-0.1458053755220401,0.026972974417463588,0.048083290783317224,-0.021110316365853636,false,false,none,none,"marginal gaussian (robust), per-axis q < 0.01",false,none
g0330,,drugA,5,24,strain,WT,mutant,WT | mutant,-1.1806817088156336,-2.1945146238161986,1.013832915000565,3.3191190277943416,4.896209582710005,-1.5770905549156637,1.808442647418771,2.8110379729731934,-1.0025953255544224,true,true,down,down,"marginal gaussian (robust), per-axis q < 0.01",true,"down, down"
g0331,,drugA,5,24,strain,WT,mutant,WT | mutant,-0.18828914968778587,-0.08825904283594177,-0.1000301068518441,0.3776885922504103,0.1874312035496439,0.1902573887007664,0.12990410853965417,0.03161206291094079,0.09829204562871338,false,false,none,none,"marginal gaussian (robust), per-axis q < 0.01",false,none
g0332,,drugA,5,24,strain,WT,mutant,WT | mutant,-0.07455236633990836,0.06595385699143108,-0.14050622333133944,0.3908535876994345,0.3357740654870704,0.05507952221236412,0.13463593645181557,0.07877705682721167,0.0558588796246039,false,false,none,none,"marginal gaussian (robust), per-axis q < 0.01",false,none
g0333,,drugA,5,24,strain,WT,mutant,WT | mutant,0.5979852687545755,0.9942590876247372,-0.3962738188701618,1.6218200990148763,2.273763060688257,-0.6519429616733805,0.8948213710786139,1.297240969639534,-0.40241959856092,false,false,none,none,"marginal gaussian (robust), per-axis q < 0.01",false,none
g0334,,drugA,5,24,strain,WT,mutant,WT | mutant,0.037099732143937914,0.17278267953247983,-0.13568294738854192,0.1126258592422578,0.3446657346048938,-0.23203987536263598,0.026972974417463588,0.07877705682721167,-0.051804082409748084,false,false,none,none,"marginal gaussian (robust), per-axis q < 0.01",false,none
g0335,,drugA,5,24,strain,WT,mutant,WT | mutant,-0.13202456125276996,-0.19573729873148693,0.06371273747871697,0.7447280823289606,0.741419636164064,0.0033084461648965613,0.30273190462252864,0.23839525069577175,0.06433665392675689,false,false,none,none,"marginal gaussian (robust), per-axis q < 0.01",false,none
g0336,,drugA,5,24,strain,WT,mutant,WT | mutant,0.08393480189586988,-0.08641747559594304,0.17035227749181292,0.5277731772997303,0.23431962708585027,0.29345355021388,0.18203344666626775,0.04307213623527119,0.13896131043099658,false,false,none,none,"marginal gaussian (robust), per-axis q < 0.01",false,none
g0337,,drugA,5,24,strain,WT,mutant,WT | mutant,0.08169691858787154,-0.004227427430155473,0.08592434601802701,0.16821291768091323,0.010168810803067602,0.15804410687784562,0.037466513721606025,0.002692453843556264,0.03477405987804976,false,false,none,none,"marginal gaussian (robust), per-axis q < 0.01",false,none
g0338,,drugA,5,24,strain,WT,mutant,WT | mutant,0.1187479786880754,0.10376042521865969,0.014987553469415715,0.21077097279246332,0.2622065658627075,-0.0514355930702442,0.049756870738883754,0.04814755680333636,0.0016093139355473976,false,false,none,none,"marginal gaussian (robust), per-axis q < 0.01",false,none
g0339,,drugA,5,24,strain,WT,mutant,WT | mutant,-0.1603551079123875,0.023304700727186045,-0.18365980863957354,0.3094271144083591,0.06104177626927916,0.24838533813907998,0.08947852385937176,0.01129232295200476,0.078186200907367,false,false,none,none,"marginal gaussian (robust), per-axis q < 0.01",false,none
g0340,,drugA,5,24,strain,WT,mutant,WT | mutant,1.3247680366846915,2.147855391994554,-0.8230873553098625,2.32319194224812,3.190522403722103,-0.867330461473983,1.3574222782061631,1.9069831402184572,-0.549560862012294,true,true,up,up,"marginal gaussian (robust), per-axis q < 0.01",true,"up, up"
g0341,,drugA,5,24,strain,WT,mutant,WT | mutant,-0.10058103763356208,-0.09159852994333662,-0.00898250769022546,0.37958568957617606,0.26925743163822874,0.11032825793794732,0.12990410853965417,0.04814755680333636,0.08175655173631782,false,false,none,none,"marginal gaussian (robust), per-axis q < 0.01",false,none
g0342,,drugA,5,24,strain,WT,mutant,WT | mutant,0.7301913442909367,0.9361957015123092,-0.20600435722137256,2.915502659828418,3.230071755539304,-0.314569095710886,1.600152504062546,1.9230513961861355,-0.3228988921235896,false,false,none,none,"marginal gaussian (robust), per-axis q < 0.01",false,none
g0343,,drugA,5,24,strain,WT,mutant,WT | mutant,-0.11436355906627416,-0.18864559164517392,0.07428203257889976,0.37268559437965665,0.25969454759500776,0.11299104678464889,0.12698406181719288,0.04814755680333636,0.07883650501385653,false,false,none,none,"marginal gaussian (robust), per-axis q < 0.01",false,none
g0344,,drugA,5,24,strain,WT,mutant,WT | mutant,-0.4467995089115835,-0.3143038236391549,-0.1324956852724286,1.74629802456711,2.157248372475262,-0.41095034790815177,0.999994141435461,1.2577133397003615,-0.25771919826490053,false,false,none,none,"marginal gaussian (robust), per-axis q < 0.01",false,none
g0345,,drugA,5,24,strain,WT,mutant,WT | mutant,0.19009662730065102,-0.023189699230920624,0.21328632653157165,0.44306584298043505,0.038031893180962624,0.40503394979947244,0.15192771313715372,0.007186304371471852,0.14474140876568187,false,false,none,none,"marginal gaussian (robust), per-axis q < 0.01",false,none
g0346,,drugA,5,24,strain,WT,mutant,WT | mutant,0.09298125061887497,-0.01420936666271011,0.10719061728158508,0.5822906228884057,0.05921795046886457,0.5230726724195411,0.2178399285353395,0.01129232295200476,0.20654760558333474,false,false,none,none,"marginal gaussian (robust), per-axis q < 0.01",false,none
g0347,,drugA,5,24,strain,WT,mutant,WT | mutant,-0.014546137478088639,-0.003627305507806433,-0.010918831970282206,0.04474075730644178,0.0697665053463147,-0.025025748039872925,0.009475924364570168,0.01129232295200476,-0.0018163985874345926,false,false,none,none,"marginal gaussian (robust), per-axis q < 0.01",false,none
g0348,,drugA,5,24,strain,WT,mutant,WT | mutant,-0.14822052703512334,0.11429733536519926,-0.2625178624003226,0.4041297283643317,0.28616365869477006,0.11796606966956164,0.13776412264482563,0.054284567587486184,0.08347955505733945,false,false,none,none,"marginal gaussian (robust), per-axis q < 0.01",false,none
g0349,,drugA,5,24,strain,WT,mutant,WT | mutant,0.08332468563616224,-0.019518208139109205,0.10284289377527145,0.303143824421527,0.08506503757102836,0.21807878685049864,0.08947852385937176,0.012730652539388274,0.07674787131998348,false,false,none,none,"marginal gaussian (robust), per-axis q < 0.01",false,none
g0350,,drugA,5,24,strain,WT,mutant,WT | mutant,0.16358797653749058,-0.025910279914880263,0.18949825645237084,0.6207618940093896,0.1300360586675153,0.4907258353418743,0.24243479617233496,0.02258805421955075,0.2198467419527842,false,false,none,none,"marginal gaussian (robust), per-axis q < 0.01",false,none
g0351,,drugA,5,24,strain,WT,mutant,WT | mutant,-0.02598473228864684,-0.015609670537005016,-0.010375061751641823,0.05024514730479454,0.037930655604760145,0.012314491700034395,0.009475924364570168,0.007186304371471852,0.002289619993098316,false,false,none,none,"marginal gaussian (robust), per-axis q < 0.01",false,none
g0352,,drugA,5,24,strain,WT,mutant,WT | mutant,0.026192722489664533,0.011705468145949638,0.014487254343714895,0.06261714565289644,0.02857731519852967,0.03403983045436677,0.012575751770392754,0.007186304371471852,0.005389447398920903,false,false,none,none,"marginal gaussian (robust), per-axis q < 0.01",false,none
g0353,,drugA,5,24,strain,WT,mutant,WT | mutant,0.9149410415747932,1.0715489407228347,-0.15660789914804152,1.8683543580023272,2.6818866715640204,-0.8135323135616932,1.0878363743395765,1.5379349532463031,-0.45009857890672667,false,true,none,up,"marginal gaussian (robust), per-axis q < 0.01",true,"up, up"
g0354,,drugA,5,24,strain,WT,mutant,WT | mutant,0.1323997631527698,0.04819492772692158,0.08420483542584822,0.5099835588071076,0.1058289272488158,0.40415463155829173,0.17669103908119277,0.015834372155539688,0.1608566669256531,false,false,none,none,"marginal gaussian (robust), per-axis q < 0.01",false,none
g0355,,drugA,5,24,strain,WT,mutant,WT | mutant,0.13199340163903095,-0.1763670761073648,0.30836047774639574,0.47100434309474415,1.1033072322690325,-0.6323028891742883,0.1652279124063013,0.46009246018863176,-0.29486454778233046,false,false,none,none,"marginal gaussian (robust), per-axis q < 0.01",false,none
g0356,,drugA,5,24,strain,WT,mutant,WT | mutant,-0.45054058205803305,-0.37964554366914616,-0.07089503838888689,1.1729349618842833,1.7476000315447,-0.5746650696604167,0.5613296526500906,0.9499734650900268,-0.3886438124399362,false,false,none,none,"marginal gaussian (robust), per-axis q < 0.01",false,none
g0357,,drugA,5,24,strain,WT,mutant,WT | mutant,-0.7146371052993761,-0.9829459796638442,0.26830887436446815,2.0368221743423427,2.508940742756203,-0.47211856841386046,1.1892087873076056,1.423769133019391,-0.2345603457117853,false,false,none,none,"marginal gaussian (robust), per-axis q < 0.01",false,none
g0358,,drugA,5,24,strain,WT,mutant,WT | mutant,1.0951952568843026,0.9957522214155237,0.09944303546877897,2.5752004725328774,3.7617997820791276,-1.1865993095462501,1.484070222247715,2.199506917622653,-0.715436695374938,true,false,up,none,"marginal gaussian (robust), per-axis q < 0.01",true,"up, up"
g0359,,drugA,5,24,strain,WT,mutant,WT | mutant,0.05098241363335454,-0.1090397631509692,0.16002217678432373,0.12216165804975289,0.44928503723932106,-0.3271233791895682,0.027758657473926952,0.10896882351167675,-0.0812101660377498,false,false,none,none,"marginal gaussian (robust), per-axis q < 0.01",false,none
g0360,,drugA,5,24,strain,WT,mutant,WT | mutant,0.18722050141717794,0.051832988122184176,0.13538751329499377,0.877859513885624,0.09744503313039293,0.7804144807552311,0.345435450699056,0.015470235873475565,0.32996521482558044,false,false,none,none,"marginal gaussian (robust), per-axis q < 0.01",false,none
g0361,,drugA,5,24,strain,WT,mutant,WT | mutant,0.135849895070022,0.036948127958368104,0.09890176711165388,0.7873552503164611,0.13238968976374596,0.6549655605527152,0.31818478984284443,0.02258805421955075,0.2955967356232937,false,false,none,none,"marginal gaussian (robust), per-axis q < 0.01",false,none
g0362,,drugA,5,24,strain,WT,mutant,WT | mutant,-0.9006146784119311,-0.8247120599831419,-0.0759026184287892,2.2296406663814707,1.9509145620314308,0.27872610435003997,1.3122013551531042,1.1046250412097551,0.20757631394334908,false,false,none,none,"marginal gaussian (robust), per-axis q < 0.01",false,none
g0363,,drugA,5,24,strain,WT,mutant,WT | mutant,0.0029110473759725863,-0.06711130565081813,0.07002235302679072,0.005619541538649309,0.22143888800337697,-0.21581934646472767,0.0044377871172210145,0.04307213623527119,-0.03863434911805017,false,false,none,none,"marginal gaussian (robust), per-axis q < 0.01",false,none
g0364,,drugA,5,24,strain,WT,mutant,WT | mutant,0.12304822299786977,-0.08002513213076234,0.20307335512863212,0.4038165438376207,0.19376985248759115,0.21004669135002957,0.13776412264482563,0.03161206291094079,0.10615205973388483,false,false,none,none,"marginal gaussian (robust), per-axis q < 0.01",false,none
g0365,,drugA,5,24,strain,WT,mutant,WT | mutant,1.04268522468068,0.9734169680470766,0.06926825663360336,2.0307807363803345,3.0017100988872407,-0.9709293625069062,1.1892087873076056,1.8011450704483587,-0.6119362831407531,true,false,up,none,"marginal gaussian (robust), per-axis q < 0.01",true,"up, up"
g0366,,drugA,5,24,strain,WT,mutant,WT | mutant,0.10419154381729889,-0.07659593924355157,0.18078748306085046,0.15429708735885675,0.3326082582124187,-0.17831117085356193,0.03560730002755829,0.07877705682721167,-0.04316975679965338,false,false,none,none,"marginal gaussian (robust), per-axis q < 0.01",false,none
g0367,,drugA,5,24,strain,WT,mutant,WT | mutant,0.0457428501488204,0.22484713698246495,-0.17910428683364454,0.10006040406414378,0.8227916427652524,-0.7227312387011087,0.026972974417463588,0.28580464357354796,-0.25883166915608435,false,false,none,none,"marginal gaussian (robust), per-axis q < 0.01",false,none
g0368,,drugA,5,24,strain,WT,mutant,WT | mutant,0.04603340084405971,0.09668710390757873,-0.05065370306351902,0.12190436872628248,0.5040133450198798,-0.38210897629359736,0.027758657473926952,0.12721731076371565,-0.0994586532897887,false,false,none,none,"marginal gaussian (robust), per-axis q < 0.01",false,none
g0001,,drugA,10,24,strain,WT,mutant,WT | mutant,2.55848671759854,0.9261321695148608,1.6323545480836792,2.9448278466331996,2.642718881972268,0.3021089646609316,2.0236144588672977,1.8039209125475748,0.21969354631972293,true,false,up,none,"marginal gaussian (robust), per-axis q < 0.01",true,"up, up"
g0002,,drugA,10,24,strain,WT,mutant,WT | mutant,2.5890502974359375,0.8759758458672096,1.713074451568728,3.8583502166609165,2.6643029718845646,1.194047244776352,2.6361068332310333,1.8095802835260262,0.8265265497050072,true,false,up,none,"marginal gaussian (robust), per-axis q < 0.01",true,"up, up"
g0003,,drugA,10,24,strain,WT,mutant,WT | mutant,2.048678150528307,0.7596488835258821,1.2890292670024248,2.437591530215795,1.8577953941896994,0.5797961360260957,1.6782443809051812,1.1408115037641529,0.5374328771410284,true,false,up,none,"marginal gaussian (robust), per-axis q < 0.01",true,"up, up"
g0004,,drugA,10,24,strain,WT,mutant,WT | mutant,-0.2785677034241836,0.2249196475846027,-0.5034873510087863,0.5105804304277572,0.8489935657300878,-0.3384131353023305,0.16863083732325124,0.33202368006027055,-0.16339284273701932,false,false,none,none,"marginal gaussian (robust), per-axis q < 0.01",false,none
g0005,,drugA,10,24,strain,WT,mutant,WT | mutant,0.08493135598913071,-0.04002355515852685,0.12495491114765755,0.5927424836512041,0.15545250516857256,0.4372899784826315,0.19539375414729082,0.03629143007112007,0.15910232407617075,false,false,none,none,"marginal gaussian (robust), per-axis q < 0.01",false,none
g0006,,drugA,10,24,strain,WT,mutant,WT | mutant,-0.051307033336062347,-0.034691841905601706,-0.01661519143046064,0.35068635058005687,0.07471834892993907,0.2759680016501178,0.09447647636999897,0.022667853243302397,0.07180862312669657,false,false,none,none,"marginal gaussian (robust), per-axis q < 0.01",false,none
g0007,,drugA,10,24,strain,WT,mutant,WT | mutant,-0.07204449630944065,-0.12234420754241437,0.05029971123297372,0.30473797122439233,0.41555739665754204,-0.11081942543314971,0.07929846390834355,0.1061175631809605,-0.026819099272616942,false,false,none,none,"marginal gaussian (robust), per-axis q < 0.01",false,none
g0008,,drugA,10,24,strain,WT,mutant,WT | mutant,-1.1126960797724266,-1.1314302002524759,0.0187341204800493,2.0858723042591665,2.542448565371791,-0.4565762611126245,1.3904379597380532,1.7360305565878076,-0.3455925968497544,true,true,down,down,"marginal gaussian (robust), per-axis q < 0.01",true,"down, down"
g0009,,drugA,10,24,strain,WT,mutant,WT | mutant,0.09096450882402429,0.06823359376669025,0.022730915057334045,0.45610135294670096,0.20645293573890142,0.24964841720779954,0.14422910169711695,0.0407555126278613,0.10347358906925565,false,false,none,none,"marginal gaussian (robust), per-axis q < 0.01",false,none
g0010,,drugA,10,24,strain,WT,mutant,WT | mutant,1.1984378011904022,1.1899415417565757,0.00849625943382648,2.467026685626888,2.6688909518914947,-0.20186426626460685,1.6876904563855657,1.8095802835260262,-0.12188982714046048,true,true,up,up,"marginal gaussian (robust), per-axis q < 0.01",true,"up, up"
g0011,,drugA,10,24,strain,WT,mutant,WT | mutant,0.18170870313599785,-0.12476810408233341,0.30647680721833126,2.013291716113539,0.8587413138865838,1.154550402226955,1.346252743151891,0.3378411345883341,1.0084116085635568,false,false,none,none,"marginal gaussian (robust), per-axis q < 0.01",false,none
g0012,,drugA,10,24,strain,WT,mutant,WT | mutant,-0.015375302246361855,0.08336164208990304,-0.0987369443362649,0.046768809819790744,0.2209579403365505,-0.17418913051675977,0.018933661282665167,0.0407555126278613,-0.021821851345196132,false,false,none,none,"marginal gaussian (robust), per-axis q < 0.01",false,none
g0013,,drugA,10,24,strain,WT,mutant,WT | mutant,0.20160018333152774,-0.002805918997179191,0.20440610232870693,0.394661566705308,0.005750911544977639,0.38891065516033035,0.11329673115676821,0.0021666176216686675,0.11113011353509954,false,false,none,none,"marginal gaussian (robust), per-axis q < 0.01",false,none
g0014,,drugA,10,24,strain,WT,mutant,WT | mutant,-0.1828943637780096,-0.16768928235434188,-0.015205081423667721,0.5462270267641675,0.4596291750769085,0.08659785168725898,0.1774606149213119,0.1325247082616921,0.0449359066596198,false,false,none,none,"marginal gaussian (robust), per-axis q < 0.01",false,none
g0015,,drugA,10,24,strain,WT,mutant,WT | mutant,-0.00949229743356561,-0.02347884671708833,0.01398654928352272,0.044476577601166495,0.07757365571125396,-0.03309707811008747,0.018933661282665167,0.022667853243302397,-0.0037341919606372308,false,false,none,none,"marginal gaussian (robust), per-axis q < 0.01",false,none
g0016,,drugA,10,24,strain,WT,mutant,WT | mutant,-0.0838846562124047,0.14980192401347736,-0.23368658022588207,0.47064871935115854,0.27607957758547025,0.1945691417656883,0.1477149561651469,0.05956611699547667,0.08814883916967023,false,false,none,none,"marginal gaussian (robust), per-axis q < 0.01",false,none
g0017,,drugA,10,24,strain,WT,mutant,WT | mutant,1.2186488507375266,0.49343439902551367,0.7252144517120129,4.563821270287363,1.3347583490935189,3.229062921193844,2.960008016300646,0.701884410351337,2.258123605949309,true,false,up,none,"marginal gaussian (robust), per-axis q < 0.01",true,"up, up"
g0018,,drugA,10,24,strain,WT,mutant,WT | mutant,0.13457503609807464,0.10048713288445654,0.0340879032136181,0.4951230076958383,0.2529379643628028,0.24218504333303548,0.16113568422103358,0.05048058224621609,0.11065510197481748,false,false,none,none,"marginal gaussian (robust), per-axis q < 0.01",false,none
g0019,,drugA,10,24,strain,WT,mutant,WT | mutant,-0.22163185894587922,0.06236279811612633,-0.28399465706200555,1.4340371662686575,0.15466080330384172,1.2793763629648158,0.8284124943376617,0.03629143007112007,0.7921210642665417,false,false,none,none,"marginal gaussian (robust), per-axis q < 0.01",false,none
g0020,,drugA,10,24,strain,WT,mutant,WT | mutant,0.02984937790675346,-0.011399127152731836,0.041248505059485296,0.12873365945360035,0.015529440344786823,0.11320421910881354,0.040794410113086974,0.00535402349933228,0.03544038661375469,false,false,none,none,"marginal gaussian (robust), per-axis q < 0.01",false,none
g0021,,drugA,10,24,strain,WT,mutant,WT | mutant,-0.052203916856496946,0.08228525165225165,-0.1344891685087486,0.13024832985500553,0.15458254874349242,-0.024334218888486886,0.040794410113086974,0.03629143007112007,0.004502980041966906,false,false,none,none,"marginal gaussian (robust), per-axis q < 0.01",false,none
g0022,,drugA,10,24,strain,WT,mutant,WT | mutant,0.05350619238900656,-0.02223314792838238,0.07573934031738894,0.2439943640552783,0.04795461400244611,0.1960397500528322,0.05565179944167236,0.01970999294263385,0.03594180649903851,false,false,none,none,"marginal gaussian (robust), per-axis q < 0.01",false,none
g0023,,drugA,10,24,strain,WT,mutant,WT | mutant,-0.013355968305726051,-0.20378929781923283,0.19043332951350678,0.03539813645932807,0.9294067415630737,-0.8940086051037456,0.017749002318509937,0.3924197423713692,-0.3746707400528592,false,false,none,none,"marginal gaussian (robust), per-axis q < 0.01",false,none
g0024,,drugA,10,24,strain,WT,mutant,WT | mutant,0.20730199429070417,0.0716924002837942,0.13560959400690997,1.0846585916174079,0.4347655164381133,0.6498930751792946,0.5328297520704908,0.1204459183434452,0.41238383372704557,false,false,none,none,"marginal gaussian (robust), per-axis q < 0.01",false,none
g0025,,drugA,10,24,strain,WT,mutant,WT | mutant,-1.653003651546741,-2.93147204533304,1.2784683937862988,3.3894054152734716,5.553215762367872,-2.1638103470944,2.316101044855655,3.0021517446541957,-0.6860506997985407,true,true,down,down,"marginal gaussian (robust), per-axis q < 0.01",true,"down, down"
g0026,,drugA,10,24,strain,WT,mutant,WT | mutant,1.3382100183695567,1.4768887743754497,-0.13867875600589308,2.6640800149321198,2.52298856310225,0.14109145182986982,1.811588202932595,1.7241236922087124,0.0874645107238825,true,true,up,up,"marginal gaussian (robust), per-axis q < 0.01",true,"up, up"
g0027,,drugA,10,24,strain,WT,mutant,WT | mutant,0.06423742258363419,0.19132230529834615,-0.12708488271471197,0.1977767351423005,1.3230420826045002,-1.1252653474621996,0.04704998528158453,0.6952476693915933,-0.6481976841100088,false,false,none,none,"marginal gaussian (robust), per-axis q < 0.01",false,none
g0028,,drugA,10,24,strain,WT,mutant,WT | mutant,-1.733309457314835,-1.860744132861793,0.12743467554695798,1.126501424232307,3.7582948691306135,-2.6317934448983067,0.5674190151774479,2.576213246385745,-2.008794231208297,false,true,none,down,"marginal gaussian (robust), per-axis q < 0.01",true,"down, down"
g0029,,drugA,10,24,strain,WT,mutant,WT | mutant,-0.13656047395009452,0.09355811640746303,-0.23011859035755755,1.0526950082573827,0.3951669742356661,0.6575280340217167,0.5092182430752313,0.09532519950962086,0.41389304356561046,false,false,none,none,"marginal gaussian (robust), per-axis q < 0.01",false,none
g0030,,drugA,10,24,strain,WT,mutant,WT | mutant,-0.21789884243186286,0.04553820360763616,-0.263437046039499,0.564367408718382,0.2058611831680294,0.3585062255503526,0.18154493241106523,0.0407555126278613,0.14078941978320392,false,false,none,none,"marginal gaussian (robust), per-axis q < 0.01",false,none
g0031,,drugA,10,24,strain,WT,mutant,WT | mutant,-0.039060943190111885,0.13208720791622675,-0.17114815110633863,0.11701278562015573,0.47664037162067463,-0.3596275860005189,0.037164577528843494,0.13706397831178319,-0.09989940078293968,false,false,none,none,"marginal gaussian (robust), per-axis q < 0.01",false,none
g0032,,drugA,10,24,strain,WT,mutant,WT | mutant,-1.3523023839432682,-0.3742220791743094,-0.9780803047689588,2.33879788931335,1.0968374220033408,1.2419604673100093,1.606640737767497,0.5303372982243553,1.0763034395431417,true,false,down,none,"marginal gaussian (robust), per-axis q < 0.01",true,"down, —"
g0033,,drugA,10,24,strain,WT,mutant,WT | mutant,-0.20926105315732002,-0.05193114823198286,-0.15732990492533716,0.5194941720932589,0.20652089587880687,0.31297327621445203,0.1711009582432189,0.0407555126278613,0.1303454456153576,false,false,none,none,"marginal gaussian (robust), per-axis q < 0.01",false,none
g0034,,drugA,10,24,strain,WT,mutant,WT | mutant,1.3078999992322125,1.328324134849634,-0.020424135617421513,2.516031935114377,2.499540762946744,0.01649117216763285,1.7222178825044316,1.715399148873913,0.0068187336305185475,true,true,up,up,"marginal gaussian (robust), per-axis q < 0.01",true,"up, up"
g0035,,drugA,10,24,strain,WT,mutant,WT | mutant,-0.033296840016783236,0.10829153027843397,-0.1415883702952172,0.08873644997992196,0.9423232342323344,-0.8535867842524125,0.028899748818892724,0.40121966884579785,-0.3723199200269051,false,false,none,none,"marginal gaussian (robust), per-axis q < 0.01",false,none
g0036,,drugA,10,24,strain,WT,mutant,WT | mutant,-0.03811159819906429,0.08755374654468717,-0.12566534474375146,0.049995787034800517,0.3434403631763543,-0.2934445761415538,0.020623842825481676,0.08217749438386074,-0.061553651558379066,false,false,none,none,"marginal gaussian (robust), per-axis q < 0.01",false,none
g0037,,drugA,10,24,strain,WT,mutant,WT | mutant,1.5599309372571808,1.590587187907242,-0.030656250650061168,3.7766285190213735,4.126908106731853,-0.3502795877104794,2.59217369648089,2.7407065013310596,-0.1485328048501695,true,true,up,up,"marginal gaussian (robust), per-axis q < 0.01",true,"up, up"
g0038,,drugA,10,24,strain,WT,mutant,WT | mutant,2.317930879177914,4.396990282413546,-2.0790594032356315,3.5975321381090573,3.7899036135992916,-0.19237147549023437,2.480024105199187,2.58933858516041,-0.10931447996122312,true,true,up,up,"marginal gaussian (robust), per-axis q < 0.01",true,"up, up"
g0039,,drugA,10,24,strain,WT,mutant,WT | mutant,0.14048734131926288,-0.06799885594713295,0.20848619726639583,0.7235801441308106,0.2601639227233226,0.463416221407488,0.2627178008346782,0.052096346272117754,0.21062145456256046,false,false,none,none,"marginal gaussian (robust), per-axis q < 0.01",false,none
g0040,,drugA,10,24,strain,WT,mutant,WT | mutant,-0.08103672360350078,-0.0585368473123804,-0.02249987629112038,0.6744965068375471,0.18617823362302524,0.4883182732145219,0.23755937950522404,0.03718513324780239,0.20037424625742165,false,false,none,none,"marginal gaussian (robust), per-axis q < 0.01",false,none
g0041,,drugA,10,24,strain,WT,mutant,WT | mutant,0.007785326024210448,-0.028122361345331193,0.03590768736954164,0.024284307854148122,0.11633395717350839,-0.09204964931936027,0.011068241574933956,0.025487849007491938,-0.014419607432557982,false,false,none,none,"marginal gaussian (robust), per-axis q < 0.01",false,none
g0042,,drugA,10,24,strain,WT,mutant,WT | mutant,0.11465362636570653,-0.022798714660337893,0.13745234102604442,0.23055434326287988,0.2396990269037947,-0.009144683640914808,0.04970364499122182,0.04241480078603103,0.007288844205190791,false,false,none,none,"marginal gaussian (robust), per-axis q < 0.01",false,none
g0043,,drugA,10,24,strain,WT,mutant,WT | mutant,-2.038407468157523,-3.5287166643286145,1.4903091961710917,2.4367304711733833,2.6209575131090936,-0.18422704193571038,1.6782443809051812,1.7990273381468627,-0.12078295724168142,true,true,down,down,"marginal gaussian (robust), per-axis q < 0.01",true,"down, down"
g0044,,drugA,10,24,strain,WT,mutant,WT | mutant,-2.2744545361347273,-2.458028518576902,0.1835739824421747,4.861635455606412,3.4077598884906535,1.4538755671157584,2.960008016300646,2.293925344043728,0.666082672256918,true,true,down,down,"marginal gaussian (robust), per-axis q < 0.01",true,"down, down"
g0045,,drugA,10,24,strain,WT,mutant,WT | mutant,0.0532212794591409,-0.22338364714362058,0.2766049266027615,0.12188660513084713,0.5253282738073048,-0.4034416686764577,0.03866316938106281,0.15047774077561724,-0.11181457139455442,false,false,none,none,"marginal gaussian (robust), per-axis q < 0.01",false,none
g0046,,drugA,10,24,strain,WT,mutant,WT | mutant,0.7073384390305151,0.6601745895631677,0.04716384946734742,0.7413162800706534,1.9620970857914037,-1.2207808057207503,0.2694514475986019,1.2193481568767979,-0.949896709278196,false,false,none,none,"marginal gaussian (robust), per-axis q < 0.01",false,none
g0047,,drugA,10,24,strain,WT,mutant,WT | mutant,-0.15541986815087938,0.06530720384259592,-0.2207270719934753,0.39642198555885527,0.3510801920417325,0.04534179351712275,0.11329673115676821,0.0832535537468507,0.030043177409917507,false,false,none,none,"marginal gaussian (robust), per-axis q < 0.01",false,none
g0048,,drugA,10,24,strain,WT,mutant,WT | mutant,-0.096240802186081,-0.1260724603235044,0.02983165813742339,0.518283078281402,0.36817498359614315,0.15010809468525882,0.1711009582432189,0.0846357200924974,0.08646523815072149,false,false,none,none,"marginal gaussian (robust), per-axis q < 0.01",false,none
g0049,,drugA,10,24,strain,WT,mutant,WT | mutant,-2.001494093897981,-2.341727577532425,0.34023348363444406,1.3526298112707331,3.862806935627728,-2.510177124356995,0.7656873523074915,2.6227333659051726,-1.8570460135976812,true,true,down,down,"marginal gaussian (robust), per-axis q < 0.01",true,"down, down"
g0050,,drugA,10,24,strain,WT,mutant,WT | mutant,-0.10565792306064736,-0.007152019127953935,-0.09850590393269343,0.2955146964154593,0.014719088159375254,0.2807956082560841,0.07882602880019744,0.00535402349933228,0.07347200530086516,false,false,none,none,"marginal gaussian (robust), per-axis q < 0.01",false,none
g0051,,drugA,10,24,strain,WT,mutant,WT | mutant,0.15568858273378616,0.08126403524533998,0.07442454748844618,0.5471066773012214,0.16148697120822247,0.38561970609299895,0.1774606149213119,0.03629143007112007,0.14116918485019184,false,false,none,none,"marginal gaussian (robust), per-axis q < 0.01",false,none
g0052,,drugA,10,24,strain,WT,mutant,WT | mutant,-0.1633741129527344,-0.2300327604880028,0.0666586475352684,0.5120495745898432,1.0308512123075242,-0.518801637717681,0.16863083732325124,0.47715851961296707,-0.30852768228971583,false,false,none,none,"marginal gaussian (robust), per-axis q < 0.01",false,none
g0053,,drugA,10,24,strain,WT,mutant,WT | mutant,-0.001927461536086028,-0.12152101869899568,0.11959355716290965,0.005237346291005132,0.46120571430261603,-0.4559683680116109,0.0020639991485128673,0.1325247082616921,-0.13046070911317922,false,false,none,none,"marginal gaussian (robust), per-axis q < 0.01",false,none
g0054,,drugA,10,24,strain,WT,mutant,WT | mutant,-0.0493104708721237,0.1439569379545773,-0.19326740882670101,0.13000492321547025,0.772235757335178,-0.6422308341197078,0.040794410113086974,0.29630272355345155,-0.25550831344036457,false,false,none,none,"marginal gaussian (robust), per-axis q < 0.01",false,none
g0055,,drugA,10,24,strain,WT,mutant,WT | mutant,-0.9437516090763705,-0.24539722702210742,-0.698354382054263,3.049046989020021,0.5920296446958537,2.4570173443241674,2.075445531794431,0.1758648159176171,1.8995807158768139,false,false,none,none,"marginal gaussian (robust), per-axis q < 0.01",false,none
g0056,,drugA,10,24,strain,WT,mutant,WT | mutant,0.03362341474431929,-0.07702050900753132,0.11064392375185061,0.14533262896332333,0.26381308553290356,-0.11848045656958023,0.040794410113086974,0.052096346272117754,-0.01130193615903078,false,false,none,none,"marginal gaussian (robust), per-axis q < 0.01",false,none
g0057,,drugA,10,24,strain,WT,mutant,WT | mutant,-0.1027879093716173,0.0918829236844445,-0.1946708330560618,0.47953397167406964,0.2755060070013127,0.2040279646727569,0.15039635432952916,0.05956611699547667,0.09083023733405249,false,false,none,none,"marginal gaussian (robust), per-axis q < 0.01",false,none
g0058,,drugA,10,24,strain,WT,mutant,WT | mutant,0.18090683054951384,-0.09372545003688693,0.27463228058640077,1.5338028168587317,0.3561540481747492,1.1776487686839825,0.9233792620459671,0.08389579508079256,0.8394834669651745,false,false,none,none,"marginal gaussian (robust), per-axis q < 0.01",false,none
g0059,,drugA,10,24,strain,WT,mutant,WT | mutant,-0.14549600719810574,0.0779770482400508,-0.22347305543815654,0.8463141532102083,0.29856865922589765,0.5477454939843107,0.3466295680185066,0.0675738375067768,0.27905573051172977,false,false,none,none,"marginal gaussian (robust), per-axis q < 0.01",false,none
g0060,,drugA,10,24,strain,WT,mutant,WT | mutant,-2.1511158430054564,-4.2909058437253105,2.139790000719854,2.744877305818655,3.4917856776315506,-0.7469083718128955,1.8704073215950794,2.3608565773340633,-0.4904492557389839,true,true,down,down,"marginal gaussian (robust), per-axis q < 0.01",true,"down, down"
g0061,,drugA,10,24,strain,WT,mutant,WT | mutant,-0.04928229345183688,0.108286425662806,-0.15756871911464287,0.15756277356329837,0.5228970145153897,-0.3653342409520913,0.042044064074253276,0.15047774077561724,-0.10843367670136396,false,false,none,none,"marginal gaussian (robust), per-axis q < 0.01",false,none
g0062,,drugA,10,24,strain,WT,mutant,WT | mutant,1.4135757624496028,2.6409551486593115,-1.2273793862097087,2.457785358277488,4.04572875237087,-1.587943394093382,1.6855109835236524,2.7387083930177014,-1.053197409494049,true,true,up,up,"marginal gaussian (robust), per-axis q < 0.01",true,"up, up"
g0063,,drugA,10,24,strain,WT,mutant,WT | mutant,0.6161403403618539,0.6179567249247917,-0.0018163845629377562,1.7043555323201296,2.2720146985802465,-0.5676591662601169,1.0691083937823331,1.515901808107659,-0.4467934143253258,false,false,none,none,"marginal gaussian (robust), per-axis q < 0.01",false,none
g0064,,drugA,10,24,strain,WT,mutant,WT | mutant,2.3893462868455853,2.473295024660887,-0.08394873781530166,4.182511147559801,2.6257318200022968,1.556779327557504,2.8234913717811403,1.7990273381468627,1.0244640336342776,true,true,up,up,"marginal gaussian (robust), per-axis q < 0.01",true,"up, up"
g0065,,drugA,10,24,strain,WT,mutant,WT | mutant,-0.17876808993887217,-0.005263461118297563,-0.1735046288205746,1.8300935372062204,0.014521838825283753,1.8155716983809367,1.1897067590160126,0.00535402349933228,1.1843527355166803,false,false,none,none,"marginal gaussian (robust), per-axis q < 0.01",false,none
g0066,,drugA,10,24,strain,WT,mutant,WT | mutant,0.0717400138696691,-0.03130599028594094,0.10304600415561005,0.47240362694726956,0.09225119210948103,0.38015243483778854,0.1477149561651469,0.025487849007491938,0.12222710715765497,false,false,none,none,"marginal gaussian (robust), per-axis q < 0.01",false,none
g0067,,drugA,10,24,strain,WT,mutant,WT | mutant,2.165606432568417,1.864870632106399,0.300735800462018,2.644243020728832,2.89851178637068,-0.2542687656418483,1.811588202932595,1.9530554081084812,-0.1414672051758863,true,true,up,up,"marginal gaussian (robust), per-axis q < 0.01",true,"up, up"
g0068,,drugA,10,24,strain,WT,mutant,WT | mutant,-0.1366991203478367,-0.10365059366125351,-0.0330485266865832,1.6267695778389524,0.37707238666329984,1.2496971911756525,1.0016227662054817,0.0867997590204834,0.9148230071849983,false,false,none,none,"marginal gaussian (robust), per-axis q < 0.01",false,none
g0069,,drugA,10,24,strain,WT,mutant,WT | mutant,0.06980782346699321,-0.03329767395076466,0.10310549741775787,0.15307562511159514,0.07058207194449732,0.08249355316709782,0.042044064074253276,0.0209617890114382,0.021082275062815077,false,false,none,none,"marginal gaussian (robust), per-axis q < 0.01",false,none
g0070,,drugA,10,24,strain,WT,mutant,WT | mutant,0.10853524460771169,0.17540702791113105,-0.06687178330341936,0.45426835478861627,0.5160907513283168,-0.061822396539700564,0.14422910169711695,0.15047774077561724,-0.00624863907850029,false,false,none,none,"marginal gaussian (robust), per-axis q < 0.01",false,none
g0071,,drugA,10,24,strain,WT,mutant,WT | mutant,-0.1659030685533871,0.05428472131355555,-0.22018778986694265,0.4928056380809691,0.1536078379125137,0.3391978001684554,0.16113568422103358,0.03629143007112007,0.12484425414991351,false,false,none,none,"marginal gaussian (robust), per-axis q < 0.01",false,none
g0072,,drugA,10,24,strain,WT,mutant,WT | mutant,0.10565776728710574,0.2047819621547058,-0.09912419486760005,0.2178143714842839,0.6793690047347231,-0.46155463325043916,0.04827656936685171,0.23434743593401258,-0.18607086656716088,false,false,none,none,"marginal gaussian (robust), per-axis q < 0.01",false,none
g0073,,drugA,10,24,strain,WT,mutant,WT | mutant,-1.8078000950207862,-3.389686481025042,1.581886386004256,2.150801788480994,5.167334667531463,-3.0165328790504695,1.4356980385617983,3.0021517446541957,-1.5664537060923973,true,true,down,down,"marginal gaussian (robust), per-axis q < 0.01",true,"down, down"
g0074,,drugA,10,24,strain,WT,mutant,WT | mutant,0.028003622983050924,-0.184246242818479,0.21224986580152994,0.09027360922640551,0.32372212130917866,-0.23344851208277315,0.028899748818892724,0.07529647722185734,-0.04639672840296462,false,false,none,none,"marginal gaussian (robust), per-axis q < 0.01",false,none
g0075,,drugA,10,24,strain,WT,mutant,WT | mutant,0.5083644431325443,0.08552740231499101,0.42283704081755324,2.0402258403424125,0.18817175803043637,1.8520540823119762,1.3620505012628052,0.03749859953719181,1.3245519017256133,false,false,none,none,"marginal gaussian (robust), per-axis q < 0.01",false,none
g0076,,drugA,10,24,strain,WT,mutant,WT | mutant,-0.04189580192559639,0.042924814458228155,-0.08482061638382454,0.1380828568801773,0.09287761858062483,0.04520523829955246,0.040794410113086974,0.025487849007491938,0.015306561105595036,false,false,none,none,"marginal gaussian (robust), per-axis q < 0.01",false,none
g0077,,drugA,10,24,strain,WT,mutant,WT | mutant,0.08623230462345788,-0.07214641069810135,0.15837871532155923,0.16828798408713577,0.2025712972561551,-0.034283313169019336,0.042044064074253276,0.0407555126278613,0.0012885514463919778,false,false,none,none,"marginal gaussian (robust), per-axis q < 0.01",false,none
g0078,,drugA,10,24,strain,WT,mutant,WT | mutant,-0.032142453493477774,-0.082397979696049,0.05025552620257123,0.06689343104182809,0.15790162336228336,-0.09100819232045528,0.023420166068329425,0.03629143007112007,-0.012871264002790643,false,false,none,none,"marginal gaussian (robust), per-axis q < 0.01",false,none
g0079,,drugA,10,24,strain,WT,mutant,WT | mutant,-0.07533979561092163,-0.055469406227240725,-0.01987038938368091,0.19769473344229255,0.15627693518373717,0.04141779825855538,0.04704998528158453,0.03629143007112007,0.010758555210464461,false,false,none,none,"marginal gaussian (robust), per-axis q < 0.01",false,none
g0080,,drugA,10,24,strain,WT,mutant,WT | mutant,-0.02308900280488224,-0.04434190912049907,0.021252906315616826,0.0516243508703021,0.10257836136114103,-0.050954010490838926,0.020623842825481676,0.025487849007491938,-0.004864006182010262,false,false,none,none,"marginal gaussian (robust), per-axis q < 0.01",false,none
g0081,,drugA,10,24,strain,WT,mutant,WT | mutant,0.15165475404758588,0.19807853522517682,-0.04642378117759094,0.42252674198117635,1.2997230458479623,-0.8771963038667859,0.13085349419534686,0.6911044543909461,-0.5602509601955993,false,false,none,none,"marginal gaussian (robust), per-axis q < 0.01",false,none
g0082,,drugA,10,24,strain,WT,mutant,WT | mutant,-0.10467498762924876,-0.0839657333572088,-0.020709254272039956,0.42405710032884303,0.35968871734116514,0.06436838298767789,0.13085349419534686,0.08389579508079256,0.0469576991145543,false,false,none,none,"marginal gaussian (robust), per-axis q < 0.01",false,none
g0083,,drugA,10,24,strain,WT,mutant,WT | mutant,-0.0651221085314404,0.2524026226475371,-0.3175247311789775,0.15956989114495174,0.806641492209248,-0.6470716010642963,0.042044064074253276,0.3034296028892055,-0.26138553881495225,false,false,none,none,"marginal gaussian (robust), per-axis q < 0.01",false,none
g0084,,drugA,10,24,strain,WT,mutant,WT | mutant,0.11487531173076349,0.022965471359867706,0.09190984037089578,0.33198929998412735,0.045084591032355924,0.28690470895177145,0.09016140842134338,0.01970999294263385,0.07045141547870953,false,false,none,none,"marginal gaussian (robust), per-axis q < 0.01",false,none
g0085,,drugA,10,24,strain,WT,mutant,WT | mutant,0.021313411492323908,-0.1620641738419426,0.1833775853342665,0.04467515517037012,0.5102958047830516,-0.46562064961268146,0.018933661282665167,0.15047774077561724,-0.13154407949295208,false,false,none,none,"marginal gaussian (robust), per-axis q < 0.01",false,none
g0086,,drugA,10,24,strain,WT,mutant,WT | mutant,-0.09279120975262956,0.0018534262552201142,-0.09464463600784967,0.672120031182961,0.006885835356541584,0.6652341958264194,0.23755937950522404,0.0021666176216686675,0.23539276188355537,false,false,none,none,"marginal gaussian (robust), per-axis q < 0.01",false,none
g0087,,drugA,10,24,strain,WT,mutant,WT | mutant,0.12513607147528205,-0.1061061922010218,0.23124226367630385,0.7552349243789007,1.0645620955053408,-0.30932717112644004,0.27692869080155946,0.5065906048315088,-0.2296619140299493,false,false,none,none,"marginal gaussian (robust), per-axis q < 0.01",false,none
g0088,,drugA,10,24,strain,WT,mutant,WT | mutant,-0.2532608649833499,-0.03343331632401636,-0.21982754865933352,1.3635292870093103,0.08191760147715353,1.2816116855321569,0.7719910763569197,0.022667853243302397,0.7493232231136172,false,false,none,none,"marginal gaussian (robust), per-axis q < 0.01",false,none
g0089,,drugA,10,24,strain,WT,mutant,WT | mutant,1.367278824838447,1.2453618201217953,0.12191700471665179,2.579723841750496,2.6656905098386012,-0.08596666808810527,1.757617470418817,1.8095802835260262,-0.05196281310720918,true,true,up,up,"marginal gaussian (robust), per-axis q < 0.01",true,"up, up"
g0090,,drugA,10,24,strain,WT,mutant,WT | mutant,-0.027795602335469738,-0.03343338055654854,0.005637778221078804,0.07616706911308362,0.06314264438960716,0.013024424723476452,0.024126555535410387,0.02069747676068945,0.0034290787747209388,false,false,none,none,"marginal gaussian (robust), per-axis q < 0.01",false,none
g0091,,drugA,10,24,strain,WT,mutant,WT | mutant,0.16156283744769873,-0.13159568675037292,0.29315852419807165,0.5521594599684503,0.5091736661249608,0.04298579384348944,0.1774606149213119,0.15047774077561724,0.02698287414569467,false,false,none,none,"marginal gaussian (robust), per-axis q < 0.01",false,none
g0092,,drugA,10,24,strain,WT,mutant,WT | mutant,0.17431432335779817,0.0006194281729943185,0.17369489518480385,0.626187893204995,0.0008654742129466033,0.6253224189920484,0.2168578664179674,0.0008654742129466515,0.21599239220502073,false,false,none,none,"marginal gaussian (robust), per-axis q < 0.01",false,none
g0093,,drugA,10,24,strain,WT,mutant,WT | mutant,0.0044291419545032795,-0.138371972732509,0.1428011146870123,0.01109980465001404,0.7873059092325133,-0.7762061045824993,0.0027362411652119365,0.29630272355345155,-0.2935664823882396,false,false,none,none,"marginal gaussian (robust), per-axis q < 0.01",false,none
g0094,,drugA,10,24,strain,WT,mutant,WT | mutant,-0.10175125301464405,-0.12130633665644908,0.019555083641805027,0.36440798877282243,0.2148939102109503,0.14951407856187213,0.09859500093043974,0.0407555126278613,0.05783948830257844,false,false,none,none,"marginal gaussian (robust), per-axis q < 0.01",false,none
g0095,,drugA,10,24,strain,WT,mutant,WT | mutant,-0.1009278345599931,0.09427583475102708,-0.19520366931102018,0.346144502931552,0.2016478363027919,0.14449666662876012,0.09323229973521696,0.0407555126278613,0.05247678710735566,false,false,none,none,"marginal gaussian (robust), per-axis q < 0.01",false,none
g0096,,drugA,10,24,strain,WT,mutant,WT | mutant,-0.053379129680184434,0.12660940843401214,-0.17998853811419657,0.12367597390568995,0.962305241706273,-0.838629267800583,0.03901685261075118,0.4170457165485786,-0.3780288639378274,false,false,none,none,"marginal gaussian (robust), per-axis q < 0.01",false,none
g0097,,drugA,10,24,strain,WT,mutant,WT | mutant,0.008951224177195627,-0.03449801092577598,0.043449235102971606,0.040615960695036125,0.20962277461671155,-0.16900681392167544,0.018933661282665167,0.0407555126278613,-0.021821851345196132,false,false,none,none,"marginal gaussian (robust), per-axis q < 0.01",false,none
g0098,,drugA,10,24,strain,WT,mutant,WT | mutant,-0.04146401309219705,0.02661629896338269,-0.06808031205557974,0.07557501971956077,0.06474071359002541,0.010834306129535357,0.024126555535410387,0.0209617890114382,0.003164766523972188,false,false,none,none,"marginal gaussian (robust), per-axis q < 0.01",false,none
g0099,,drugA,10,24,strain,WT,mutant,WT | mutant,0.7960899887178652,0.8282767632790584,-0.03218677456119323,1.8515280563940604,2.8889210855858307,-1.0373930291917703,1.205940084518045,1.9530554081084812,-0.7471153235904362,false,false,none,none,"marginal gaussian (robust), per-axis q < 0.01",false,none
g0100,,drugA,10,24,strain,WT,mutant,WT | mutant,-0.17564919611768204,-0.18551826107721325,0.009869064959531215,0.7406958266884561,1.1738444045630756,-0.43314857787461947,0.2694514475986019,0.5892751453954488,-0.3198236977968469,false,false,none,none,"marginal gaussian (robust), per-axis q < 0.01",false,none
g0101,,drugA,10,24,strain,WT,mutant,WT | mutant,-0.18076930580183692,-0.01750862714960988,-0.16326067865222704,0.7306274396084314,0.04418376232583442,0.6864436772825969,0.26287138836439844,0.01970999294263385,0.2431613954217646,false,false,none,none,"marginal gaussian (robust), per-axis q < 0.01",false,none
g0102,,drugA,10,24,strain,WT,mutant,WT | mutant,-0.056115783384374396,0.03504563038170083,-0.09116141376607523,0.1750770191052254,0.14679785900330453,0.028279160101920886,0.042044064074253276,0.03629143007112007,0.0057526340031332085,false,false,none,none,"marginal gaussian (robust), per-axis q < 0.01",false,none
g0103,,drugA,10,24,strain,WT,mutant,WT | mutant,0.13113735491596756,0.0443159721440427,0.08682138277192486,0.6423463303757472,0.18177020459878482,0.4605761257769624,0.2242420473360978,0.03629143007112007,0.18795061726497772,false,false,none,none,"marginal gaussian (robust), per-axis q < 0.01",false,none
g0104,,drugA,10,24,strain,WT,mutant,WT | mutant,-0.1554505893929452,-0.019333685128726685,-0.13611690426421852,0.43958411847413714,0.06610114182690133,0.37348297664723584,0.13736914395247724,0.0209617890114382,0.11640735494103904,false,false,none,none,"marginal gaussian (robust), per-axis q < 0.01",false,none
g0105,,drugA,10,24,strain,WT,mutant,WT | mutant,0.03567598649588,0.11709020986466001,-0.08141422336878001,0.09886358838415993,0.3344945451128973,-0.23563095672873735,0.031127172205285575,0.0785568765351161,-0.04742970432983053,false,false,none,none,"marginal gaussian (robust), per-axis q < 0.01",false,none
g0106,,drugA,10,24,strain,WT,mutant,WT | mutant,0.7878104444300877,0.9757537435925423,-0.18794329916245456,2.5740955076647056,2.451389461754927,0.12270604590977863,1.757617470418817,1.674426432309219,0.08319103810959794,false,false,none,none,"marginal gaussian (robust), per-axis q < 0.01",false,none
g0107,,drugA,10,24,strain,WT,mutant,WT | mutant,0.1113970926145953,-0.019118244385969874,0.13051533700056517,0.29410418562646007,0.052402474072946646,0.24170171155351342,0.07882602880019744,0.019965157479828043,0.0588608713203694,false,false,none,none,"marginal gaussian (robust), per-axis q < 0.01",false,none
g0108,,drugA,10,24,strain,WT,mutant,WT | mutant,0.059302108394737374,-0.025827837752867566,0.08512994614760494,0.3847462966499823,0.052928135744275386,0.33181816090570687,0.10976330833504057,0.019965157479828043,0.08979815085521253,false,false,none,none,"marginal gaussian (robust), per-axis q < 0.01",false,none
g0109,,drugA,10,24,strain,WT,mutant,WT | mutant,0.1114693013816268,0.045484340320513184,0.06598496106111362,0.5603860235941467,0.12323044160237542,0.4371555819917713,0.18041139015965615,0.025487849007491938,0.15492354115216422,false,false,none,none,"marginal gaussian (robust), per-axis q < 0.01",false,none
g0110,,drugA,10,24,strain,WT,mutant,WT | mutant,-0.08591004030223104,-0.03913340929919773,-0.04677663100303331,0.4093709222528201,0.11333517222042462,0.2960357500323955,0.12116666217397491,0.025487849007491938,0.09567881316648297,false,false,none,none,"marginal gaussian (robust), per-axis q < 0.01",false,none
g0111,,drugA,10,24,strain,WT,mutant,WT | mutant,0.19688285008324424,0.023998351247006333,0.1728844988362379,0.9289159206367696,0.05576300145831946,0.8731529191784502,0.4115515903511669,0.019965157479828043,0.3915864328713389,false,false,none,none,"marginal gaussian (robust), per-axis q < 0.01",false,none
g0112,,drugA,10,24,strain,WT,mutant,WT | mutant,-2.41210654361094,-2.572195098732232,0.16008855512129205,2.5282394540472537,4.641853141809893,-2.1136136877626392,1.7270013833581017,3.0021517446541957,-1.275150361296094,true,true,down,down,"marginal gaussian (robust), per-axis q < 0.01",true,"down, down"
g0113,,drugA,10,24,strain,WT,mutant,WT | mutant,-1.9765763437155943,-1.902480552234728,-0.07409579148086642,2.916426919435645,3.36485651466593,-0.448429595230285,2.0049733689588995,2.293925344043728,-0.2889519750848284,true,true,down,down,"marginal gaussian (robust), per-axis q < 0.01",true,"down, down"
g0114,,drugA,10,24,strain,WT,mutant,WT | mutant,-0.004407380384314763,0.1963681365640273,-0.20077551694834206,0.017478979417642575,0.7553115182526462,-0.7378325388350037,0.0054811312777464484,0.2866639461761006,-0.2811828148983541,false,false,none,none,"marginal gaussian (robust), per-axis q < 0.01",false,none
g0115,,drugA,10,24,strain,WT,mutant,WT | mutant,-0.898589947477225,-0.8636949031540802,-0.03489504432314483,1.9488374030741022,1.8919551218581452,0.056882281215957065,1.2926563577006627,1.1685113481389258,0.12414500956173691,false,false,none,none,"marginal gaussian (robust), per-axis q < 0.01",false,none
g0116,,drugA,10,24,strain,WT,mutant,WT | mutant,0.1544840343716416,-0.025690529951233998,0.1801745643228756,0.7153261554851988,0.06813592890692932,0.6471902265782695,0.25787006088097786,0.0209617890114382,0.23690827186953967,false,false,none,none,"marginal gaussian (robust), per-axis q < 0.01",false,none
g0117,,drugA,10,24,strain,WT,mutant,WT | mutant,-0.0006565021411795158,-0.0027570773321095032,0.0021005751909299875,0.00455141088085729,0.006165714730366975,-0.001614303849509685,0.0020639991485128673,0.0021666176216686675,-0.0001026184731558002,false,false,none,none,"marginal gaussian (robust), per-axis q < 0.01",false,none
g0118,,drugA,10,24,strain,WT,mutant,WT | mutant,-2.256675542988363,-0.381227866590665,-1.8754476763976982,2.861512826843352,,,1.96894462052698,,,true,false,down,none,"marginal gaussian (robust), per-axis q < 0.01",true,"down, —"
g0119,,drugA,10,24,strain,WT,mutant,WT | mutant,-0.0008802959893223772,-0.09806075279560389,0.09718045680628151,0.002673222604041697,0.8688577715561508,-0.8661845489521092,0.0020639991485128673,0.34399140504029974,-0.3419274058917869,false,false,none,none,"marginal gaussian (robust), per-axis q < 0.01",false,none
g0120,,drugA,10,24,strain,WT,mutant,WT | mutant,0.001150616736444121,0.027950274319755053,-0.026799657583310932,0.0020639991485128673,0.0976116225894986,-0.09554762344098573,0.0020639991485128673,0.025487849007491938,-0.023423849858979072,false,false,none,none,"marginal gaussian (robust), per-axis q < 0.01",false,none
g0121,,drugA,10,24,strain,WT,mutant,WT | mutant,0.1998174034433955,-0.09802189746372658,0.2978393009071221,1.2809846599082426,0.3165583394190116,0.9644263204892309,0.7030903299223981,0.07361033201122277,0.6294799979111753,false,false,none,none,"marginal gaussian (robust), per-axis q < 0.01",false,none
g0122,,drugA,10,24,strain,WT,mutant,WT | mutant,-0.1892100047438543,-0.15357577723088056,-0.03563422751297374,1.4214857581322096,0.5202090278109177,0.9012767303212919,0.8206075212256757,0.15047774077561724,0.6701297804500584,false,false,none,none,"marginal gaussian (robust), per-axis q < 0.01",false,none
g0123,,drugA,10,24,strain,WT,mutant,WT | mutant,-2.0481068221998697,-3.9211594674788417,1.873052645278972,4.506485150461642,4.589169144733629,-0.0826839942719868,2.960008016300646,3.0021517446541957,-0.042143728353549736,true,true,down,down,"marginal gaussian (robust), per-axis q < 0.01",true,"down, down"
g0124,,drugA,10,24,strain,WT,mutant,WT | mutant,0.02639127399516461,-0.017007117193603705,0.043398391188768315,0.16394913981394985,0.04446228338510512,0.11948685642884473,0.042044064074253276,0.01970999294263385,0.022334071131619428,false,false,none,none,"marginal gaussian (robust), per-axis q < 0.01",false,none
g0125,,drugA,10,24,strain,WT,mutant,WT | mutant,-0.04657514280614805,-0.015732382610265105,-0.030842760195882946,0.1283392196455139,0.04467798412214729,0.0836612355233666,0.040794410113086974,0.01970999294263385,0.021084417170453125,false,false,none,none,"marginal gaussian (robust), per-axis q < 0.01",false,none
g0126,,drugA,10,24,strain,WT,mutant,WT | mutant,-0.06593245988361573,-0.04576955311440578,-0.020162906769209954,0.1002385585200627,0.22070470332543213,-0.12046614480536942,0.031127172205285575,0.0407555126278613,-0.009628340422575724,false,false,none,none,"marginal gaussian (robust), per-axis q < 0.01",false,none
g0127,,drugA,10,24,strain,WT,mutant,WT | mutant,0.14298368674237238,-0.10266888971008381,0.2456525764524562,1.1234849076676197,0.5013526674299,0.6221322402377196,0.5674190151774479,0.15047774077561724,0.4169412744018306,false,false,none,none,"marginal gaussian (robust), per-axis q < 0.01",false,none
g0128,,drugA,10,24,strain,WT,mutant,WT | mutant,-0.038671882983507544,0.17368269288806104,-0.21235457587156858,0.3153956257739835,0.5114760569932688,-0.1960804312192853,0.08353209545056894,0.15047774077561724,-0.06694564532504829,false,false,none,none,"marginal gaussian (robust), per-axis q < 0.01",false,none
g0129,,drugA,10,24,strain,WT,mutant,WT | mutant,-0.08616190771723709,0.055830886055391105,-0.1419927937726282,0.24374090663724968,0.16974003663984338,0.0740008699974063,0.05565179944167236,0.03629143007112007,0.019360369370552293,false,false,none,none,"marginal gaussian (robust), per-axis q < 0.01",false,none
g0130,,drugA,10,24,strain,WT,mutant,WT | mutant,-0.09830665215166512,-0.07548121897253957,-0.022825433179125554,0.28580274730403626,0.2564543637281387,0.029348383575897585,0.07882602880019744,0.052096346272117754,0.02672968252807969,false,false,none,none,"marginal gaussian (robust), per-axis q < 0.01",false,none
g0131,,drugA,10,24,strain,WT,mutant,WT | mutant,0.1305012137284045,0.04422110770332566,0.08628010602507885,0.33532158923172006,0.10372565848346828,0.2315959307482518,0.09080181109068473,0.025487849007491938,0.06531396208319279,false,false,none,none,"marginal gaussian (robust), per-axis q < 0.01",false,none
g0132,,drugA,10,24,strain,WT,mutant,WT | mutant,0.19710793969252371,0.0663137903482447,0.13079414934427902,0.5670033494789315,0.20188957748426345,0.36511377199466805,0.18154493241106523,0.0407555126278613,0.14078941978320392,false,false,none,none,"marginal gaussian (robust), per-axis q < 0.01",false,none
g0133,,drugA,10,24,strain,WT,mutant,WT | mutant,-0.014365518949677636,0.15547851479387198,-0.16984403374354962,0.07091469506473773,1.235191391520953,-1.1642766964562152,0.023420166068329425,0.6413814756184134,-0.617961309550084,false,false,none,none,"marginal gaussian (robust), per-axis q < 0.01",false,none
g0134,,drugA,10,24,strain,WT,mutant,WT | mutant,2.021648224240753,2.0435665597978065,-0.02191833555705358,3.9598017090171704,2.9879539983461885,0.971847710670982,2.717354939499,2.005444730506524,0.7119102089924763,true,true,up,up,"marginal gaussian (robust), per-axis q < 0.01",true,"up, up"
g0135,,drugA,10,24,strain,WT,mutant,WT | mutant,-0.1931766692092971,-0.1479905198742042,-0.04518614933509291,0.7253417780203317,1.2991548094080958,-0.5738130313877641,0.2627178008346782,0.6911044543909461,-0.4283866535562679,false,false,none,none,"marginal gaussian (robust), per-axis q < 0.01",false,none
g0136,,drugA,10,24,strain,WT,mutant,WT | mutant,-0.04233721510192545,-0.07854828852008389,0.036211073418158435,0.19674270156285587,0.1839944160756687,0.012748285487187178,0.04704998528158453,0.036674899590011974,0.010375085691572555,false,false,none,none,"marginal gaussian (robust), per-axis q < 0.01",false,none
g0137,,drugA,10,24,strain,WT,mutant,WT | mutant,0.09644216516624216,0.18447569234241978,-0.08803352717617763,0.6583832360229305,0.6910772534025938,-0.032694017379663376,0.2304377389272479,0.23937409924536798,-0.00893636031812009,false,false,none,none,"marginal gaussian (robust), per-axis q < 0.01",false,none
g0138,,drugA,10,24,strain,WT,mutant,WT | mutant,0.07708871096721381,0.05583123000130463,0.02125748096590918,0.19720499346740372,0.20280231559075895,-0.005597322123355231,0.04704998528158453,0.0407555126278613,0.006294472653723231,false,false,none,none,"marginal gaussian (robust), per-axis q < 0.01",false,none
g0139,,drugA,10,24,strain,WT,mutant,WT | mutant,0.0142693265580629,-0.18205859595834717,0.19632792251641007,0.050694974260350266,0.895239317015651,-0.8445443427553007,0.020623842825481676,0.362330230244386,-0.3417063874189043,false,false,none,none,"marginal gaussian (robust), per-axis q < 0.01",false,none
g0140,,drugA,10,24,strain,WT,mutant,WT | mutant,0.049732523864814304,0.17802097554074692,-0.1282884516759326,0.17712032294845137,0.46160056354762247,-0.2844802405991711,0.042044064074253276,0.1325247082616921,-0.09048064418743883,false,false,none,none,"marginal gaussian (robust), per-axis q < 0.01",false,none
g0141,,drugA,10,24,strain,WT,mutant,WT | mutant,0.19437892709205595,-0.1748948378340316,0.36927376492608754,0.7601949599190552,0.8050246269920686,-0.04482966707301339,0.2783142659834159,0.3034296028892055,-0.025115336905789598,false,false,none,none,"marginal gaussian (robust), per-axis q < 0.01",false,none
g0142,,drugA,10,24,strain,WT,mutant,WT | mutant,-0.14647750108747015,-0.1189073576028532,-0.02757014348461695,0.5317690539931241,0.5672554119423603,-0.03548635794923616,0.1711009582432189,0.16633054972086056,0.004770408522358327,false,false,none,none,"marginal gaussian (robust), per-axis q < 0.01",false,none
g0143,,drugA,10,24,strain,WT,mutant,WT | mutant,0.03675439628701049,0.1841277714718581,-0.1473733751848476,0.08706078066610999,0.6470166379185031,-0.559955857252393,0.028899748818892724,0.21505754195703455,-0.18615779313814182,false,false,none,none,"marginal gaussian (robust), per-axis q < 0.01",false,none
g0144,,drugA,10,24,strain,WT,mutant,WT | mutant,0.035619559188171834,-0.16718469606777653,0.20280425525594836,0.06943318095911122,0.6210258976538163,-0.5515927166947051,0.023420166068329425,0.1954536003537484,-0.17203343428541898,false,false,none,none,"marginal gaussian (robust), per-axis q < 0.01",false,none
g0145,,drugA,10,24,strain,WT,mutant,WT | mutant,0.09637646155992385,-0.18952122710842723,0.2858976886683511,0.38191417536124955,0.7827943712978795,-0.40088019593663,0.10976330833504057,0.29630272355345155,-0.186539415218411,false,false,none,none,"marginal gaussian (robust), per-axis q < 0.01",false,none
g0146,,drugA,10,24,strain,WT,mutant,WT | mutant,-1.4902905970467728,-1.4379198892736227,-0.052370707773150116,2.9833255686556766,2.514442321234148,0.46888324742152854,2.0419087948014876,1.7230014684198174,0.3189073263816702,true,true,down,down,"marginal gaussian (robust), per-axis q < 0.01",true,"down, down"
g0147,,drugA,10,24,strain,WT,mutant,WT | mutant,0.060502579312631255,-0.08788894831226735,0.1483915276248986,0.18817624270310065,0.32139075946120316,-0.1332145167581025,0.042044064074253276,0.07506824046164623,-0.03302417638739295,false,false,none,none,"marginal gaussian (robust), per-axis q < 0.01",false,none
g0148,,drugA,10,24,strain,WT,mutant,WT | mutant,-0.14768181883451525,0.09747798274037933,-0.2451598015748946,0.23160584611338628,0.44909910767766686,-0.2174932615642806,0.04970364499122182,0.1291959025367346,-0.07949225754551278,false,false,none,none,"marginal gaussian (robust), per-axis q < 0.01",false,none
g0149,,drugA,10,24,strain,WT,mutant,WT | mutant,-2.2544067617113868,-2.7609694097035664,0.5065626479921796,2.529928830308968,4.577957313090472,-2.048028482781504,1.7270013833581017,3.0021517446541957,-1.275150361296094,true,true,down,down,"marginal gaussian (robust), per-axis q < 0.01",true,"down, down"
g0150,,drugA,10,24,strain,WT,mutant,WT | mutant,-0.21023284378299856,-0.045342601443799424,-0.16489024233919913,0.42136170918375637,0.2835660594446615,0.13779564973909486,0.13085349419534686,0.06030578499928481,0.07054770919606206,false,false,none,none,"marginal gaussian (robust), per-axis q < 0.01",false,none
g0151,,drugA,10,24,strain,WT,mutant,WT | mutant,-2.6075089375960037,-4.6179723820550596,2.010463444459056,3.059662800649116,3.8350686438291732,-0.775405843180057,2.075445531794431,2.6151984601949048,-0.5397529284004738,true,true,down,down,"marginal gaussian (robust), per-axis q < 0.01",true,"down, down"
g0152,,drugA,10,24,strain,WT,mutant,WT | mutant,-0.8346529758715402,-1.0038939935626843,0.16924101769114408,3.611055144588586,1.6645708511179471,1.9464842934706388,2.480024105199187,0.9656008467819283,1.5144232584172586,false,true,none,down,"marginal gaussian (robust), per-axis q < 0.01",true,"down, down"
g0153,,drugA,10,24,strain,WT,mutant,WT | mutant,2.1117562401166925,2.2497816244266993,-0.13802538431000677,3.0752042687736645,4.499060052348414,-1.4238557835747492,2.07873992858857,2.978159873050164,-0.8994199444615938,true,true,up,up,"marginal gaussian (robust), per-axis q < 0.01",true,"up, up"
g0154,,drugA,10,24,strain,WT,mutant,WT | mutant,-0.1368128869585572,0.2254710610625903,-0.3622839480211475,0.8431097705244343,0.7380088244940144,0.10510094603041986,0.3466295680185066,0.27608650515510264,0.07054306286340395,false,false,none,none,"marginal gaussian (robust), per-axis q < 0.01",false,none
g0155,,drugA,10,24,strain,WT,mutant,WT | mutant,-0.11813315430288718,0.09072710235176196,-0.20886025665464913,0.3278943792969472,0.29541295081232055,0.03248142848462665,0.08956417597360927,0.0675738375067768,0.021990338466832474,false,false,none,none,"marginal gaussian (robust), per-axis q < 0.01",false,none
g0156,,drugA,10,24,strain,WT,mutant,WT | mutant,-0.14303597950098812,-0.059730150325002285,-0.08330582917598583,1.1923447844333002,0.1569759690424809,1.0353688153908194,0.6233139147787609,0.03629143007112007,0.5870224847076408,false,false,none,none,"marginal gaussian (robust), per-axis q < 0.01",false,none
g0157,,drugA,10,24,strain,WT,mutant,WT | mutant,-0.06913381965637555,0.08469700449377804,-0.1538308241501536,0.19869478701881904,0.5689409734156308,-0.3702461863968117,0.04704998528158453,0.16633054972086056,-0.11928056443927604,false,false,none,none,"marginal gaussian (robust), per-axis q < 0.01",false,none
g0158,,drugA,10,24,strain,WT,mutant,WT | mutant,0.05538733319645761,-0.025548220202074923,0.08093555339853253,0.16267391912349025,0.07681001880711018,0.08586390031638007,0.042044064074253276,0.022667853243302397,0.01937621083095088,false,false,none,none,"marginal gaussian (robust), per-axis q < 0.01",false,none
g0159,,drugA,10,24,strain,WT,mutant,WT | mutant,0.14046306180805246,0.0846660316065524,0.055797030201500064,0.5867200690180068,0.35227856487944065,0.23444150413856613,0.19231572016087484,0.0832535537468507,0.10906216641402414,false,false,none,none,"marginal gaussian (robust), per-axis q < 0.01",false,none
g0160,,drugA,10,24,strain,WT,mutant,WT | mutant,-0.06000131193482261,-0.04658618612505805,-0.013415125809764561,0.17557482687681816,0.0935366807774496,0.08203814609936856,0.042044064074253276,0.025487849007491938,0.01655621506676134,false,false,none,none,"marginal gaussian (robust), per-axis q < 0.01",false,none
g0161,,drugA,10,24,strain,WT,mutant,WT | mutant,-0.03520737465241197,-0.14942890964670674,0.11422153499429477,0.06351845194282107,0.3586309659942947,-0.29511251405147365,0.023420166068329425,0.08389579508079256,-0.06047562901246314,false,false,none,none,"marginal gaussian (robust), per-axis q < 0.01",false,none
g0162,,drugA,10,24,strain,WT,mutant,WT | mutant,0.04864527839251487,0.0782010025593145,-0.029555724166799635,0.15264158424978547,0.15998010915244823,-0.007338524902662763,0.042044064074253276,0.03629143007112007,0.0057526340031332085,false,false,none,none,"marginal gaussian (robust), per-axis q < 0.01",false,none
g0163,,drugA,10,24,strain,WT,mutant,WT | mutant,0.23211141736011776,-0.12221664921155906,0.3543280665716768,1.1667696420258584,0.25713383630667785,0.9096358057191806,0.6021035777737692,0.052096346272117754,0.5500072315016514,false,false,none,none,"marginal gaussian (robust), per-axis q < 0.01",false,none
g0164,,drugA,10,24,strain,WT,mutant,WT | mutant,0.13102454226761218,0.008957306773114126,0.12206723549449805,0.29096092678852536,0.028078790145061438,0.26288213664346394,0.07882602880019744,0.01109304215441083,0.06773298664578661,false,false,none,none,"marginal gaussian (robust), per-axis q < 0.01",false,none
g0165,,drugA,10,24,strain,WT,mutant,WT | mutant,-2.1401514107523525,-4.119897573117176,1.9797461623648234,2.8071330802613654,4.068502272346964,-1.2613691920855987,1.9237082533848635,2.7387083930177014,-0.8150001396328379,true,true,down,down,"marginal gaussian (robust), per-axis q < 0.01",true,"down, down"
g0166,,drugA,10,24,strain,WT,mutant,WT | mutant,0.17125883170089118,-0.17714981114532868,0.34840864284621986,2.073855120923499,1.371480707038024,0.7023744138854753,1.38425032006311,0.7231720632933243,0.6610782567697857,false,false,none,none,"marginal gaussian (robust), per-axis q < 0.01",false,none
g0167,,drugA,10,24,strain,WT,mutant,WT | mutant,-0.1516351742748654,0.030820307956781257,-0.18245548223164665,0.5234556163117546,0.059243874405599695,0.46421174190615494,0.1711009582432189,0.02069747676068945,0.15040348148252944,false,false,none,none,"marginal gaussian (robust), per-axis q < 0.01",false,none
g0168,,drugA,10,24,strain,WT,mutant,WT | mutant,-0.18250722873111158,0.03446695015848711,-0.2169741788895987,0.43453312818432877,0.10112018051022971,0.33341294767409907,0.13468488694177594,0.025487849007491938,0.10919703793428401,false,false,none,none,"marginal gaussian (robust), per-axis q < 0.01",false,none
g0169,,drugA,10,24,strain,WT,mutant,WT | mutant,0.057038217602097596,0.0554867165996491,0.0015515010024484965,0.13590259786510622,0.2089036804897189,-0.07300108262461269,0.040794410113086974,0.0407555126278613,0.000038897485225675155,false,false,none,none,"marginal gaussian (robust), per-axis q < 0.01",false,none
g0170,,drugA,10,24,strain,WT,mutant,WT | mutant,0.11000337287433037,-0.018899764623009574,0.12890313749733995,0.6868811637240289,0.09085106539075172,0.5960300983332771,0.23948639512770378,0.025487849007491938,0.21399854612021185,false,false,none,none,"marginal gaussian (robust), per-axis q < 0.01",false,none
g0171,,drugA,10,24,strain,WT,mutant,WT | mutant,0.1722540301181663,-0.04417183573112027,0.21642586584928658,0.6926033194664121,0.08217102005254479,0.6104322994138673,0.24188060752115945,0.022667853243302397,0.21921275427785705,false,false,none,none,"marginal gaussian (robust), per-axis q < 0.01",false,none
g0172,,drugA,10,24,strain,WT,mutant,WT | mutant,0.1586173941271447,-0.036032913058058114,0.19465030718520282,0.5793467974713177,0.12438247931614575,0.4549643181551719,0.18786700163150236,0.025487849007491938,0.16237915262401043,false,false,none,none,"marginal gaussian (robust), per-axis q < 0.01",false,none
g0173,,drugA,10,24,strain,WT,mutant,WT | mutant,-0.02385054858772051,-0.049624466885315854,0.025773918297595344,0.05885258507275908,0.1476484511911035,-0.08879586611834442,0.023420166068329425,0.03629143007112007,-0.012871264002790643,false,false,none,none,"marginal gaussian (robust), per-axis q < 0.01",false,none
g0174,,drugA,10,24,strain,WT,mutant,WT | mutant,0.935535924528172,0.9902008878433142,-0.054664963315142145,3.203375856584062,2.9659587303634494,0.23741712622061284,2.1572237322098604,1.9947304729334736,0.1624932592763868,false,false,none,none,"marginal gaussian (robust), per-axis q < 0.01",false,none
g0175,,drugA,10,24,strain,WT,mutant,WT | mutant,-0.10662839833482529,0.16535485936424799,-0.2719832576990733,0.35922666637710043,0.3576801785250787,0.0015464878520217162,0.09559059778899229,0.08389579508079256,0.011694802708199725,false,false,none,none,"marginal gaussian (robust), per-axis q < 0.01",false,none
g0176,,drugA,10,24,strain,WT,mutant,WT | mutant,0.12098218301288721,-0.07451659246068498,0.1954987754735722,0.32282016618750614,0.43842100215901164,-0.1156008359715055,0.08856787528460769,0.12164080551668675,-0.033072930232079065,false,false,none,none,"marginal gaussian (robust), per-axis q < 0.01",false,none
g0177,,drugA,10,24,strain,WT,mutant,WT | mutant,-0.08070332520511059,0.1707648841863314,-0.251468209391442,0.49749067681316794,0.5577301390444647,-0.060239462231296725,0.16113568422103358,0.15979013037242704,0.0013455538486065455,false,false,none,none,"marginal gaussian (robust), per-axis q < 0.01",false,none
g0178,,drugA,10,24,strain,WT,mutant,WT | mutant,-1.4762827288955362,-1.6551419941711325,0.17885926527559626,3.3044588685462006,3.04842086381798,0.2560380047282207,2.2449427826140176,2.0543297234285003,0.1906130591855173,true,true,down,down,"marginal gaussian (robust), per-axis q < 0.01",true,"down, down"
g0179,,drugA,10,24,strain,WT,mutant,WT | mutant,0.036708320084336776,-0.0861239477663478,0.12283226785068457,0.10012010804912126,0.2345925362365431,-0.13447242818742183,0.031127172205285575,0.041647655164792984,-0.010520482959507409,false,false,none,none,"marginal gaussian (robust), per-axis q < 0.01",false,none
g0180,,drugA,10,24,strain,WT,mutant,WT | mutant,0.03713520530951797,0.08389822950469572,-0.04676302419517775,0.15034409519729963,0.33356251259774833,-0.1832184174004487,0.042044064074253276,0.0785568765351161,-0.036512812460862826,false,false,none,none,"marginal gaussian (robust), per-axis q < 0.01",false,none
g0181,,drugA,10,24,strain,WT,mutant,WT | mutant,-0.03694893043421388,0.05142656940806489,-0.08837549984227877,0.11610921529935277,0.14944758253933207,-0.03333836723997931,0.037164577528843494,0.03629143007112007,0.0008731474577234263,false,false,none,none,"marginal gaussian (robust), per-axis q < 0.01",false,none
g0182,,drugA,10,24,strain,WT,mutant,WT | mutant,-0.22513445200899262,0.09977880345392087,-0.3249132554629135,0.9269996319330746,0.3742882023159303,0.5527114296171443,0.4115515903511669,0.0867997590204834,0.3247518313306835,false,false,none,none,"marginal gaussian (robust), per-axis q < 0.01",false,none
g0183,,drugA,10,24,strain,WT,mutant,WT | mutant,0.02047954959696696,0.10175092701368982,-0.08127137741672286,0.10515571503023212,0.2958861849425969,-0.19073046991236475,0.031127172205285575,0.0675738375067768,-0.036446665301491224,false,false,none,none,"marginal gaussian (robust), per-axis q < 0.01",false,none
g0184,,drugA,10,24,strain,WT,mutant,WT | mutant,-1.6902053633960916,-0.06966771732198573,-1.6205376460741059,2.643860507361716,0.23735174421648675,2.4065087631452293,1.811588202932595,0.04241480078603103,1.769173402146564,true,false,down,none,"marginal gaussian (robust), per-axis q < 0.01",true,"down, —"
g0185,,drugA,10,24,strain,WT,mutant,WT | mutant,0.028053631344098662,0.06114458525176225,-0.03309095390766359,0.041401964439287856,0.16944211193897565,-0.12804014749968778,0.018933661282665167,0.03629143007112007,-0.0173577687884549,false,false,none,none,"marginal gaussian (robust), per-axis q < 0.01",false,none
g0186,,drugA,10,24,strain,WT,mutant,WT | mutant,0.07754350723411463,-0.10455788518568099,0.18210139241979562,0.1814510599902349,0.3015706838209323,-0.12011962383069738,0.042044064074253276,0.06765742280319526,-0.02561335872894198,false,false,none,none,"marginal gaussian (robust), per-axis q < 0.01",false,none
g0187,,drugA,10,24,strain,WT,mutant,WT | mutant,0.08911507887973436,0.09375701539981574,-0.00464193652008138,0.25295406102228135,0.372630819303714,-0.11967675828143265,0.061199999740298626,0.0867997590204834,-0.02559975928018477,false,false,none,none,"marginal gaussian (robust), per-axis q < 0.01",false,none
g0188,,drugA,10,24,strain,WT,mutant,WT | mutant,0.10548509467904843,0.028057498902501088,0.07742759577654734,0.3559453657780956,0.09476932444023121,0.2611760413378644,0.09447647636999897,0.025487849007491938,0.06898862736250702,false,false,none,none,"marginal gaussian (robust), per-axis q < 0.01",false,none
g0189,,drugA,10,24,strain,WT,mutant,WT | mutant,-1.4485257472287847,-1.653479272737064,0.20495352550827928,3.8318335671455315,3.3351860684030816,0.49664749874244984,2.628895338911035,2.291407143824494,0.33748819508654115,true,true,down,down,"marginal gaussian (robust), per-axis q < 0.01",true,"down, down"
g0190,,drugA,10,24,strain,WT,mutant,WT | mutant,-0.039108002069660586,-0.06376992123513148,0.02466191916547089,0.06615138579636032,0.6473574623483985,-0.5812060765520382,0.023420166068329425,0.21505754195703455,-0.19163737588870514,false,false,none,none,"marginal gaussian (robust), per-axis q < 0.01",false,none
g0191,,drugA,10,24,strain,WT,mutant,WT | mutant,2.242105971121399,0.4316799379034997,1.8104260332178992,4.410730728245898,2.5871561720887115,1.8235745561571868,2.960008016300646,1.7730513346384371,1.1869566816622088,true,false,up,none,"marginal gaussian (robust), per-axis q < 0.01",true,"up, —"
g0192,,drugA,10,24,strain,WT,mutant,WT | mutant,-0.01221588311546995,-0.1358701730562073,0.12365428994073735,0.07068463332121883,1.09263016268083,-1.0219455293596111,0.023420166068329425,0.5303372982243553,-0.5069171321560259,false,false,none,none,"marginal gaussian (robust), per-axis q < 0.01",false,none
g0193,,drugA,10,24,strain,WT,mutant,WT | mutant,0.20167373411702272,-0.09556529878052089,0.2972390328975436,0.9058218417003081,,,0.3942342209316385,,,false,false,none,none,"marginal gaussian (robust), per-axis q < 0.01",false,none
g0194,,drugA,10,24,strain,WT,mutant,WT | mutant,-0.20175047739258378,-0.06509774523711087,-0.1366527321554729,1.313285592311428,0.28652592143763966,1.0267596708737883,0.730890761098907,0.06069279082969444,0.6701979702692126,false,false,none,none,"marginal gaussian (robust), per-axis q < 0.01",false,none
g0195,,drugA,10,24,strain,WT,mutant,WT | mutant,0.22593514412734095,0.0323934002712889,0.19354174385605205,0.6618307917277058,0.06953064289961464,0.5923001488280911,0.2307036358458339,0.0209617890114382,0.2097418468343957,false,false,none,none,"marginal gaussian (robust), per-axis q < 0.01",false,none
g0196,,drugA,10,24,strain,WT,mutant,WT | mutant,-1.2401774332063047,-0.3655797746827627,-0.874597658523542,3.5503369238328752,0.7723279599671398,2.7780089638657355,2.448068857479742,0.29630272355345155,2.1517661339262903,true,false,down,none,"marginal gaussian (robust), per-axis q < 0.01",true,"down, —"
g0197,,drugA,10,24,strain,WT,mutant,WT | mutant,0.051262058669591326,0.06655019988440714,-0.015288141214815809,0.26196049641911695,0.28215453461564116,-0.02019403819652421,0.06651407184256981,0.06030578499928481,0.006208286843285005,false,false,none,none,"marginal gaussian (robust), per-axis q < 0.01",false,none
g0198,,drugA,10,24,strain,WT,mutant,WT | mutant,-0.17715285793042845,-0.007696111126921146,-0.1694567468035073,0.6800566463523563,0.01762610201942885,0.6624305443329275,0.23755937950522404,0.00535402349933228,0.23220535600589176,false,false,none,none,"marginal gaussian (robust), per-axis q < 0.01",false,none
g0199,,drugA,10,24,strain,WT,mutant,WT | mutant,-0.08569011995630493,-0.03889461330833921,-0.04679550664796572,0.2685328853805564,0.2210243847707142,0.047508500609842214,0.06911298733265735,0.0407555126278613,0.02835747470479605,false,false,none,none,"marginal gaussian (robust), per-axis q < 0.01",false,none
g0200,,drugA,10,24,strain,WT,mutant,WT | mutant,-0.1911363893703344,-0.12033788661084577,-0.07079850275948862,0.3387255518933701,0.5026045334132327,-0.16387898151986263,0.09212282260404231,0.15047774077561724,-0.05835491817157493,false,false,none,none,"marginal gaussian (robust), per-axis q < 0.01",false,none
g0201,,drugA,10,24,strain,WT,mutant,WT | mutant,0.16392891836995283,-0.0635552347802566,0.22748415315020942,0.6166170244225105,0.26041820784628605,0.3561988165762245,0.2133189624053962,0.052096346272117754,0.16122261613327843,false,false,none,none,"marginal gaussian (robust), per-axis q < 0.01",false,none
g0202,,drugA,10,24,strain,WT,mutant,WT | mutant,0.1024438011338038,0.17577247969628473,-0.07332867856248093,0.16636665770184442,0.8392275382186235,-0.6728608805167791,0.042044064074253276,0.3261526964323304,-0.28410863235807715,false,false,none,none,"marginal gaussian (robust), per-axis q < 0.01",false,none
g0203,,drugA,10,24,strain,WT,mutant,WT | mutant,0.06477046488673643,-0.19325691856415617,0.2580273834508926,0.13039383943195057,0.8861305785346976,-0.755736739102747,0.040794410113086974,0.35726146956517263,-0.31646705945208564,false,false,none,none,"marginal gaussian (robust), per-axis q < 0.01",false,none
g0204,,drugA,10,24,strain,WT,mutant,WT | mutant,-0.0704551096266659,0.1504147440435819,-0.2208698536702478,0.5372151867115587,0.5312268953678614,0.005988291343697272,0.1712062094138919,0.15047774077561724,0.020728468638274655,false,false,none,none,"marginal gaussian (robust), per-axis q < 0.01",false,none
g0205,,drugA,10,24,strain,WT,mutant,WT | mutant,0.004044568498665413,-0.029693142034133757,0.03373771053279917,0.009782281380441963,0.157361541969423,-0.14757926058898105,0.002623419034010518,0.03629143007112007,-0.03366801103710955,false,false,none,none,"marginal gaussian (robust), per-axis q < 0.01",false,none
g0206,,drugA,10,24,strain,WT,mutant,WT | mutant,-1.322531493488281,-2.440254725646973,1.117723232158692,4.259368296517291,3.1783411259761447,1.0810271705411463,2.842927525342463,2.1601163058699457,0.6828112194725171,true,true,down,down,"marginal gaussian (robust), per-axis q < 0.01",true,"down, down"
g0207,,drugA,10,24,strain,WT,mutant,WT | mutant,-1.995679140697229,-2.0749029905046914,0.07922384980746244,3.646360296088327,4.718770749383332,-1.0724104532950056,2.4966675798070557,3.0021517446541957,-0.50548416484714,true,true,down,down,"marginal gaussian (robust), per-axis q < 0.01",true,"down, down"
g0208,,drugA,10,24,strain,WT,mutant,WT | mutant,-0.17618083541635343,0.12875210903996148,-0.3049329444563149,0.6940058351370271,0.7113839634070375,-0.017378128270010396,0.24188060752115945,0.2563010685984311,-0.014420461077271657,false,false,none,none,"marginal gaussian (robust), per-axis q < 0.01",false,none
g0209,,drugA,10,24,strain,WT,mutant,WT | mutant,-0.165657103212574,0.024076017984954845,-0.18973312119752883,0.5201935042999438,0.09462225661583333,0.4255712476841105,0.1711009582432189,0.025487849007491938,0.14561310923572696,false,false,none,none,"marginal gaussian (robust), per-axis q < 0.01",false,none
g0210,,drugA,10,24,strain,WT,mutant,WT | mutant,2.1973842926588336,2.4903740337449634,-0.29298974108612974,2.668576146025005,4.879387431905472,-2.210811285880467,1.811588202932595,3.0021517446541957,-1.1905635417216007,true,true,up,up,"marginal gaussian (robust), per-axis q < 0.01",true,"up, up"
g0211,,drugA,10,24,strain,WT,mutant,WT | mutant,0.027991565116121997,-0.03997914434268601,0.06797070945880801,0.06732902324217083,0.12042565230242756,-0.053096629060256736,0.023420166068329425,0.025487849007491938,-0.002067682939162513,false,false,none,none,"marginal gaussian (robust), per-axis q < 0.01",false,none
g0212,,drugA,10,24,strain,WT,mutant,WT | mutant,0.2199007705646494,0.043129240810760194,0.1767715297538892,1.0100214604526376,0.3450698808461545,0.6649515796064831,0.47473917388575804,0.08217749438386074,0.3925616795018973,false,false,none,none,"marginal gaussian (robust), per-axis q < 0.01",false,none
g0213,,drugA,10,24,strain,WT,mutant,WT | mutant,0.12449246505435951,-0.12171754093151854,0.24621000598587806,0.5068839380614065,0.3777852750176232,0.1290986630437833,0.16752715553518008,0.0867997590204834,0.08072739651469668,false,false,none,none,"marginal gaussian (robust), per-axis q < 0.01",false,none
g0214,,drugA,10,24,strain,WT,mutant,WT | mutant,-2.291060408896225,-3.866078914699459,1.575018505803234,4.087127440369248,3.3841750119494645,0.7029524284197839,2.8234913717811403,2.293925344043728,0.5295660277374123,true,true,down,down,"marginal gaussian (robust), per-axis q < 0.01",true,"down, down"
g0215,,drugA,10,24,strain,WT,mutant,WT | mutant,-0.1280905161573198,-0.10937885272922188,-0.018711663428097935,0.6381628994905602,0.3926314265927207,0.24553147289783944,0.2242420473360978,0.09515638514578245,0.12908566219031534,false,false,none,none,"marginal gaussian (robust), per-axis q < 0.01",false,none
g0216,,drugA,10,24,strain,WT,mutant,WT | mutant,-0.2015480650268433,0.013306522941842758,-0.21485458796868606,0.42937883014867395,0.033526362434876014,0.39585246771379795,0.13188449429959845,0.013139066568752302,0.11874542773084615,false,false,none,none,"marginal gaussian (robust), per-axis q < 0.01",false,none
g0217,,drugA,10,24,strain,WT,mutant,WT | mutant,-0.04216686192523689,0.05462206116962953,-0.09678892309486642,,0.09692075281739763,,,0.025487849007491938,,false,false,none,none,"marginal gaussian (robust), per-axis q < 0.01",false,none
g0218,,drugA,10,24,strain,WT,mutant,WT | mutant,-0.08225868948492021,0.06760291049527467,-0.14986159998019488,0.4536226608459003,0.2254363534282762,0.2281863074176241,0.14422910169711695,0.0407555126278613,0.10347358906925565,false,false,none,none,"marginal gaussian (robust), per-axis q < 0.01",false,none
g0219,,drugA,10,24,strain,WT,mutant,WT | mutant,-0.06858934735165345,-0.05888607211175323,-0.009703275239900222,0.166624079503693,0.0992533335936043,0.06737074591008871,0.042044064074253276,0.025487849007491938,0.01655621506676134,false,false,none,none,"marginal gaussian (robust), per-axis q < 0.01",false,none
g0220,,drugA,10,24,strain,WT,mutant,WT | mutant,-0.04517430589024052,0.010656327087561479,-0.055830632977802,0.1647787025987411,0.07466244305739164,0.09011625954134947,0.042044064074253276,0.022667853243302397,0.01937621083095088,false,false,none,none,"marginal gaussian (robust), per-axis q < 0.01",false,none
g0221,,drugA,10,24,strain,WT,mutant,WT | mutant,0.0660623418444608,0.013801639094578988,0.052260702749881816,0.26011227382292285,0.02125454303138439,0.23885773079153846,0.06651407184256981,0.006736383962732256,0.05977768787983756,false,false,none,none,"marginal gaussian (robust), per-axis q < 0.01",false,none
g0222,,drugA,10,24,strain,WT,mutant,WT | mutant,0.08807205316286915,-0.028488751946103008,0.11656080510897215,0.30352041332031454,0.10050838730621917,0.20301202601409538,0.07929846390834355,0.025487849007491938,0.053810614900851615,false,false,none,none,"marginal gaussian (robust), per-axis q < 0.01",false,none
g0223,,drugA,10,24,strain,WT,mutant,WT | mutant,-0.06113239781466895,0.14270364354710097,-0.20383604136176992,0.19356527568233972,0.5005830008281341,-0.3070177251457944,0.04553971876853132,0.15047774077561724,-0.10493802200708591,false,false,none,none,"marginal gaussian (robust), per-axis q < 0.01",false,none
g0224,,drugA,10,24,strain,WT,mutant,WT | mutant,-0.1763305543262801,0.07477738229716913,-0.2511079366234492,0.46467457112906996,0.16145713347791155,0.3032174376511584,0.1455211746911304,0.03629143007112007,0.10922974462001034,false,false,none,none,"marginal gaussian (robust), per-axis q < 0.01",false,none
g0225,,drugA,10,24,strain,WT,mutant,WT | mutant,-0.1184997666925085,-0.015432747264727098,-0.1030670194277814,0.8247265536730299,0.05230644691980134,0.7724201067532286,0.3326114644619988,0.019965157479828043,0.3126463069821708,false,false,none,none,"marginal gaussian (robust), per-axis q < 0.01",false,none
g0226,,drugA,10,24,strain,WT,mutant,WT | mutant,0.005903605794127742,-0.04219543152091987,0.04809903731504761,0.014108388898367727,0.10945341266425442,-0.09534502376588669,0.003475326226899393,0.025487849007491938,-0.022012522780592545,false,false,none,none,"marginal gaussian (robust), per-axis q < 0.01",false,none
g0227,,drugA,10,24,strain,WT,mutant,WT | mutant,-0.04458029972191646,-0.18200392570785695,0.1374236259859405,0.15186199211919227,1.948873485308328,-1.7970114931891357,0.042044064074253276,1.2126554235526796,-1.1706113594784264,false,false,none,none,"marginal gaussian (robust), per-axis q < 0.01",false,none
g0228,,drugA,10,24,strain,WT,mutant,WT | mutant,0.3056464934094789,-0.07645157555436732,0.38209806896384624,0.9613609487562651,0.47308615706373996,0.48827479169252513,0.43617842503325305,0.13610257433312814,0.3000758507001249,false,false,none,none,"marginal gaussian (robust), per-axis q < 0.01",false,none
g0229,,drugA,10,24,strain,WT,mutant,WT | mutant,-1.9462368190388348,-0.4498964709004287,-1.496340348138406,4.435362869199366,1.2553785979956211,3.179984271203745,2.960008016300646,0.653932978390805,2.306075037909841,true,false,down,none,"marginal gaussian (robust), per-axis q < 0.01",true,"down, —"
g0230,,drugA,10,24,strain,WT,mutant,WT | mutant,0.0025710215860659247,-0.15591335335004608,0.158484374936112,0.00812534862219678,0.6396278166063526,-0.6315024679841558,0.0021678549032731337,0.21087386052009546,-0.20870600561682234,false,false,none,none,"marginal gaussian (robust), per-axis q < 0.01",false,none
g0231,,drugA,10,24,strain,WT,mutant,WT | mutant,-0.021403800719745902,0.1983870228918292,-0.2197908236115751,0.0625343828078286,1.3161084965067784,-1.2535741136989498,0.023420166068329425,0.6933348846689222,-0.6699147186005928,false,false,none,none,"marginal gaussian (robust), per-axis q < 0.01",false,none
g0232,,drugA,10,24,strain,WT,mutant,WT | mutant,-1.057734417094383,-0.7918074656950838,-0.2659269513992992,2.3540894015119957,2.758555176027755,-0.40446577451575916,1.6154981399607327,1.849474825346624,-0.23397668538589134,true,false,down,none,"marginal gaussian (robust), per-axis q < 0.01",true,"down, down"
g0233,,drugA,10,24,strain,WT,mutant,WT | mutant,0.059578179480119786,0.06175332039491366,-0.0021751409147938716,0.15111846458864822,0.45221785246143986,-0.30109938787279167,0.042044064074253276,0.1291959025367346,-0.08715183846248133,false,false,none,none,"marginal gaussian (robust), per-axis q < 0.01",false,none
g0234,,drugA,10,24,strain,WT,mutant,WT | mutant,-0.13800337618203162,0.03822703167517272,-0.17623040785720434,0.3305450173757401,0.16635139705312235,0.16419362032261775,0.09016140842134338,0.03629143007112007,0.05386997835022331,false,false,none,none,"marginal gaussian (robust), per-axis q < 0.01",false,none
g0235,,drugA,10,24,strain,WT,mutant,WT | mutant,-0.21271913069972292,-0.036880161363674446,-0.17583896933604848,0.8544567861600383,0.08942393645545794,0.7650328497045803,0.3466955732444216,0.02544162578858374,0.32125394745583785,false,false,none,none,"marginal gaussian (robust), per-axis q < 0.01",false,none
g0236,,drugA,10,24,strain,WT,mutant,WT | mutant,-0.032103519238663836,0.1941970518277749,-0.22630057106643875,0.09571088102188885,1.3560735724499442,-1.2603626914280555,0.030731899388203296,0.7180599940553513,-0.687328094667148,false,false,none,none,"marginal gaussian (robust), per-axis q < 0.01",false,none
g0237,,drugA,10,24,strain,WT,mutant,WT | mutant,2.1579071418371045,3.6494332693359297,-1.4915261274988252,4.088545144779986,4.7998124435686425,-0.7112672987886564,2.8234913717811403,3.0021517446541957,-0.17866037287305536,true,true,up,up,"marginal gaussian (robust), per-axis q < 0.01",true,"up, up"
g0238,,drugA,10,24,strain,WT,mutant,WT | mutant,-0.13119802294523275,-0.09096355223543551,-0.04023447070979724,0.6445658042744234,0.44845071830691485,0.1961150859675086,0.2242420473360978,0.1291959025367346,0.09504614479936319,false,false,none,none,"marginal gaussian (robust), per-axis q < 0.01",false,none
g0239,,drugA,10,24,strain,WT,mutant,WT | mutant,0.2069442757463369,0.04136999879854031,0.16557427694779658,0.6718916752623073,0.11270846127709569,0.5591832139852116,0.23755937950522404,0.025487849007491938,0.2120715304977321,false,false,none,none,"marginal gaussian (robust), per-axis q < 0.01",false,none
g0240,,drugA,10,24,strain,WT,mutant,WT | mutant,-0.025679635287547242,-0.06202096935107004,0.0363413340635228,0.2329653851528441,0.14791040754649665,0.08505497760634745,0.04970364499122182,0.03629143007112007,0.01341221492010175,false,false,none,none,"marginal gaussian (robust), per-axis q < 0.01",false,none
g0241,,drugA,10,24,strain,WT,mutant,WT | mutant,0.1942598793549708,-0.06658612381274498,0.2608460031677158,0.9594518041271174,0.264926946097132,0.6945248580299854,0.43617842503325305,0.052096346272117754,0.3840820787611353,false,false,none,none,"marginal gaussian (robust), per-axis q < 0.01",false,none
g0242,,drugA,10,24,strain,WT,mutant,WT | mutant,2.588305704299536,0.44766406004376336,2.1406416442557727,4.785684254936306,1.4201768181385028,3.365507436797803,2.960008016300646,0.7555110449724696,2.2044969713281763,true,false,up,none,"marginal gaussian (robust), per-axis q < 0.01",true,"up, —"
g0243,,drugA,10,24,strain,WT,mutant,WT | mutant,-1.2256342625474517,-1.3854457564498661,0.15981149390241445,2.103387677919354,3.0799244138062742,-0.9765367358869201,1.4020444737877205,2.0739340501170864,-0.671889576329366,true,true,down,down,"marginal gaussian (robust), per-axis q < 0.01",true,"down, down"
g0244,,drugA,10,24,strain,WT,mutant,WT | mutant,0.16002711065612107,-0.011875641672062898,0.17190275232818397,0.6206517187445606,0.038294873191250495,0.5823568455533101,0.214348146587721,0.015078107527552417,0.19927003906016857,false,false,none,none,"marginal gaussian (robust), per-axis q < 0.01",false,none
g0245,,drugA,10,24,strain,WT,mutant,WT | mutant,-0.08205985385978032,-0.10405325234961982,0.0219933984898395,0.6488408451517735,0.6023849546492677,0.04645589050250587,0.2242420473360978,0.18310689044688805,0.04113515688920974,false,false,none,none,"marginal gaussian (robust), per-axis q < 0.01",false,none
g0246,,drugA,10,24,strain,WT,mutant,WT | mutant,0.041819966683216414,-0.23345140924445307,0.2752713759276695,0.09579647402623882,0.7275120204255126,-0.6317155463992737,0.030731899388203296,0.2690228769249946,-0.2382909775367913,false,false,none,none,"marginal gaussian (robust), per-axis q < 0.01",false,none
g0247,,drugA,10,24,strain,WT,mutant,WT | mutant,0.08792018640522947,0.016975956042495355,0.07094423036273412,0.2092058985326549,0.03260650406604708,0.17659939446660783,0.04704998528158453,0.013139066568752302,0.03391091871283223,false,false,none,none,"marginal gaussian (robust), per-axis q < 0.01",false,none
g0248,,drugA,10,24,strain,WT,mutant,WT | mutant,0.005931788722547182,0.14817545600172366,-0.14224366727917648,0.013046941900669613,0.31575691035664344,-0.3027099684559738,0.003475326226899393,0.07361033201122277,-0.07013500578432338,false,false,none,none,"marginal gaussian (robust), per-axis q < 0.01",false,none
g0249,,drugA,10,24,strain,WT,mutant,WT | mutant,0.08248920647058888,-0.007613366490726747,0.09010257296131563,0.34951237319618955,0.030454072278386445,0.31905830091780313,0.09447647636999897,0.01222925217218737,0.0822472241978116,false,false,none,none,"marginal gaussian (robust), per-axis q < 0.01",false,none
g0250,,drugA,10,24,strain,WT,mutant,WT | mutant,-2.2222206903229473,-0.5229331335303726,-1.6992875567925747,3.077250784963665,1.595970867690687,1.481279917272978,2.07873992858857,0.9087392666259122,1.170000661962658,true,false,down,none,"marginal gaussian (robust), per-axis q < 0.01",true,"down, down"
g0251,,drugA,10,24,strain,WT,mutant,WT | mutant,-0.05692646079734587,-0.11611269756143372,0.05918623676408785,0.35137559083580205,0.35720396260927867,-0.005828371773476615,0.09447647636999897,0.08389579508079256,0.010580681289206403,false,false,none,none,"marginal gaussian (robust), per-axis q < 0.01",false,none
g0252,,drugA,10,24,strain,WT,mutant,WT | mutant,0.1318973089982478,0.16781728810095942,-0.03591997910271161,0.389270987852421,1.0055766200783849,-0.6163056322259639,0.11016223260810541,0.45612098032708237,-0.34595874771897694,false,false,none,none,"marginal gaussian (robust), per-axis q < 0.01",false,none
g0253,,drugA,10,24,strain,WT,mutant,WT | mutant,0.041824737178799865,-0.12630781262106971,0.16813254979986958,0.1639747767745418,0.6610879218845352,-0.49711314510999344,0.042044064074253276,0.2226466983951463,-0.18060263432089302,false,false,none,none,"marginal gaussian (robust), per-axis q < 0.01",false,none
g0254,,drugA,10,24,strain,WT,mutant,WT | mutant,0.1149764284697099,-0.2283965543058155,0.3433729827755254,0.3948739796408187,0.7841874337368675,-0.3893134540960488,0.11329673115676821,0.29630272355345155,-0.18300599239668336,false,false,none,none,"marginal gaussian (robust), per-axis q < 0.01",false,none
g0255,,drugA,10,24,strain,WT,mutant,WT | mutant,-0.8959397483707416,-0.10023063928388876,-0.7957091090868529,2.136103750458712,0.38040110621475187,1.75570264424396,1.4287701826378911,0.0867997590204834,1.3419704236174077,false,false,none,none,"marginal gaussian (robust), per-axis q < 0.01",false,none
g0256,,drugA,10,24,strain,WT,mutant,WT | mutant,0.0519464650920991,-0.2290394757744636,0.2809859408665627,0.13005268358183372,1.3663868353737252,-1.2363341517918915,0.040794410113086974,0.7231720632933243,-0.6823776531802374,false,false,none,none,"marginal gaussian (robust), per-axis q < 0.01",false,none
g0257,,drugA,10,24,strain,WT,mutant,WT | mutant,-2.009971493983646,-1.764463733328979,-0.24550776065466717,4.691942209410486,3.3700760813548833,1.321866128055603,2.960008016300646,2.293925344043728,0.666082672256918,true,true,down,down,"marginal gaussian (robust), per-axis q < 0.01",true,"down, down"
g0258,,drugA,10,24,strain,WT,mutant,WT | mutant,-0.12001469490127104,-0.1846974692148713,0.06468277431360026,0.5703575889163637,0.4927713561472968,0.0775862327690669,0.18178278371995554,0.14532233973851996,0.03646044398143558,false,false,none,none,"marginal gaussian (robust), per-axis q < 0.01",false,none
g0259,,drugA,10,24,strain,WT,mutant,WT | mutant,0.07993539440995612,-0.052827107091623304,0.13276250150157942,0.31173842585412875,0.23740514923620154,0.07433327661792721,0.08353209545056894,0.04241480078603103,0.041117294664537916,false,false,none,none,"marginal gaussian (robust), per-axis q < 0.01",false,none
g0260,,drugA,10,24,strain,WT,mutant,WT | mutant,0.08402140523938861,0.17575738133922947,-0.09173597609984085,0.38069379594354424,0.7553318392374215,-0.3746380432938773,0.10976330833504057,0.2866639461761006,-0.17690063784106003,false,false,none,none,"marginal gaussian (robust), per-axis q < 0.01",false,none
g0261,,drugA,10,24,strain,WT,mutant,WT | mutant,-0.20689644414493813,-0.36607922899229095,0.15918278484735282,0.849706280250251,1.441638295210141,-0.59193201495989,0.3466295680185066,0.7658361559261482,-0.4192065879076416,false,false,none,none,"marginal gaussian (robust), per-axis q < 0.01",false,none
g0262,,drugA,10,24,strain,WT,mutant,WT | mutant,0.026381543089559756,0.034759971485181396,-0.00837842839562164,0.03217995571577788,0.07441570749316495,-0.04223575177738707,0.017742244518782622,0.022667853243302397,-0.0049256087245197755,false,false,none,none,"marginal gaussian (robust), per-axis q < 0.01",false,none
g0263,,drugA,10,24,strain,WT,mutant,WT | mutant,0.024071189268120463,-0.2112761768142848,0.23534736608240525,0.07916575640546686,0.7734663940344146,-0.6943006376289478,0.02504470235998968,0.29630272355345155,-0.2712580211934619,false,false,none,none,"marginal gaussian (robust), per-axis q < 0.01",false,none
g0264,,drugA,10,24,strain,WT,mutant,WT | mutant,0.07335546222446965,0.16780783429368995,-0.0944523720692203,0.22502646681980742,0.47974396430486554,-0.2547174974850581,0.049526486932250556,0.13755918788844598,-0.08803270095619542,false,false,none,none,"marginal gaussian (robust), per-axis q < 0.01",false,none
g0265,,drugA,10,24,strain,WT,mutant,WT | mutant,0.1480950214205219,0.14201611347042764,0.006078907950094248,0.4568847258118818,1.9757845339871192,-1.5188998081752374,0.14422910169711695,1.2264050261735002,-1.0821759244763833,false,false,none,none,"marginal gaussian (robust), per-axis q < 0.01",false,none
g0266,,drugA,10,24,strain,WT,mutant,WT | mutant,-0.048588592950437715,-0.20077032397758465,0.15218173102714694,0.13758631990056147,1.6855029958722458,-1.5479166759716843,0.040794410113086974,0.9805426278470397,-0.9397482177339528,false,false,none,none,"marginal gaussian (robust), per-axis q < 0.01",false,none
g0267,,drugA,10,24,strain,WT,mutant,WT | mutant,-0.08008052067724591,0.07135910768798048,-0.1514396283652264,0.22855916635345624,0.11851980556633107,0.11003936078712517,0.049526486932250556,0.025487849007491938,0.02403863792475862,false,false,none,none,"marginal gaussian (robust), per-axis q < 0.01",false,none
g0268,,drugA,10,24,strain,WT,mutant,WT | mutant,-2.5197108179384333,-2.3057672737886534,-0.2139435441497799,4.113128571624965,4.168419787082816,-0.055291215457851095,2.8234913717811403,2.752254958304579,0.07123641347656129,true,true,down,down,"marginal gaussian (robust), per-axis q < 0.01",true,"down, down"
g0269,,drugA,10,24,strain,WT,mutant,WT | mutant,-1.3683308150206308,-1.5134799314177325,0.1451491163971017,3.0003743825589773,3.6935774724906216,-0.6932030899316444,2.0419087948014876,2.5292246167061845,-0.4873158219046969,true,true,down,down,"marginal gaussian (robust), per-axis q < 0.01",true,"down, down"
g0270,,drugA,10,24,strain,WT,mutant,WT | mutant,-0.046579441169055436,0.09026907531762962,-0.13684851648668506,0.28555724605183297,0.3450001968225478,-0.05944295077071482,0.07882602880019744,0.08217749438386074,-0.003351465583663296,false,false,none,none,"marginal gaussian (robust), per-axis q < 0.01",false,none
g0271,,drugA,10,24,strain,WT,mutant,WT | mutant,2.2609924118434854,2.1902936475685184,0.07069876427496702,2.3994436271591755,2.386527520750672,0.012916106408503492,1.6476909195499418,1.616626345792451,0.031064573757490832,true,true,up,up,"marginal gaussian (robust), per-axis q < 0.01",true,"up, up"
g0272,,drugA,10,24,strain,WT,mutant,WT | mutant,2.572550616573709,2.6554843990504313,-0.08293378247672223,4.231502330538871,2.6419379074032605,1.5895644231356103,2.842927525342463,1.8039209125475748,1.039006612794888,true,true,up,up,"marginal gaussian (robust), per-axis q < 0.01",true,"up, up"
g0273,,drugA,10,24,strain,WT,mutant,WT | mutant,0.08335852420791845,0.10181748104517307,-0.018458956837254625,0.29231705818432324,0.16225321653969968,0.13006384164462356,0.07882602880019744,0.03629143007112007,0.042534598729077375,false,false,none,none,"marginal gaussian (robust), per-axis q < 0.01",false,none
g0274,,drugA,10,24,strain,WT,mutant,WT | mutant,0.1183015878404099,-0.007721983671970634,0.12602357151238053,0.46934297173094175,0.02169516753267005,0.4476478041982717,0.1477149561651469,0.006736383962732256,0.14097857220241464,false,false,none,none,"marginal gaussian (robust), per-axis q < 0.01",false,none
g0275,,drugA,10,24,strain,WT,mutant,WT | mutant,0.10125692817343879,-0.015217742031929937,0.11647467020536872,0.19742384017926454,0.05205832373322062,0.14536551644604392,0.04704998528158453,0.019965157479828043,0.027084827801756486,false,false,none,none,"marginal gaussian (robust), per-axis q < 0.01",false,none
g0276,,drugA,10,24,strain,WT,mutant,WT | mutant,0.09300044250012007,-0.024131713362857354,0.11713215586297743,0.23701323104078667,0.09598867870214822,0.14102455233863845,0.05074506773683497,0.025487849007491938,0.025257218729343035,false,false,none,none,"marginal gaussian (robust), per-axis q < 0.01",false,none
g0277,,drugA,10,24,strain,WT,mutant,WT | mutant,-0.09504887544246099,0.14370971528521714,-0.23875859072767813,0.17367588310858595,0.5834227679378243,-0.4097468848292384,0.042044064074253276,0.1734182478644061,-0.1313741837901528,false,false,none,none,"marginal gaussian (robust), per-axis q < 0.01",false,none
g0278,,drugA,10,24,strain,WT,mutant,WT | mutant,0.8954701252120643,1.694496372351466,-0.7990262471394018,2.0283717976234117,2.8818798169853697,-0.853508019361958,1.3558003360618025,1.9530554081084812,-0.5972550720466787,false,true,none,up,"marginal gaussian (robust), per-axis q < 0.01",true,"up, up"
g0279,,drugA,10,24,strain,WT,mutant,WT | mutant,0.019952646883309555,0.0681542447649246,-0.048201597881615044,0.12970590783763689,0.19073655030904602,-0.06103064247140913,0.040794410113086974,0.03837680918386584,0.0024176009292211365,false,false,none,none,"marginal gaussian (robust), per-axis q < 0.01",false,none
g0280,,drugA,10,24,strain,WT,mutant,WT | mutant,-0.018427966311601374,0.13405669076415982,-0.1524846570757612,0.061726268653518865,0.4844021652439551,-0.4226758965904362,0.023420166068329425,0.13959324500138667,-0.11617307893305726,false,false,none,none,"marginal gaussian (robust), per-axis q < 0.01",false,none
g0281,,drugA,10,24,strain,WT,mutant,WT | mutant,0.010772386586986649,-0.15271519210211526,0.1634875786891019,0.057886532117336596,1.1916266816959553,-1.1337401495786188,0.023420166068329425,0.6024616708391793,-0.5790415047708499,false,false,none,none,"marginal gaussian (robust), per-axis q < 0.01",false,none
g0282,,drugA,10,24,strain,WT,mutant,WT | mutant,-0.06972125558609577,0.29299247803683137,-0.36271373362292714,0.21681019014422184,1.42643420735276,-1.2096240172085382,0.04827656936685171,0.7562359455867657,-0.7079593762199139,false,false,none,none,"marginal gaussian (robust), per-axis q < 0.01",false,none
g0283,,drugA,10,24,strain,WT,mutant,WT | mutant,-0.23647795587354814,-0.17415860221357704,-0.0623193536599711,0.8190923194734588,0.7520467976245189,0.06704552184893997,0.3326114644619988,0.2866639461761006,0.045947518285898215,false,false,none,none,"marginal gaussian (robust), per-axis q < 0.01",false,none
g0284,,drugA,10,24,strain,WT,mutant,WT | mutant,-0.7994262031384309,-0.8182826213357233,0.018856418197292335,3.3927602886751402,1.9048620276417962,1.487898261033344,2.316101044855655,1.175078075891558,1.141022968964097,false,false,none,none,"marginal gaussian (robust), per-axis q < 0.01",false,none
g0285,,drugA,10,24,strain,WT,mutant,WT | mutant,-0.03801987553906461,-0.1655007810411675,0.1274809055021029,0.059259323552507744,0.5303620809693087,-0.47110275741680097,0.023420166068329425,0.15047774077561724,-0.12705757470728782,false,false,none,none,"marginal gaussian (robust), per-axis q < 0.01",false,none
g0286,,drugA,10,24,strain,WT,mutant,WT | mutant,0.088455259591667,-0.00806120281210454,0.09651646240377154,0.268291066693847,0.012552439377487885,0.2557386273163591,0.06911298733265735,0.00535402349933228,0.06375896383332506,false,false,none,none,"marginal gaussian (robust), per-axis q < 0.01",false,none
g0287,,drugA,10,24,strain,WT,mutant,WT | mutant,-0.3841137620404096,0.020513557350088085,-0.4046273193904977,1.5921666729249266,0.0649965640187307,1.527170108906196,0.9768906153177501,0.0209617890114382,0.9559288263063119,false,false,none,none,"marginal gaussian (robust), per-axis q < 0.01",false,none
g0288,,drugA,10,24,strain,WT,mutant,WT | mutant,-0.11078819133908269,0.05134492697229831,-0.162133118311381,0.2824328569493479,0.13857126486387542,0.14386159208547247,0.07760227503714659,0.029596740454438338,0.04800553458270825,false,false,none,none,"marginal gaussian (robust), per-axis q < 0.01",false,none
g0289,,drugA,10,24,strain,WT,mutant,WT | mutant,0.1741315597476607,0.05435144941583481,0.1197801103318259,0.379963146425537,0.1919699546597578,0.18799319176577922,0.10976330833504057,0.03837680918386584,0.07138649915117473,false,false,none,none,"marginal gaussian (robust), per-axis q < 0.01",false,none
g0290,,drugA,10,24,strain,WT,mutant,WT | mutant,-0.05022735436294923,-0.18394246201624043,0.1337151076532912,0.26558118804954217,0.4026758311091204,-0.13709464305957825,0.06827104482347188,0.09806154152183015,-0.029790496698358274,false,false,none,none,"marginal gaussian (robust), per-axis q < 0.01",false,none
g0291,,drugA,10,24,strain,WT,mutant,WT | mutant,0.06721355923350547,-0.1462329267208009,0.21344648595430638,0.27647487506291596,0.6623510584227893,-0.38587618335987334,0.07353664682841958,0.2226466983951463,-0.14911005156672674,false,false,none,none,"marginal gaussian (robust), per-axis q < 0.01",false,none
g0292,,drugA,10,24,strain,WT,mutant,WT | mutant,-0.20458847676288627,0.14433357360864463,-0.3489220503715309,0.6366197672051306,0.6809257228240162,-0.04430595561888562,0.2242420473360978,0.23434743593401258,-0.010105388597914794,false,false,none,none,"marginal gaussian (robust), per-axis q < 0.01",false,none
g0293,,drugA,10,24,strain,WT,mutant,WT | mutant,-1.422588937365342,-1.3154477314098152,-0.10714120595552679,4.523052564992387,4.268796437076277,0.2542561279161095,2.960008016300646,2.7856848186674275,0.17432319763321846,true,true,down,down,"marginal gaussian (robust), per-axis q < 0.01",true,"down, down"
g0294,,drugA,10,24,strain,WT,mutant,WT | mutant,-1.5651222020350604,-1.4275675384746522,-0.13755466356040813,4.455938496100439,3.633272485333638,0.8226660107668007,2.960008016300646,2.485952968847981,0.4740550474526648,true,true,down,down,"marginal gaussian (robust), per-axis q < 0.01",true,"down, down"
g0295,,drugA,10,24,strain,WT,mutant,WT | mutant,-0.02005549918700833,0.0654734841366702,-0.08552898332367853,0.060743911040006274,0.15141187251998636,-0.09066796147998009,0.023420166068329425,0.03629143007112007,-0.012871264002790643,false,false,none,none,"marginal gaussian (robust), per-axis q < 0.01",false,none
g0296,,drugA,10,24,strain,WT,mutant,WT | mutant,-0.06650971805924755,0.07083046969158069,-0.13734018775082824,0.10147008827354248,0.5514261918501213,-0.44995610357657884,0.031127172205285575,0.15939504278860403,-0.12826787058331846,false,false,none,none,"marginal gaussian (robust), per-axis q < 0.01",false,none
g0297,,drugA,10,24,strain,WT,mutant,WT | mutant,-0.11491016789688047,0.12823991123325307,-0.24315007913013353,0.28619093535823453,0.605362811513843,-0.31917187615560844,0.07882602880019744,0.18310689044688805,-0.1042808616466906,false,false,none,none,"marginal gaussian (robust), per-axis q < 0.01",false,none
g0298,,drugA,10,24,strain,WT,mutant,WT | mutant,-0.01655795971350571,-0.023729466355735696,0.007171506642229986,0.03700424657367904,0.11796168581267039,-0.08095743923899135,0.017749002318509937,0.025487849007491938,-0.0077388466889820005,false,false,none,none,"marginal gaussian (robust), per-axis q < 0.01",false,none
g0299,,drugA,10,24,strain,WT,mutant,WT | mutant,0.04347180101272485,0.2630318920181942,-0.21956009100546936,0.1651293172985681,1.4877258402622437,-1.3225965229636756,0.042044064074253276,0.8062465680865605,-0.7642025040123072,false,false,none,none,"marginal gaussian (robust), per-axis q < 0.01",false,none
g0300,,drugA,10,24,strain,WT,mutant,WT | mutant,0.18691419966729939,0.24962686571808845,-0.06271266605078907,0.8180962826664633,0.5786951682283903,0.239401114438073,0.3326114644619988,0.1717383412369773,0.1608731232250215,false,false,none,none,"marginal gaussian (robust), per-axis q < 0.01",false,none
g0301,,drugA,10,24,strain,WT,mutant,WT | mutant,0.33782239893445265,-0.04587016686269685,0.3836925657971495,1.261547658632529,0.1938165133005594,1.0677311453319696,0.6881076700729345,0.03837680918386584,0.6497308608890686,false,false,none,none,"marginal gaussian (robust), per-axis q < 0.01",false,none
g0302,,drugA,10,24,strain,WT,mutant,WT | mutant,0.06249224576092516,0.26814359090932083,-0.20565134514839567,0.12380096653464462,1.2524380155017245,-1.1286370489670798,0.03901685261075118,0.653932978390805,-0.6149161257800538,false,false,none,none,"marginal gaussian (robust), per-axis q < 0.01",false,none
g0303,,drugA,10,24,strain,WT,mutant,WT | mutant,-0.007890787868706894,-0.18842194615021413,0.18053115828150723,0.04025399857875704,1.40054346465528,-1.3602894660765228,0.018933661282665167,0.7413405871907489,-0.7224069259080838,false,false,none,none,"marginal gaussian (robust), per-axis q < 0.01",false,none
g0304,,drugA,10,24,strain,WT,mutant,WT | mutant,0.054603672594689456,-0.10079960949379174,0.1554032820884812,0.1526932606720243,0.2792365662262795,-0.12654330555425522,0.042044064074253276,0.05956611699547667,-0.017522052921223392,false,false,none,none,"marginal gaussian (robust), per-axis q < 0.01",false,none
g0305,,drugA,10,24,strain,WT,mutant,WT | mutant,0.055097105822204284,-0.14151398526177417,0.19661109108397845,0.20551442808719597,0.33335370307837786,-0.1278392749911819,0.04704998528158453,0.0785568765351161,-0.03150689125353157,false,false,none,none,"marginal gaussian (robust), per-axis q < 0.01",false,none
g0306,,drugA,10,24,strain,WT,mutant,WT | mutant,-0.05296051817095915,0.0012787338897304323,-0.05423925206068958,0.11013879774629823,0.0023837428299672554,0.10775505491633097,0.034023449994653156,0.0011922620225485422,0.03283118797210462,false,false,none,none,"marginal gaussian (robust), per-axis q < 0.01",false,none
g0307,,drugA,10,24,strain,WT,mutant,WT | mutant,2.3328603419261746,2.186723833932687,0.14613650799348754,4.112225526723636,,,2.8234913717811403,,,true,false,up,none,"marginal gaussian (robust), per-axis q < 0.01",true,"up, up"
g0308,,drugA,10,24,strain,WT,mutant,WT | mutant,0.14285630272658345,-0.14168721025109043,0.2845435129776739,0.21556757986620204,0.5885471344889202,-0.37297955462271815,0.04827656936685171,0.17547338268782525,-0.12719681332097355,false,false,none,none,"marginal gaussian (robust), per-axis q < 0.01",false,none
g0309,,drugA,10,24,strain,WT,mutant,WT | mutant,0.018971095104529212,-0.3476235683629234,0.3665946634674526,0.03346419925222075,1.3035641492954833,-1.2700999500432626,0.017749002318509937,0.6911044543909461,-0.6733554520724362,false,false,none,none,"marginal gaussian (robust), per-axis q < 0.01",false,none
g0310,,drugA,10,24,strain,WT,mutant,WT | mutant,-0.04134723511947236,0.032179845357578785,-0.07352708047705114,0.4416865533955041,0.08040505052192637,0.36128150287357774,0.13736914395247724,0.022667853243302397,0.11470129070917484,false,false,none,none,"marginal gaussian (robust), per-axis q < 0.01",false,none
g0311,,drugA,10,24,strain,WT,mutant,WT | mutant,-1.9547032922720575,-1.908963295435841,-0.045739996836216434,2.9525334519813997,4.56444460911067,-1.6119111571292706,2.0236144588672977,3.0021517446541957,-0.9785372857868979,true,true,down,down,"marginal gaussian (robust), per-axis q < 0.01",true,"down, down"
g0312,,drugA,10,24,strain,WT,mutant,WT | mutant,-1.0094959725524726,-0.8849416837766455,-0.12455428877582708,2.172109191318921,1.8518460195015523,0.32026317181736874,1.446292217804087,1.1408115037641529,0.30548071403993404,true,false,down,none,"marginal gaussian (robust), per-axis q < 0.01",true,"down, down"
g0313,,drugA,10,24,strain,WT,mutant,WT | mutant,2.090068066282063,2.0183792140291246,0.07168885225293842,4.864948331315489,3.1816318400192816,1.6833164912962073,2.960008016300646,2.1601163058699457,0.7998917104307002,true,true,up,up,"marginal gaussian (robust), per-axis q < 0.01",true,"up, up"
g0314,,drugA,10,24,strain,WT,mutant,WT | mutant,-0.06413864349089593,-0.05372219268157785,-0.010416450809318079,0.21597454518596917,0.11189343854190145,0.10408110664406772,0.04827656936685171,0.025487849007491938,0.02278872035935977,false,false,none,none,"marginal gaussian (robust), per-axis q < 0.01",false,none
g0315,,drugA,10,24,strain,WT,mutant,WT | mutant,0.06232498676195064,-0.09789217903461278,0.16021716579656342,0.3414289475011029,0.45928912581061787,-0.11786017830951495,0.09212282260404231,0.1325247082616921,-0.040401885657649794,false,false,none,none,"marginal gaussian (robust), per-axis q < 0.01",false,none
g0316,,drugA,10,24,strain,WT,mutant,WT | mutant,-0.1340920384808424,0.06071908088781175,-0.19481111936865414,0.6067175490527464,0.3021865577194785,0.30453099133326794,0.2064043405850942,0.06765742280319526,0.13874691778189893,false,false,none,none,"marginal gaussian (robust), per-axis q < 0.01",false,none
g0317,,drugA,10,24,strain,WT,mutant,WT | mutant,0.21133329023168201,0.0014929095265543424,0.20984038070512767,1.6077464137263089,0.00249123737976315,1.6052551763465457,0.9875630216243882,0.0011922620225485422,0.9863707596018397,false,false,none,none,"marginal gaussian (robust), per-axis q < 0.01",false,none
g0318,,drugA,10,24,strain,WT,mutant,WT | mutant,-2.5305862659510314,-2.70179590187235,0.17120963592131844,4.667146697730155,1.3773257560432566,3.289820941686899,2.960008016300646,0.7235179104654316,2.2364901058352142,true,true,down,down,"marginal gaussian (robust), per-axis q < 0.01",true,"down, down"
g0319,,drugA,10,24,strain,WT,mutant,WT | mutant,0.09088546909450379,0.08640044208258679,0.004485027011916998,0.21500262494690348,0.4128381089861047,-0.1978354840392012,0.04827656936685171,0.10581774963293603,-0.05754118026608432,false,false,none,none,"marginal gaussian (robust), per-axis q < 0.01",false,none
g0320,,drugA,10,24,strain,WT,mutant,WT | mutant,-0.9008908007395702,-1.5514370673614781,0.650546266621908,2.0634804382186576,2.8066843563894945,-0.743203918170837,1.3796279662473596,1.8878441684192073,-0.5082162021718477,false,true,none,down,"marginal gaussian (robust), per-axis q < 0.01",true,"down, down"
g0321,,drugA,10,24,strain,WT,mutant,WT | mutant,0.5342870211031459,0.6533350677302225,-0.11904804662707669,1.6653243181663124,1.6027528503713897,0.06257146779492273,1.0351567051577908,0.9096917056458911,0.1254649995118997,false,false,none,none,"marginal gaussian (robust), per-axis q < 0.01",false,none
g0322,,drugA,10,24,strain,WT,mutant,WT | mutant,0.022084147042328084,-0.05723762189761139,0.07932176893993947,0.11734643653215958,0.15087359999789104,-0.033527163465731466,0.037164577528843494,0.03629143007112007,0.0008731474577234263,false,false,none,none,"marginal gaussian (robust), per-axis q < 0.01",false,none
g0323,,drugA,10,24,strain,WT,mutant,WT | mutant,0.508120824402603,0.763412119131532,-0.255291294728929,1.8932203496892699,2.9405205521145303,-1.0473002024252605,1.2423681378208975,1.9802876789860182,-0.7379195411651207,false,false,none,none,"marginal gaussian (robust), per-axis q < 0.01",false,none
g0324,,drugA,10,24,strain,WT,mutant,WT | mutant,-0.012248415462084772,-0.032559555486438185,0.020311140024353413,0.03953168118447888,0.09089687838145667,-0.05136519719697779,0.018933661282665167,0.025487849007491938,-0.006554187724826771,false,false,none,none,"marginal gaussian (robust), per-axis q < 0.01",false,none
g0325,,drugA,10,24,strain,WT,mutant,WT | mutant,-0.06085548805947116,-0.026507233573375366,-0.0343482544860958,0.2052020898130528,0.07447549364686933,0.13072659616618348,0.04704998528158453,0.022667853243302397,0.024382132038282132,false,false,none,none,"marginal gaussian (robust), per-axis q < 0.01",false,none
g0326,,drugA,10,24,strain,WT,mutant,WT | mutant,0.17487620087850253,0.12411055523988423,0.050765645638618295,1.036845307018882,0.5052195416925999,0.531625765326282,0.4974851080315629,0.15047774077561724,0.3470073672559456,false,false,none,none,"marginal gaussian (robust), per-axis q < 0.01",false,none
g0327,,drugA,10,24,strain,WT,mutant,WT | mutant,0.08167974720334925,0.1906732680441774,-0.10899352084082814,0.2966605209501833,0.7788540718854373,-0.482193550935254,0.07882602880019744,0.29630272355345155,-0.2174766947532541,false,false,none,none,"marginal gaussian (robust), per-axis q < 0.01",false,none
g0328,,drugA,10,24,strain,WT,mutant,WT | mutant,-0.8705399193406524,0.1077296880161338,-0.9782696073567863,2.469703679650469,0.2328726573495315,2.2368310223009376,1.6876904563855657,0.041647655164792984,1.6460428012207726,false,false,none,none,"marginal gaussian (robust), per-axis q < 0.01",false,none
g0329,,drugA,10,24,strain,WT,mutant,WT | mutant,0.1593524353332647,-0.019423046592070392,0.1787754819253351,0.2254905286990829,0.19409719515178678,0.03139333354729612,0.049526486932250556,0.03837680918386584,0.011149677748384719,false,false,none,none,"marginal gaussian (robust), per-axis q < 0.01",false,none
g0330,,drugA,10,24,strain,WT,mutant,WT | mutant,-2.3794755610558296,-4.437566774760805,2.0580912137049756,2.9889672081533316,4.2244372160585995,-1.2354700079052678,2.0419087948014876,2.7760877039089613,-0.7341789091074737,true,true,down,down,"marginal gaussian (robust), per-axis q < 0.01",true,"down, down"
g0331,,drugA,10,24,strain,WT,mutant,WT | mutant,0.0782181949752001,-0.08427305518110906,0.16249125015630916,0.1788437226405559,0.17204585136636813,0.006797871274187767,0.042044064074253276,0.03629143007112007,0.0057526340031332085,false,false,none,none,"marginal gaussian (robust), per-axis q < 0.01",false,none
g0332,,drugA,10,24,strain,WT,mutant,WT | mutant,0.01913187535553007,0.12932127477806254,-0.11018939942253247,0.08777092236939749,0.30625750341512376,-0.21848658104572627,0.028899748818892724,0.06765742280319526,-0.038757673984302535,false,false,none,none,"marginal gaussian (robust), per-axis q < 0.01",false,none
g0333,,drugA,10,24,strain,WT,mutant,WT | mutant,0.9122371064724204,1.7018925112192047,-0.7896554047467843,2.6449414068013954,3.3470399560244513,-0.7020985492230558,1.811588202932595,2.291407143824494,-0.47981894089189914,false,true,none,up,"marginal gaussian (robust), per-axis q < 0.01",true,"up, up"
g0334,,drugA,10,24,strain,WT,mutant,WT | mutant,-0.08311000604359897,0.028940337446362818,-0.11205034348996179,0.14706497095074536,0.049474585755776915,0.09759038519496845,0.040794410113086974,0.01970999294263385,0.021084417170453125,false,false,none,none,"marginal gaussian (robust), per-axis q < 0.01",false,none
g0335,,drugA,10,24,strain,WT,mutant,WT | mutant,-0.24090786364350514,-0.03405256429264014,-0.206855299350865,1.3841152570795328,0.11082918360247629,1.2732860734770566,0.7879321413813785,0.025487849007491938,0.7624442923738866,false,false,none,none,"marginal gaussian (robust), per-axis q < 0.01",false,none
g0336,,drugA,10,24,strain,WT,mutant,WT | mutant,0.06601319059655353,-0.1448565396783703,0.21086973027492384,0.3250691317435521,0.5329763017624689,-0.2079071700189168,0.0887826709302005,0.15047774077561724,-0.06169506984541674,false,false,none,none,"marginal gaussian (robust), per-axis q < 0.01",false,none
g0337,,drugA,10,24,strain,WT,mutant,WT | mutant,0.13999684870380769,0.04361915862802945,0.09637769007577823,0.4491450298955603,0.11881847148997972,0.3303265584055806,0.1421575405126555,0.025487849007491938,0.11666969150516357,false,false,none,none,"marginal gaussian (robust), per-axis q < 0.01",false,none
g0338,,drugA,10,24,strain,WT,mutant,WT | mutant,0.13242635828135008,-0.046260067415662576,0.17868642569701265,0.290572269940248,0.09364432989188444,0.19692794004836356,0.07882602880019744,0.025487849007491938,0.053338179792705505,false,false,none,none,"marginal gaussian (robust), per-axis q < 0.01",false,none
g0339,,drugA,10,24,strain,WT,mutant,WT | mutant,-0.04401464395370169,0.15757782125282205,-0.20159246520652374,0.09993092002650956,0.30387219657008213,-0.20394127654357258,0.031127172205285575,0.06765742280319526,-0.03653025059790968,false,false,none,none,"marginal gaussian (robust), per-axis q < 0.01",false,none
g0340,,drugA,10,24,strain,WT,mutant,WT | mutant,2.5844355819659057,4.320939895619119,-1.7365043136532137,3.127289274448044,4.648863622193653,-1.5215743477456085,2.1007377333283346,3.0021517446541957,-0.9014140113258611,true,true,up,up,"marginal gaussian (robust), per-axis q < 0.01",true,"up, up"
g0341,,drugA,10,24,strain,WT,mutant,WT | mutant,-0.04055883437632346,-0.015686410868735123,-0.024872423507588337,0.08147927947732955,0.060762889748566515,0.020716389728763038,0.026015737556343094,0.02069747676068945,0.005318260795653645,false,false,none,none,"marginal gaussian (robust), per-axis q < 0.01",false,none
g0342,,drugA,10,24,strain,WT,mutant,WT | mutant,1.6322723660021143,1.7160085070692794,-0.08373614106716509,3.689448787557932,2.6773606070845846,1.0120881804733473,2.52272273197788,1.8095802835260262,0.7131424484518538,true,true,up,up,"marginal gaussian (robust), per-axis q < 0.01",true,"up, up"
g0343,,drugA,10,24,strain,WT,mutant,WT | mutant,-0.036314680178886505,-0.1445836341185993,0.10826895393971281,0.09403738968830695,0.19618047439716463,-0.10214308470885768,0.0304305876539691,0.03837680918386584,-0.007946221529896737,false,false,none,none,"marginal gaussian (robust), per-axis q < 0.01",false,none
g0344,,drugA,10,24,strain,WT,mutant,WT | mutant,-0.5308540267429134,-0.47943582782346184,-0.05141819891945154,1.9880495097765065,1.1604273906232576,0.8276221191532489,1.3264734325163607,0.581085975442091,0.7453874570742698,false,false,none,none,"marginal gaussian (robust), per-axis q < 0.01",false,none
g0345,,drugA,10,24,strain,WT,mutant,WT | mutant,0.16117352054138934,0.021329885938548898,0.13984363460284044,0.36682927591127223,0.09966399200249801,0.26716528390877425,0.09882840192071402,0.025487849007491938,0.07334055291322208,false,false,none,none,"marginal gaussian (robust), per-axis q < 0.01",false,none
g0346,,drugA,10,24,strain,WT,mutant,WT | mutant,-0.01615337141638129,-0.020704133253875767,0.004550761837494477,0.05434558929307019,0.05976759672336998,-0.005422007430299788,0.021158442083235973,0.02069747676068945,0.0004609653225465249,false,false,none,none,"marginal gaussian (robust), per-axis q < 0.01",false,none
g0347,,drugA,10,24,strain,WT,mutant,WT | mutant,0.0012213904769033945,0.1351859988509494,-0.133964608374046,0.0028547532612453893,0.3289098366760856,-0.3260550834148402,0.0020639991485128673,0.07624713964550964,-0.07418314049699677,false,false,none,none,"marginal gaussian (robust), per-axis q < 0.01",false,none
g0348,,drugA,10,24,strain,WT,mutant,WT | mutant,-0.16521471119718178,-0.15401134210767964,-0.011203369089502146,0.339870510249166,0.39793940809813594,-0.05806889784896996,0.09212282260404231,0.09571793162673602,-0.003595109022693707,false,false,none,none,"marginal gaussian (robust), per-axis q < 0.01",false,none
g0349,,drugA,10,24,strain,WT,mutant,WT | mutant,0.0561787991558802,-0.25760542353293303,0.31378422268881323,0.15671752287413215,1.1566071056323208,-0.9998895827581886,0.042044064074253276,0.581085975442091,-0.5390419113678376,false,false,none,none,"marginal gaussian (robust), per-axis q < 0.01",false,none
g0350,,drugA,10,24,strain,WT,mutant,WT | mutant,0.15549648523725956,-0.03734519073044673,0.1928416759677063,0.3136880043058431,0.20423234015851038,0.10945566414733271,0.08353209545056894,0.0407555126278613,0.042776582822707646,false,false,none,none,"marginal gaussian (robust), per-axis q < 0.01",false,none
g0351,,drugA,10,24,strain,WT,mutant,WT | mutant,-0.07761599075020165,0.0684515577035274,-0.14606754845372905,0.16287907928372297,0.2439610195463608,-0.08108194026263782,0.042044064074253276,0.04339599110747892,-0.0013519270332256472,false,false,none,none,"marginal gaussian (robust), per-axis q < 0.01",false,none
g0352,,drugA,10,24,strain,WT,mutant,WT | mutant,0.057764176990250604,0.1152444848754044,-0.05748030788515379,0.11208301539384483,0.3256203039141203,-0.21353728852027545,0.034555326618942,0.07529647722185734,-0.04074115060291534,false,false,none,none,"marginal gaussian (robust), per-axis q < 0.01",false,none
g0353,,drugA,10,24,strain,WT,mutant,WT | mutant,1.8847643112832237,2.107369654315354,-0.22260534303213042,4.476612595039845,4.047792169571955,0.42882042546789023,2.960008016300646,2.7387083930177014,0.2212996232829445,true,true,up,up,"marginal gaussian (robust), per-axis q < 0.01",true,"up, up"
g0354,,drugA,10,24,strain,WT,mutant,WT | mutant,0.2559560360788007,0.08863939374851793,0.16731664233028276,1.0001353697952344,0.21403206126084376,0.7861033085343907,0.46889306103009476,0.0407555126278613,0.42813754840223345,false,false,none,none,"marginal gaussian (robust), per-axis q < 0.01",false,none
g0355,,drugA,10,24,strain,WT,mutant,WT | mutant,0.020462222802471786,-0.07623911021349805,0.09670133301596984,0.08547346522404439,0.42296540735126564,-0.3374919421272212,0.028663272667785965,0.1110925452036849,-0.08242927253589893,false,false,none,none,"marginal gaussian (robust), per-axis q < 0.01",false,none
g0356,,drugA,10,24,strain,WT,mutant,WT | mutant,-0.8831066121813294,-0.9155042268348748,0.032397614653545403,2.1491057540948124,2.7107358119884073,-0.5616300578935949,1.4356980385617983,1.8205408054676504,-0.38484276690585206,false,false,none,none,"marginal gaussian (robust), per-axis q < 0.01",false,none
g0357,,drugA,10,24,strain,WT,mutant,WT | mutant,-1.608713238408618,-1.589871382017769,-0.01884185639084901,2.88800108220704,2.7423245743619775,0.14567650784506236,1.9860928496365244,1.8427895415870768,0.1433033080494477,true,true,down,down,"marginal gaussian (robust), per-axis q < 0.01",true,"down, down"
g0358,,drugA,10,24,strain,WT,mutant,WT | mutant,2.5506335551746613,2.38116208206379,0.16947147311087107,4.669240934144689,4.017425975546053,0.6518149585986359,2.960008016300646,2.7338867120424077,0.22612130425823818,true,true,up,up,"marginal gaussian (robust), per-axis q < 0.01",true,"up, up"
g0359,,drugA,10,24,strain,WT,mutant,WT | mutant,0.06540614077457718,-0.0048685541525319564,0.07027469492710914,0.13667751399285002,0.013452506403309101,0.12322500758954093,0.040794410113086974,0.00535402349933228,0.03544038661375469,false,false,none,none,"marginal gaussian (robust), per-axis q < 0.01",false,none
g0360,,drugA,10,24,strain,WT,mutant,WT | mutant,0.05276801736443559,-0.06163084067022773,0.11439885803466332,0.20850246635723402,0.2268823972738202,-0.018379930916586185,0.04704998528158453,0.0407555126278613,0.006294472653723231,false,false,none,none,"marginal gaussian (robust), per-axis q < 0.01",false,none
g0361,,drugA,10,24,strain,WT,mutant,WT | mutant,0.01360153288759669,-0.1579887240818536,0.1715902569694503,0.033411804544811456,0.5185463732980282,-0.48513456875321675,0.017749002318509937,0.15047774077561724,-0.1327287384571073,false,false,none,none,"marginal gaussian (robust), per-axis q < 0.01",false,none
g0362,,drugA,10,24,strain,WT,mutant,WT | mutant,-1.686195035259411,-1.5454353566172987,-0.14075967864211236,2.3898856936432926,2.346040825703174,0.04384486794011844,1.644763564933072,1.583088510700281,0.06167505423279107,true,true,down,down,"marginal gaussian (robust), per-axis q < 0.01",true,"down, down"
g0363,,drugA,10,24,strain,WT,mutant,WT | mutant,0.1376920584768282,0.021020149262222176,0.11667190921460602,0.523301882239143,0.03645839776425571,0.4868434844748873,0.1711009582432189,0.014495008098654736,0.15660595014456416,false,false,none,none,"marginal gaussian (robust), per-axis q < 0.01",false,none
g0364,,drugA,10,24,strain,WT,mutant,WT | mutant,-0.15775748057704675,-0.20477419538176367,0.04701671480471692,1.0557385630509224,0.552350183652724,0.5033883793981984,0.5092182430752313,0.15939504278860403,0.3498232002866273,false,false,none,none,"marginal gaussian (robust), per-axis q < 0.01",false,none
g0365,,drugA,10,24,strain,WT,mutant,WT | mutant,2.2144758644908826,2.0920697917165123,0.12240607277437032,3.1213357532301482,3.9370341182386954,-0.8156983650085472,2.1007377333283346,2.675771249446202,-0.5750335161178675,true,true,up,up,"marginal gaussian (robust), per-axis q < 0.01",true,"up, up"
g0366,,drugA,10,24,strain,WT,mutant,WT | mutant,-0.04677300512890348,-0.04267097086533056,-0.004102034263572918,0.13880115015165534,0.1230351628083864,0.015765987343268936,0.040794410113086974,0.025487849007491938,0.015306561105595036,false,false,none,none,"marginal gaussian (robust), per-axis q < 0.01",false,none
g0367,,drugA,10,24,strain,WT,mutant,WT | mutant,0.2551692212711201,0.2850990248992753,-0.029929803628155227,0.5186576696995799,1.1489942048877209,-0.6303365351881409,0.1711009582432189,0.5779274161237409,-0.40682645788052196,false,false,none,none,"marginal gaussian (robust), per-axis q < 0.01",false,none
g0368,,drugA,10,24,strain,WT,mutant,WT | mutant,0.15388557734953068,-0.1092036653134798,0.2630892426630105,0.5509444085179375,0.8051435477079026,-0.2541991391899652,0.1774606149213119,0.3034296028892055,-0.1259689879678936,false,false,none,none,"marginal gaussian (robust), per-axis q < 0.01",false,none
