uniqID,strain,cmpd,dose,time,rep,value,peptides
g0001,WT,drugA,2.5,6,1,170.75,
g0001,WT,drugA,2.5,6,2,156.2308,
g0001,WT,drugA,2.5,6,3,122.0404,
g0001,WT,drugA,5,6,1,189.3402,
g0001,WT,drugA,5,6,2,165.7493,
g0001,WT,drugA,5,6,3,176.6484,
g0001,WT,drugA,10,6,1,235.5281,
g0001,WT,drugA,10,6,2,236.1171,
g0001,WT,drugA,10,6,3,352.6634,
g0001,WT,DMSO,0,6,1,132.4991,
g0001,WT,DMSO,0,6,2,148.6823,
g0001,WT,DMSO,0,6,3,122.4553,
g0001,WT,drugA,2.5,24,1,196.5479,
g0001,WT,drugA,2.5,24,2,194.1721,
g0001,WT,drugA,2.5,24,3,164.3708,
g0001,WT,drugA,5,24,1,325.9218,
g0001,WT,drugA,5,24,2,280.5906,
g0001,WT,drugA,5,24,3,279.5932,
g0001,WT,drugA,10,24,1,624.3264,
g0001,WT,drugA,10,24,2,830.9521,
g0001,WT,drugA,10,24,3,612.7136,
g0001,WT,DMSO,0,24,1,117.6132,
g0001,WT,DMSO,0,24,2,122.2912,
g0001,WT,DMSO,0,24,3,108.1061,
g0001,mutant,drugA,2.5,6,1,113.2662,
g0001,mutant,drugA,2.5,6,2,124.4355,
g0001,mutant,drugA,2.5,6,3,136.4947,
g0001,mutant,drugA,5,6,1,120.9658,
g0001,mutant,drugA,5,6,2,150.8248,
g0001,mutant,drugA,5,6,3,161.0457,
g0001,mutant,drugA,10,6,1,167.9532,
g0001,mutant,drugA,10,6,3,150.4791,
g0001,mutant,DMSO,0,6,1,100.7544,
g0001,mutant,DMSO,0,6,2,120.7483,
g0001,mutant,DMSO,0,6,3,119.9376,
g0001,mutant,drugA,2.5,24,1,119.5465,
g0001,mutant,drugA,2.5,24,2,141.9089,
g0001,mutant,drugA,2.5,24,3,145.2903,
g0001,mutant,drugA,5,24,1,188.6048,
g0001,mutant,drugA,5,24,3,154.3687,
g0001,mutant,drugA,10,24,1,225.093,
g0001,mutant,drugA,10,24,2,182.1054,
g0001,mutant,drugA,10,24,3,214.1905,
g0001,mutant,DMSO,0,24,1,114.9938,
g0001,mutant,DMSO,0,24,2,117.0937,
g0001,mutant,DMSO,0,24,3,95.0378,
g0002,WT,drugA,2.5,6,1,1588.1409,
g0002,WT,drugA,2.5,6,2,1617.5376,
g0002,WT,drugA,2.5,6,3,1375.8866,
g0002,WT,drugA,5,6,1,2060.5518,
g0002,WT,drugA,5,6,2,1949.2839,
g0002,WT,drugA,5,6,3,2064.1552,
g0002,WT,drugA,10,6,1,2724.3359,
g0002,WT,drugA,10,6,2,2813.521,
g0002,WT,drugA,10,6,3,3111.9869,
g0002,WT,DMSO,0,6,1,995.8935,
g0002,WT,DMSO,0,6,2,1159.2949,
g0002,WT,DMSO,0,6,3,1117.4064,
g0002,WT,drugA,2.5,24,1,1628.407,
g0002,WT,drugA,2.5,24,2,1736.8496,
g0002,WT,drugA,2.5,24,3,1545.8623,
g0002,WT,drugA,5,24,1,2205.586,
g0002,WT,drugA,5,24,2,3031.6828,
g0002,WT,drugA,5,24,3,2538.7129,
g0002,WT,drugA,10,24,1,6504.3347,
g0002,WT,drugA,10,24,2,5672.6917,
g0002,WT,drugA,10,24,3,6921.1686,
g0002,WT,DMSO,0,24,1,1007.5372,
g0002,WT,DMSO,0,24,2,1047.2314,
g0002,WT,DMSO,0,24,3,1111.0212,
g0002,mutant,drugA,2.5,6,1,1156.4815,
g0002,mutant,drugA,2.5,6,2,1296.2755,
g0002,mutant,drugA,2.5,6,3,1227.2105,
g0002,mutant,drugA,5,6,1,1150.7173,
g0002,mutant,drugA,5,6,2,1468.8332,
g0002,mutant,drugA,5,6,3,1230.6207,
g0002,mutant,drugA,10,6,1,1832.2437,
g0002,mutant,drugA,10,6,2,1186.1443,
g0002,mutant,drugA,10,6,3,1626.6104,
g0002,mutant,DMSO,0,6,1,1137.4192,
g0002,mutant,DMSO,0,6,2,1190.6774,
g0002,mutant,DMSO,0,6,3,1124.704,
g0002,mutant,drugA,2.5,24,1,1197.9082,
g0002,mutant,drugA,2.5,24,2,1675.8538,
g0002,mutant,drugA,2.5,24,3,1303.7664,
g0002,mutant,drugA,5,24,1,1592.2278,
g0002,mutant,drugA,5,24,2,1695.3396,
g0002,mutant,drugA,5,24,3,1603.8397,
g0002,mutant,drugA,10,24,1,1982.5314,
g0002,mutant,drugA,10,24,2,2054.8383,
g0002,mutant,drugA,10,24,3,1906.7145,
g0002,mutant,DMSO,0,24,1,1181.5759,
g0002,mutant,DMSO,0,24,2,1064.6154,
g0002,mutant,DMSO,0,24,3,998.9506,
g0003,WT,drugA,2.5,6,1,492.0476,
g0003,WT,drugA,2.5,6,2,530.7413,
g0003,WT,drugA,2.5,6,3,502.912,
g0003,WT,drugA,5,6,1,509.7054,
g0003,WT,drugA,5,6,3,584.3567,
g0003,WT,drugA,10,6,1,1026.8267,
g0003,WT,drugA,10,6,2,834.1859,
g0003,WT,drugA,10,6,3,826.1569,
g0003,WT,DMSO,0,6,1,346.7548,
g0003,WT,DMSO,0,6,2,471.3559,
g0003,WT,DMSO,0,6,3,445.8577,
g0003,WT,drugA,2.5,24,1,579.6161,
g0003,WT,drugA,2.5,24,2,594.2839,
g0003,WT,drugA,2.5,24,3,664.3904,
g0003,WT,drugA,5,24,1,788.0138,
g0003,WT,drugA,5,24,2,843.0492,
g0003,WT,drugA,5,24,3,845.6302,
g0003,WT,drugA,10,24,1,2009.3973,
g0003,WT,drugA,10,24,2,1535.0585,
g0003,WT,drugA,10,24,3,2045.1672,
g0003,WT,DMSO,0,24,1,455.3715,
g0003,WT,DMSO,0,24,2,435.2647,
g0003,WT,DMSO,0,24,3,449.4274,
g0003,mutant,drugA,2.5,6,1,433.1451,
g0003,mutant,drugA,2.5,6,2,429.4461,
g0003,mutant,drugA,2.5,6,3,490.3051,
g0003,mutant,drugA,5,6,1,557.3097,
g0003,mutant,drugA,5,6,2,453.8185,
g0003,mutant,drugA,5,6,3,446.5158,
g0003,mutant,drugA,10,6,1,552.5833,
g0003,mutant,drugA,10,6,2,632.3665,
g0003,mutant,drugA,10,6,3,520.2709,
g0003,mutant,DMSO,0,6,1,476.6471,
g0003,mutant,DMSO,0,6,2,358.9521,
g0003,mutant,DMSO,0,6,3,351.6572,
g0003,mutant,drugA,2.5,24,1,440.3852,
g0003,mutant,drugA,2.5,24,2,500.7671,
g0003,mutant,drugA,2.5,24,3,432.7939,
g0003,mutant,drugA,5,24,1,459.0252,
g0003,mutant,drugA,5,24,2,573.9766,
g0003,mutant,drugA,5,24,3,514.7003,
g0003,mutant,drugA,10,24,1,829.0446,
g0003,mutant,drugA,10,24,2,600.8908,
g0003,mutant,drugA,10,24,3,751.683,
g0003,mutant,DMSO,0,24,1,378.7253,
g0003,mutant,DMSO,0,24,2,492.047,
g0003,mutant,DMSO,0,24,3,414.0435,
g0004,WT,drugA,2.5,6,1,830.0463,
g0004,WT,drugA,2.5,6,2,634.6981,
g0004,WT,drugA,2.5,6,3,726.2107,
g0004,WT,drugA,5,6,1,855.3953,
g0004,WT,drugA,5,6,2,879.8705,
g0004,WT,drugA,5,6,3,901.5582,
g0004,WT,drugA,10,6,1,780.9547,
g0004,WT,drugA,10,6,2,885.2879,
g0004,WT,drugA,10,6,3,769.7007,
g0004,WT,DMSO,0,6,1,758.0376,
g0004,WT,DMSO,0,6,2,860.6815,
g0004,WT,DMSO,0,6,3,932.4493,
g0004,WT,drugA,2.5,24,1,909.0664,
g0004,WT,drugA,2.5,24,2,797.679,
g0004,WT,drugA,2.5,24,3,771.1858,
g0004,WT,drugA,5,24,1,810.342,
g0004,WT,drugA,5,24,2,714.9105,
g0004,WT,drugA,5,24,3,769.2761,
g0004,WT,drugA,10,24,1,794.1272,
g0004,WT,drugA,10,24,2,884.777,
g0004,WT,drugA,10,24,3,552.2648,
g0004,WT,DMSO,0,24,1,985.5513,
g0004,WT,DMSO,0,24,2,861.6284,
g0004,WT,DMSO,0,24,3,815.5371,
g0004,mutant,drugA,2.5,6,1,833.8451,
g0004,mutant,drugA,2.5,6,2,806.4714,
g0004,mutant,drugA,2.5,6,3,716.496,
g0004,mutant,drugA,5,6,1,767.0629,
g0004,mutant,drugA,5,6,2,805.4341,
g0004,mutant,drugA,5,6,3,802.1199,
g0004,mutant,drugA,10,6,1,829.7298,
g0004,mutant,drugA,10,6,2,828.9442,
g0004,mutant,drugA,10,6,3,956.8391,
g0004,mutant,DMSO,0,6,1,1021.6891,
g0004,mutant,DMSO,0,6,2,820.2554,
g0004,mutant,DMSO,0,6,3,900.2128,
g0004,mutant,drugA,2.5,24,1,908.6434,
g0004,mutant,drugA,2.5,24,2,705.7359,
g0004,mutant,drugA,2.5,24,3,806.8777,
g0004,mutant,drugA,5,24,1,781.5804,
g0004,mutant,drugA,5,24,2,737.7087,
g0004,mutant,drugA,10,24,1,894.3455,
g0004,mutant,drugA,10,24,2,841.621,
g0004,mutant,drugA,10,24,3,926.0503,
g0004,mutant,DMSO,0,24,1,814.7801,
g0004,mutant,DMSO,0,24,2,811.7471,
g0004,mutant,DMSO,0,24,3,660.1956,
g0005,WT,drugA,2.5,6,1,747.8418,
g0005,WT,drugA,2.5,6,2,626.9704,
g0005,WT,drugA,2.5,6,3,677.5443,
g0005,WT,drugA,5,6,2,526.4917,
g0005,WT,drugA,5,6,3,581.3115,
g0005,WT,drugA,10,6,1,622.9465,
g0005,WT,drugA,10,6,2,605.9302,
g0005,WT,drugA,10,6,3,667.4091,
g0005,WT,DMSO,0,6,1,666.8057,
g0005,WT,DMSO,0,6,2,630.7071,
g0005,WT,DMSO,0,6,3,603.638,
g0005,WT,drugA,2.5,24,1,645.0361,
g0005,WT,drugA,2.5,24,2,653.5349,
g0005,WT,drugA,2.5,24,3,773.6819,
g0005,WT,drugA,5,24,1,536.2634,
g0005,WT,drugA,5,24,2,569.511,
g0005,WT,drugA,5,24,3,609.542,
g0005,WT,drugA,10,24,1,603.7079,
g0005,WT,drugA,10,24,2,638.8549,
g0005,WT,drugA,10,24,3,687.8298,
g0005,WT,DMSO,0,24,1,616.3664,
g0005,WT,DMSO,0,24,2,609.8984,
g0005,WT,DMSO,0,24,3,591.4431,
g0005,mutant,drugA,2.5,6,1,682.1727,
g0005,mutant,drugA,2.5,6,2,785.1404,
g0005,mutant,drugA,2.5,6,3,658.6405,
g0005,mutant,drugA,5,6,1,571.5239,
g0005,mutant,drugA,5,6,2,531.4983,
g0005,mutant,drugA,5,6,3,499.0355,
g0005,mutant,drugA,10,6,1,535.8768,
g0005,mutant,drugA,10,6,2,656.9891,
g0005,mutant,drugA,10,6,3,491.8322,
g0005,mutant,DMSO,0,6,1,660.7514,
g0005,mutant,DMSO,0,6,2,584.0055,
g0005,mutant,DMSO,0,6,3,770.8227,
g0005,mutant,drugA,2.5,24,1,630.2327,
g0005,mutant,drugA,2.5,24,2,618.2775,
g0005,mutant,drugA,2.5,24,3,664.2988,
g0005,mutant,drugA,5,24,1,810.5651,
g0005,mutant,drugA,5,24,2,602.534,
g0005,mutant,drugA,5,24,3,583.6504,
g0005,mutant,drugA,10,24,1,636.0168,
g0005,mutant,drugA,10,24,2,647.0505,
g0005,mutant,drugA,10,24,3,624.6877,
g0005,mutant,DMSO,0,24,1,739.6423,
g0005,mutant,DMSO,0,24,2,611.5319,
g0005,mutant,DMSO,0,24,3,617.6945,
g0006,WT,drugA,2.5,6,1,65.8613,
g0006,WT,drugA,2.5,6,2,65.4792,
g0006,WT,drugA,2.5,6,3,63.2687,
g0006,WT,drugA,5,6,1,54.9048,
g0006,WT,drugA,5,6,2,64.7832,
g0006,WT,drugA,5,6,3,69.3368,
g0006,WT,drugA,10,6,1,63.9702,
g0006,WT,drugA,10,6,2,60.1952,
g0006,WT,drugA,10,6,3,56.1974,
g0006,WT,DMSO,0,6,1,68.2589,
g0006,WT,DMSO,0,6,2,56.2722,
g0006,WT,DMSO,0,6,3,67.3141,
g0006,WT,drugA,2.5,24,1,60.8115,
g0006,WT,drugA,2.5,24,2,51.9128,
g0006,WT,drugA,2.5,24,3,51.653,
g0006,WT,drugA,5,24,1,75.499,
g0006,WT,drugA,5,24,2,48.812,
g0006,WT,drugA,5,24,3,54.9882,
g0006,WT,drugA,10,24,1,58.9511,
g0006,WT,drugA,10,24,2,62.9621,
g0006,WT,drugA,10,24,3,55.6511,
g0006,WT,DMSO,0,24,1,61.8834,
g0006,WT,DMSO,0,24,2,63.0255,
g0006,WT,DMSO,0,24,3,58.9236,
g0006,mutant,drugA,2.5,6,1,61.1394,
g0006,mutant,drugA,2.5,6,2,65.1988,
g0006,mutant,drugA,2.5,6,3,60.8774,
g0006,mutant,drugA,5,6,1,54.4005,
g0006,mutant,drugA,5,6,2,62.9578,
g0006,mutant,drugA,5,6,3,68.4905,
g0006,mutant,drugA,10,6,1,57.8368,
g0006,mutant,drugA,10,6,2,66.0971,
g0006,mutant,drugA,10,6,3,52.9721,
g0006,mutant,DMSO,0,6,1,63.1373,
g0006,mutant,DMSO,0,6,2,61.0228,
g0006,mutant,DMSO,0,6,3,76.1,
g0006,mutant,drugA,2.5,24,1,56.8757,
g0006,mutant,drugA,2.5,24,2,56.6945,
g0006,mutant,drugA,2.5,24,3,55.6332,
g0006,mutant,drugA,5,24,1,46.4442,
g0006,mutant,drugA,5,24,2,64.8546,
g0006,mutant,drugA,5,24,3,70.9321,
g0006,mutant,drugA,10,24,1,55.2242,
g0006,mutant,drugA,10,24,2,60.0218,
g0006,mutant,drugA,10,24,3,57.9244,
g0006,mutant,DMSO,0,24,1,48.9767,
g0006,mutant,DMSO,0,24,2,70.3411,
g0006,mutant,DMSO,0,24,3,59.9006,
g0007,WT,drugA,2.5,6,1,110.8465,
g0007,WT,drugA,2.5,6,2,121.6458,
g0007,WT,drugA,2.5,6,3,104.5108,
g0007,WT,drugA,5,6,1,128.2874,
g0007,WT,drugA,5,6,2,105.8264,
g0007,WT,drugA,5,6,3,105.408,
g0007,WT,drugA,10,6,1,98.5836,
g0007,WT,drugA,10,6,2,109.4065,
g0007,WT,drugA,10,6,3,126.065,
g0007,WT,DMSO,0,6,1,98.1735,
g0007,WT,DMSO,0,6,2,100.0044,
g0007,WT,DMSO,0,6,3,109.0598,
g0007,WT,drugA,2.5,24,1,107.4536,
g0007,WT,drugA,2.5,24,2,90.2394,
g0007,WT,drugA,2.5,24,3,99.3365,
g0007,WT,drugA,5,24,1,103.6535,
g0007,WT,drugA,5,24,2,105.2679,
g0007,WT,drugA,5,24,3,123.7262,
g0007,WT,drugA,10,24,1,109.2921,
g0007,WT,drugA,10,24,2,103.7254,
g0007,WT,drugA,10,24,3,106.1824,
g0007,WT,DMSO,0,24,1,100.2144,
g0007,WT,DMSO,0,24,2,113.246,
g0007,WT,DMSO,0,24,3,123.2072,
g0007,mutant,drugA,2.5,6,1,119.6269,
g0007,mutant,drugA,2.5,6,2,105.1406,
g0007,mutant,drugA,2.5,6,3,117.7566,
g0007,mutant,drugA,5,6,1,98.8731,
g0007,mutant,drugA,5,6,2,110.7213,
g0007,mutant,drugA,5,6,3,100.8727,
g0007,mutant,drugA,10,6,1,116.8304,
g0007,mutant,drugA,10,6,2,92.7202,
g0007,mutant,drugA,10,6,3,117.3277,
g0007,mutant,DMSO,0,6,1,106.6047,
g0007,mutant,DMSO,0,6,2,109.9522,
g0007,mutant,DMSO,0,6,3,97.0006,
g0007,mutant,drugA,2.5,24,1,111.7843,
g0007,mutant,drugA,2.5,24,3,113.5974,
g0007,mutant,drugA,5,24,1,129.771,
g0007,mutant,drugA,5,24,2,110.3421,
g0007,mutant,drugA,5,24,3,118.489,
g0007,mutant,drugA,10,24,1,110.9535,
g0007,mutant,drugA,10,24,2,94.9489,
g0007,mutant,drugA,10,24,3,111.1624,
g0007,mutant,DMSO,0,24,1,105.2424,
g0007,mutant,DMSO,0,24,2,109.2639,
g0007,mutant,DMSO,0,24,3,131.3437,
g0008,WT,drugA,2.5,6,1,965.4499,
g0008,WT,drugA,2.5,6,2,905.0226,
g0008,WT,drugA,2.5,6,3,1108.4484,
g0008,WT,drugA,5,6,1,966.1644,
g0008,WT,drugA,5,6,2,849.9197,
g0008,WT,drugA,5,6,3,906.0505,
g0008,WT,drugA,10,6,1,572.1951,
g0008,WT,drugA,10,6,2,693.0905,
g0008,WT,drugA,10,6,3,651.4845,
g0008,WT,DMSO,0,6,1,1247.7117,
g0008,WT,DMSO,0,6,2,1002.1219,
g0008,WT,DMSO,0,6,3,937.6901,
g0008,WT,drugA,2.5,24,1,961.2169,
g0008,WT,drugA,2.5,24,2,846.2854,
g0008,WT,drugA,2.5,24,3,819.8994,
g0008,WT,drugA,5,24,1,773.3164,
g0008,WT,drugA,5,24,2,602.0982,
g0008,WT,drugA,5,24,3,784.2865,
g0008,WT,drugA,10,24,1,376.5883,
g0008,WT,drugA,10,24,2,559.7328,
g0008,WT,drugA,10,24,3,491.5089,
g0008,WT,DMSO,0,24,1,958.3468,
g0008,WT,DMSO,0,24,2,1245.7992,
g0008,WT,DMSO,0,24,3,877.5521,
g0008,mutant,drugA,2.5,6,1,892.9302,
g0008,mutant,drugA,2.5,6,2,1040.0532,
g0008,mutant,drugA,2.5,6,3,860.2422,
g0008,mutant,drugA,5,6,1,812.1035,
g0008,mutant,drugA,5,6,2,898.9955,
g0008,mutant,drugA,5,6,3,983.1649,
g0008,mutant,drugA,10,6,1,836.0648,
g0008,mutant,drugA,10,6,2,788.1533,
g0008,mutant,drugA,10,6,3,651.2799,
g0008,mutant,DMSO,0,6,1,1007.2376,
g0008,mutant,DMSO,0,6,2,952.5743,
g0008,mutant,DMSO,0,6,3,1140.5659,
g0008,mutant,drugA,2.5,24,1,707.3356,
g0008,mutant,drugA,2.5,24,2,1001.7146,
g0008,mutant,drugA,2.5,24,3,826.5594,
g0008,mutant,drugA,5,24,1,876.4632,
g0008,mutant,drugA,5,24,2,729.9863,
g0008,mutant,drugA,5,24,3,664.785,
g0008,mutant,drugA,10,24,1,439.9231,
g0008,mutant,drugA,10,24,2,531.2916,
g0008,mutant,drugA,10,24,3,524.6217,
g0008,mutant,DMSO,0,24,1,1296.2053,
g0008,mutant,DMSO,0,24,2,1015.0594,
g0008,mutant,DMSO,0,24,3,979.8825,
g0009,WT,drugA,2.5,6,1,1026.5858,
g0009,WT,drugA,2.5,6,2,1072.327,
g0009,WT,drugA,2.5,6,3,1124.165,
g0009,WT,drugA,5,6,1,1386.6052,
g0009,WT,drugA,5,6,2,1328.0348,
g0009,WT,drugA,5,6,3,1133.3893,
g0009,WT,drugA,10,6,1,1197.2398,
g0009,WT,drugA,10,6,2,1314.7951,
g0009,WT,drugA,10,6,3,1228.4552,
g0009,WT,DMSO,0,6,1,1031.0276,
g0009,WT,DMSO,0,6,2,962.9266,
g0009,WT,DMSO,0,6,3,1346.588,
g0009,WT,drugA,2.5,24,1,996.857,
g0009,WT,drugA,2.5,24,2,1173.2935,
g0009,WT,drugA,2.5,24,3,1028.3472,
g0009,WT,drugA,5,24,1,1361.5848,
g0009,WT,drugA,5,24,3,1250.1504,
g0009,WT,drugA,10,24,1,1121.3545,
g0009,WT,drugA,10,24,2,1253.5849,
g0009,WT,drugA,10,24,3,1170.1284,
g0009,WT,DMSO,0,24,1,1214.732,
g0009,WT,DMSO,0,24,2,1029.2524,
g0009,WT,DMSO,0,24,3,1088.8767,
g0009,mutant,drugA,2.5,6,1,1096.9932,
g0009,mutant,drugA,2.5,6,2,996.7932,
g0009,mutant,drugA,2.5,6,3,1117.1069,
g0009,mutant,drugA,5,6,1,1034.7647,
g0009,mutant,drugA,5,6,2,1246.1896,
g0009,mutant,drugA,5,6,3,1088.7642,
g0009,mutant,drugA,10,6,1,1272.7831,
g0009,mutant,drugA,10,6,2,1272.015,
g0009,mutant,drugA,10,6,3,1317.8259,
g0009,mutant,DMSO,0,6,1,963.0024,
g0009,mutant,DMSO,0,6,2,1306.011,
g0009,mutant,DMSO,0,6,3,1212.425,
g0009,mutant,drugA,2.5,24,1,1300.8112,
g0009,mutant,drugA,2.5,24,2,1208.4211,
g0009,mutant,drugA,2.5,24,3,978.4666,
g0009,mutant,drugA,5,24,1,991.2343,
g0009,mutant,drugA,5,24,2,1116.5768,
g0009,mutant,drugA,5,24,3,1345.3856,
g0009,mutant,drugA,10,24,1,1281.3474,
g0009,mutant,drugA,10,24,2,1154.2025,
g0009,mutant,drugA,10,24,3,1341.541,
g0009,mutant,DMSO,0,24,1,1230.78,
g0009,mutant,DMSO,0,24,2,1041.2301,
g0009,mutant,DMSO,0,24,3,1343.3978,
g0010,WT,drugA,2.5,6,1,104.8369,
g0010,WT,drugA,2.5,6,2,102.2688,
g0010,WT,drugA,2.5,6,3,109.8174,
g0010,WT,drugA,5,6,1,118.5674,
g0010,WT,drugA,5,6,2,123.8315,
g0010,WT,drugA,5,6,3,136.0007,
g0010,WT,drugA,10,6,1,155.8322,
g0010,WT,drugA,10,6,2,134.1316,
g0010,WT,drugA,10,6,3,128.0073,
g0010,WT,DMSO,0,6,1,90.5652,
g0010,WT,DMSO,0,6,2,96.6336,
g0010,WT,DMSO,0,6,3,102.252,
g0010,WT,drugA,2.5,24,1,99.0388,
g0010,WT,drugA,2.5,24,2,127.9763,
g0010,WT,drugA,2.5,24,3,110.1032,
g0010,WT,drugA,5,24,1,146.1684,
g0010,WT,drugA,5,24,2,148.8387,
g0010,WT,drugA,5,24,3,129.5989,
g0010,WT,drugA,10,24,1,243.2363,
g0010,WT,drugA,10,24,2,194.6559,
g0010,WT,drugA,10,24,3,235.3966,
g0010,WT,DMSO,0,24,1,83.639,
g0010,WT,DMSO,0,24,2,117.0903,
g0010,WT,DMSO,0,24,3,94.1606,
g0010,mutant,drugA,2.5,6,2,112.386,
g0010,mutant,drugA,2.5,6,3,96.8781,
g0010,mutant,drugA,5,6,1,137.1808,
g0010,mutant,drugA,5,6,2,114.079,
g0010,mutant,drugA,5,6,3,117.345,
g0010,mutant,drugA,10,6,1,124.9898,
g0010,mutant,drugA,10,6,2,125.7165,
g0010,mutant,drugA,10,6,3,155.2155,
g0010,mutant,DMSO,0,6,1,91.2337,
g0010,mutant,DMSO,0,6,2,121.1261,
g0010,mutant,DMSO,0,6,3,100.1784,
g0010,mutant,drugA,2.5,24,1,104.9554,
g0010,mutant,drugA,2.5,24,2,122.8709,
g0010,mutant,drugA,2.5,24,3,128.1302,
g0010,mutant,drugA,5,24,1,153.8465,
g0010,mutant,drugA,5,24,2,163.4033,
g0010,mutant,drugA,5,24,3,156.3325,
g0010,mutant,drugA,10,24,1,264.8397,
g0010,mutant,drugA,10,24,2,222.3482,
g0010,mutant,drugA,10,24,3,200.029,
g0010,mutant,DMSO,0,24,1,91.1105,
g0010,mutant,DMSO,0,24,2,108.9078,
g0010,mutant,DMSO,0,24,3,99.9673,
g0011,WT,drugA,2.5,6,1,658.9836,
g0011,WT,drugA,2.5,6,2,630.5696,
g0011,WT,drugA,2.5,6,3,673.1904,
g0011,WT,drugA,5,6,1,692.244,
g0011,WT,drugA,5,6,2,552.7892,
g0011,WT,drugA,5,6,3,752.8931,
g0011,WT,drugA,10,6,1,784.2899,
g0011,WT,drugA,10,6,2,677.266,
g0011,WT,drugA,10,6,3,545.0034,
g0011,WT,DMSO,0,6,1,553.9287,
g0011,WT,DMSO,0,6,2,512.3451,
g0011,WT,DMSO,0,6,3,691.9669,
g0011,WT,drugA,2.5,24,1,727.186,
g0011,WT,drugA,2.5,24,2,582.8253,
g0011,WT,drugA,2.5,24,3,579.8201,
g0011,WT,drugA,5,24,1,577.3562,
g0011,WT,drugA,5,24,2,574.963,
g0011,WT,drugA,5,24,3,660.562,
g0011,WT,drugA,10,24,1,727.5122,
g0011,WT,drugA,10,24,2,680.0602,
g0011,WT,drugA,10,24,3,709.3021,
g0011,WT,DMSO,0,24,1,618.6029,
g0011,WT,DMSO,0,24,2,643.7022,
g0011,WT,DMSO,0,24,3,603.9801,
g0011,mutant,drugA,2.5,6,1,676.0661,
g0011,mutant,drugA,2.5,6,2,556.3316,
g0011,mutant,drugA,5,6,1,590.8377,
g0011,mutant,drugA,5,6,2,748.0147,
g0011,mutant,drugA,5,6,3,688.4323,
g0011,mutant,drugA,10,6,1,606.858,
g0011,mutant,drugA,10,6,2,698.3401,
g0011,mutant,drugA,10,6,3,601.2968,
g0011,mutant,DMSO,0,6,1,720.7435,
g0011,mutant,DMSO,0,6,2,741.8176,
g0011,mutant,DMSO,0,6,3,628.8987,
g0011,mutant,drugA,2.5,24,1,555.786,
g0011,mutant,drugA,2.5,24,2,631.5891,
g0011,mutant,drugA,2.5,24,3,619.4451,
g0011,mutant,drugA,5,24,1,683.0967,
g0011,mutant,drugA,5,24,2,536.8133,
g0011,mutant,drugA,5,24,3,597.8911,
g0011,mutant,drugA,10,24,1,578.0968,
g0011,mutant,drugA,10,24,2,597.8907,
g0011,mutant,drugA,10,24,3,652.2115,
g0011,mutant,DMSO,0,24,1,703.5737,
g0011,mutant,DMSO,0,24,2,643.0582,
g0011,mutant,DMSO,0,24,3,645.8442,
g0012,WT,drugA,2.5,6,1,519.1641,
g0012,WT,drugA,2.5,6,2,641.6171,
g0012,WT,drugA,2.5,6,3,395.6951,
g0012,WT,drugA,5,6,1,511.3484,
g0012,WT,drugA,5,6,2,472.2889,
g0012,WT,drugA,5,6,3,412.8726,
g0012,WT,drugA,10,6,1,535.2247,
g0012,WT,drugA,10,6,2,518.8758,
g0012,WT,drugA,10,6,3,490.7751,
g0012,WT,DMSO,0,6,1,500.8386,
g0012,WT,DMSO,0,6,2,512.6988,
g0012,WT,DMSO,0,6,3,527.3668,
g0012,WT,drugA,2.5,24,1,507.92,
g0012,WT,drugA,2.5,24,2,523.8673,
g0012,WT,drugA,2.5,24,3,526.5378,
g0012,WT,drugA,5,24,1,612.5695,
g0012,WT,drugA,5,24,2,414.7933,
g0012,WT,drugA,5,24,3,441.0552,
g0012,WT,drugA,10,24,1,426.5642,
g0012,WT,drugA,10,24,2,462.6121,
g0012,WT,drugA,10,24,3,515.8785,
g0012,WT,DMSO,0,24,1,491.6115,
g0012,WT,DMSO,0,24,2,423.0762,
g0012,WT,DMSO,0,24,3,505.3514,
g0012,mutant,drugA,2.5,6,1,483.09,
g0012,mutant,drugA,2.5,6,2,480.7854,
g0012,mutant,drugA,2.5,6,3,563.6145,
g0012,mutant,drugA,5,6,1,494.5724,
g0012,mutant,drugA,5,6,2,430.2005,
g0012,mutant,drugA,5,6,3,477.3899,
g0012,mutant,drugA,10,6,1,585.9686,
g0012,mutant,drugA,10,6,2,451.5806,
g0012,mutant,drugA,10,6,3,437.5374,
g0012,mutant,DMSO,0,6,1,481.695,
g0012,mutant,DMSO,0,6,2,443.644,
g0012,mutant,DMSO,0,6,3,453.7583,
g0012,mutant,drugA,2.5,24,1,489.799,
g0012,mutant,drugA,2.5,24,2,477.9272,
g0012,mutant,drugA,2.5,24,3,464.8392,
g0012,mutant,drugA,5,24,1,520.6321,
g0012,mutant,drugA,5,24,2,466.2085,
g0012,mutant,drugA,5,24,3,460.8199,
g0012,mutant,drugA,10,24,1,511.2284,
g0012,mutant,drugA,10,24,2,532.3975,
g0012,mutant,drugA,10,24,3,510.0201,
g0012,mutant,DMSO,0,24,1,529.4945,
g0012,mutant,DMSO,0,24,2,451.068,
g0013,WT,drugA,2.5,6,1,171.385,
g0013,WT,drugA,2.5,6,2,138.6346,
g0013,WT,drugA,2.5,6,3,160.0165,
g0013,WT,drugA,5,6,1,155.2723,
g0013,WT,drugA,5,6,2,150.1015,
g0013,WT,drugA,5,6,3,155.4666,
g0013,WT,drugA,10,6,1,144.605,
g0013,WT,drugA,10,6,2,190.8757,
g0013,WT,drugA,10,6,3,183.8415,
g0013,WT,DMSO,0,6,1,178.8457,
g0013,WT,DMSO,0,6,3,143.5807,
g0013,WT,drugA,2.5,24,1,177.8082,
g0013,WT,drugA,2.5,24,2,143.4549,
g0013,WT,drugA,2.5,24,3,127.2526,
g0013,WT,drugA,5,24,1,157.7071,
g0013,WT,drugA,5,24,2,149.1029,
g0013,WT,drugA,5,24,3,175.0618,
g0013,WT,drugA,10,24,1,171.69,
g0013,WT,drugA,10,24,2,127.6188,
g0013,WT,drugA,10,24,3,179.1119,
g0013,WT,DMSO,0,24,1,111.2792,
g0013,WT,DMSO,0,24,2,154.3644,
g0013,WT,DMSO,0,24,3,150.2311,
g0013,mutant,drugA,2.5,6,1,149.442,
g0013,mutant,drugA,2.5,6,2,131.606,
g0013,mutant,drugA,2.5,6,3,173.8544,
g0013,mutant,drugA,5,6,1,130.9665,
g0013,mutant,drugA,5,6,2,154.7299,
g0013,mutant,drugA,5,6,3,177.9898,
g0013,mutant,drugA,10,6,1,124.9338,
g0013,mutant,drugA,10,6,2,159.6466,
g0013,mutant,drugA,10,6,3,136.4491,
g0013,mutant,DMSO,0,6,1,170.3393,
g0013,mutant,DMSO,0,6,2,178.5551,
g0013,mutant,drugA,2.5,24,1,137.002,
g0013,mutant,drugA,2.5,24,2,165.8739,
g0013,mutant,drugA,2.5,24,3,156.9547,
g0013,mutant,drugA,5,24,1,147.909,
g0013,mutant,drugA,5,24,2,169.0579,
g0013,mutant,drugA,5,24,3,156.6727,
g0013,mutant,drugA,10,24,1,182.8624,
g0013,mutant,drugA,10,24,2,150.6106,
g0013,mutant,drugA,10,24,3,128.6021,
g0013,mutant,DMSO,0,24,1,159.0784,
g0013,mutant,DMSO,0,24,2,143.6919,
g0013,mutant,DMSO,0,24,3,155.8542,
g0014,WT,drugA,2.5,6,1,2981.057,
g0014,WT,drugA,2.5,6,2,2673.2627,
g0014,WT,drugA,2.5,6,3,2832.4402,
g0014,WT,drugA,5,6,1,2353.8509,
g0014,WT,drugA,5,6,2,2119.1523,
g0014,WT,drugA,5,6,3,2261.4033,
g0014,WT,drugA,10,6,1,2351.0698,
g0014,WT,drugA,10,6,2,2547.168,
g0014,WT,drugA,10,6,3,2966.7999,
g0014,WT,DMSO,0,6,1,2926.1312,
g0014,WT,DMSO,0,6,2,2107.0291,
g0014,WT,DMSO,0,6,3,2469.7388,
g0014,WT,drugA,2.5,24,1,2021.8887,
g0014,WT,drugA,2.5,24,2,2687.1575,
g0014,WT,drugA,2.5,24,3,2617.9968,
g0014,WT,drugA,5,24,1,2737.1082,
g0014,WT,drugA,5,24,2,2869.0806,
g0014,WT,drugA,5,24,3,2709.3721,
g0014,WT,drugA,10,24,1,2522.4285,
g0014,WT,drugA,10,24,2,2831.0567,
g0014,WT,drugA,10,24,3,2317.0667,
g0014,WT,DMSO,0,24,1,3408.5842,
g0014,WT,DMSO,0,24,2,2627.4183,
g0014,WT,DMSO,0,24,3,2702.5441,
g0014,mutant,drugA,2.5,6,1,2772.6508,
g0014,mutant,drugA,2.5,6,2,2783.8178,
g0014,mutant,drugA,2.5,6,3,2405.1974,
g0014,mutant,drugA,5,6,1,2431.473,
g0014,mutant,drugA,5,6,2,2570.0221,
g0014,mutant,drugA,5,6,3,2821.4408,
g0014,mutant,drugA,10,6,1,2433.1489,
g0014,mutant,drugA,10,6,3,2361.5435,
g0014,mutant,DMSO,0,6,1,2930.6921,
g0014,mutant,DMSO,0,6,2,2202.0899,
g0014,mutant,DMSO,0,6,3,2292.8334,
g0014,mutant,drugA,2.5,24,1,2316.2833,
g0014,mutant,drugA,2.5,24,2,2145.2768,
g0014,mutant,drugA,2.5,24,3,2750.0081,
g0014,mutant,drugA,5,24,1,2863.3281,
g0014,mutant,drugA,5,24,2,3016.3729,
g0014,mutant,drugA,5,24,3,2783.6972,
g0014,mutant,drugA,10,24,1,2225.6549,
g0014,mutant,drugA,10,24,2,2648.6514,
g0014,mutant,drugA,10,24,3,2498.308,
g0014,mutant,DMSO,0,24,1,2741.9997,
g0014,mutant,DMSO,0,24,2,3235.3935,
g0014,mutant,DMSO,0,24,3,2352.7328,
g0015,WT,drugA,2.5,6,1,437.4189,
g0015,WT,drugA,2.5,6,2,351.1572,
g0015,WT,drugA,2.5,6,3,383.921,
g0015,WT,drugA,5,6,1,323.3346,
g0015,WT,drugA,5,6,2,389.3851,
g0015,WT,drugA,5,6,3,344.9013,
g0015,WT,drugA,10,6,1,435.5934,
g0015,WT,drugA,10,6,2,399.5893,
g0015,WT,drugA,10,6,3,374.5068,
g0015,WT,DMSO,0,6,1,365.0289,
g0015,WT,DMSO,0,6,2,362.9381,
g0015,WT,DMSO,0,6,3,434.4305,
g0015,WT,drugA,2.5,24,1,345.2057,
g0015,WT,drugA,2.5,24,2,364.9081,
g0015,WT,drugA,2.5,24,3,399.2388,
g0015,WT,drugA,5,24,1,388.236,
g0015,WT,drugA,5,24,2,440.167,
g0015,WT,drugA,5,24,3,381.1166,
g0015,WT,drugA,10,24,1,412.1195,
g0015,WT,drugA,10,24,2,356.8033,
g0015,WT,drugA,10,24,3,364.8009,
g0015,WT,DMSO,0,24,1,386.6978,
g0015,WT,DMSO,0,24,2,364.5491,
g0015,WT,DMSO,0,24,3,388.108,
g0015,mutant,drugA,2.5,6,1,373.1904,
g0015,mutant,drugA,2.5,6,2,378.6008,
g0015,mutant,drugA,2.5,6,3,389.655,
g0015,mutant,drugA,5,6,1,407.1562,
g0015,mutant,drugA,5,6,2,352.213,
g0015,mutant,drugA,5,6,3,381.55,
g0015,mutant,drugA,10,6,1,351.3234,
g0015,mutant,drugA,10,6,2,405.3071,
g0015,mutant,drugA,10,6,3,368.2881,
g0015,mutant,DMSO,0,6,1,298.7438,
g0015,mutant,DMSO,0,6,2,416.0186,
g0015,mutant,DMSO,0,6,3,403.766,
g0015,mutant,drugA,2.5,24,1,399.7953,
g0015,mutant,drugA,2.5,24,2,360.2056,
g0015,mutant,drugA,2.5,24,3,338.3308,
g0015,mutant,drugA,5,24,1,415.1156,
g0015,mutant,drugA,5,24,2,462.5997,
g0015,mutant,drugA,5,24,3,384.1726,
g0015,mutant,drugA,10,24,1,342.1584,
g0015,mutant,drugA,10,24,2,394.2258,
g0015,mutant,drugA,10,24,3,432.8145,
g0015,mutant,DMSO,0,24,1,401.0726,
g0015,mutant,DMSO,0,24,2,400.6604,
g0015,mutant,DMSO,0,24,3,381.4856,
g0016,WT,drugA,2.5,6,1,672.2504,
g0016,WT,drugA,2.5,6,2,603.3023,
g0016,WT,drugA,2.5,6,3,776.8482,
g0016,WT,drugA,5,6,1,581.7265,
g0016,WT,drugA,5,6,2,731.9639,
g0016,WT,drugA,10,6,1,607.9011,
g0016,WT,drugA,10,6,2,631.7759,
g0016,WT,drugA,10,6,3,753.1774,
g0016,WT,DMSO,0,6,1,591.0651,
g0016,WT,DMSO,0,6,2,591.4945,
g0016,WT,DMSO,0,6,3,722.298,
g0016,WT,drugA,2.5,24,1,642.6692,
g0016,WT,drugA,2.5,24,2,523.9387,
g0016,WT,drugA,2.5,24,3,627.2426,
g0016,WT,drugA,5,24,1,526.9774,
g0016,WT,drugA,5,24,2,615.9075,
g0016,WT,drugA,5,24,3,606.8977,
g0016,WT,drugA,10,24,1,601.5333,
g0016,WT,drugA,10,24,2,667.5355,
g0016,WT,drugA,10,24,3,590.1268,
g0016,WT,DMSO,0,24,1,666.7176,
g0016,WT,DMSO,0,24,2,610.689,
g0016,WT,DMSO,0,24,3,692.9035,
g0016,mutant,drugA,2.5,6,1,635.672,
g0016,mutant,drugA,2.5,6,2,601.6197,
g0016,mutant,drugA,2.5,6,3,802.6213,
g0016,mutant,drugA,5,6,1,740.0574,
g0016,mutant,drugA,5,6,2,686.3915,
g0016,mutant,drugA,5,6,3,716.1334,
g0016,mutant,drugA,10,6,1,589.0821,
g0016,mutant,drugA,10,6,2,603.2626,
g0016,mutant,drugA,10,6,3,730.9931,
g0016,mutant,DMSO,0,6,1,694.1175,
g0016,mutant,DMSO,0,6,2,599.8668,
g0016,mutant,DMSO,0,6,3,665.7703,
g0016,mutant,drugA,2.5,24,1,563.1657,
g0016,mutant,drugA,2.5,24,2,624.2543,
g0016,mutant,drugA,2.5,24,3,632.7695,
g0016,mutant,drugA,5,24,1,677.1136,
g0016,mutant,drugA,5,24,2,654.7573,
g0016,mutant,drugA,5,24,3,633.6356,
g0016,mutant,drugA,10,24,2,568.2188,
g0016,mutant,drugA,10,24,3,714.2982,
g0016,mutant,DMSO,0,24,1,574.7651,
g0016,mutant,DMSO,0,24,2,560.1588,
g0016,mutant,DMSO,0,24,3,588.175,
g0017,WT,drugA,2.5,6,1,876.2867,
g0017,WT,drugA,2.5,6,2,780.1429,
g0017,WT,drugA,2.5,6,3,876.0986,
g0017,WT,drugA,5,6,1,902.0248,
g0017,WT,drugA,5,6,2,813.9999,
g0017,WT,drugA,5,6,3,1011.2119,
g0017,WT,drugA,10,6,1,1098.3614,
g0017,WT,drugA,10,6,2,1193.574,
g0017,WT,drugA,10,6,3,1275.8263,
g0017,WT,DMSO,0,6,1,790.1957,
g0017,WT,DMSO,0,6,2,707.3901,
g0017,WT,DMSO,0,6,3,769.5266,
g0017,WT,drugA,2.5,24,1,852.2229,
g0017,WT,drugA,2.5,24,2,969.3859,
g0017,WT,drugA,2.5,24,3,939.3767,
g0017,WT,drugA,5,24,1,997.7395,
g0017,WT,drugA,5,24,2,1120.5444,
g0017,WT,drugA,5,24,3,1002.9692,
g0017,WT,drugA,10,24,1,1732.8942,
g0017,WT,drugA,10,24,2,1610.5701,
g0017,WT,drugA,10,24,3,1768.7091,
g0017,WT,DMSO,0,24,1,703.2309,
g0017,WT,DMSO,0,24,2,727.1309,
g0017,WT,DMSO,0,24,3,765.8575,
g0017,mutant,drugA,2.5,6,1,857.5845,
g0017,mutant,drugA,2.5,6,2,786.4904,
g0017,mutant,drugA,2.5,6,3,751.282,
g0017,mutant,drugA,5,6,1,679.9159,
g0017,mutant,drugA,5,6,2,903.2539,
g0017,mutant,drugA,5,6,3,969.1515,
g0017,mutant,drugA,10,6,1,673.1818,
g0017,mutant,drugA,10,6,2,847.1009,
g0017,mutant,drugA,10,6,3,868.818,
g0017,mutant,DMSO,0,6,1,786.1571,
g0017,mutant,DMSO,0,6,2,911.0394,
g0017,mutant,DMSO,0,6,3,598.1009,
g0017,mutant,drugA,2.5,24,1,820.8941,
g0017,mutant,drugA,2.5,24,2,728.1588,
g0017,mutant,drugA,2.5,24,3,878.2443,
g0017,mutant,drugA,5,24,1,851.2891,
g0017,mutant,drugA,5,24,2,735.3441,
g0017,mutant,drugA,5,24,3,735.926,
g0017,mutant,drugA,10,24,1,993.2949,
g0017,mutant,drugA,10,24,2,999.3774,
g0017,mutant,drugA,10,24,3,781.0446,
g0017,mutant,DMSO,0,24,1,674.7311,
g0017,mutant,DMSO,0,24,2,648.9592,
g0017,mutant,DMSO,0,24,3,634.6288,
g0018,WT,drugA,2.5,6,1,42.4641,
g0018,WT,drugA,2.5,6,2,41.9831,
g0018,WT,drugA,2.5,6,3,39.5126,
g0018,WT,drugA,5,6,1,38.9488,
g0018,WT,drugA,5,6,2,47.2529,
g0018,WT,drugA,5,6,3,36.0475,
g0018,WT,drugA,10,6,1,43.0419,
g0018,WT,drugA,10,6,2,39.4882,
g0018,WT,drugA,10,6,3,45.1251,
g0018,WT,DMSO,0,6,1,35.0003,
g0018,WT,DMSO,0,6,2,31.796,
g0018,WT,drugA,2.5,24,1,50.9521,
g0018,WT,drugA,2.5,24,2,42.5597,
g0018,WT,drugA,2.5,24,3,37.5335,
g0018,WT,drugA,5,24,1,33.411,
g0018,WT,drugA,5,24,2,40.3312,
g0018,WT,drugA,5,24,3,38.491,
g0018,WT,drugA,10,24,1,39.461,
g0018,WT,drugA,10,24,2,49.1398,
g0018,WT,drugA,10,24,3,46.7216,
g0018,WT,DMSO,0,24,1,41.9987,
g0018,WT,DMSO,0,24,2,43.6,
g0018,WT,DMSO,0,24,3,37.3993,
g0018,mutant,drugA,2.5,6,1,37.7191,
g0018,mutant,drugA,2.5,6,3,38.2846,
g0018,mutant,drugA,5,6,1,42.8793,
g0018,mutant,drugA,5,6,2,37.6126,
g0018,mutant,drugA,5,6,3,43.2359,
g0018,mutant,drugA,10,6,1,43.9109,
g0018,mutant,drugA,10,6,2,44.1461,
g0018,mutant,drugA,10,6,3,40.2975,
g0018,mutant,DMSO,0,6,1,36.4114,
g0018,mutant,DMSO,0,6,2,44.7828,
g0018,mutant,DMSO,0,6,3,42.41,
g0018,mutant,drugA,2.5,24,1,38.3328,
g0018,mutant,drugA,2.5,24,2,38.3363,
g0018,mutant,drugA,2.5,24,3,35.5699,
g0018,mutant,drugA,5,24,1,43.2321,
g0018,mutant,drugA,5,24,2,42.1748,
g0018,mutant,drugA,5,24,3,38.0304,
g0018,mutant,drugA,10,24,1,34.9147,
g0018,mutant,drugA,10,24,2,38.7683,
g0018,mutant,drugA,10,24,3,47.6743,
g0018,mutant,DMSO,0,24,1,35.4871,
g0018,mutant,DMSO,0,24,2,35.2569,
g0018,mutant,DMSO,0,24,3,41.851,
g0019,WT,drugA,2.5,6,1,255.7516,
g0019,WT,drugA,2.5,6,2,301.6606,
g0019,WT,drugA,2.5,6,3,284.4189,
g0019,WT,drugA,5,6,1,272.5928,
g0019,WT,drugA,5,6,2,303.5791,
g0019,WT,drugA,5,6,3,311.9596,
g0019,WT,drugA,10,6,1,326.1484,
g0019,WT,drugA,10,6,2,240.2391,
g0019,WT,drugA,10,6,3,317.7756,
g0019,WT,DMSO,0,6,1,366.9415,
g0019,WT,DMSO,0,6,2,231.1646,
g0019,WT,DMSO,0,6,3,293.3177,
g0019,WT,drugA,2.5,24,1,283.2044,
g0019,WT,drugA,2.5,24,2,277.349,
g0019,WT,drugA,2.5,24,3,341.1005,
g0019,WT,drugA,5,24,1,292.9721,
g0019,WT,drugA,5,24,2,290.7394,
g0019,WT,drugA,5,24,3,270.1781,
g0019,WT,drugA,10,24,1,243.9332,
g0019,WT,drugA,10,24,2,245.9403,
g0019,WT,drugA,10,24,3,251.0019,
g0019,WT,DMSO,0,24,1,269.4371,
g0019,WT,DMSO,0,24,2,297.7668,
g0019,WT,DMSO,0,24,3,297.5757,
g0019,mutant,drugA,2.5,6,1,328.5782,
g0019,mutant,drugA,2.5,6,2,311.3279,
g0019,mutant,drugA,2.5,6,3,325.1115,
g0019,mutant,drugA,5,6,1,253.8475,
g0019,mutant,drugA,5,6,2,307.8596,
g0019,mutant,drugA,5,6,3,282.5848,
g0019,mutant,drugA,10,6,1,294.9657,
g0019,mutant,drugA,10,6,2,288.4664,
g0019,mutant,drugA,10,6,3,293.7329,
g0019,mutant,DMSO,0,6,1,311.3683,
g0019,mutant,DMSO,0,6,2,272.394,
g0019,mutant,DMSO,0,6,3,241.3939,
g0019,mutant,drugA,2.5,24,1,259.2367,
g0019,mutant,drugA,2.5,24,2,329.39,
g0019,mutant,drugA,2.5,24,3,257.2091,
g0019,mutant,drugA,5,24,1,299.6032,
g0019,mutant,drugA,5,24,2,252.8032,
g0019,mutant,drugA,5,24,3,305.4596,
g0019,mutant,drugA,10,24,1,313.9476,
g0019,mutant,drugA,10,24,2,266.3818,
g0019,mutant,drugA,10,24,3,306.1194,
g0019,mutant,DMSO,0,24,1,293.1696,
g0019,mutant,DMSO,0,24,2,238.228,
g0019,mutant,DMSO,0,24,3,321.9746,
g0020,WT,drugA,2.5,6,1,488.3938,
g0020,WT,drugA,2.5,6,2,471.6069,
g0020,WT,drugA,2.5,6,3,364.4311,
g0020,WT,drugA,5,6,1,437.4482,
g0020,WT,drugA,5,6,2,447.4499,
g0020,WT,drugA,5,6,3,666.5338,
g0020,WT,drugA,10,6,1,443.7863,
g0020,WT,drugA,10,6,2,537.44,
g0020,WT,drugA,10,6,3,448.0376,
g0020,WT,DMSO,0,6,1,439.6131,
g0020,WT,DMSO,0,6,2,490.7663,
g0020,WT,DMSO,0,6,3,606.5441,
g0020,WT,drugA,2.5,24,1,435.8146,
g0020,WT,drugA,2.5,24,2,478.5283,
g0020,WT,drugA,2.5,24,3,424.658,
g0020,WT,drugA,5,24,1,459.1026,
g0020,WT,drugA,5,24,2,467.3391,
g0020,WT,drugA,5,24,3,409.8538,
g0020,WT,drugA,10,24,1,482.9027,
g0020,WT,drugA,10,24,2,527.0869,
g0020,WT,drugA,10,24,3,468.8418,
g0020,WT,DMSO,0,24,1,461.7082,
g0020,WT,DMSO,0,24,2,503.7017,
g0020,mutant,drugA,2.5,6,1,502.6154,
g0020,mutant,drugA,2.5,6,2,477.4729,
g0020,mutant,drugA,2.5,6,3,475.6852,
g0020,mutant,drugA,5,6,1,556.4909,
g0020,mutant,drugA,5,6,2,492.5066,
g0020,mutant,drugA,5,6,3,469.0002,
g0020,mutant,drugA,10,6,1,446.6671,
g0020,mutant,drugA,10,6,2,510.2429,
g0020,mutant,DMSO,0,6,1,490.0281,
g0020,mutant,DMSO,0,6,2,578.642,
g0020,mutant,DMSO,0,6,3,441.6079,
g0020,mutant,drugA,2.5,24,1,427.9425,
g0020,mutant,drugA,2.5,24,2,466.365,
g0020,mutant,drugA,2.5,24,3,545.7772,
g0020,mutant,drugA,5,24,1,507.0735,
g0020,mutant,drugA,5,24,2,544.4314,
g0020,mutant,drugA,5,24,3,433.5197,
g0020,mutant,drugA,10,24,1,444.9422,
g0020,mutant,drugA,10,24,2,456.5233,
g0020,mutant,drugA,10,24,3,518.0058,
g0020,mutant,DMSO,0,24,1,547.8045,
g0020,mutant,DMSO,0,24,3,413.3375,
g0021,WT,drugA,2.5,6,1,384.8481,
g0021,WT,drugA,2.5,6,2,315.769,
g0021,WT,drugA,2.5,6,3,254.2336,
g0021,WT,drugA,5,6,1,334.9241,
g0021,WT,drugA,5,6,2,320.5996,
g0021,WT,drugA,5,6,3,294.329,
g0021,WT,drugA,10,6,1,292.0202,
g0021,WT,drugA,10,6,2,262.5439,
g0021,WT,drugA,10,6,3,289.5704,
g0021,WT,DMSO,0,6,1,305.4186,
g0021,WT,DMSO,0,6,2,285.3378,
g0021,WT,drugA,2.5,24,1,284.3655,
g0021,WT,drugA,2.5,24,2,316.7582,
g0021,WT,drugA,2.5,24,3,276.9206,
g0021,WT,drugA,5,24,1,308.5497,
g0021,WT,drugA,5,24,2,309.011,
g0021,WT,drugA,5,24,3,305.2482,
g0021,WT,drugA,10,24,1,261.9219,
g0021,WT,drugA,10,24,2,265.0478,
g0021,WT,drugA,10,24,3,339.0094,
g0021,WT,DMSO,0,24,1,323.716,
g0021,WT,DMSO,0,24,2,303.0454,
g0021,WT,DMSO,0,24,3,267.4119,
g0021,mutant,drugA,2.5,6,1,321.6136,
g0021,mutant,drugA,2.5,6,2,336.426,
g0021,mutant,drugA,2.5,6,3,319.4775,
g0021,mutant,drugA,5,6,1,317.5523,
g0021,mutant,drugA,5,6,2,330.2358,
g0021,mutant,drugA,5,6,3,366.8101,
g0021,mutant,drugA,10,6,1,296.5573,
g0021,mutant,drugA,10,6,2,276.1206,
g0021,mutant,drugA,10,6,3,269.877,
g0021,mutant,DMSO,0,6,1,242.8036,
g0021,mutant,DMSO,0,6,2,273.1573,
g0021,mutant,DMSO,0,6,3,334.0188,
g0021,mutant,drugA,2.5,24,1,370.2092,
g0021,mutant,drugA,2.5,24,2,323.9063,
g0021,mutant,drugA,2.5,24,3,253.8892,
g0021,mutant,drugA,5,24,1,271.6,
g0021,mutant,drugA,5,24,2,299.296,
g0021,mutant,drugA,10,24,1,305.4612,
g0021,mutant,drugA,10,24,2,288.76,
g0021,mutant,drugA,10,24,3,351.6147,
g0021,mutant,DMSO,0,24,1,234.5398,
g0021,mutant,DMSO,0,24,2,318.4477,
g0021,mutant,DMSO,0,24,3,349.9407,
g0022,WT,drugA,2.5,6,1,797.0621,
g0022,WT,drugA,2.5,6,2,911.3311,
g0022,WT,drugA,2.5,6,3,1101.3636,
g0022,WT,drugA,5,6,1,1051.7955,
g0022,WT,drugA,5,6,2,1052.6628,
g0022,WT,drugA,5,6,3,823.8335,
g0022,WT,drugA,10,6,1,921.9821,
g0022,WT,drugA,10,6,2,914.1039,
g0022,WT,drugA,10,6,3,1043.8373,
g0022,WT,DMSO,0,6,1,1010.4939,
g0022,WT,DMSO,0,6,2,956.6471,
g0022,WT,DMSO,0,6,3,1008.5994,
g0022,WT,drugA,2.5,24,1,993.7286,
g0022,WT,drugA,2.5,24,2,1214.423,
g0022,WT,drugA,2.5,24,3,997.6691,
g0022,WT,drugA,5,24,1,1276.472,
g0022,WT,drugA,5,24,2,1000.8826,
g0022,WT,drugA,5,24,3,996.8879,
g0022,WT,drugA,10,24,1,942.7248,
g0022,WT,drugA,10,24,2,869.488,
g0022,WT,drugA,10,24,3,1024.0951,
g0022,WT,DMSO,0,24,1,969.4452,
g0022,WT,DMSO,0,24,2,854.3203,
g0022,WT,DMSO,0,24,3,906.8259,
g0022,mutant,drugA,2.5,6,1,1211.1471,
g0022,mutant,drugA,2.5,6,2,1022.5231,
g0022,mutant,drugA,2.5,6,3,900.7569,
g0022,mutant,drugA,5,6,1,1069.8554,
g0022,mutant,drugA,5,6,2,955.7585,
g0022,mutant,drugA,5,6,3,1011.1837,
g0022,mutant,drugA,10,6,1,824.4082,
g0022,mutant,drugA,10,6,2,990.3245,
g0022,mutant,drugA,10,6,3,1063.3536,
g0022,mutant,DMSO,0,6,1,1037.2435,
g0022,mutant,DMSO,0,6,2,996.401,
g0022,mutant,DMSO,0,6,3,872.8801,
g0022,mutant,drugA,2.5,24,1,955.7481,
g0022,mutant,drugA,2.5,24,2,702.1148,
g0022,mutant,drugA,2.5,24,3,841.3137,
g0022,mutant,drugA,5,24,1,1008.2196,
g0022,mutant,drugA,5,24,2,1142.7906,
g0022,mutant,drugA,5,24,3,1034.1575,
g0022,mutant,drugA,10,24,1,948.9108,
g0022,mutant,drugA,10,24,2,820.324,
g0022,mutant,drugA,10,24,3,899.8526,
g0022,mutant,DMSO,0,24,1,827.8948,
g0022,mutant,DMSO,0,24,2,807.7555,
g0022,mutant,DMSO,0,24,3,1096.9975,
g0023,WT,drugA,2.5,6,1,3045.028,
g0023,WT,drugA,2.5,6,2,3529.6094,
g0023,WT,drugA,2.5,6,3,3652.8032,
g0023,WT,drugA,5,6,1,3399.7616,
g0023,WT,drugA,5,6,2,3331.4024,
g0023,WT,drugA,5,6,3,3841.5251,
g0023,WT,drugA,10,6,1,3319.7637,
g0023,WT,drugA,10,6,2,2933.436,
g0023,WT,drugA,10,6,3,3984.7874,
g0023,WT,DMSO,0,6,1,3878.1283,
g0023,WT,DMSO,0,6,2,3352.1122,
g0023,WT,DMSO,0,6,3,3331.6605,
g0023,WT,drugA,2.5,24,1,3435.7146,
g0023,WT,drugA,2.5,24,2,4287.3768,
g0023,WT,drugA,2.5,24,3,3378.4114,
g0023,WT,drugA,5,24,2,4821.7959,
g0023,WT,drugA,5,24,3,3325.5964,
g0023,WT,drugA,10,24,1,3718.9372,
g0023,WT,drugA,10,24,2,3105.1885,
g0023,WT,drugA,10,24,3,2817.7151,
g0023,WT,DMSO,0,24,1,3086.2442,
g0023,WT,DMSO,0,24,2,3229.3667,
g0023,WT,DMSO,0,24,3,3356.7414,
g0023,mutant,drugA,2.5,6,1,3253.3921,
g0023,mutant,drugA,2.5,6,2,4117.9448,
g0023,mutant,drugA,2.5,6,3,3868.7415,
g0023,mutant,drugA,5,6,1,2919.5077,
g0023,mutant,drugA,5,6,2,4060.529,
g0023,mutant,drugA,5,6,3,3619.3092,
g0023,mutant,drugA,10,6,1,3291.2577,
g0023,mutant,drugA,10,6,2,3521.0954,
g0023,mutant,drugA,10,6,3,3583.5451,
g0023,mutant,DMSO,0,6,1,3370.3736,
g0023,mutant,DMSO,0,6,2,3830.0298,
g0023,mutant,DMSO,0,6,3,3856.9721,
g0023,mutant,drugA,2.5,24,1,3596.5881,
g0023,mutant,drugA,2.5,24,2,2986.0327,
g0023,mutant,drugA,2.5,24,3,3736.4225,
g0023,mutant,drugA,5,24,1,2777.6853,
g0023,mutant,drugA,5,24,2,4499.1265,
g0023,mutant,drugA,5,24,3,3377.6674,
g0023,mutant,drugA,10,24,1,3144.1601,
g0023,mutant,drugA,10,24,2,2972.2034,
g0023,mutant,drugA,10,24,3,3608.4158,
g0023,mutant,DMSO,0,24,1,3518.3218,
g0023,mutant,DMSO,0,24,2,3746.7894,
g0023,mutant,DMSO,0,24,3,3907.9139,
g0024,WT,drugA,2.5,6,1,541.5817,
g0024,WT,drugA,2.5,6,2,631.3864,
g0024,WT,drugA,2.5,6,3,493.9786,
g0024,WT,drugA,5,6,1,654.2475,
g0024,WT,drugA,5,6,2,585.5561,
g0024,WT,drugA,5,6,3,570.771,
g0024,WT,drugA,10,6,1,514.1585,
g0024,WT,drugA,10,6,2,531.7048,
g0024,WT,drugA,10,6,3,572.0286,
g0024,WT,DMSO,0,6,1,534.1654,
g0024,WT,DMSO,0,6,2,553.1512,
g0024,WT,DMSO,0,6,3,613.7126,
g0024,WT,drugA,2.5,24,1,664.5391,
g0024,WT,drugA,2.5,24,2,484.8366,
g0024,WT,drugA,2.5,24,3,601.9619,
g0024,WT,drugA,5,24,1,605.1949,
g0024,WT,drugA,5,24,2,591.9225,
g0024,WT,drugA,5,24,3,653.2116,
g0024,WT,drugA,10,24,1,625.0946,
g0024,WT,drugA,10,24,3,611.356,
g0024,WT,DMSO,0,24,1,496.2316,
g0024,WT,DMSO,0,24,2,581.8622,
g0024,WT,DMSO,0,24,3,531.671,
g0024,mutant,drugA,2.5,6,1,533.1223,
g0024,mutant,drugA,2.5,6,2,578.0194,
g0024,mutant,drugA,2.5,6,3,585.7105,
g0024,mutant,drugA,5,6,1,525.2475,
g0024,mutant,drugA,5,6,2,465.6851,
g0024,mutant,drugA,5,6,3,571.128,
g0024,mutant,drugA,10,6,1,519.5187,
g0024,mutant,drugA,10,6,2,544.0877,
g0024,mutant,drugA,10,6,3,683.3968,
g0024,mutant,DMSO,0,6,1,474.6779,
g0024,mutant,DMSO,0,6,2,548.4461,
g0024,mutant,DMSO,0,6,3,523.6516,
g0024,mutant,drugA,2.5,24,1,541.605,
g0024,mutant,drugA,2.5,24,2,641.1671,
g0024,mutant,drugA,2.5,24,3,555.5879,
g0024,mutant,drugA,5,24,1,698.157,
g0024,mutant,drugA,5,24,2,581.5374,
g0024,mutant,drugA,5,24,3,569.4224,
g0024,mutant,drugA,10,24,1,590.1504,
g0024,mutant,drugA,10,24,2,512.3488,
g0024,mutant,drugA,10,24,3,543.9761,
g0024,mutant,DMSO,0,24,1,546.9695,
g0024,mutant,DMSO,0,24,2,510.837,
g0024,mutant,DMSO,0,24,3,507.1286,
g0025,WT,drugA,2.5,6,1,323.7112,
g0025,WT,drugA,2.5,6,2,310.3011,
g0025,WT,drugA,2.5,6,3,351.9728,
g0025,WT,drugA,5,6,1,322.8578,
g0025,WT,drugA,5,6,2,338.5257,
g0025,WT,drugA,5,6,3,296.6218,
g0025,WT,drugA,10,6,1,237.4549,
g0025,WT,drugA,10,6,2,272.0542,
g0025,WT,drugA,10,6,3,255.9381,
g0025,WT,DMSO,0,6,1,398.1398,
g0025,WT,DMSO,0,6,2,411.6617,
g0025,WT,DMSO,0,6,3,427.436,
g0025,WT,drugA,2.5,24,1,312.2695,
g0025,WT,drugA,2.5,24,2,296.3227,
g0025,WT,drugA,2.5,24,3,299.4788,
g0025,WT,drugA,5,24,1,254.7161,
g0025,WT,drugA,5,24,2,219.3898,
g0025,WT,drugA,5,24,3,240.0153,
g0025,WT,drugA,10,24,1,118.0548,
g0025,WT,drugA,10,24,2,130.064,
g0025,WT,drugA,10,24,3,153.5196,
g0025,WT,DMSO,0,24,1,392.9901,
g0025,WT,DMSO,0,24,2,471.8334,
g0025,WT,DMSO,0,24,3,395.4079,
g0025,mutant,drugA,2.5,6,1,289.3886,
g0025,mutant,drugA,2.5,6,2,374.3086,
g0025,mutant,drugA,2.5,6,3,349.7036,
g0025,mutant,drugA,5,6,2,252.2586,
g0025,mutant,drugA,5,6,3,223.6485,
g0025,mutant,drugA,10,6,1,170.0385,
g0025,mutant,drugA,10,6,2,149.481,
g0025,mutant,drugA,10,6,3,127.8428,
g0025,mutant,DMSO,0,6,1,419.6462,
g0025,mutant,DMSO,0,6,2,463.3179,
g0025,mutant,DMSO,0,6,3,380.6485,
g0025,mutant,drugA,2.5,24,1,243.2254,
g0025,mutant,drugA,2.5,24,2,246.4582,
g0025,mutant,drugA,2.5,24,3,216.4878,
g0025,mutant,drugA,5,24,1,126.9699,
g0025,mutant,drugA,5,24,2,127.0708,
g0025,mutant,drugA,5,24,3,144.8084,
g0025,mutant,drugA,10,24,1,61.8506,
g0025,mutant,drugA,10,24,2,54.6176,
g0025,mutant,drugA,10,24,3,55.7776,
g0025,mutant,DMSO,0,24,1,412.5873,
g0025,mutant,DMSO,0,24,2,435.2831,
g0025,mutant,DMSO,0,24,3,465.8346,
g0026,WT,drugA,2.5,6,1,884.2817,
g0026,WT,drugA,2.5,6,2,804.2351,
g0026,WT,drugA,2.5,6,3,865.4784,
g0026,WT,drugA,5,6,1,887.429,
g0026,WT,drugA,5,6,2,938.3729,
g0026,WT,drugA,5,6,3,1001.8598,
g0026,WT,drugA,10,6,1,1219.8376,
g0026,WT,drugA,10,6,2,1241.9709,
g0026,WT,drugA,10,6,3,1182.1979,
g0026,WT,DMSO,0,6,1,747.3918,
g0026,WT,DMSO,0,6,2,694.8624,
g0026,WT,DMSO,0,6,3,895.0411,
g0026,WT,drugA,2.5,24,1,988.1127,
g0026,WT,drugA,2.5,24,2,938.2758,
g0026,WT,drugA,2.5,24,3,941.5669,
g0026,WT,drugA,5,24,1,1117.98,
g0026,WT,drugA,5,24,2,1101.7801,
g0026,WT,drugA,5,24,3,1477.4391,
g0026,WT,drugA,10,24,1,2046.7135,
g0026,WT,drugA,10,24,2,1885.3422,
g0026,WT,drugA,10,24,3,1646.1649,
g0026,WT,DMSO,0,24,1,703.9629,
g0026,WT,DMSO,0,24,2,758.1676,
g0026,WT,DMSO,0,24,3,736.3453,
g0026,mutant,drugA,2.5,6,1,825.3271,
g0026,mutant,drugA,2.5,6,2,669.506,
g0026,mutant,drugA,2.5,6,3,833.7298,
g0026,mutant,drugA,5,6,1,1023.8264,
g0026,mutant,drugA,5,6,2,799.1232,
g0026,mutant,drugA,5,6,3,823.6515,
g0026,mutant,drugA,10,6,1,1007.3912,
g0026,mutant,drugA,10,6,2,1148.3984,
g0026,mutant,drugA,10,6,3,1287.201,
g0026,mutant,DMSO,0,6,1,705.615,
g0026,mutant,DMSO,0,6,2,682.0818,
g0026,mutant,DMSO,0,6,3,831.4035,
g0026,mutant,drugA,2.5,24,1,1013.9611,
g0026,mutant,drugA,2.5,24,2,910.891,
g0026,mutant,drugA,2.5,24,3,1083.252,
g0026,mutant,drugA,5,24,1,1269.4927,
g0026,mutant,drugA,5,24,2,957.2771,
g0026,mutant,drugA,5,24,3,1273.5025,
g0026,mutant,drugA,10,24,1,1717.968,
g0026,mutant,drugA,10,24,2,1843.8639,
g0026,mutant,drugA,10,24,3,2274.7557,
g0026,mutant,DMSO,0,24,1,703.5232,
g0026,mutant,DMSO,0,24,2,653.4976,
g0026,mutant,DMSO,0,24,3,726.763,
g0027,WT,drugA,2.5,6,1,45.0484,
g0027,WT,drugA,2.5,6,2,40.5736,
g0027,WT,drugA,2.5,6,3,43.8963,
g0027,WT,drugA,5,6,1,34.4503,
g0027,WT,drugA,5,6,2,40.11,
g0027,WT,drugA,5,6,3,40.6431,
g0027,WT,drugA,10,6,1,39.8205,
g0027,WT,drugA,10,6,2,47.101,
g0027,WT,drugA,10,6,3,40.2944,
g0027,WT,DMSO,0,6,1,38.134,
g0027,WT,DMSO,0,6,2,43.9524,
g0027,WT,DMSO,0,6,3,38.0815,
g0027,WT,drugA,2.5,24,2,42.2004,
g0027,WT,drugA,2.5,24,3,37.0278,
g0027,WT,drugA,5,24,1,38.6584,
g0027,WT,drugA,5,24,2,39.4672,
g0027,WT,drugA,5,24,3,38.5277,
g0027,WT,drugA,10,24,1,41.1752,
g0027,WT,drugA,10,24,2,35.9548,
g0027,WT,drugA,10,24,3,47.4339,
g0027,WT,DMSO,0,24,1,39.0925,
g0027,WT,DMSO,0,24,2,39.991,
g0027,WT,DMSO,0,24,3,39.3019,
g0027,mutant,drugA,2.5,6,1,36.1754,
g0027,mutant,drugA,2.5,6,2,45.988,
g0027,mutant,drugA,2.5,6,3,41.2437,
g0027,mutant,drugA,5,6,1,46.2594,
g0027,mutant,drugA,5,6,2,36.5827,
g0027,mutant,drugA,5,6,3,44.5973,
g0027,mutant,drugA,10,6,2,33.9518,
g0027,mutant,drugA,10,6,3,47.9099,
g0027,mutant,DMSO,0,6,1,36.0475,
g0027,mutant,DMSO,0,6,2,34.6591,
g0027,mutant,DMSO,0,6,3,47.4257,
g0027,mutant,drugA,2.5,24,1,36.2663,
g0027,mutant,drugA,2.5,24,2,39.804,
g0027,mutant,drugA,2.5,24,3,39.22,
g0027,mutant,drugA,5,24,1,40.5913,
g0027,mutant,drugA,5,24,2,37.9387,
g0027,mutant,drugA,5,24,3,38.3952,
g0027,mutant,drugA,10,24,1,39.723,
g0027,mutant,drugA,10,24,2,44.2662,
g0027,mutant,drugA,10,24,3,40.5891,
g0027,mutant,DMSO,0,24,1,36.9538,
g0027,mutant,DMSO,0,24,2,35.7308,
g0027,mutant,DMSO,0,24,3,36.3112,
g0028,WT,drugA,2.5,6,1,1004.5901,
g0028,WT,drugA,2.5,6,2,1171.114,
g0028,WT,drugA,2.5,6,3,1209.5311,
g0028,WT,drugA,5,6,1,944.5951,
g0028,WT,drugA,5,6,2,983.6642,
g0028,WT,drugA,5,6,3,975.4328,
g0028,WT,drugA,10,6,1,573.2605,
g0028,WT,drugA,10,6,2,724.1213,
g0028,WT,drugA,10,6,3,629.5948,
g0028,WT,DMSO,0,6,1,1605.5236,
g0028,WT,DMSO,0,6,2,1408.4666,
g0028,WT,DMSO,0,6,3,1422.6583,
g0028,WT,drugA,2.5,24,1,930.2148,
g0028,WT,drugA,2.5,24,2,916.2622,
g0028,WT,drugA,2.5,24,3,1015.9469,
g0028,WT,drugA,5,24,1,722.4389,
g0028,WT,drugA,5,24,2,731.4082,
g0028,WT,drugA,5,24,3,781.8072,
g0028,WT,drugA,10,24,1,390.4517,
g0028,WT,drugA,10,24,2,384.3881,
g0028,WT,drugA,10,24,3,372.8243,
g0028,WT,DMSO,0,24,2,1099.0949,
g0028,WT,DMSO,0,24,3,1471.4609,
g0028,mutant,drugA,2.5,6,1,1316.3268,
g0028,mutant,drugA,2.5,6,2,1126.4549,
g0028,mutant,drugA,2.5,6,3,1205.3564,
g0028,mutant,drugA,5,6,1,940.7715,
g0028,mutant,drugA,5,6,2,971.1795,
g0028,mutant,drugA,5,6,3,1144.2599,
g0028,mutant,drugA,10,6,1,707.0634,
g0028,mutant,drugA,10,6,2,739.1344,
g0028,mutant,drugA,10,6,3,609.3876,
g0028,mutant,DMSO,0,6,1,1289.9824,
g0028,mutant,DMSO,0,6,2,1355.4166,
g0028,mutant,DMSO,0,6,3,1315.9456,
g0028,mutant,drugA,2.5,24,1,910.9623,
g0028,mutant,drugA,2.5,24,2,1199.5821,
g0028,mutant,drugA,2.5,24,3,967.0862,
g0028,mutant,drugA,5,24,1,703.6339,
g0028,mutant,drugA,5,24,2,743.7013,
g0028,mutant,drugA,5,24,3,756.8105,
g0028,mutant,drugA,10,24,1,335.1557,
g0028,mutant,drugA,10,24,2,395.0011,
g0028,mutant,drugA,10,24,3,387.5771,
g0028,mutant,DMSO,0,24,1,1278.9239,
g0028,mutant,DMSO,0,24,2,1366.3267,
g0028,mutant,DMSO,0,24,3,1406.7702,
g0029,WT,drugA,2.5,6,1,1172.1023,
g0029,WT,drugA,2.5,6,2,1158.0517,
g0029,WT,drugA,2.5,6,3,1251.5312,
g0029,WT,drugA,5,6,1,1221.843,
g0029,WT,drugA,5,6,2,1085.1961,
g0029,WT,drugA,5,6,3,1324.9856,
g0029,WT,drugA,10,6,1,1241.7682,
g0029,WT,drugA,10,6,2,979.691,
g0029,WT,drugA,10,6,3,1361.1535,
g0029,WT,DMSO,0,6,1,1058.3742,
g0029,WT,DMSO,0,6,2,1093.282,
g0029,WT,DMSO,0,6,3,1244.8927,
g0029,WT,drugA,2.5,24,1,1303.9384,
g0029,WT,drugA,2.5,24,2,1096.7402,
g0029,WT,drugA,2.5,24,3,1136.3255,
g0029,WT,drugA,5,24,1,1045.6939,
g0029,WT,drugA,5,24,2,938.2911,
g0029,WT,drugA,5,24,3,1101.4125,
g0029,WT,drugA,10,24,1,1065.0089,
g0029,WT,drugA,10,24,2,990.7132,
g0029,WT,drugA,10,24,3,1062.6353,
g0029,WT,DMSO,0,24,1,1168.9675,
g0029,WT,DMSO,0,24,2,1191.4011,
g0029,WT,DMSO,0,24,3,1069.4276,
g0029,mutant,drugA,2.5,6,1,1132.4907,
g0029,mutant,drugA,2.5,6,2,1296.0769,
g0029,mutant,drugA,2.5,6,3,996.8549,
g0029,mutant,drugA,5,6,1,1119.7663,
g0029,mutant,drugA,5,6,2,1215.087,
g0029,mutant,drugA,5,6,3,1160.2872,
g0029,mutant,drugA,10,6,1,1004.483,
g0029,mutant,drugA,10,6,2,1185.0118,
g0029,mutant,drugA,10,6,3,1076.5248,
g0029,mutant,DMSO,0,6,1,1141.3114,
g0029,mutant,DMSO,0,6,2,1252.103,
g0029,mutant,DMSO,0,6,3,1131.234,
g0029,mutant,drugA,2.5,24,1,1260.1443,
g0029,mutant,drugA,2.5,24,2,981.0166,
g0029,mutant,drugA,2.5,24,3,1203.4305,
g0029,mutant,drugA,5,24,1,1091.6405,
g0029,mutant,drugA,5,24,2,1100.8274,
g0029,mutant,drugA,5,24,3,1426.8695,
g0029,mutant,drugA,10,24,1,1247.6133,
g0029,mutant,drugA,10,24,3,1137.4097,
g0029,mutant,DMSO,0,24,1,1072.4716,
g0029,mutant,DMSO,0,24,3,1162.2071,
g0030,WT,drugA,2.5,6,1,760.7312,
g0030,WT,drugA,2.5,6,2,734.7009,
g0030,WT,drugA,2.5,6,3,638.4526,
g0030,WT,drugA,5,6,1,697.0571,
g0030,WT,drugA,5,6,2,627.002,
g0030,WT,drugA,10,6,1,667.6232,
g0030,WT,drugA,10,6,2,628.8708,
g0030,WT,drugA,10,6,3,538.4101,
g0030,WT,DMSO,0,6,1,557.3107,
g0030,WT,DMSO,0,6,2,717.0283,
g0030,WT,DMSO,0,6,3,663.0475,
g0030,WT,drugA,2.5,24,1,677.395,
g0030,WT,drugA,2.5,24,2,642.735,
g0030,WT,drugA,2.5,24,3,549.3341,
g0030,WT,drugA,5,24,1,547.3272,
g0030,WT,drugA,5,24,2,601.9478,
g0030,WT,drugA,5,24,3,640.5915,
g0030,WT,drugA,10,24,1,626.7862,
g0030,WT,drugA,10,24,2,629.5494,
g0030,WT,drugA,10,24,3,561.2142,
g0030,WT,DMSO,0,24,1,582.8368,
g0030,WT,DMSO,0,24,2,825.7515,
g0030,WT,DMSO,0,24,3,723.8754,
g0030,mutant,drugA,2.5,6,1,541.294,
g0030,mutant,drugA,2.5,6,2,565.5014,
g0030,mutant,drugA,2.5,6,3,711.5678,
g0030,mutant,drugA,5,6,1,677.7193,
g0030,mutant,drugA,5,6,2,721.6547,
g0030,mutant,drugA,5,6,3,671.984,
g0030,mutant,drugA,10,6,1,737.2475,
g0030,mutant,drugA,10,6,2,665.2712,
g0030,mutant,drugA,10,6,3,537.8015,
g0030,mutant,DMSO,0,6,2,689.8439,
g0030,mutant,DMSO,0,6,3,833.8554,
g0030,mutant,drugA,2.5,24,1,674.1362,
g0030,mutant,drugA,2.5,24,2,826.8309,
g0030,mutant,drugA,2.5,24,3,550.7314,
g0030,mutant,drugA,5,24,1,665.1725,
g0030,mutant,drugA,5,24,2,639.8281,
g0030,mutant,drugA,5,24,3,641.8553,
g0030,mutant,drugA,10,24,1,623.425,
g0030,mutant,drugA,10,24,2,753.3989,
g0030,mutant,drugA,10,24,3,690.9435,
g0030,mutant,DMSO,0,24,1,662.8873,
g0030,mutant,DMSO,0,24,2,667.7309,
g0030,mutant,DMSO,0,24,3,666.938,
g0031,WT,drugA,2.5,6,1,767.446,
g0031,WT,drugA,2.5,6,2,988.6118,
g0031,WT,drugA,2.5,6,3,858.1436,
g0031,WT,drugA,5,6,1,758.1555,
g0031,WT,drugA,5,6,2,765.3904,
g0031,WT,drugA,5,6,3,728.7994,
g0031,WT,drugA,10,6,1,806.746,
g0031,WT,drugA,10,6,2,1018.2273,
g0031,WT,drugA,10,6,3,800.3167,
g0031,WT,DMSO,0,6,1,941.7008,
g0031,WT,DMSO,0,6,2,724.2292,
g0031,WT,DMSO,0,6,3,832.9145,
g0031,WT,drugA,2.5,24,1,799.7538,
g0031,WT,drugA,2.5,24,2,667.6931,
g0031,WT,drugA,5,24,1,730.724,
g0031,WT,drugA,5,24,2,792.628,
g0031,WT,drugA,5,24,3,857.1315,
g0031,WT,drugA,10,24,1,720.0718,
g0031,WT,drugA,10,24,2,816.6585,
g0031,WT,drugA,10,24,3,723.0145,
g0031,WT,DMSO,0,24,2,723.4028,
g0031,WT,DMSO,0,24,3,825.111,
g0031,mutant,drugA,2.5,6,1,747.4813,
g0031,mutant,drugA,2.5,6,2,938.0791,
g0031,mutant,drugA,2.5,6,3,770.4024,
g0031,mutant,drugA,5,6,1,846.3532,
g0031,mutant,drugA,5,6,2,982.1268,
g0031,mutant,drugA,5,6,3,937.8771,
g0031,mutant,drugA,10,6,1,948.4788,
g0031,mutant,drugA,10,6,2,766.7957,
g0031,mutant,drugA,10,6,3,910.7355,
g0031,mutant,DMSO,0,6,1,885.2751,
g0031,mutant,DMSO,0,6,2,982.7733,
g0031,mutant,DMSO,0,6,3,862.438,
g0031,mutant,drugA,2.5,24,1,783.2281,
g0031,mutant,drugA,2.5,24,2,771.1747,
g0031,mutant,drugA,2.5,24,3,755.3486,
g0031,mutant,drugA,5,24,1,744.74,
g0031,mutant,drugA,5,24,2,854.1658,
g0031,mutant,drugA,5,24,3,861.9368,
g0031,mutant,drugA,10,24,1,795.8264,
g0031,mutant,drugA,10,24,2,866.7501,
g0031,mutant,drugA,10,24,3,813.6782,
g0031,mutant,DMSO,0,24,1,752.8566,
g0031,mutant,DMSO,0,24,2,853.0357,
g0031,mutant,DMSO,0,24,3,664.047,
g0032,WT,drugA,2.5,6,1,625.198,
g0032,WT,drugA,2.5,6,2,622.898,
g0032,WT,drugA,2.5,6,3,560.6505,
g0032,WT,drugA,5,6,1,529.9311,
g0032,WT,drugA,5,6,2,482.2619,
g0032,WT,drugA,5,6,3,474.5479,
g0032,WT,drugA,10,6,1,323.2271,
g0032,WT,drugA,10,6,2,511.3803,
g0032,WT,drugA,10,6,3,402.78,
g0032,WT,DMSO,0,6,1,548.9379,
g0032,WT,DMSO,0,6,2,722.209,
g0032,WT,DMSO,0,6,3,693.3608,
g0032,WT,drugA,2.5,24,1,466.3063,
g0032,WT,drugA,2.5,24,2,492.897,
g0032,WT,drugA,2.5,24,3,527.1337,
g0032,WT,drugA,5,24,1,420.7572,
g0032,WT,drugA,5,24,2,416.4954,
g0032,WT,drugA,5,24,3,421.7268,
g0032,WT,drugA,10,24,1,236.7843,
g0032,WT,drugA,10,24,2,233.4228,
g0032,WT,drugA,10,24,3,338.8737,
g0032,WT,DMSO,0,24,1,552.7451,
g0032,WT,DMSO,0,24,2,770.8387,
g0032,WT,DMSO,0,24,3,731.6382,
g0032,mutant,drugA,2.5,6,1,625.2724,
g0032,mutant,drugA,2.5,6,2,644.5644,
g0032,mutant,drugA,2.5,6,3,662.1976,
g0032,mutant,drugA,5,6,1,667.2495,
g0032,mutant,drugA,5,6,2,770.5355,
g0032,mutant,drugA,5,6,3,642.3039,
g0032,mutant,drugA,10,6,1,525.9124,
g0032,mutant,drugA,10,6,2,733.8292,
g0032,mutant,drugA,10,6,3,611.0488,
g0032,mutant,DMSO,0,6,1,782.3107,
g0032,mutant,DMSO,0,6,2,625.8664,
g0032,mutant,DMSO,0,6,3,715.7424,
g0032,mutant,drugA,2.5,24,1,747.4873,
g0032,mutant,drugA,2.5,24,2,633.9673,
g0032,mutant,drugA,2.5,24,3,603.2822,
g0032,mutant,drugA,5,24,1,719.4682,
g0032,mutant,drugA,5,24,2,527.7976,
g0032,mutant,drugA,5,24,3,596.2706,
g0032,mutant,drugA,10,24,1,616.6901,
g0032,mutant,drugA,10,24,2,484.2546,
g0032,mutant,drugA,10,24,3,481.7957,
g0032,mutant,DMSO,0,24,1,736.3104,
g0032,mutant,DMSO,0,24,2,584.1951,
g0032,mutant,DMSO,0,24,3,728.3515,
g0033,WT,drugA,2.5,6,1,381.496,
g0033,WT,drugA,2.5,6,2,455.1522,
g0033,WT,drugA,2.5,6,3,480.2252,
g0033,WT,drugA,5,6,1,347.8891,
g0033,WT,drugA,5,6,2,426.6621,
g0033,WT,drugA,5,6,3,335.9312,
g0033,WT,drugA,10,6,1,431.2812,
g0033,WT,drugA,10,6,2,305.4719,
g0033,WT,drugA,10,6,3,393.0588,
g0033,WT,DMSO,0,6,1,439.2858,
g0033,WT,DMSO,0,6,2,456.4318,
g0033,WT,DMSO,0,6,3,439.0041,
g0033,WT,drugA,2.5,24,1,440.9493,
g0033,WT,drugA,2.5,24,2,483.4315,
g0033,WT,drugA,2.5,24,3,466.0108,
g0033,WT,drugA,5,24,1,476.915,
g0033,WT,drugA,5,24,2,397.4507,
g0033,WT,drugA,5,24,3,382.6619,
g0033,WT,drugA,10,24,1,396.5716,
g0033,WT,drugA,10,24,2,362.1378,
g0033,WT,drugA,10,24,3,416.3972,
g0033,WT,DMSO,0,24,1,545.5619,
g0033,WT,DMSO,0,24,2,378.8651,
g0033,WT,DMSO,0,24,3,447.0501,
g0033,mutant,drugA,2.5,6,1,380.9099,
g0033,mutant,drugA,2.5,6,2,404.0049,
g0033,mutant,drugA,2.5,6,3,359.4001,
g0033,mutant,drugA,5,6,1,425.8219,
g0033,mutant,drugA,5,6,2,424.4753,
g0033,mutant,drugA,5,6,3,405.5098,
g0033,mutant,drugA,10,6,1,386.2375,
g0033,mutant,drugA,10,6,2,434.4111,
g0033,mutant,drugA,10,6,3,395.9953,
g0033,mutant,DMSO,0,6,1,388.6373,
g0033,mutant,DMSO,0,6,2,440.1476,
g0033,mutant,DMSO,0,6,3,404.7093,
g0033,mutant,drugA,2.5,24,1,384.9072,
g0033,mutant,drugA,2.5,24,2,491.0408,
g0033,mutant,drugA,2.5,24,3,417.3518,
g0033,mutant,drugA,5,24,1,423.2937,
g0033,mutant,drugA,5,24,2,461.9352,
g0033,mutant,drugA,5,24,3,517.7499,
g0033,mutant,drugA,10,24,1,425.9909,
g0033,mutant,drugA,10,24,2,426.5631,
g0033,mutant,drugA,10,24,3,364.4117,
g0033,mutant,DMSO,0,24,1,437.8264,
g0033,mutant,DMSO,0,24,2,437.0817,
g0033,mutant,DMSO,0,24,3,385.4871,
g0034,WT,drugA,2.5,6,1,3709.1814,
g0034,WT,drugA,2.5,6,2,4020.064,
g0034,WT,drugA,2.5,6,3,4212.5212,
g0034,WT,drugA,5,6,1,3829.6896,
g0034,WT,drugA,5,6,2,4427.8745,
g0034,WT,drugA,5,6,3,4258.8233,
g0034,WT,drugA,10,6,1,5360.9883,
g0034,WT,drugA,10,6,2,5297.6723,
g0034,WT,drugA,10,6,3,5879.1179,
g0034,WT,DMSO,0,6,1,3249.0646,
g0034,WT,DMSO,0,6,2,3442.8547,
g0034,WT,DMSO,0,6,3,3605.6447,
g0034,WT,drugA,2.5,24,1,4405.3911,
g0034,WT,drugA,2.5,24,2,4573.1877,
g0034,WT,drugA,2.5,24,3,4523.8495,
g0034,WT,drugA,5,24,1,4907.9793,
g0034,WT,drugA,5,24,2,6950.3533,
g0034,WT,drugA,5,24,3,6131.5629,
g0034,WT,drugA,10,24,1,8441.949,
g0034,WT,drugA,10,24,2,9569.4473,
g0034,WT,drugA,10,24,3,7038.15,
g0034,WT,DMSO,0,24,1,3061.8507,
g0034,WT,DMSO,0,24,2,3519.6164,
g0034,WT,DMSO,0,24,3,3476.6211,
g0034,mutant,drugA,2.5,6,1,4103.9014,
g0034,mutant,drugA,2.5,6,2,3455.7415,
g0034,mutant,drugA,2.5,6,3,3793.4477,
g0034,mutant,drugA,5,6,1,4559.3715,
g0034,mutant,drugA,5,6,2,4153.1894,
g0034,mutant,drugA,5,6,3,4778.8627,
g0034,mutant,drugA,10,6,1,5664.0548,
g0034,mutant,drugA,10,6,2,5199.9609,
g0034,mutant,drugA,10,6,3,6406.1652,
g0034,mutant,DMSO,0,6,1,3892.0823,
g0034,mutant,DMSO,0,6,2,3457.1932,
g0034,mutant,DMSO,0,6,3,3628.3254,
g0034,mutant,drugA,2.5,24,1,4094.1302,
g0034,mutant,drugA,2.5,24,2,5853.2968,
g0034,mutant,drugA,2.5,24,3,4221.8414,
g0034,mutant,drugA,5,24,1,5043.0254,
g0034,mutant,drugA,5,24,2,6167.7293,
g0034,mutant,drugA,5,24,3,5317.0939,
g0034,mutant,drugA,10,24,1,6710.3934,
g0034,mutant,drugA,10,24,2,9288.3279,
g0034,mutant,drugA,10,24,3,8585.128,
g0034,mutant,DMSO,0,24,1,2895.8859,
g0034,mutant,DMSO,0,24,2,3422.1669,
g0034,mutant,DMSO,0,24,3,3409.9926,
g0035,WT,drugA,2.5,6,1,606.0674,
g0035,WT,drugA,2.5,6,3,728.1024,
g0035,WT,drugA,5,6,1,608.9271,
g0035,WT,drugA,5,6,3,569.7097,
g0035,WT,drugA,10,6,1,629.0869,
g0035,WT,drugA,10,6,2,655.9542,
g0035,WT,drugA,10,6,3,619.3945,
g0035,WT,DMSO,0,6,1,600.961,
g0035,WT,DMSO,0,6,2,624.0678,
g0035,WT,DMSO,0,6,3,689.526,
g0035,WT,drugA,2.5,24,1,664.4652,
g0035,WT,drugA,2.5,24,2,742.5149,
g0035,WT,drugA,2.5,24,3,685.9979,
g0035,WT,drugA,5,24,1,611.5558,
g0035,WT,drugA,5,24,2,618.1413,
g0035,WT,drugA,5,24,3,518.8251,
g0035,WT,drugA,10,24,1,633.1399,
g0035,WT,drugA,10,24,2,681.7065,
g0035,WT,drugA,10,24,3,513.0707,
g0035,WT,DMSO,0,24,1,645.8367,
g0035,WT,DMSO,0,24,2,596.8881,
g0035,WT,DMSO,0,24,3,615.6427,
g0035,mutant,drugA,2.5,6,1,680.3722,
g0035,mutant,drugA,2.5,6,2,610.9092,
g0035,mutant,drugA,2.5,6,3,602.2806,
g0035,mutant,drugA,5,6,1,649.6833,
g0035,mutant,drugA,5,6,2,721.0696,
g0035,mutant,drugA,5,6,3,610.0118,
g0035,mutant,drugA,10,6,1,655.2738,
g0035,mutant,drugA,10,6,2,636.6662,
g0035,mutant,drugA,10,6,3,555.7806,
g0035,mutant,DMSO,0,6,1,730.1796,
g0035,mutant,DMSO,0,6,2,682.3675,
g0035,mutant,DMSO,0,6,3,760.1111,
g0035,mutant,drugA,2.5,24,1,589.9369,
g0035,mutant,drugA,2.5,24,2,675.8494,
g0035,mutant,drugA,2.5,24,3,581.3404,
g0035,mutant,drugA,5,24,1,671.057,
g0035,mutant,drugA,5,24,2,614.6571,
g0035,mutant,drugA,5,24,3,725.3723,
g0035,mutant,drugA,10,24,1,645.616,
g0035,mutant,drugA,10,24,2,668.811,
g0035,mutant,drugA,10,24,3,630.0024,
g0035,mutant,DMSO,0,24,1,588.0977,
g0035,mutant,DMSO,0,24,2,578.8477,
g0035,mutant,DMSO,0,24,3,637.983,
g0036,WT,drugA,2.5,6,1,611.698,
g0036,WT,drugA,2.5,6,2,529.568,
g0036,WT,drugA,2.5,6,3,550.9107,
g0036,WT,drugA,5,6,1,701.4449,
g0036,WT,drugA,5,6,2,564.6668,
g0036,WT,drugA,5,6,3,594.6442,
g0036,WT,drugA,10,6,1,621.5739,
g0036,WT,drugA,10,6,2,530.3702,
g0036,WT,drugA,10,6,3,632.4691,
g0036,WT,DMSO,0,6,1,670.389,
g0036,WT,DMSO,0,6,2,582.3311,
g0036,WT,DMSO,0,6,3,597.5145,
g0036,WT,drugA,2.5,24,1,636.7978,
g0036,WT,drugA,2.5,24,2,577.7805,
g0036,WT,drugA,2.5,24,3,627.6969,
g0036,WT,drugA,5,24,1,649.9298,
g0036,WT,drugA,5,24,2,637.7468,
g0036,WT,drugA,5,24,3,646.3704,
g0036,WT,drugA,10,24,1,651.314,
g0036,WT,drugA,10,24,2,561.4883,
g0036,WT,drugA,10,24,3,585.8461,
g0036,WT,DMSO,0,24,1,539.3883,
g0036,WT,DMSO,0,24,2,501.896,
g0036,WT,DMSO,0,24,3,856.678,
g0036,mutant,drugA,2.5,6,1,728.8913,
g0036,mutant,drugA,2.5,6,2,705.0424,
g0036,mutant,drugA,2.5,6,3,693.4219,
g0036,mutant,drugA,5,6,1,583.3265,
g0036,mutant,drugA,5,6,2,611.4492,
g0036,mutant,drugA,5,6,3,604.4595,
g0036,mutant,drugA,10,6,1,748.0804,
g0036,mutant,drugA,10,6,2,596.8169,
g0036,mutant,drugA,10,6,3,602.7419,
g0036,mutant,DMSO,0,6,1,525.5468,
g0036,mutant,DMSO,0,6,2,585.9828,
g0036,mutant,DMSO,0,6,3,754.3043,
g0036,mutant,drugA,2.5,24,1,655.6807,
g0036,mutant,drugA,2.5,24,2,433.2444,
g0036,mutant,drugA,2.5,24,3,561.738,
g0036,mutant,drugA,5,24,1,603.1326,
g0036,mutant,drugA,5,24,2,560.012,
g0036,mutant,drugA,5,24,3,680.8787,
g0036,mutant,drugA,10,24,1,640.2561,
g0036,mutant,drugA,10,24,2,615.8955,
g0036,mutant,drugA,10,24,3,609.4568,
g0036,mutant,DMSO,0,24,1,649.4225,
g0036,mutant,DMSO,0,24,2,594.763,
g0036,mutant,DMSO,0,24,3,518.637,
g0037,WT,drugA,2.5,6,1,311.1822,
g0037,WT,drugA,2.5,6,2,223.921,
g0037,WT,drugA,2.5,6,3,221.5267,
g0037,WT,drugA,5,6,1,244.3054,
g0037,WT,drugA,5,6,2,292.5435,
g0037,WT,drugA,5,6,3,234.9179,
g0037,WT,drugA,10,6,1,331.6063,
g0037,WT,drugA,10,6,2,342.4204,
g0037,WT,drugA,10,6,3,378.7547,
g0037,WT,DMSO,0,6,1,225.4398,
g0037,WT,DMSO,0,6,2,234.4368,
g0037,WT,DMSO,0,6,3,167.9727,
g0037,WT,drugA,2.5,24,1,221.6061,
g0037,WT,drugA,2.5,24,2,239.6343,
g0037,WT,drugA,2.5,24,3,228.1415,
g0037,WT,drugA,5,24,1,332.1623,
g0037,WT,drugA,5,24,2,311.3833,
g0037,WT,drugA,5,24,3,367.9428,
g0037,WT,drugA,10,24,1,580.6319,
g0037,WT,drugA,10,24,2,540.7634,
g0037,WT,drugA,10,24,3,628.7288,
g0037,WT,DMSO,0,24,1,208.1702,
g0037,WT,DMSO,0,24,2,176.3699,
g0037,WT,DMSO,0,24,3,209.7831,
g0037,mutant,drugA,2.5,6,1,222.0742,
g0037,mutant,drugA,2.5,6,2,212.4189,
g0037,mutant,drugA,2.5,6,3,222.2882,
g0037,mutant,drugA,5,6,1,271.043,
g0037,mutant,drugA,5,6,2,273.4001,
g0037,mutant,drugA,5,6,3,238.3305,
g0037,mutant,drugA,10,6,1,350.6743,
g0037,mutant,drugA,10,6,2,344.6441,
g0037,mutant,drugA,10,6,3,341.697,
g0037,mutant,DMSO,0,6,1,207.8526,
g0037,mutant,DMSO,0,6,2,189.7534,
g0037,mutant,DMSO,0,6,3,169.8049,
g0037,mutant,drugA,2.5,24,1,258.9916,
g0037,mutant,drugA,2.5,24,2,255.6173,
g0037,mutant,drugA,2.5,24,3,232.808,
g0037,mutant,drugA,5,24,1,399.5636,
g0037,mutant,drugA,5,24,2,422.7824,
g0037,mutant,drugA,5,24,3,408.08,
g0037,mutant,drugA,10,24,1,624.6036,
g0037,mutant,drugA,10,24,2,575.2266,
g0037,mutant,drugA,10,24,3,670.7585,
g0037,mutant,DMSO,0,24,1,193.5909,
g0037,mutant,DMSO,0,24,2,226.8036,
g0037,mutant,DMSO,0,24,3,200.9238,
g0038,WT,drugA,2.5,6,1,114.6672,
g0038,WT,drugA,2.5,6,2,98.3541,
g0038,WT,drugA,2.5,6,3,107.5125,
g0038,WT,drugA,5,6,1,119.2763,
g0038,WT,drugA,5,6,2,114.8386,
g0038,WT,drugA,5,6,3,129.4228,
g0038,WT,drugA,10,6,1,169.9837,
g0038,WT,drugA,10,6,3,144.71,
g0038,WT,DMSO,0,6,1,82.9473,
g0038,WT,DMSO,0,6,2,64.609,
g0038,WT,DMSO,0,6,3,62.8585,
g0038,WT,drugA,2.5,24,1,112.9301,
g0038,WT,drugA,2.5,24,2,98.53,
g0038,WT,drugA,2.5,24,3,109.0957,
g0038,WT,drugA,5,24,2,166.4255,
g0038,WT,drugA,5,24,3,212.7451,
g0038,WT,drugA,10,24,1,406.3487,
g0038,WT,drugA,10,24,2,374.8526,
g0038,WT,drugA,10,24,3,297.11,
g0038,WT,DMSO,0,24,1,66.7477,
g0038,WT,DMSO,0,24,2,85.5663,
g0038,WT,DMSO,0,24,3,63.9201,
g0038,mutant,drugA,2.5,6,1,121.9815,
g0038,mutant,drugA,2.5,6,2,115.4492,
g0038,mutant,drugA,2.5,6,3,108.883,
g0038,mutant,drugA,5,6,1,146.8362,
g0038,mutant,drugA,5,6,3,164.04,
g0038,mutant,drugA,10,6,1,309.0686,
g0038,mutant,drugA,10,6,2,353.3251,
g0038,mutant,drugA,10,6,3,342.4782,
g0038,mutant,DMSO,0,6,1,72.8585,
g0038,mutant,DMSO,0,6,2,63.5587,
g0038,mutant,DMSO,0,6,3,81.5919,
g0038,mutant,drugA,2.5,24,1,147.9859,
g0038,mutant,drugA,2.5,24,2,179.4813,
g0038,mutant,drugA,2.5,24,3,149.8026,
g0038,mutant,drugA,5,24,1,316.5024,
g0038,mutant,drugA,5,24,2,367.5524,
g0038,mutant,drugA,10,24,1,1499.9727,
g0038,mutant,drugA,10,24,2,1293.7737,
g0038,mutant,drugA,10,24,3,1424.4344,
g0038,mutant,DMSO,0,24,1,56.943,
g0038,mutant,DMSO,0,24,2,65.3284,
g0038,mutant,DMSO,0,24,3,79.4628,
g0039,WT,drugA,2.5,6,1,509.9515,
g0039,WT,drugA,2.5,6,2,438.7581,
g0039,WT,drugA,2.5,6,3,459.1133,
g0039,WT,drugA,5,6,1,482.9897,
g0039,WT,drugA,5,6,2,435.1219,
g0039,WT,drugA,5,6,3,423.5161,
g0039,WT,drugA,10,6,1,375.0633,
g0039,WT,drugA,10,6,2,399.9923,
g0039,WT,drugA,10,6,3,477.5929,
g0039,WT,DMSO,0,6,1,403.0145,
g0039,WT,DMSO,0,6,2,478.5257,
g0039,WT,DMSO,0,6,3,423.8212,
g0039,WT,drugA,2.5,24,1,438.7358,
g0039,WT,drugA,2.5,24,2,478.4068,
g0039,WT,drugA,2.5,24,3,403.4886,
g0039,WT,drugA,5,24,1,393.1475,
g0039,WT,drugA,5,24,2,462.8987,
g0039,WT,drugA,5,24,3,425.5853,
g0039,WT,drugA,10,24,1,408.7259,
g0039,WT,drugA,10,24,2,484.1319,
g0039,WT,drugA,10,24,3,432.784,
g0039,WT,DMSO,0,24,1,401.374,
g0039,WT,DMSO,0,24,2,400.4128,
g0039,WT,DMSO,0,24,3,397.8663,
g0039,mutant,drugA,2.5,6,1,401.9951,
g0039,mutant,drugA,2.5,6,2,325.02,
g0039,mutant,drugA,2.5,6,3,380.325,
g0039,mutant,drugA,5,6,1,418.8368,
g0039,mutant,drugA,5,6,2,361.5512,
g0039,mutant,drugA,5,6,3,340.3091,
g0039,mutant,drugA,10,6,1,433.1617,
g0039,mutant,drugA,10,6,2,333.3502,
g0039,mutant,drugA,10,6,3,416.5165,
g0039,mutant,DMSO,0,6,1,378.8212,
g0039,mutant,DMSO,0,6,2,407.7471,
g0039,mutant,DMSO,0,6,3,373.5247,
g0039,mutant,drugA,2.5,24,1,410.5194,
g0039,mutant,drugA,2.5,24,2,413.4704,
g0039,mutant,drugA,2.5,24,3,463.633,
g0039,mutant,drugA,5,24,1,476.2436,
g0039,mutant,drugA,5,24,2,381.405,
g0039,mutant,drugA,5,24,3,368.4672,
g0039,mutant,drugA,10,24,1,383.0954,
g0039,mutant,drugA,10,24,2,460.79,
g0039,mutant,drugA,10,24,3,468.9331,
g0039,mutant,DMSO,0,24,1,466.5037,
g0039,mutant,DMSO,0,24,2,447.4023,
g0040,WT,drugA,2.5,6,1,246.5014,
g0040,WT,drugA,2.5,6,2,265.3373,
g0040,WT,drugA,2.5,6,3,278.7886,
g0040,WT,drugA,5,6,1,259.7599,
g0040,WT,drugA,5,6,2,251.2822,
g0040,WT,drugA,5,6,3,200.4543,
g0040,WT,drugA,10,6,1,220.535,
g0040,WT,drugA,10,6,2,279.1022,
g0040,WT,drugA,10,6,3,224.8631,
g0040,WT,DMSO,0,6,1,203.2772,
g0040,WT,DMSO,0,6,2,253.9967,
g0040,WT,DMSO,0,6,3,220.2434,
g0040,WT,drugA,2.5,24,1,223.9832,
g0040,WT,drugA,2.5,24,2,252.4018,
g0040,WT,drugA,2.5,24,3,268.292,
g0040,WT,drugA,5,24,1,279.0755,
g0040,WT,drugA,5,24,2,265.2596,
g0040,WT,drugA,5,24,3,271.2935,
g0040,WT,drugA,10,24,1,235.1128,
g0040,WT,drugA,10,24,2,259.7392,
g0040,WT,drugA,10,24,3,238.3518,
g0040,WT,DMSO,0,24,1,267.6762,
g0040,WT,DMSO,0,24,2,255.3858,
g0040,WT,DMSO,0,24,3,252.005,
g0040,mutant,drugA,2.5,6,1,247.2202,
g0040,mutant,drugA,2.5,6,2,253.3572,
g0040,mutant,drugA,2.5,6,3,229.7537,
g0040,mutant,drugA,5,6,1,261.598,
g0040,mutant,drugA,5,6,2,261.2743,
g0040,mutant,drugA,5,6,3,226.246,
g0040,mutant,drugA,10,6,1,269.1279,
g0040,mutant,drugA,10,6,2,260.6969,
g0040,mutant,drugA,10,6,3,203.9403,
g0040,mutant,DMSO,0,6,1,252.5309,
g0040,mutant,DMSO,0,6,2,231.1758,
g0040,mutant,DMSO,0,6,3,227.6072,
g0040,mutant,drugA,2.5,24,1,234.6413,
g0040,mutant,drugA,2.5,24,2,237.9854,
g0040,mutant,drugA,2.5,24,3,299.1448,
g0040,mutant,drugA,5,24,1,208.1566,
g0040,mutant,drugA,5,24,2,262.7493,
g0040,mutant,drugA,10,24,1,241.8131,
g0040,mutant,drugA,10,24,2,263.0731,
g0040,mutant,drugA,10,24,3,204.3674,
g0040,mutant,DMSO,0,24,1,252.9006,
g0040,mutant,DMSO,0,24,2,230.748,
g0040,mutant,DMSO,0,24,3,251.6194,
g0041,WT,drugA,2.5,6,2,91.6611,
g0041,WT,drugA,2.5,6,3,108.9414,
g0041,WT,drugA,5,6,1,110.248,
g0041,WT,drugA,5,6,2,103.0701,
g0041,WT,drugA,5,6,3,112.6911,
g0041,WT,drugA,10,6,1,107.1714,
g0041,WT,drugA,10,6,2,134.9599,
g0041,WT,drugA,10,6,3,133.3405,
g0041,WT,DMSO,0,6,1,124.973,
g0041,WT,DMSO,0,6,2,102.9097,
g0041,WT,DMSO,0,6,3,107.6077,
g0041,WT,drugA,2.5,24,1,129.0526,
g0041,WT,drugA,2.5,24,2,106.0398,
g0041,WT,drugA,2.5,24,3,93.1247,
g0041,WT,drugA,5,24,1,124.551,
g0041,WT,drugA,5,24,2,109.5631,
g0041,WT,drugA,5,24,3,114.6438,
g0041,WT,drugA,10,24,1,125.2477,
g0041,WT,drugA,10,24,2,121.7056,
g0041,WT,drugA,10,24,3,103.2301,
g0041,WT,DMSO,0,24,1,125.6503,
g0041,WT,DMSO,0,24,2,113.124,
g0041,WT,DMSO,0,24,3,108.9275,
g0041,mutant,drugA,2.5,6,1,117.6318,
g0041,mutant,drugA,2.5,6,2,128.5389,
g0041,mutant,drugA,2.5,6,3,101.9276,
g0041,mutant,drugA,5,6,1,122.1758,
g0041,mutant,drugA,5,6,2,95.1024,
g0041,mutant,drugA,5,6,3,121.0618,
g0041,mutant,drugA,10,6,1,93.904,
g0041,mutant,drugA,10,6,2,119.0868,
g0041,mutant,drugA,10,6,3,122.0533,
g0041,mutant,DMSO,0,6,1,98.7745,
g0041,mutant,DMSO,0,6,2,98.8736,
g0041,mutant,DMSO,0,6,3,109.1665,
g0041,mutant,drugA,2.5,24,1,98.6317,
g0041,mutant,drugA,2.5,24,2,128.0263,
g0041,mutant,drugA,2.5,24,3,102.2156,
g0041,mutant,drugA,5,24,1,106.6413,
g0041,mutant,drugA,5,24,2,118.1856,
g0041,mutant,drugA,5,24,3,112.7778,
g0041,mutant,drugA,10,24,1,103.3912,
g0041,mutant,drugA,10,24,2,122.8897,
g0041,mutant,drugA,10,24,3,108.9336,
g0041,mutant,DMSO,0,24,1,120.996,
g0041,mutant,DMSO,0,24,2,109.51,
g0041,mutant,DMSO,0,24,3,110.7473,
g0042,WT,drugA,2.5,6,1,292.9879,
g0042,WT,drugA,2.5,6,2,301.6366,
g0042,WT,drugA,2.5,6,3,284.5824,
g0042,WT,drugA,5,6,1,301.3634,
g0042,WT,drugA,5,6,2,304.6942,
g0042,WT,drugA,5,6,3,284.2954,
g0042,WT,drugA,10,6,1,291.4865,
g0042,WT,drugA,10,6,2,327.5054,
g0042,WT,drugA,10,6,3,291.9132,
g0042,WT,DMSO,0,6,1,312.0093,
g0042,WT,DMSO,0,6,2,297.8994,
g0042,WT,DMSO,0,6,3,330.3007,
g0042,WT,drugA,2.5,24,1,284.9208,
g0042,WT,drugA,2.5,24,2,314.6444,
g0042,WT,drugA,2.5,24,3,296.9089,
g0042,WT,drugA,5,24,1,275.2013,
g0042,WT,drugA,5,24,2,264.8367,
g0042,WT,drugA,5,24,3,267.9556,
g0042,WT,drugA,10,24,1,343.0236,
g0042,WT,drugA,10,24,2,247.6967,
g0042,WT,drugA,10,24,3,330.9499,
g0042,WT,DMSO,0,24,1,319.9149,
g0042,WT,DMSO,0,24,2,290.7459,
g0042,WT,DMSO,0,24,3,238.1858,
g0042,mutant,drugA,2.5,6,1,265.7038,
g0042,mutant,drugA,2.5,6,2,265.8806,
g0042,mutant,drugA,2.5,6,3,303.6624,
g0042,mutant,drugA,5,6,1,316.9785,
g0042,mutant,drugA,5,6,2,247.859,
g0042,mutant,drugA,5,6,3,393.3153,
g0042,mutant,drugA,10,6,1,299.855,
g0042,mutant,drugA,10,6,2,309.1228,
g0042,mutant,drugA,10,6,3,302.1125,
g0042,mutant,DMSO,0,6,1,283.4112,
g0042,mutant,DMSO,0,6,2,324.0282,
g0042,mutant,DMSO,0,6,3,276.2312,
g0042,mutant,drugA,2.5,24,1,328.9763,
g0042,mutant,drugA,2.5,24,2,283.5587,
g0042,mutant,drugA,2.5,24,3,331.1453,
g0042,mutant,drugA,5,24,1,267.3092,
g0042,mutant,drugA,5,24,2,248.6887,
g0042,mutant,drugA,5,24,3,258.7907,
g0042,mutant,drugA,10,24,1,302.4705,
g0042,mutant,drugA,10,24,2,305.6716,
g0042,mutant,drugA,10,24,3,298.4967,
g0042,mutant,DMSO,0,24,1,313.3148,
g0042,mutant,DMSO,0,24,3,300.8364,
g0043,WT,drugA,2.5,6,1,522,
g0043,WT,drugA,2.5,6,2,703.991,
g0043,WT,drugA,2.5,6,3,604.1949,
g0043,WT,drugA,5,6,1,510.8076,
g0043,WT,drugA,5,6,2,529.5593,
g0043,WT,drugA,5,6,3,543.0991,
g0043,WT,drugA,10,6,1,319.6962,
g0043,WT,drugA,10,6,2,369.3118,
g0043,WT,drugA,10,6,3,385.8315,
g0043,WT,DMSO,0,6,1,722.318,
g0043,WT,DMSO,0,6,2,794.4198,
g0043,WT,DMSO,0,6,3,668.8004,
g0043,WT,drugA,2.5,24,1,559.778,
g0043,WT,drugA,2.5,24,2,533.868,
g0043,WT,drugA,2.5,24,3,454.3608,
g0043,WT,drugA,5,24,1,361.2819,
g0043,WT,drugA,5,24,2,336.7494,
g0043,WT,drugA,5,24,3,388.3623,
g0043,WT,drugA,10,24,1,157.5363,
g0043,WT,drugA,10,24,2,216.333,
g0043,WT,drugA,10,24,3,200.6672,
g0043,WT,DMSO,0,24,2,766.5751,
g0043,WT,DMSO,0,24,3,793.1258,
g0043,mutant,drugA,2.5,6,1,618.7998,
g0043,mutant,drugA,2.5,6,2,504.5823,
g0043,mutant,drugA,2.5,6,3,584.2815,
g0043,mutant,drugA,5,6,1,388.9643,
g0043,mutant,drugA,5,6,2,335.4536,
g0043,mutant,drugA,5,6,3,389.1043,
g0043,mutant,drugA,10,6,1,210.6993,
g0043,mutant,drugA,10,6,2,173.2229,
g0043,mutant,drugA,10,6,3,154.1971,
g0043,mutant,DMSO,0,6,1,802.3005,
g0043,mutant,DMSO,0,6,2,755.3204,
g0043,mutant,DMSO,0,6,3,710.7218,
g0043,mutant,drugA,2.5,24,1,311.0457,
g0043,mutant,drugA,2.5,24,2,385.2994,
g0043,mutant,drugA,2.5,24,3,394.2714,
g0043,mutant,drugA,5,24,1,218.035,
g0043,mutant,drugA,5,24,2,206.4066,
g0043,mutant,drugA,5,24,3,227.0051,
g0043,mutant,drugA,10,24,2,55.2017,
g0043,mutant,drugA,10,24,3,56.446,
g0043,mutant,DMSO,0,24,1,623.2787,
g0043,mutant,DMSO,0,24,2,529.4262,
g0043,mutant,DMSO,0,24,3,810.288,
g0044,WT,drugA,2.5,6,1,274.4097,
g0044,WT,drugA,2.5,6,2,227.8949,
g0044,WT,drugA,2.5,6,3,247.5427,
g0044,WT,drugA,5,6,1,220.7168,
g0044,WT,drugA,5,6,2,207.9458,
g0044,WT,drugA,5,6,3,209.5708,
g0044,WT,drugA,10,6,1,138.5203,
g0044,WT,drugA,10,6,2,120.3865,
g0044,WT,drugA,10,6,3,119.0772,
g0044,WT,DMSO,0,6,1,325.6249,
g0044,WT,DMSO,0,6,2,363.4713,
g0044,WT,DMSO,0,6,3,301.3875,
g0044,WT,drugA,2.5,24,1,191.6028,
g0044,WT,drugA,2.5,24,2,215.5742,
g0044,WT,drugA,2.5,24,3,203.3715,
g0044,WT,drugA,5,24,1,136.0449,
g0044,WT,drugA,5,24,2,135.4288,
g0044,WT,drugA,5,24,3,150.6342,
g0044,WT,drugA,10,24,1,58.5571,
g0044,WT,drugA,10,24,2,64.9176,
g0044,WT,drugA,10,24,3,66.671,
g0044,WT,DMSO,0,24,1,296.4254,
g0044,WT,DMSO,0,24,2,323.8528,
g0044,WT,DMSO,0,24,3,298.9875,
g0044,mutant,drugA,2.5,6,1,217.4548,
g0044,mutant,drugA,2.5,6,2,235.2437,
g0044,mutant,drugA,2.5,6,3,219.8711,
g0044,mutant,drugA,5,6,1,194.5144,
g0044,mutant,drugA,5,6,2,268.7532,
g0044,mutant,drugA,5,6,3,189.3618,
g0044,mutant,drugA,10,6,1,160.3829,
g0044,mutant,drugA,10,6,2,137.3896,
g0044,mutant,drugA,10,6,3,142.6633,
g0044,mutant,DMSO,0,6,1,307.9358,
g0044,mutant,DMSO,0,6,2,294.9214,
g0044,mutant,DMSO,0,6,3,315.8142,
g0044,mutant,drugA,2.5,24,1,197.5116,
g0044,mutant,drugA,2.5,24,2,218.9768,
g0044,mutant,drugA,2.5,24,3,227.0538,
g0044,mutant,drugA,5,24,1,148.5092,
g0044,mutant,drugA,5,24,2,153.6288,
g0044,mutant,drugA,5,24,3,116.639,
g0044,mutant,drugA,10,24,1,57.4481,
g0044,mutant,drugA,10,24,2,72.9266,
g0044,mutant,drugA,10,24,3,59.2601,
g0044,mutant,DMSO,0,24,1,340.2625,
g0044,mutant,DMSO,0,24,2,328.5813,
g0044,mutant,DMSO,0,24,3,368.3732,
g0045,WT,drugA,2.5,6,1,594.1058,
g0045,WT,drugA,2.5,6,2,539.7245,
g0045,WT,drugA,2.5,6,3,552.0931,
g0045,WT,drugA,5,6,1,572.3489,
g0045,WT,drugA,5,6,2,632.6301,
g0045,WT,drugA,5,6,3,665.7259,
g0045,WT,drugA,10,6,1,679.9467,
g0045,WT,drugA,10,6,2,546.8309,
g0045,WT,drugA,10,6,3,596.6963,
g0045,WT,DMSO,0,6,1,630.6552,
g0045,WT,DMSO,0,6,2,599.7363,
g0045,WT,DMSO,0,6,3,641.1686,
g0045,WT,drugA,2.5,24,1,509.3529,
g0045,WT,drugA,2.5,24,2,506.8421,
g0045,WT,drugA,2.5,24,3,551.0696,
g0045,WT,drugA,5,24,1,518.3394,
g0045,WT,drugA,5,24,2,526.5565,
g0045,WT,drugA,5,24,3,471.6339,
g0045,WT,drugA,10,24,1,503.5634,
g0045,WT,drugA,10,24,2,584.4661,
g0045,WT,drugA,10,24,3,597.8761,
g0045,WT,DMSO,0,24,1,491.0371,
g0045,WT,DMSO,0,24,2,491.9083,
g0045,WT,DMSO,0,24,3,652.1727,
g0045,mutant,drugA,2.5,6,1,460.8076,
g0045,mutant,drugA,2.5,6,2,619.7771,
g0045,mutant,drugA,2.5,6,3,504.3802,
g0045,mutant,drugA,5,6,1,522.2296,
g0045,mutant,drugA,5,6,2,518.8112,
g0045,mutant,drugA,5,6,3,620.5469,
g0045,mutant,drugA,10,6,1,474.7504,
g0045,mutant,drugA,10,6,2,521.3824,
g0045,mutant,drugA,10,6,3,557.1832,
g0045,mutant,DMSO,0,6,1,517.7676,
g0045,mutant,DMSO,0,6,2,617.4168,
g0045,mutant,DMSO,0,6,3,438.9411,
g0045,mutant,drugA,2.5,24,1,543.6029,
g0045,mutant,drugA,2.5,24,2,563.6429,
g0045,mutant,drugA,2.5,24,3,540.7093,
g0045,mutant,drugA,5,24,1,489.417,
g0045,mutant,drugA,5,24,2,612.4938,
g0045,mutant,drugA,5,24,3,554.1578,
g0045,mutant,drugA,10,24,1,652.4306,
g0045,mutant,drugA,10,24,2,516.874,
g0045,mutant,drugA,10,24,3,494.4427,
g0045,mutant,DMSO,0,24,1,680.8121,
g0045,mutant,DMSO,0,24,2,532.0827,
g0045,mutant,DMSO,0,24,3,732.4266,
g0046,WT,drugA,2.5,6,1,187.7428,
g0046,WT,drugA,2.5,6,2,177.6945,
g0046,WT,drugA,2.5,6,3,201.227,
g0046,WT,drugA,5,6,1,184.1666,
g0046,WT,drugA,5,6,2,165.6959,
g0046,WT,drugA,5,6,3,169.315,
g0046,WT,drugA,10,6,1,189.8826,
g0046,WT,drugA,10,6,2,200.1252,
g0046,WT,drugA,10,6,3,231.1808,
g0046,WT,DMSO,0,6,1,197.8624,
g0046,WT,DMSO,0,6,2,146.0514,
g0046,WT,DMSO,0,6,3,139.5531,
g0046,WT,drugA,2.5,24,2,212.9159,
g0046,WT,drugA,2.5,24,3,186.33,
g0046,WT,drugA,5,24,1,198.299,
g0046,WT,drugA,5,24,2,215.2361,
g0046,WT,drugA,5,24,3,217.9546,
g0046,WT,drugA,10,24,1,218.7939,
g0046,WT,drugA,10,24,3,297.9113,
g0046,WT,DMSO,0,24,1,162.5625,
g0046,WT,DMSO,0,24,2,146.5976,
g0046,WT,DMSO,0,24,3,160.4153,
g0046,mutant,drugA,2.5,6,1,157.3814,
g0046,mutant,drugA,2.5,6,2,161.7902,
g0046,mutant,drugA,2.5,6,3,157.1997,
g0046,mutant,drugA,5,6,1,164.4771,
g0046,mutant,drugA,5,6,2,187.4686,
g0046,mutant,drugA,10,6,1,265.518,
g0046,mutant,drugA,10,6,2,196.8363,
g0046,mutant,drugA,10,6,3,202.872,
g0046,mutant,DMSO,0,6,1,190.877,
g0046,mutant,DMSO,0,6,2,176.0983,
g0046,mutant,drugA,2.5,24,1,188.6986,
g0046,mutant,drugA,2.5,24,2,192.9883,
g0046,mutant,drugA,2.5,24,3,194.5398,
g0046,mutant,drugA,5,24,1,231.9764,
g0046,mutant,drugA,5,24,2,194.473,
g0046,mutant,drugA,5,24,3,208.4714,
g0046,mutant,drugA,10,24,1,253.4859,
g0046,mutant,drugA,10,24,2,255.425,
g0046,mutant,drugA,10,24,3,316.6369,
g0046,mutant,DMSO,0,24,1,199.6859,
g0046,mutant,DMSO,0,24,2,161.4202,
g0046,mutant,DMSO,0,24,3,161.1671,
g0047,WT,drugA,2.5,6,1,274.8207,
g0047,WT,drugA,2.5,6,2,273.1304,
g0047,WT,drugA,2.5,6,3,266.3297,
g0047,WT,drugA,5,6,1,236.1456,
g0047,WT,drugA,5,6,2,253.6019,
g0047,WT,drugA,5,6,3,353.7977,
g0047,WT,drugA,10,6,1,234.4092,
g0047,WT,drugA,10,6,2,224.0082,
g0047,WT,drugA,10,6,3,271.3335,
g0047,WT,DMSO,0,6,1,290.0366,
g0047,WT,DMSO,0,6,2,225.12,
g0047,WT,DMSO,0,6,3,258.4937,
g0047,WT,drugA,2.5,24,2,270.4197,
g0047,WT,drugA,2.5,24,3,246.7909,
g0047,WT,drugA,5,24,1,243.2881,
g0047,WT,drugA,5,24,2,285.4711,
g0047,WT,drugA,5,24,3,269.859,
g0047,WT,drugA,10,24,1,244.4332,
g0047,WT,drugA,10,24,2,246.4319,
g0047,WT,drugA,10,24,3,278.1247,
g0047,WT,DMSO,0,24,1,342.694,
g0047,WT,DMSO,0,24,2,277.9181,
g0047,WT,DMSO,0,24,3,243.0141,
g0047,mutant,drugA,2.5,6,1,273.6033,
g0047,mutant,drugA,2.5,6,2,240.2825,
g0047,mutant,drugA,2.5,6,3,244.4337,
g0047,mutant,drugA,5,6,1,248.817,
g0047,mutant,drugA,5,6,2,258.6323,
g0047,mutant,drugA,5,6,3,236.522,
g0047,mutant,drugA,10,6,1,253.9145,
g0047,mutant,drugA,10,6,2,257.6199,
g0047,mutant,drugA,10,6,3,228.507,
g0047,mutant,DMSO,0,6,1,200.0124,
g0047,mutant,DMSO,0,6,2,258.9411,
g0047,mutant,DMSO,0,6,3,338.6777,
g0047,mutant,drugA,2.5,24,1,259.2062,
g0047,mutant,drugA,2.5,24,2,273.4186,
g0047,mutant,drugA,2.5,24,3,277.0394,
g0047,mutant,drugA,5,24,1,279.1671,
g0047,mutant,drugA,5,24,2,232.7407,
g0047,mutant,drugA,5,24,3,324.8787,
g0047,mutant,drugA,10,24,1,280.7782,
g0047,mutant,drugA,10,24,2,245.5422,
g0047,mutant,drugA,10,24,3,251.3641,
g0047,mutant,DMSO,0,24,1,233.1654,
g0047,mutant,DMSO,0,24,2,247.6534,
g0047,mutant,DMSO,0,24,3,262.0029,
g0048,WT,drugA,2.5,6,2,775.3848,
g0048,WT,drugA,2.5,6,3,683.9728,
g0048,WT,drugA,5,6,1,786.5334,
g0048,WT,drugA,5,6,2,743.392,
g0048,WT,drugA,5,6,3,973.416,
g0048,WT,drugA,10,6,1,697.3005,
g0048,WT,drugA,10,6,2,848.6594,
g0048,WT,drugA,10,6,3,1078.3713,
g0048,WT,DMSO,0,6,1,796.3593,
g0048,WT,DMSO,0,6,2,950.2027,
g0048,WT,DMSO,0,6,3,865.6127,
g0048,WT,drugA,2.5,24,1,824.8263,
g0048,WT,drugA,2.5,24,2,840.6126,
g0048,WT,drugA,2.5,24,3,818.0383,
g0048,WT,drugA,5,24,1,871.254,
g0048,WT,drugA,5,24,2,813.6231,
g0048,WT,drugA,5,24,3,805.7413,
g0048,WT,drugA,10,24,1,789.1675,
g0048,WT,drugA,10,24,2,839.7626,
g0048,WT,drugA,10,24,3,745.5139,
g0048,WT,DMSO,0,24,1,810.238,
g0048,WT,DMSO,0,24,2,923.1966,
g0048,WT,DMSO,0,24,3,806.8425,
g0048,mutant,drugA,2.5,6,1,809.2667,
g0048,mutant,drugA,2.5,6,2,808.663,
g0048,mutant,drugA,2.5,6,3,673.9962,
g0048,mutant,drugA,5,6,1,864.3794,
g0048,mutant,drugA,5,6,2,762.8738,
g0048,mutant,drugA,5,6,3,803.4657,
g0048,mutant,drugA,10,6,1,959.4959,
g0048,mutant,drugA,10,6,2,880.1883,
g0048,mutant,drugA,10,6,3,827.0107,
g0048,mutant,DMSO,0,6,1,836.7626,
g0048,mutant,DMSO,0,6,2,763.0816,
g0048,mutant,DMSO,0,6,3,883.7107,
g0048,mutant,drugA,2.5,24,1,854.1455,
g0048,mutant,drugA,2.5,24,2,724.2299,
g0048,mutant,drugA,2.5,24,3,967.7489,
g0048,mutant,drugA,5,24,1,705.0696,
g0048,mutant,drugA,5,24,2,763.711,
g0048,mutant,drugA,5,24,3,950.4421,
g0048,mutant,drugA,10,24,1,729.9265,
g0048,mutant,drugA,10,24,2,732.9475,
g0048,mutant,drugA,10,24,3,730.5242,
g0048,mutant,DMSO,0,24,1,826.7177,
g0048,mutant,DMSO,0,24,2,674.3286,
g0048,mutant,DMSO,0,24,3,911.1976,
g0049,WT,drugA,2.5,6,1,201.3216,
g0049,WT,drugA,2.5,6,2,197.5723,
g0049,WT,drugA,2.5,6,3,220.1622,
g0049,WT,drugA,5,6,1,160.2904,
g0049,WT,drugA,5,6,2,173.1192,
g0049,WT,drugA,5,6,3,189.637,
g0049,WT,drugA,10,6,1,120.5019,
g0049,WT,drugA,10,6,2,130.2787,
g0049,WT,drugA,10,6,3,127.1764,
g0049,WT,DMSO,0,6,1,226.7995,
g0049,WT,DMSO,0,6,2,246.4843,
g0049,WT,DMSO,0,6,3,281.0926,
g0049,WT,drugA,2.5,24,1,163.7968,
g0049,WT,drugA,2.5,24,2,169.6935,
g0049,WT,drugA,2.5,24,3,216.2854,
g0049,WT,drugA,5,24,1,115.2874,
g0049,WT,drugA,5,24,2,104.8026,
g0049,WT,drugA,5,24,3,131.9101,
g0049,WT,drugA,10,24,1,64.4813,
g0049,WT,drugA,10,24,2,68.5895,
g0049,WT,drugA,10,24,3,53.768,
g0049,WT,DMSO,0,24,1,294.2992,
g0049,WT,DMSO,0,24,2,209.1096,
g0049,mutant,drugA,2.5,6,1,214.4204,
g0049,mutant,drugA,2.5,6,2,178.158,
g0049,mutant,drugA,2.5,6,3,199.0454,
g0049,mutant,drugA,5,6,1,155.883,
g0049,mutant,drugA,5,6,2,190.1882,
g0049,mutant,drugA,5,6,3,142.1228,
g0049,mutant,drugA,10,6,1,121.3845,
g0049,mutant,drugA,10,6,2,129.9427,
g0049,mutant,drugA,10,6,3,136.6073,
g0049,mutant,DMSO,0,6,1,302.7602,
g0049,mutant,DMSO,0,6,2,310.474,
g0049,mutant,DMSO,0,6,3,261.2585,
g0049,mutant,drugA,2.5,24,1,211.0346,
g0049,mutant,drugA,2.5,24,2,172.4154,
g0049,mutant,drugA,2.5,24,3,194.6413,
g0049,mutant,drugA,5,24,1,130.2309,
g0049,mutant,drugA,5,24,2,130.9933,
g0049,mutant,drugA,5,24,3,112.3389,
g0049,mutant,drugA,10,24,2,51.4868,
g0049,mutant,drugA,10,24,3,55.6451,
g0049,mutant,DMSO,0,24,1,251.2397,
g0049,mutant,DMSO,0,24,2,295.4344,
g0049,mutant,DMSO,0,24,3,269.1074,
g0050,WT,drugA,2.5,6,1,547.416,
g0050,WT,drugA,2.5,6,2,597.8004,
g0050,WT,drugA,2.5,6,3,530.0357,
g0050,WT,drugA,5,6,1,502.3491,
g0050,WT,drugA,5,6,2,513.158,
g0050,WT,drugA,5,6,3,603.4773,
g0050,WT,drugA,10,6,1,507.8017,
g0050,WT,drugA,10,6,2,401.2101,
g0050,WT,drugA,10,6,3,490.8147,
g0050,WT,DMSO,0,6,1,690.7713,
g0050,WT,DMSO,0,6,2,569.8169,
g0050,WT,DMSO,0,6,3,492.5165,
g0050,WT,drugA,2.5,24,1,521.5582,
g0050,WT,drugA,2.5,24,2,597.0287,
g0050,WT,drugA,2.5,24,3,570.3478,
g0050,WT,drugA,5,24,1,529.255,
g0050,WT,drugA,5,24,2,549.4994,
g0050,WT,drugA,5,24,3,544.7147,
g0050,WT,drugA,10,24,1,582.0051,
g0050,WT,drugA,10,24,2,486.6759,
g0050,WT,drugA,10,24,3,604.0138,
g0050,WT,DMSO,0,24,1,580.449,
g0050,WT,DMSO,0,24,2,533.4346,
g0050,WT,DMSO,0,24,3,688.3144,
g0050,mutant,drugA,2.5,6,1,652.4338,
g0050,mutant,drugA,2.5,6,2,565.2068,
g0050,mutant,drugA,2.5,6,3,579.8578,
g0050,mutant,drugA,5,6,2,576.4439,
g0050,mutant,drugA,5,6,3,567.3966,
g0050,mutant,drugA,10,6,1,560.5617,
g0050,mutant,drugA,10,6,2,592.8523,
g0050,mutant,drugA,10,6,3,554.7108,
g0050,mutant,DMSO,0,6,1,560.8107,
g0050,mutant,DMSO,0,6,2,530.2303,
g0050,mutant,DMSO,0,6,3,548.8546,
g0050,mutant,drugA,2.5,24,1,574.7529,
g0050,mutant,drugA,2.5,24,2,577.8358,
g0050,mutant,drugA,2.5,24,3,558.5105,
g0050,mutant,drugA,5,24,1,623.6775,
g0050,mutant,drugA,5,24,2,565.6044,
g0050,mutant,drugA,5,24,3,575.0969,
g0050,mutant,drugA,10,24,1,512.6654,
g0050,mutant,drugA,10,24,2,558.7336,
g0050,mutant,drugA,10,24,3,586.7502,
g0050,mutant,DMSO,0,24,1,459.2011,
g0050,mutant,DMSO,0,24,2,574.0438,
g0050,mutant,DMSO,0,24,3,647.1471,
g0051,WT,drugA,2.5,6,1,326.7475,
g0051,WT,drugA,2.5,6,2,339.9837,
g0051,WT,drugA,2.5,6,3,387.5077,
g0051,WT,drugA,5,6,1,342.6573,
g0051,WT,drugA,5,6,2,367.3439,
g0051,WT,drugA,5,6,3,351.5704,
g0051,WT,drugA,10,6,1,386.9053,
g0051,WT,drugA,10,6,2,354.1708,
g0051,WT,drugA,10,6,3,337.2919,
g0051,WT,DMSO,0,6,1,353.3105,
g0051,WT,DMSO,0,6,2,368.9402,
g0051,WT,DMSO,0,6,3,357.2216,
g0051,WT,drugA,2.5,24,1,432.5877,
g0051,WT,drugA,2.5,24,2,382.0799,
g0051,WT,drugA,2.5,24,3,383.8459,
g0051,WT,drugA,5,24,1,334.6952,
g0051,WT,drugA,5,24,3,378.0451,
g0051,WT,drugA,10,24,1,420.8212,
g0051,WT,drugA,10,24,2,335.2091,
g0051,WT,drugA,10,24,3,337.4087,
g0051,WT,DMSO,0,24,1,315.0882,
g0051,WT,DMSO,0,24,2,330.2666,
g0051,WT,DMSO,0,24,3,330.8812,
g0051,mutant,drugA,2.5,6,1,341.1611,
g0051,mutant,drugA,2.5,6,3,324.849,
g0051,mutant,drugA,5,6,1,402.2802,
g0051,mutant,drugA,5,6,2,420.4371,
g0051,mutant,drugA,5,6,3,368.7225,
g0051,mutant,drugA,10,6,1,285.0245,
g0051,mutant,drugA,10,6,2,339.4207,
g0051,mutant,drugA,10,6,3,366.8435,
g0051,mutant,DMSO,0,6,1,380.8865,
g0051,mutant,DMSO,0,6,2,398.6424,
g0051,mutant,DMSO,0,6,3,291.1881,
g0051,mutant,drugA,2.5,24,1,357.8182,
g0051,mutant,drugA,2.5,24,2,303.5308,
g0051,mutant,drugA,2.5,24,3,391.8392,
g0051,mutant,drugA,5,24,1,403.1755,
g0051,mutant,drugA,5,24,2,314.6246,
g0051,mutant,drugA,5,24,3,356.1671,
g0051,mutant,drugA,10,24,1,470.4799,
g0051,mutant,drugA,10,24,2,362.0292,
g0051,mutant,drugA,10,24,3,321.098,
g0051,mutant,DMSO,0,24,1,317.5995,
g0051,mutant,DMSO,0,24,2,382.0661,
g0051,mutant,DMSO,0,24,3,380.6407,
g0052,WT,drugA,2.5,6,1,511.9684,
g0052,WT,drugA,2.5,6,2,411.8239,
g0052,WT,drugA,2.5,6,3,492.9796,
g0052,WT,drugA,5,6,1,514.8281,
g0052,WT,drugA,5,6,2,565.13,
g0052,WT,drugA,5,6,3,539.9411,
g0052,WT,drugA,10,6,1,591.3292,
g0052,WT,drugA,10,6,2,514.2836,
g0052,WT,drugA,10,6,3,457.2141,
g0052,WT,DMSO,0,6,1,460.8124,
g0052,WT,DMSO,0,6,2,475.0994,
g0052,WT,DMSO,0,6,3,572.4917,
g0052,WT,drugA,2.5,24,1,483.3832,
g0052,WT,drugA,2.5,24,2,569.9461,
g0052,WT,drugA,2.5,24,3,524.3315,
g0052,WT,drugA,5,24,1,588.2736,
g0052,WT,drugA,5,24,2,625.0047,
g0052,WT,drugA,5,24,3,470.0697,
g0052,WT,drugA,10,24,1,482.479,
g0052,WT,drugA,10,24,2,377.4165,
g0052,WT,drugA,10,24,3,480.4013,
g0052,WT,DMSO,0,24,1,531.4237,
g0052,WT,DMSO,0,24,2,455.1002,
g0052,WT,DMSO,0,24,3,508.039,
g0052,mutant,drugA,2.5,6,1,593.7073,
g0052,mutant,drugA,2.5,6,2,574.4107,
g0052,mutant,drugA,2.5,6,3,450.8007,
g0052,mutant,drugA,5,6,1,448.6759,
g0052,mutant,drugA,5,6,2,511.0557,
g0052,mutant,drugA,5,6,3,478.5869,
g0052,mutant,drugA,10,6,1,542.2067,
g0052,mutant,drugA,10,6,2,513.8086,
g0052,mutant,drugA,10,6,3,490.1157,
g0052,mutant,DMSO,0,6,1,560.3357,
g0052,mutant,DMSO,0,6,2,539.1278,
g0052,mutant,DMSO,0,6,3,522.009,
g0052,mutant,drugA,2.5,24,1,468.4157,
g0052,mutant,drugA,2.5,24,2,472.3708,
g0052,mutant,drugA,2.5,24,3,458.5032,
g0052,mutant,drugA,5,24,1,459.1497,
g0052,mutant,drugA,5,24,2,546.2873,
g0052,mutant,drugA,5,24,3,466.5859,
g0052,mutant,drugA,10,24,1,459.4457,
g0052,mutant,drugA,10,24,2,527.2191,
g0052,mutant,drugA,10,24,3,477.9749,
g0052,mutant,DMSO,0,24,1,633.169,
g0052,mutant,DMSO,0,24,2,567.995,
g0052,mutant,DMSO,0,24,3,519.4055,
g0053,WT,drugA,2.5,6,1,1253.4866,
g0053,WT,drugA,2.5,6,2,1300.5275,
g0053,WT,drugA,2.5,6,3,1358.0408,
g0053,WT,drugA,5,6,1,1222.2781,
g0053,WT,drugA,5,6,2,1558.0079,
g0053,WT,drugA,5,6,3,1173.8281,
g0053,WT,drugA,10,6,1,1364.307,
g0053,WT,drugA,10,6,2,1327.8773,
g0053,WT,drugA,10,6,3,1516.311,
g0053,WT,DMSO,0,6,1,1372.5252,
g0053,WT,DMSO,0,6,2,1320.591,
g0053,WT,DMSO,0,6,3,1495.8554,
g0053,WT,drugA,2.5,24,2,1568.0543,
g0053,WT,drugA,2.5,24,3,1310.6107,
g0053,WT,drugA,5,24,1,1161.4085,
g0053,WT,drugA,5,24,2,1147.0737,
g0053,WT,drugA,5,24,3,1294.9785,
g0053,WT,drugA,10,24,2,1335.9532,
g0053,WT,drugA,10,24,3,1370.2432,
g0053,WT,DMSO,0,24,1,1231.5397,
g0053,WT,DMSO,0,24,2,1582.0933,
g0053,WT,DMSO,0,24,3,1276.2728,
g0053,mutant,drugA,2.5,6,1,1039.7729,
g0053,mutant,drugA,2.5,6,2,1413.1103,
g0053,mutant,drugA,2.5,6,3,1482.4358,
g0053,mutant,drugA,5,6,1,1438.6862,
g0053,mutant,drugA,5,6,2,1185.874,
g0053,mutant,drugA,5,6,3,1235.0313,
g0053,mutant,drugA,10,6,1,1290.4879,
g0053,mutant,drugA,10,6,2,1469.9427,
g0053,mutant,drugA,10,6,3,1303.1087,
g0053,mutant,DMSO,0,6,1,1176.3001,
g0053,mutant,DMSO,0,6,2,1419.2217,
g0053,mutant,DMSO,0,6,3,1462.4659,
g0053,mutant,drugA,2.5,24,1,1248.4847,
g0053,mutant,drugA,2.5,24,2,1464.5198,
g0053,mutant,drugA,2.5,24,3,1287.9771,
g0053,mutant,drugA,5,24,1,1387.5106,
g0053,mutant,drugA,5,24,2,1427.9912,
g0053,mutant,drugA,5,24,3,1291.0198,
g0053,mutant,drugA,10,24,1,1456.8721,
g0053,mutant,drugA,10,24,2,1213.5589,
g0053,mutant,drugA,10,24,3,1262.0656,
g0053,mutant,DMSO,0,24,1,1294.511,
g0053,mutant,DMSO,0,24,2,1571.2141,
g0053,mutant,DMSO,0,24,3,1412.4319,
g0054,WT,drugA,2.5,6,1,445.3366,
g0054,WT,drugA,2.5,6,2,387.3863,
g0054,WT,drugA,2.5,6,3,415.0201,
g0054,WT,drugA,5,6,1,355.9228,
g0054,WT,drugA,5,6,2,411.6585,
g0054,WT,drugA,5,6,3,388.2154,
g0054,WT,drugA,10,6,1,372.0532,
g0054,WT,drugA,10,6,2,439.4337,
g0054,WT,drugA,10,6,3,423.0819,
g0054,WT,DMSO,0,6,1,352.0326,
g0054,WT,DMSO,0,6,2,431.4344,
g0054,WT,DMSO,0,6,3,389.7252,
g0054,WT,drugA,2.5,24,1,456.3215,
g0054,WT,drugA,2.5,24,2,416.9317,
g0054,WT,drugA,2.5,24,3,413.158,
g0054,WT,drugA,5,24,1,518.8209,
g0054,WT,drugA,5,24,2,393.0434,
g0054,WT,drugA,5,24,3,425.3564,
g0054,WT,drugA,10,24,1,450.8177,
g0054,WT,drugA,10,24,2,431.0534,
g0054,WT,drugA,10,24,3,372.507,
g0054,WT,DMSO,0,24,1,435.165,
g0054,WT,DMSO,0,24,2,375.875,
g0054,WT,DMSO,0,24,3,490.344,
g0054,mutant,drugA,2.5,6,1,435.1804,
g0054,mutant,drugA,2.5,6,2,340.9595,
g0054,mutant,drugA,2.5,6,3,439.203,
g0054,mutant,drugA,5,6,1,465.4618,
g0054,mutant,drugA,5,6,2,353.0569,
g0054,mutant,drugA,5,6,3,447.4838,
g0054,mutant,drugA,10,6,1,470.3908,
g0054,mutant,drugA,10,6,2,474.0926,
g0054,mutant,drugA,10,6,3,423.5822,
g0054,mutant,DMSO,0,6,2,545.1715,
g0054,mutant,DMSO,0,6,3,418.8083,
g0054,mutant,drugA,2.5,24,1,349.9907,
g0054,mutant,drugA,2.5,24,2,433.5932,
g0054,mutant,drugA,2.5,24,3,443.2496,
g0054,mutant,drugA,5,24,1,434.8523,
g0054,mutant,drugA,5,24,2,419.0065,
g0054,mutant,drugA,5,24,3,441.5397,
g0054,mutant,drugA,10,24,1,467.9881,
g0054,mutant,drugA,10,24,2,419.9955,
g0054,mutant,drugA,10,24,3,482.7121,
g0054,mutant,DMSO,0,24,1,448.6685,
g0054,mutant,DMSO,0,24,2,399.3947,
g0054,mutant,DMSO,0,24,3,392.4946,
g0055,WT,drugA,2.5,6,1,182.2728,
g0055,WT,drugA,2.5,6,2,162.0913,
g0055,WT,drugA,2.5,6,3,196.7446,
g0055,WT,drugA,5,6,1,146.3914,
g0055,WT,drugA,5,6,2,206.0645,
g0055,WT,drugA,5,6,3,186.5808,
g0055,WT,drugA,10,6,1,128.391,
g0055,WT,drugA,10,6,2,152.7528,
g0055,WT,drugA,10,6,3,181.8065,
g0055,WT,DMSO,0,6,1,188.549,
g0055,WT,DMSO,0,6,2,220.9461,
g0055,WT,DMSO,0,6,3,259.0697,
g0055,WT,drugA,2.5,24,2,157.62,
g0055,WT,drugA,2.5,24,3,183.3221,
g0055,WT,drugA,5,24,1,134.6288,
g0055,WT,drugA,5,24,2,151.2972,
g0055,WT,drugA,5,24,3,187.5088,
g0055,WT,drugA,10,24,1,101.8443,
g0055,WT,drugA,10,24,2,101.0402,
g0055,WT,drugA,10,24,3,115.3686,
g0055,WT,DMSO,0,24,1,183.0253,
g0055,WT,DMSO,0,24,2,211.3444,
g0055,WT,DMSO,0,24,3,218.4285,
g0055,mutant,drugA,2.5,6,1,175.0943,
g0055,mutant,drugA,2.5,6,2,204.5291,
g0055,mutant,drugA,2.5,6,3,186.1815,
g0055,mutant,drugA,5,6,1,192.3503,
g0055,mutant,drugA,5,6,2,199.6463,
g0055,mutant,drugA,5,6,3,216.0535,
g0055,mutant,drugA,10,6,1,170.1919,
g0055,mutant,drugA,10,6,2,195.8792,
g0055,mutant,drugA,10,6,3,200.9624,
g0055,mutant,DMSO,0,6,1,215.3676,
g0055,mutant,DMSO,0,6,2,221.9752,
g0055,mutant,DMSO,0,6,3,241.5708,
g0055,mutant,drugA,2.5,24,1,187.7011,
g0055,mutant,drugA,2.5,24,2,188.5306,
g0055,mutant,drugA,2.5,24,3,220.3258,
g0055,mutant,drugA,5,24,1,178.7775,
g0055,mutant,drugA,5,24,2,171.4965,
g0055,mutant,drugA,5,24,3,196.3517,
g0055,mutant,drugA,10,24,1,205.2445,
g0055,mutant,drugA,10,24,2,177.4667,
g0055,mutant,drugA,10,24,3,141.8759,
g0055,mutant,DMSO,0,24,1,199.8304,
g0055,mutant,DMSO,0,24,2,229.0633,
g0055,mutant,DMSO,0,24,3,188.0597,
g0056,WT,drugA,2.5,6,1,127.8709,
g0056,WT,drugA,2.5,6,2,142.5397,
g0056,WT,drugA,2.5,6,3,121.9184,
g0056,WT,drugA,5,6,1,145.1011,
g0056,WT,drugA,5,6,2,137.7216,
g0056,WT,drugA,5,6,3,131.3193,
g0056,WT,drugA,10,6,1,162.2138,
g0056,WT,drugA,10,6,2,146.5863,
g0056,WT,drugA,10,6,3,132.05,
g0056,WT,DMSO,0,6,1,126.1648,
g0056,WT,DMSO,0,6,2,148.4886,
g0056,WT,DMSO,0,6,3,162.1098,
g0056,WT,drugA,2.5,24,1,154.3992,
g0056,WT,drugA,2.5,24,2,132.5776,
g0056,WT,drugA,2.5,24,3,145.213,
g0056,WT,drugA,5,24,1,161.969,
g0056,WT,drugA,5,24,2,118.769,
g0056,WT,drugA,5,24,3,127.4808,
g0056,WT,drugA,10,24,1,157.5323,
g0056,WT,drugA,10,24,2,143.555,
g0056,WT,drugA,10,24,3,159.177,
g0056,WT,DMSO,0,24,1,139.5151,
g0056,WT,DMSO,0,24,2,146.2563,
g0056,WT,DMSO,0,24,3,164.5006,
g0056,mutant,drugA,2.5,6,1,153.8494,
g0056,mutant,drugA,2.5,6,2,134.9094,
g0056,mutant,drugA,2.5,6,3,165.3343,
g0056,mutant,drugA,5,6,1,169.9122,
g0056,mutant,drugA,5,6,2,146.5377,
g0056,mutant,drugA,5,6,3,136.1037,
g0056,mutant,drugA,10,6,1,156.0099,
g0056,mutant,drugA,10,6,2,130.5539,
g0056,mutant,drugA,10,6,3,148.3261,
g0056,mutant,DMSO,0,6,1,164.9947,
g0056,mutant,DMSO,0,6,2,152.7956,
g0056,mutant,DMSO,0,6,3,122.6994,
g0056,mutant,drugA,2.5,24,1,130.7695,
g0056,mutant,drugA,2.5,24,2,131.047,
g0056,mutant,drugA,2.5,24,3,142.9546,
g0056,mutant,drugA,5,24,1,126.945,
g0056,mutant,drugA,5,24,2,137.211,
g0056,mutant,drugA,5,24,3,143.1849,
g0056,mutant,drugA,10,24,1,144.4326,
g0056,mutant,drugA,10,24,2,135.2283,
g0056,mutant,drugA,10,24,3,152.7971,
g0056,mutant,DMSO,0,24,1,135.2122,
g0056,mutant,DMSO,0,24,2,150.4888,
g0056,mutant,DMSO,0,24,3,172.141,
g0057,WT,drugA,2.5,6,1,583.1494,
g0057,WT,drugA,2.5,6,2,532.2308,
g0057,WT,drugA,2.5,6,3,387.9401,
g0057,WT,drugA,5,6,1,409.7403,
g0057,WT,drugA,5,6,2,459.4471,
g0057,WT,drugA,5,6,3,551.2603,
g0057,WT,drugA,10,6,1,548.901,
g0057,WT,drugA,10,6,2,509.7546,
g0057,WT,drugA,10,6,3,457.6294,
g0057,WT,DMSO,0,6,1,556.0284,
g0057,WT,DMSO,0,6,2,464.3513,
g0057,WT,DMSO,0,6,3,438.6559,
g0057,WT,drugA,2.5,24,1,558.2751,
g0057,WT,drugA,2.5,24,2,497.9173,
g0057,WT,drugA,2.5,24,3,482.0821,
g0057,WT,drugA,5,24,1,487.7677,
g0057,WT,drugA,5,24,2,423.6522,
g0057,WT,drugA,10,24,1,547.0258,
g0057,WT,drugA,10,24,2,455.0403,
g0057,WT,drugA,10,24,3,504.4964,
g0057,WT,DMSO,0,24,1,505.794,
g0057,WT,DMSO,0,24,2,567.418,
g0057,WT,DMSO,0,24,3,541.8333,
g0057,mutant,drugA,2.5,6,1,566.0106,
g0057,mutant,drugA,2.5,6,2,487.9911,
g0057,mutant,drugA,2.5,6,3,456.4675,
g0057,mutant,drugA,5,6,1,684.126,
g0057,mutant,drugA,5,6,2,448.8307,
g0057,mutant,drugA,5,6,3,498.7001,
g0057,mutant,drugA,10,6,1,494.5219,
g0057,mutant,drugA,10,6,2,478.8674,
g0057,mutant,drugA,10,6,3,509.2748,
g0057,mutant,DMSO,0,6,1,499.1792,
g0057,mutant,DMSO,0,6,2,469.4698,
g0057,mutant,DMSO,0,6,3,583.885,
g0057,mutant,drugA,2.5,24,1,428.484,
g0057,mutant,drugA,2.5,24,2,553.9965,
g0057,mutant,drugA,2.5,24,3,508.3804,
g0057,mutant,drugA,5,24,1,546.28,
g0057,mutant,drugA,5,24,2,572.6911,
g0057,mutant,drugA,5,24,3,471.0827,
g0057,mutant,drugA,10,24,1,457.002,
g0057,mutant,drugA,10,24,2,518.6296,
g0057,mutant,drugA,10,24,3,611.4966,
g0057,mutant,DMSO,0,24,1,495.9048,
g0057,mutant,DMSO,0,24,2,479.8864,
g0057,mutant,DMSO,0,24,3,503.0998,
g0058,WT,drugA,2.5,6,1,870.5387,
g0058,WT,drugA,2.5,6,2,838.7365,
g0058,WT,drugA,2.5,6,3,613.1443,
g0058,WT,drugA,5,6,1,600.7155,
g0058,WT,drugA,5,6,2,846.0981,
g0058,WT,drugA,5,6,3,825.8312,
g0058,WT,drugA,10,6,1,670.7314,
g0058,WT,drugA,10,6,2,625.4446,
g0058,WT,DMSO,0,6,1,622.0582,
g0058,WT,DMSO,0,6,2,559.9164,
g0058,WT,DMSO,0,6,3,789.6475,
g0058,WT,drugA,2.5,24,1,764.1984,
g0058,WT,drugA,2.5,24,2,697.0434,
g0058,WT,drugA,2.5,24,3,820.6626,
g0058,WT,drugA,5,24,1,643.9382,
g0058,WT,drugA,5,24,2,799.1684,
g0058,WT,drugA,5,24,3,696.9605,
g0058,WT,drugA,10,24,1,712.845,
g0058,WT,drugA,10,24,2,758.6368,
g0058,WT,drugA,10,24,3,784.2175,
g0058,WT,DMSO,0,24,1,692.8357,
g0058,WT,DMSO,0,24,2,635.5265,
g0058,WT,DMSO,0,24,3,661.1903,
g0058,mutant,drugA,2.5,6,1,682.6245,
g0058,mutant,drugA,2.5,6,2,703.8402,
g0058,mutant,drugA,2.5,6,3,681.7186,
g0058,mutant,drugA,5,6,1,814.1376,
g0058,mutant,drugA,5,6,3,736.7217,
g0058,mutant,drugA,10,6,1,580.3782,
g0058,mutant,drugA,10,6,2,690.0785,
g0058,mutant,drugA,10,6,3,710.4566,
g0058,mutant,DMSO,0,6,1,767.556,
g0058,mutant,DMSO,0,6,2,641.1055,
g0058,mutant,DMSO,0,6,3,667.9273,
g0058,mutant,drugA,2.5,24,1,706.6917,
g0058,mutant,drugA,2.5,24,2,883.2243,
g0058,mutant,drugA,2.5,24,3,635.2709,
g0058,mutant,drugA,5,24,1,726.1164,
g0058,mutant,drugA,5,24,2,625.7838,
g0058,mutant,drugA,5,24,3,694.6086,
g0058,mutant,drugA,10,24,1,637.624,
g0058,mutant,drugA,10,24,2,720.8223,
g0058,mutant,drugA,10,24,3,706.4089,
g0058,mutant,DMSO,0,24,1,732.265,
g0058,mutant,DMSO,0,24,2,819.5514,
g0058,mutant,DMSO,0,24,3,657.4263,
g0059,WT,drugA,2.5,6,1,215.3628,
g0059,WT,drugA,2.5,6,2,243.4016,
g0059,WT,drugA,2.5,6,3,241.4308,
g0059,WT,drugA,5,6,1,215.9484,
g0059,WT,drugA,5,6,2,210.6915,
g0059,WT,drugA,5,6,3,239.5405,
g0059,WT,drugA,10,6,1,208.286,
g0059,WT,drugA,10,6,2,192.6851,
g0059,WT,drugA,10,6,3,206.0278,
g0059,WT,DMSO,0,6,1,263.5346,
g0059,WT,DMSO,0,6,2,184.9002,
g0059,WT,DMSO,0,6,3,277.8761,
g0059,WT,drugA,2.5,24,1,266.8324,
g0059,WT,drugA,2.5,24,2,215.0505,
g0059,WT,drugA,2.5,24,3,175.1441,
g0059,WT,drugA,5,24,1,234.496,
g0059,WT,drugA,5,24,2,239.3655,
g0059,WT,drugA,5,24,3,195.5238,
g0059,WT,drugA,10,24,1,207.6327,
g0059,WT,drugA,10,24,2,209.3077,
g0059,WT,drugA,10,24,3,203.6161,
g0059,WT,DMSO,0,24,1,231.3306,
g0059,WT,DMSO,0,24,2,245.2174,
g0059,WT,DMSO,0,24,3,211.108,
g0059,mutant,drugA,2.5,6,1,204.9423,
g0059,mutant,drugA,2.5,6,2,174.5691,
g0059,mutant,drugA,2.5,6,3,202.488,
g0059,mutant,drugA,5,6,1,205.6342,
g0059,mutant,drugA,5,6,2,223.5379,
g0059,mutant,drugA,5,6,3,221.3023,
g0059,mutant,drugA,10,6,1,227.1364,
g0059,mutant,drugA,10,6,2,226.2818,
g0059,mutant,drugA,10,6,3,215.2345,
g0059,mutant,DMSO,0,6,1,208.8973,
g0059,mutant,DMSO,0,6,3,227.1533,
g0059,mutant,drugA,2.5,24,1,198.4232,
g0059,mutant,drugA,2.5,24,2,220.1033,
g0059,mutant,drugA,2.5,24,3,210.333,
g0059,mutant,drugA,5,24,1,195.4035,
g0059,mutant,drugA,5,24,2,205.1839,
g0059,mutant,drugA,5,24,3,208.6052,
g0059,mutant,drugA,10,24,1,249.896,
g0059,mutant,drugA,10,24,2,227.9965,
g0059,mutant,drugA,10,24,3,218.7137,
g0059,mutant,DMSO,0,24,1,218.1203,
g0059,mutant,DMSO,0,24,2,198.4526,
g0059,mutant,DMSO,0,24,3,244.7881,
g0060,WT,drugA,2.5,6,1,1207.8818,
g0060,WT,drugA,2.5,6,2,1252.4368,
g0060,WT,drugA,2.5,6,3,1259.1874,
g0060,WT,drugA,5,6,1,1266.4543,
g0060,WT,drugA,5,6,2,1110.8926,
g0060,WT,drugA,5,6,3,728.1264,
g0060,WT,drugA,10,6,1,639.3437,
g0060,WT,drugA,10,6,2,601.2426,
g0060,WT,drugA,10,6,3,641.917,
g0060,WT,DMSO,0,6,1,1448.8071,
g0060,WT,DMSO,0,6,2,1244.3381,
g0060,WT,DMSO,0,6,3,1696.8839,
g0060,WT,drugA,2.5,24,1,749.9725,
g0060,WT,drugA,2.5,24,2,1010.2128,
g0060,WT,drugA,2.5,24,3,1158.9766,
g0060,WT,drugA,5,24,1,576.4381,
g0060,WT,drugA,5,24,2,704.4871,
g0060,WT,drugA,5,24,3,615.0047,
g0060,WT,drugA,10,24,1,373.4621,
g0060,WT,drugA,10,24,2,280.6775,
g0060,WT,drugA,10,24,3,312.9586,
g0060,WT,DMSO,0,24,1,1478.103,
g0060,WT,DMSO,0,24,2,1368.6227,
g0060,WT,DMSO,0,24,3,1421.0317,
g0060,mutant,drugA,2.5,6,1,1072.5609,
g0060,mutant,drugA,2.5,6,2,1103.7586,
g0060,mutant,drugA,2.5,6,3,922.4144,
g0060,mutant,drugA,5,6,1,680.8511,
g0060,mutant,drugA,5,6,2,766.0369,
g0060,mutant,drugA,5,6,3,776.4911,
g0060,mutant,drugA,10,6,1,303.99,
g0060,mutant,drugA,10,6,2,338.432,
g0060,mutant,drugA,10,6,3,386.2352,
g0060,mutant,DMSO,0,6,1,1441.2525,
g0060,mutant,DMSO,0,6,2,1487.4407,
g0060,mutant,DMSO,0,6,3,1752.5934,
g0060,mutant,drugA,2.5,24,1,691.5724,
g0060,mutant,drugA,2.5,24,2,662.7714,
g0060,mutant,drugA,2.5,24,3,675.4844,
g0060,mutant,drugA,5,24,1,324.1593,
g0060,mutant,drugA,5,24,2,326.7013,
g0060,mutant,drugA,5,24,3,339.0083,
g0060,mutant,drugA,10,24,1,65.7757,
g0060,mutant,drugA,10,24,2,83.8295,
g0060,mutant,drugA,10,24,3,84.9196,
g0060,mutant,DMSO,0,24,1,1479.2772,
g0060,mutant,DMSO,0,24,2,1595.6528,
g0060,mutant,DMSO,0,24,3,1487.8407,
g0061,WT,drugA,2.5,6,1,1033.7964,
g0061,WT,drugA,2.5,6,2,763.272,
g0061,WT,drugA,2.5,6,3,1065.7704,
g0061,WT,drugA,5,6,1,872.1718,
g0061,WT,drugA,5,6,2,1079.0232,
g0061,WT,drugA,5,6,3,837.0664,
g0061,WT,drugA,10,6,1,1136.5089,
g0061,WT,drugA,10,6,2,888.5855,
g0061,WT,drugA,10,6,3,886.0544,
g0061,WT,DMSO,0,6,1,937.9515,
g0061,WT,DMSO,0,6,2,824.6304,
g0061,WT,DMSO,0,6,3,873.2907,
g0061,WT,drugA,2.5,24,1,1014.1837,
g0061,WT,drugA,2.5,24,2,951.2014,
g0061,WT,drugA,2.5,24,3,1328.2016,
g0061,WT,drugA,5,24,1,909.9703,
g0061,WT,drugA,5,24,2,970.2857,
g0061,WT,drugA,5,24,3,967.4095,
g0061,WT,drugA,10,24,1,1050.7071,
g0061,WT,drugA,10,24,2,984.7968,
g0061,WT,drugA,10,24,3,847.986,
g0061,WT,DMSO,0,24,1,1070.615,
g0061,WT,DMSO,0,24,2,901.8014,
g0061,WT,DMSO,0,24,3,1006.8832,
g0061,mutant,drugA,2.5,6,1,738.3859,
g0061,mutant,drugA,2.5,6,2,823.429,
g0061,mutant,drugA,2.5,6,3,938.436,
g0061,mutant,drugA,5,6,1,992.3754,
g0061,mutant,drugA,5,6,2,865.3455,
g0061,mutant,drugA,5,6,3,897.2479,
g0061,mutant,drugA,10,6,1,841.9759,
g0061,mutant,drugA,10,6,2,926.9277,
g0061,mutant,drugA,10,6,3,908.7764,
g0061,mutant,DMSO,0,6,1,868.4255,
g0061,mutant,DMSO,0,6,2,901.2049,
g0061,mutant,DMSO,0,6,3,909.9414,
g0061,mutant,drugA,2.5,24,1,736.3201,
g0061,mutant,drugA,2.5,24,2,966.1074,
g0061,mutant,drugA,2.5,24,3,830.0417,
g0061,mutant,drugA,5,24,1,988.5902,
g0061,mutant,drugA,5,24,2,912.1608,
g0061,mutant,drugA,5,24,3,918.9233,
g0061,mutant,drugA,10,24,1,921.3173,
g0061,mutant,drugA,10,24,2,879.7897,
g0061,mutant,drugA,10,24,3,901.6263,
g0061,mutant,DMSO,0,24,1,775.1277,
g0061,mutant,DMSO,0,24,2,928.7968,
g0061,mutant,DMSO,0,24,3,810.4539,
g0062,WT,drugA,2.5,6,1,159.896,
g0062,WT,drugA,2.5,6,2,176.7737,
g0062,WT,drugA,2.5,6,3,165.5463,
g0062,WT,drugA,5,6,1,167.676,
g0062,WT,drugA,5,6,2,179.1472,
g0062,WT,drugA,5,6,3,178.6479,
g0062,WT,drugA,10,6,1,194.8257,
g0062,WT,drugA,10,6,2,183.6926,
g0062,WT,drugA,10,6,3,189.5229,
g0062,WT,DMSO,0,6,1,148.7931,
g0062,WT,DMSO,0,6,2,137.3478,
g0062,WT,DMSO,0,6,3,125.0855,
g0062,WT,drugA,2.5,24,1,174.8813,
g0062,WT,drugA,2.5,24,2,162.9413,
g0062,WT,drugA,2.5,24,3,189.8256,
g0062,WT,drugA,5,24,1,237.4266,
g0062,WT,drugA,5,24,2,234.2677,
g0062,WT,drugA,5,24,3,258.2688,
g0062,WT,drugA,10,24,1,421.8195,
g0062,WT,drugA,10,24,2,443.26,
g0062,WT,drugA,10,24,3,355.5341,
g0062,WT,DMSO,0,24,1,153.7886,
g0062,WT,DMSO,0,24,2,148.0623,
g0062,WT,DMSO,0,24,3,154.4229,
g0062,mutant,drugA,2.5,6,1,210.216,
g0062,mutant,drugA,2.5,6,2,187.0003,
g0062,mutant,drugA,2.5,6,3,183.1943,
g0062,mutant,drugA,5,6,1,209.3051,
g0062,mutant,drugA,5,6,2,224.0511,
g0062,mutant,drugA,5,6,3,192.3276,
g0062,mutant,drugA,10,6,1,327.4214,
g0062,mutant,drugA,10,6,2,367.9297,
g0062,mutant,drugA,10,6,3,359.9984,
g0062,mutant,DMSO,0,6,1,148.9595,
g0062,mutant,DMSO,0,6,2,143.8224,
g0062,mutant,DMSO,0,6,3,164.6591,
g0062,mutant,drugA,2.5,24,1,217.9887,
g0062,mutant,drugA,2.5,24,2,212.5853,
g0062,mutant,drugA,2.5,24,3,195.63,
g0062,mutant,drugA,5,24,1,331.145,
g0062,mutant,drugA,5,24,2,383.3871,
g0062,mutant,drugA,5,24,3,464.7701,
g0062,mutant,drugA,10,24,1,924.4852,
g0062,mutant,drugA,10,24,2,716.055,
g0062,mutant,drugA,10,24,3,908.4768,
g0062,mutant,DMSO,0,24,1,157.6792,
g0062,mutant,DMSO,0,24,2,120.8458,
g0062,mutant,DMSO,0,24,3,130.0571,
g0063,WT,drugA,2.5,6,1,2507.4081,
g0063,WT,drugA,2.5,6,2,3022.9259,
g0063,WT,drugA,2.5,6,3,2580.259,
g0063,WT,drugA,5,6,1,2981.8661,
g0063,WT,drugA,5,6,2,2817.643,
g0063,WT,drugA,5,6,3,3136.9006,
g0063,WT,drugA,10,6,1,3295.2967,
g0063,WT,drugA,10,6,2,3342.1053,
g0063,WT,drugA,10,6,3,3343.871,
g0063,WT,DMSO,0,6,1,2740.4404,
g0063,WT,DMSO,0,6,2,2782.7529,
g0063,WT,DMSO,0,6,3,3222.8252,
g0063,WT,drugA,2.5,24,1,3061.2021,
g0063,WT,drugA,2.5,24,2,3180.1913,
g0063,WT,drugA,2.5,24,3,3079.7498,
g0063,WT,drugA,5,24,1,2852.0641,
g0063,WT,drugA,5,24,2,3693.9628,
g0063,WT,drugA,5,24,3,3773.0231,
g0063,WT,drugA,10,24,1,4969.9495,
g0063,WT,drugA,10,24,2,3832.51,
g0063,WT,drugA,10,24,3,4134.2129,
g0063,WT,DMSO,0,24,2,2894.621,
g0063,WT,DMSO,0,24,3,2701.5121,
g0063,mutant,drugA,2.5,6,1,2499.2447,
g0063,mutant,drugA,2.5,6,2,3315.675,
g0063,mutant,drugA,2.5,6,3,2991.5877,
g0063,mutant,drugA,5,6,1,2771.6401,
g0063,mutant,drugA,5,6,2,3005.4613,
g0063,mutant,drugA,5,6,3,3331.1139,
g0063,mutant,drugA,10,6,1,3216.3342,
g0063,mutant,drugA,10,6,2,3643.6611,
g0063,mutant,drugA,10,6,3,3313.7508,
g0063,mutant,DMSO,0,6,1,2322.2707,
g0063,mutant,DMSO,0,6,2,2649.0768,
g0063,mutant,DMSO,0,6,3,2345.9665,
g0063,mutant,drugA,2.5,24,1,3620.5591,
g0063,mutant,drugA,2.5,24,2,2646.6396,
g0063,mutant,drugA,5,24,1,4020.5296,
g0063,mutant,drugA,5,24,2,3657.0138,
g0063,mutant,drugA,5,24,3,3720.2705,
g0063,mutant,drugA,10,24,1,4149.9125,
g0063,mutant,drugA,10,24,2,4434.4562,
g0063,mutant,drugA,10,24,3,4523.3239,
g0063,mutant,DMSO,0,24,1,2586.742,
g0063,mutant,DMSO,0,24,2,3088.8173,
g0063,mutant,DMSO,0,24,3,2882.1802,
g0064,WT,drugA,2.5,6,1,1456.5486,
g0064,WT,drugA,2.5,6,2,1420.165,
g0064,WT,drugA,2.5,6,3,1644.9956,
g0064,WT,drugA,5,6,1,1716.5389,
g0064,WT,drugA,5,6,2,1794.0373,
g0064,WT,drugA,5,6,3,2078.8704,
g0064,WT,drugA,10,6,1,3259.4622,
g0064,WT,drugA,10,6,2,2320.2338,
g0064,WT,drugA,10,6,3,2295.9727,
g0064,WT,DMSO,0,6,1,1129.911,
g0064,WT,DMSO,0,6,2,1091.6646,
g0064,WT,DMSO,0,6,3,1190.7619,
g0064,WT,drugA,2.5,24,2,1562.6749,
g0064,WT,drugA,2.5,24,3,1805.7693,
g0064,WT,drugA,5,24,1,2501.5225,
g0064,WT,drugA,5,24,2,2330.214,
g0064,WT,drugA,5,24,3,2558.888,
g0064,WT,drugA,10,24,1,5494.9694,
g0064,WT,drugA,10,24,2,6045.7502,
g0064,WT,drugA,10,24,3,6648.8535,
g0064,WT,DMSO,0,24,1,1187.3902,
g0064,WT,DMSO,0,24,2,1197.992,
g0064,WT,DMSO,0,24,3,1079.7424,
g0064,mutant,drugA,2.5,6,1,1347.5025,
g0064,mutant,drugA,2.5,6,2,1278.5819,
g0064,mutant,drugA,2.5,6,3,1171.6136,
g0064,mutant,drugA,5,6,1,1700.3022,
g0064,mutant,drugA,5,6,2,1681.1134,
g0064,mutant,drugA,5,6,3,1774.73,
g0064,mutant,drugA,10,6,1,2186.9874,
g0064,mutant,drugA,10,6,2,2769.8595,
g0064,mutant,drugA,10,6,3,2644.0937,
g0064,mutant,DMSO,0,6,1,1090.5924,
g0064,mutant,DMSO,0,6,2,1130.7268,
g0064,mutant,DMSO,0,6,3,1071.3078,
g0064,mutant,drugA,2.5,24,1,1801.7498,
g0064,mutant,drugA,2.5,24,2,1504.1299,
g0064,mutant,drugA,2.5,24,3,1649.5013,
g0064,mutant,drugA,5,24,1,2661.5209,
g0064,mutant,drugA,5,24,2,2563.6012,
g0064,mutant,drugA,5,24,3,2440.4469,
g0064,mutant,drugA,10,24,1,6920.5567,
g0064,mutant,drugA,10,24,2,5745.1121,
g0064,mutant,drugA,10,24,3,5125.4583,
g0064,mutant,DMSO,0,24,2,961.9539,
g0064,mutant,DMSO,0,24,3,1167.406,
g0065,WT,drugA,2.5,6,1,21.2195,
g0065,WT,drugA,2.5,6,2,28.2879,
g0065,WT,drugA,2.5,6,3,28.3736,
g0065,WT,drugA,5,6,1,26.1086,
g0065,WT,drugA,5,6,2,22.1967,
g0065,WT,drugA,5,6,3,28.1336,
g0065,WT,drugA,10,6,2,22.3209,
g0065,WT,drugA,10,6,3,24.6188,
g0065,WT,DMSO,0,6,1,25.42,
g0065,WT,DMSO,0,6,2,21.2619,
g0065,WT,DMSO,0,6,3,22.0003,
g0065,WT,drugA,2.5,24,1,21.0563,
g0065,WT,drugA,2.5,24,2,28.3129,
g0065,WT,drugA,2.5,24,3,22.7121,
g0065,WT,drugA,5,24,1,24.7094,
g0065,WT,drugA,5,24,2,24.8801,
g0065,WT,drugA,5,24,3,24.92,
g0065,WT,drugA,10,24,1,22.2313,
g0065,WT,drugA,10,24,2,22.9795,
g0065,WT,drugA,10,24,3,23.6945,
g0065,WT,DMSO,0,24,1,27.1342,
g0065,WT,DMSO,0,24,2,25.1011,
g0065,WT,DMSO,0,24,3,25.7743,
g0065,mutant,drugA,2.5,6,1,24.3399,
g0065,mutant,drugA,2.5,6,2,21.4813,
g0065,mutant,drugA,2.5,6,3,25.459,
g0065,mutant,drugA,5,6,1,24.2269,
g0065,mutant,drugA,5,6,2,24.3323,
g0065,mutant,drugA,5,6,3,23.5319,
g0065,mutant,drugA,10,6,1,21.8975,
g0065,mutant,drugA,10,6,2,26.402,
g0065,mutant,drugA,10,6,3,23.0903,
g0065,mutant,DMSO,0,6,1,26.1732,
g0065,mutant,DMSO,0,6,2,30.1329,
g0065,mutant,DMSO,0,6,3,23.5409,
g0065,mutant,drugA,2.5,24,1,24.9827,
g0065,mutant,drugA,2.5,24,2,27.3455,
g0065,mutant,drugA,2.5,24,3,25.2179,
g0065,mutant,drugA,5,24,1,23.0303,
g0065,mutant,drugA,5,24,2,25.6211,
g0065,mutant,drugA,5,24,3,23.8631,
g0065,mutant,drugA,10,24,1,24.9963,
g0065,mutant,drugA,10,24,2,21.8634,
g0065,mutant,drugA,10,24,3,26.4182,
g0065,mutant,DMSO,0,24,1,22.2837,
g0065,mutant,DMSO,0,24,2,27.4443,
g0065,mutant,DMSO,0,24,3,23.8677,
g0066,WT,drugA,2.5,6,1,84.5131,
g0066,WT,drugA,2.5,6,2,102.1363,
g0066,WT,drugA,2.5,6,3,110.1576,
g0066,WT,drugA,5,6,1,91.089,
g0066,WT,drugA,5,6,2,101.2844,
g0066,WT,drugA,5,6,3,102.1098,
g0066,WT,drugA,10,6,1,98.5505,
g0066,WT,drugA,10,6,2,108.2412,
g0066,WT,drugA,10,6,3,86.6149,
g0066,WT,DMSO,0,6,1,97.3586,
g0066,WT,DMSO,0,6,2,121.196,
g0066,WT,DMSO,0,6,3,95.7139,
g0066,WT,drugA,2.5,24,1,109.9176,
g0066,WT,drugA,2.5,24,2,104.0903,
g0066,WT,drugA,2.5,24,3,108.3676,
g0066,WT,drugA,5,24,1,88.6374,
g0066,WT,drugA,5,24,2,105.885,
g0066,WT,drugA,5,24,3,110.4709,
g0066,WT,drugA,10,24,1,102.5162,
g0066,WT,drugA,10,24,2,116.1555,
g0066,WT,drugA,10,24,3,104.8857,
g0066,WT,DMSO,0,24,1,104.5578,
g0066,WT,DMSO,0,24,2,98.1838,
g0066,WT,DMSO,0,24,3,104.8008,
g0066,mutant,drugA,2.5,6,1,90.4483,
g0066,mutant,drugA,2.5,6,2,93.727,
g0066,mutant,drugA,2.5,6,3,91.0179,
g0066,mutant,drugA,5,6,1,105.0498,
g0066,mutant,drugA,5,6,2,111.1689,
g0066,mutant,drugA,5,6,3,108.5099,
g0066,mutant,drugA,10,6,2,90.5859,
g0066,mutant,drugA,10,6,3,102.509,
g0066,mutant,DMSO,0,6,1,91.7035,
g0066,mutant,DMSO,0,6,2,106.2942,
g0066,mutant,DMSO,0,6,3,90.0762,
g0066,mutant,drugA,2.5,24,1,101.1537,
g0066,mutant,drugA,2.5,24,2,121.797,
g0066,mutant,drugA,2.5,24,3,102.6685,
g0066,mutant,drugA,5,24,1,96.5945,
g0066,mutant,drugA,5,24,2,97.5489,
g0066,mutant,drugA,5,24,3,92.829,
g0066,mutant,drugA,10,24,1,116.8003,
g0066,mutant,drugA,10,24,2,92.0877,
g0066,mutant,drugA,10,24,3,97.9003,
g0066,mutant,DMSO,0,24,1,109.0591,
g0066,mutant,DMSO,0,24,2,107.7085,
g0066,mutant,DMSO,0,24,3,95.6731,
g0067,WT,drugA,2.5,6,1,222.9479,
g0067,WT,drugA,2.5,6,2,216.5009,
g0067,WT,drugA,2.5,6,3,195.7598,
g0067,WT,drugA,5,6,1,320.0886,
g0067,WT,drugA,5,6,2,274.243,
g0067,WT,drugA,5,6,3,250.1221,
g0067,WT,drugA,10,6,1,425.8159,
g0067,WT,drugA,10,6,2,378.0921,
g0067,WT,drugA,10,6,3,480.8813,
g0067,WT,DMSO,0,6,1,192.5699,
g0067,WT,DMSO,0,6,2,164.7357,
g0067,WT,DMSO,0,6,3,200.1373,
g0067,WT,drugA,2.5,24,1,281.5143,
g0067,WT,drugA,2.5,24,2,238.5887,
g0067,WT,drugA,2.5,24,3,232.6348,
g0067,WT,drugA,5,24,1,371.8141,
g0067,WT,drugA,5,24,2,363.6688,
g0067,WT,drugA,5,24,3,345.6959,
g0067,WT,drugA,10,24,1,880.7515,
g0067,WT,drugA,10,24,2,819.6925,
g0067,WT,drugA,10,24,3,650.6239,
g0067,WT,DMSO,0,24,1,189.721,
g0067,WT,DMSO,0,24,3,158.2277,
g0067,mutant,drugA,2.5,6,1,259.0297,
g0067,mutant,drugA,2.5,6,2,208.7938,
g0067,mutant,drugA,2.5,6,3,200.6534,
g0067,mutant,drugA,5,6,1,298.817,
g0067,mutant,drugA,5,6,2,226.1491,
g0067,mutant,drugA,5,6,3,330.182,
g0067,mutant,drugA,10,6,1,416.7444,
g0067,mutant,drugA,10,6,2,359.8756,
g0067,mutant,drugA,10,6,3,364.9859,
g0067,mutant,DMSO,0,6,1,207.2636,
g0067,mutant,DMSO,0,6,2,174.4056,
g0067,mutant,DMSO,0,6,3,147.5102,
g0067,mutant,drugA,2.5,24,1,233.5144,
g0067,mutant,drugA,2.5,24,2,255.7229,
g0067,mutant,drugA,2.5,24,3,246.8082,
g0067,mutant,drugA,5,24,1,374.2835,
g0067,mutant,drugA,5,24,2,340.2848,
g0067,mutant,drugA,5,24,3,414.1529,
g0067,mutant,drugA,10,24,1,690.2357,
g0067,mutant,drugA,10,24,3,629.5394,
g0067,mutant,DMSO,0,24,1,176.5,
g0067,mutant,DMSO,0,24,2,172.7884,
g0067,mutant,DMSO,0,24,3,194.3682,
g0068,WT,drugA,2.5,6,1,1459.929,
g0068,WT,drugA,2.5,6,2,1789.9361,
g0068,WT,drugA,2.5,6,3,2030.9099,
g0068,WT,drugA,5,6,1,1476.7242,
g0068,WT,drugA,5,6,2,1725.3659,
g0068,WT,drugA,10,6,1,1707.3863,
g0068,WT,drugA,10,6,2,1639.9172,
g0068,WT,drugA,10,6,3,1719.0879,
g0068,WT,DMSO,0,6,1,1794.6684,
g0068,WT,DMSO,0,6,2,1896.2716,
g0068,WT,DMSO,0,6,3,1721.5797,
g0068,WT,drugA,2.5,24,1,1566.6952,
g0068,WT,drugA,2.5,24,2,1657.0915,
g0068,WT,drugA,2.5,24,3,1515.4964,
g0068,WT,drugA,5,24,1,1883.8072,
g0068,WT,drugA,5,24,2,1605.856,
g0068,WT,drugA,5,24,3,1778.9044,
g0068,WT,drugA,10,24,1,1669.0208,
g0068,WT,drugA,10,24,2,1651.3645,
g0068,WT,drugA,10,24,3,1584.8902,
g0068,WT,DMSO,0,24,1,1793.7725,
g0068,WT,DMSO,0,24,2,1863.3758,
g0068,WT,DMSO,0,24,3,1736.5515,
g0068,mutant,drugA,2.5,6,1,1637.0676,
g0068,mutant,drugA,2.5,6,2,1920.3798,
g0068,mutant,drugA,2.5,6,3,1937.7374,
g0068,mutant,drugA,5,6,1,1573.5706,
g0068,mutant,drugA,5,6,2,1656.2001,
g0068,mutant,drugA,5,6,3,1649.2356,
g0068,mutant,drugA,10,6,1,1477.5954,
g0068,mutant,drugA,10,6,2,2046.1551,
g0068,mutant,drugA,10,6,3,1687.8655,
g0068,mutant,DMSO,0,6,1,1857.7015,
g0068,mutant,DMSO,0,6,2,1681.9519,
g0068,mutant,DMSO,0,6,3,1739.5998,
g0068,mutant,drugA,2.5,24,1,1569.614,
g0068,mutant,drugA,2.5,24,2,1732.2995,
g0068,mutant,drugA,2.5,24,3,1833.5814,
g0068,mutant,drugA,5,24,1,1493.1748,
g0068,mutant,drugA,5,24,2,1642.3089,
g0068,mutant,drugA,5,24,3,1983.7374,
g0068,mutant,drugA,10,24,1,1471.4158,
g0068,mutant,drugA,10,24,2,1650.7762,
g0068,mutant,drugA,10,24,3,1555.3523,
g0068,mutant,DMSO,0,24,1,1877.6827,
g0068,mutant,DMSO,0,24,2,1687.1791,
g0068,mutant,DMSO,0,24,3,1479.3632,
g0069,WT,drugA,2.5,6,1,323.9223,
g0069,WT,drugA,2.5,6,2,326.3036,
g0069,WT,drugA,5,6,1,309.6498,
g0069,WT,drugA,5,6,2,278.417,
g0069,WT,drugA,5,6,3,291.1564,
g0069,WT,drugA,10,6,1,278.2833,
g0069,WT,drugA,10,6,2,342.4884,
g0069,WT,drugA,10,6,3,309.0871,
g0069,WT,DMSO,0,6,1,369.7751,
g0069,WT,DMSO,0,6,2,332.4119,
g0069,WT,DMSO,0,6,3,416.4326,
g0069,WT,drugA,2.5,24,1,410.6784,
g0069,WT,drugA,2.5,24,2,256.8872,
g0069,WT,drugA,2.5,24,3,356.7613,
g0069,WT,drugA,5,24,1,321.1343,
g0069,WT,drugA,5,24,2,377.7892,
g0069,WT,drugA,5,24,3,321.7073,
g0069,WT,drugA,10,24,1,394.7646,
g0069,WT,drugA,10,24,2,291.6605,
g0069,WT,drugA,10,24,3,391.5581,
g0069,WT,DMSO,0,24,1,335.1372,
g0069,WT,DMSO,0,24,2,378.2478,
g0069,WT,DMSO,0,24,3,307.5886,
g0069,mutant,drugA,2.5,6,1,426.2543,
g0069,mutant,drugA,2.5,6,2,293.6007,
g0069,mutant,drugA,2.5,6,3,346.9298,
g0069,mutant,drugA,5,6,1,257.8782,
g0069,mutant,drugA,5,6,2,347.8257,
g0069,mutant,drugA,5,6,3,353.8478,
g0069,mutant,drugA,10,6,1,379.4339,
g0069,mutant,drugA,10,6,2,294.6152,
g0069,mutant,drugA,10,6,3,327.2426,
g0069,mutant,DMSO,0,6,1,308.4921,
g0069,mutant,DMSO,0,6,2,357.8074,
g0069,mutant,DMSO,0,6,3,284.3497,
g0069,mutant,drugA,2.5,24,1,314.6383,
g0069,mutant,drugA,2.5,24,2,286.4786,
g0069,mutant,drugA,2.5,24,3,319.8553,
g0069,mutant,drugA,5,24,1,319.5144,
g0069,mutant,drugA,5,24,2,322.1069,
g0069,mutant,drugA,5,24,3,352.5145,
g0069,mutant,drugA,10,24,1,314.6427,
g0069,mutant,drugA,10,24,2,346.7464,
g0069,mutant,drugA,10,24,3,312.0423,
g0069,mutant,DMSO,0,24,1,352.8231,
g0069,mutant,DMSO,0,24,2,382.2605,
g0069,mutant,DMSO,0,24,3,270.5188,
g0070,WT,drugA,2.5,6,1,645.4818,
g0070,WT,drugA,2.5,6,2,604.2849,
g0070,WT,drugA,2.5,6,3,590.9131,
g0070,WT,drugA,5,6,1,624.7601,
g0070,WT,drugA,5,6,2,650.855,
g0070,WT,drugA,5,6,3,586.4698,
g0070,WT,drugA,10,6,1,572.3949,
g0070,WT,drugA,10,6,2,550.2749,
g0070,WT,drugA,10,6,3,643.6857,
g0070,WT,DMSO,0,6,1,676.1916,
g0070,WT,DMSO,0,6,2,555.0226,
g0070,WT,DMSO,0,6,3,679.964,
g0070,WT,drugA,2.5,24,1,695.5107,
g0070,WT,drugA,2.5,24,2,456.6813,
g0070,WT,drugA,2.5,24,3,628.3391,
g0070,WT,drugA,5,24,1,583.2961,
g0070,WT,drugA,5,24,2,516.1852,
g0070,WT,drugA,5,24,3,576.4034,
g0070,WT,drugA,10,24,1,573.0711,
g0070,WT,drugA,10,24,2,667.5649,
g0070,WT,drugA,10,24,3,682.9945,
g0070,WT,DMSO,0,24,1,542.1685,
g0070,WT,DMSO,0,24,2,621.111,
g0070,WT,DMSO,0,24,3,619.1539,
g0070,mutant,drugA,2.5,6,1,503.4707,
g0070,mutant,drugA,2.5,6,2,532.0711,
g0070,mutant,drugA,2.5,6,3,638.9843,
g0070,mutant,drugA,5,6,1,597.7491,
g0070,mutant,drugA,5,6,2,645.5525,
g0070,mutant,drugA,5,6,3,614.0845,
g0070,mutant,drugA,10,6,1,630.272,
g0070,mutant,drugA,10,6,2,493.188,
g0070,mutant,drugA,10,6,3,520.7937,
g0070,mutant,DMSO,0,6,1,513.8801,
g0070,mutant,DMSO,0,6,2,598.5403,
g0070,mutant,drugA,2.5,24,1,563.4299,
g0070,mutant,drugA,2.5,24,2,606.4025,
g0070,mutant,drugA,2.5,24,3,563.7284,
g0070,mutant,drugA,5,24,1,557.0342,
g0070,mutant,drugA,5,24,2,587.3624,
g0070,mutant,drugA,5,24,3,521.9063,
g0070,mutant,drugA,10,24,1,588.1948,
g0070,mutant,drugA,10,24,2,712.0358,
g0070,mutant,drugA,10,24,3,629.3729,
g0070,mutant,DMSO,0,24,1,508.7392,
g0070,mutant,DMSO,0,24,2,670.0331,
g0070,mutant,DMSO,0,24,3,536.9468,
g0071,WT,drugA,2.5,6,1,242.7242,
g0071,WT,drugA,2.5,6,2,178.7721,
g0071,WT,drugA,2.5,6,3,232.4669,
g0071,WT,drugA,5,6,1,237.1489,
g0071,WT,drugA,5,6,2,205.4238,
g0071,WT,drugA,5,6,3,175.716,
g0071,WT,drugA,10,6,1,231.4721,
g0071,WT,drugA,10,6,2,230.3117,
g0071,WT,drugA,10,6,3,201.4998,
g0071,WT,DMSO,0,6,1,205.1464,
g0071,WT,DMSO,0,6,2,196.3242,
g0071,WT,DMSO,0,6,3,202.0202,
g0071,WT,drugA,2.5,24,1,217.1475,
g0071,WT,drugA,2.5,24,2,208.8969,
g0071,WT,drugA,2.5,24,3,212.8488,
g0071,WT,drugA,5,24,1,185.3526,
g0071,WT,drugA,5,24,2,204.4704,
g0071,WT,drugA,5,24,3,181.7187,
g0071,WT,drugA,10,24,1,186.1279,
g0071,WT,drugA,10,24,2,199.9773,
g0071,WT,drugA,10,24,3,199.5643,
g0071,WT,DMSO,0,24,1,214.6887,
g0071,WT,DMSO,0,24,2,257.3032,
g0071,WT,DMSO,0,24,3,189.8655,
g0071,mutant,drugA,2.5,6,1,239.8464,
g0071,mutant,drugA,2.5,6,2,215.4325,
g0071,mutant,drugA,2.5,6,3,201.276,
g0071,mutant,drugA,5,6,1,217.351,
g0071,mutant,drugA,5,6,2,215.5353,
g0071,mutant,drugA,5,6,3,180.9374,
g0071,mutant,drugA,10,6,1,189.6686,
g0071,mutant,drugA,10,6,2,213.3168,
g0071,mutant,drugA,10,6,3,228.2827,
g0071,mutant,DMSO,0,6,1,182.0943,
g0071,mutant,DMSO,0,6,2,214.4644,
g0071,mutant,DMSO,0,6,3,222.121,
g0071,mutant,drugA,2.5,24,1,195.897,
g0071,mutant,drugA,2.5,24,2,204.8643,
g0071,mutant,drugA,2.5,24,3,202.8789,
g0071,mutant,drugA,5,24,1,197.2908,
g0071,mutant,drugA,5,24,2,214.1481,
g0071,mutant,drugA,5,24,3,179.0926,
g0071,mutant,drugA,10,24,1,248.8964,
g0071,mutant,drugA,10,24,2,200.7625,
g0071,mutant,drugA,10,24,3,194.2761,
g0071,mutant,DMSO,0,24,1,222.7068,
g0071,mutant,DMSO,0,24,2,204.5397,
g0071,mutant,DMSO,0,24,3,190.3643,
g0072,WT,drugA,2.5,6,1,166.2587,
g0072,WT,drugA,2.5,6,2,221.3312,
g0072,WT,drugA,2.5,6,3,228.2668,
g0072,WT,drugA,5,6,1,200.1639,
g0072,WT,drugA,5,6,2,197.2897,
g0072,WT,drugA,5,6,3,259.0583,
g0072,WT,drugA,10,6,1,196.2314,
g0072,WT,drugA,10,6,2,186.8311,
g0072,WT,drugA,10,6,3,194.9607,
g0072,WT,DMSO,0,6,1,204.3226,
g0072,WT,DMSO,0,6,2,163.8964,
g0072,WT,DMSO,0,6,3,184.2327,
g0072,WT,drugA,2.5,24,1,244.6806,
g0072,WT,drugA,2.5,24,2,235.5376,
g0072,WT,drugA,2.5,24,3,173.5923,
g0072,WT,drugA,5,24,1,163.6483,
g0072,WT,drugA,5,24,2,193.8404,
g0072,WT,drugA,5,24,3,218.6379,
g0072,WT,drugA,10,24,1,191.1449,
g0072,WT,drugA,10,24,2,229.8605,
g0072,WT,drugA,10,24,3,188.7337,
g0072,WT,DMSO,0,24,1,228.1673,
g0072,WT,DMSO,0,24,2,155.2102,
g0072,WT,DMSO,0,24,3,187.9682,
g0072,mutant,drugA,2.5,6,1,204.33,
g0072,mutant,drugA,2.5,6,2,207.1901,
g0072,mutant,drugA,2.5,6,3,233.6979,
g0072,mutant,drugA,5,6,1,220.42,
g0072,mutant,drugA,5,6,2,178.3546,
g0072,mutant,drugA,5,6,3,156.458,
g0072,mutant,drugA,10,6,1,208.2181,
g0072,mutant,drugA,10,6,2,213.3201,
g0072,mutant,drugA,10,6,3,232.4567,
g0072,mutant,DMSO,0,6,1,201.5278,
g0072,mutant,DMSO,0,6,2,209.0392,
g0072,mutant,DMSO,0,6,3,214.5015,
g0072,mutant,drugA,2.5,24,1,176.6756,
g0072,mutant,drugA,2.5,24,2,213.8052,
g0072,mutant,drugA,2.5,24,3,214.6794,
g0072,mutant,drugA,5,24,1,203.1806,
g0072,mutant,drugA,5,24,2,208.6813,
g0072,mutant,drugA,5,24,3,209.8648,
g0072,mutant,drugA,10,24,1,262.0412,
g0072,mutant,drugA,10,24,2,199.1242,
g0072,mutant,drugA,10,24,3,228.0968,
g0072,mutant,DMSO,0,24,1,207.5707,
g0072,mutant,DMSO,0,24,2,194.077,
g0072,mutant,DMSO,0,24,3,192.9906,
g0073,WT,drugA,2.5,6,1,302.9998,
g0073,WT,drugA,2.5,6,2,307.8057,
g0073,WT,drugA,2.5,6,3,288.2026,
g0073,WT,drugA,5,6,1,274.6072,
g0073,WT,drugA,5,6,2,267.5504,
g0073,WT,drugA,5,6,3,271.8561,
g0073,WT,drugA,10,6,1,230.9914,
g0073,WT,drugA,10,6,2,173.6107,
g0073,WT,drugA,10,6,3,208.6509,
g0073,WT,DMSO,0,6,1,350.0346,
g0073,WT,DMSO,0,6,2,399.3929,
g0073,WT,DMSO,0,6,3,366.9025,
g0073,WT,drugA,2.5,24,1,216.2247,
g0073,WT,drugA,2.5,24,2,253.8891,
g0073,WT,drugA,2.5,24,3,259.7742,
g0073,WT,drugA,5,24,1,215.4079,
g0073,WT,drugA,5,24,2,182.119,
g0073,WT,drugA,5,24,3,248.3681,
g0073,WT,drugA,10,24,1,98.3071,
g0073,WT,drugA,10,24,2,119.9334,
g0073,WT,drugA,10,24,3,114.7159,
g0073,WT,DMSO,0,24,1,316.0868,
g0073,WT,DMSO,0,24,2,353.6311,
g0073,WT,DMSO,0,24,3,519.2757,
g0073,mutant,drugA,2.5,6,1,272.883,
g0073,mutant,drugA,2.5,6,2,313.9945,
g0073,mutant,drugA,2.5,6,3,281.6208,
g0073,mutant,drugA,5,6,1,174.6659,
g0073,mutant,drugA,5,6,2,214.361,
g0073,mutant,drugA,5,6,3,204.743,
g0073,mutant,drugA,10,6,1,117.2428,
g0073,mutant,drugA,10,6,2,117.4228,
g0073,mutant,drugA,10,6,3,103.8785,
g0073,mutant,DMSO,0,6,1,365.7076,
g0073,mutant,DMSO,0,6,2,352.7196,
g0073,mutant,DMSO,0,6,3,389.0893,
g0073,mutant,drugA,2.5,24,1,178.0477,
g0073,mutant,drugA,2.5,24,2,195.9575,
g0073,mutant,drugA,2.5,24,3,221.4711,
g0073,mutant,drugA,5,24,1,106.8078,
g0073,mutant,drugA,5,24,2,107.2873,
g0073,mutant,drugA,5,24,3,118.2658,
g0073,mutant,drugA,10,24,1,39.5275,
g0073,mutant,drugA,10,24,2,34.2307,
g0073,mutant,drugA,10,24,3,37.1246,
g0073,mutant,DMSO,0,24,1,348.0934,
g0073,mutant,DMSO,0,24,2,403.3989,
g0073,mutant,DMSO,0,24,3,411.8493,
g0074,WT,drugA,2.5,6,1,274.4534,
g0074,WT,drugA,2.5,6,2,249.0788,
g0074,WT,drugA,2.5,6,3,219.3507,
g0074,WT,drugA,5,6,1,235.2478,
g0074,WT,drugA,5,6,2,240.4531,
g0074,WT,drugA,5,6,3,210.6253,
g0074,WT,drugA,10,6,1,239.271,
g0074,WT,drugA,10,6,2,221.1626,
g0074,WT,drugA,10,6,3,219.6275,
g0074,WT,DMSO,0,6,1,230.7007,
g0074,WT,DMSO,0,6,2,276.4216,
g0074,WT,drugA,2.5,24,1,229.6235,
g0074,WT,drugA,2.5,24,2,210.91,
g0074,WT,drugA,2.5,24,3,267.4972,
g0074,WT,drugA,5,24,1,270.5977,
g0074,WT,drugA,5,24,2,223.5207,
g0074,WT,drugA,5,24,3,251.8405,
g0074,WT,drugA,10,24,1,235.5222,
g0074,WT,drugA,10,24,2,225.0023,
g0074,WT,drugA,10,24,3,277.9876,
g0074,WT,DMSO,0,24,1,234.6094,
g0074,WT,DMSO,0,24,2,259.8873,
g0074,WT,DMSO,0,24,3,227.9418,
g0074,mutant,drugA,2.5,6,1,241.1159,
g0074,mutant,drugA,2.5,6,2,229.2492,
g0074,mutant,drugA,2.5,6,3,228.065,
g0074,mutant,drugA,5,6,1,246.7309,
g0074,mutant,drugA,5,6,2,207.0378,
g0074,mutant,drugA,5,6,3,260.39,
g0074,mutant,drugA,10,6,1,258.2724,
g0074,mutant,drugA,10,6,2,224.2723,
g0074,mutant,drugA,10,6,3,232.9368,
g0074,mutant,DMSO,0,6,1,269.519,
g0074,mutant,DMSO,0,6,2,264.3575,
g0074,mutant,DMSO,0,6,3,239.51,
g0074,mutant,drugA,2.5,24,1,236.9777,
g0074,mutant,drugA,2.5,24,2,228.2614,
g0074,mutant,drugA,2.5,24,3,251.0378,
g0074,mutant,drugA,5,24,1,228.4764,
g0074,mutant,drugA,5,24,2,207.596,
g0074,mutant,drugA,5,24,3,227.4608,
g0074,mutant,drugA,10,24,1,276.6496,
g0074,mutant,drugA,10,24,2,216.1599,
g0074,mutant,drugA,10,24,3,176.0041,
g0074,mutant,DMSO,0,24,1,256.3511,
g0074,mutant,DMSO,0,24,2,287.5214,
g0074,mutant,DMSO,0,24,3,209.466,
g0075,WT,drugA,2.5,6,1,216.4544,
g0075,WT,drugA,2.5,6,2,278.5796,
g0075,WT,drugA,2.5,6,3,257.4374,
g0075,WT,drugA,5,6,1,255.0949,
g0075,WT,drugA,5,6,2,238.3308,
g0075,WT,drugA,5,6,3,237.2537,
g0075,WT,drugA,10,6,1,307.4205,
g0075,WT,drugA,10,6,3,288.3359,
g0075,WT,DMSO,0,6,1,256.3883,
g0075,WT,DMSO,0,6,2,224.9671,
g0075,WT,DMSO,0,6,3,214.9699,
g0075,WT,drugA,2.5,24,1,278.9205,
g0075,WT,drugA,2.5,24,2,268.795,
g0075,WT,drugA,2.5,24,3,232.2894,
g0075,WT,drugA,5,24,1,322.4231,
g0075,WT,drugA,5,24,3,285.9216,
g0075,WT,drugA,10,24,1,349.5956,
g0075,WT,drugA,10,24,2,358.169,
g0075,WT,drugA,10,24,3,386.1507,
g0075,WT,DMSO,0,24,1,282.8569,
g0075,WT,DMSO,0,24,2,235.6111,
g0075,WT,DMSO,0,24,3,252.0864,
g0075,mutant,drugA,2.5,6,1,233.3602,
g0075,mutant,drugA,2.5,6,2,242.6244,
g0075,mutant,drugA,2.5,6,3,243.8362,
g0075,mutant,drugA,5,6,1,249.2924,
g0075,mutant,drugA,5,6,2,269.5271,
g0075,mutant,drugA,5,6,3,228.5495,
g0075,mutant,drugA,10,6,1,271.7131,
g0075,mutant,drugA,10,6,2,251.703,
g0075,mutant,drugA,10,6,3,285.4323,
g0075,mutant,DMSO,0,6,1,259.6129,
g0075,mutant,DMSO,0,6,2,210.3323,
g0075,mutant,DMSO,0,6,3,226.6029,
g0075,mutant,drugA,2.5,24,1,204.9177,
g0075,mutant,drugA,2.5,24,2,250.4226,
g0075,mutant,drugA,5,24,1,259.9318,
g0075,mutant,drugA,5,24,2,228.8518,
g0075,mutant,drugA,5,24,3,240.8249,
g0075,mutant,drugA,10,24,1,213.5386,
g0075,mutant,drugA,10,24,2,293.4541,
g0075,mutant,drugA,10,24,3,215.2099,
g0075,mutant,DMSO,0,24,2,213.243,
g0075,mutant,DMSO,0,24,3,235.9854,
g0076,WT,drugA,2.5,6,1,1013.1056,
g0076,WT,drugA,2.5,6,2,943.625,
g0076,WT,drugA,2.5,6,3,1208.7629,
g0076,WT,drugA,5,6,1,941.5619,
g0076,WT,drugA,5,6,2,971.3473,
g0076,WT,drugA,5,6,3,1132.7144,
g0076,WT,drugA,10,6,1,835.2746,
g0076,WT,drugA,10,6,2,985.2599,
g0076,WT,drugA,10,6,3,998.3862,
g0076,WT,DMSO,0,6,1,947.1698,
g0076,WT,DMSO,0,6,2,1031.4867,
g0076,WT,DMSO,0,6,3,985.8516,
g0076,WT,drugA,2.5,24,1,977.3174,
g0076,WT,drugA,2.5,24,2,1169.8564,
g0076,WT,drugA,2.5,24,3,1105.054,
g0076,WT,drugA,5,24,1,844.7919,
g0076,WT,drugA,5,24,2,955.6001,
g0076,WT,drugA,5,24,3,974.8626,
g0076,WT,drugA,10,24,1,945.3101,
g0076,WT,drugA,10,24,2,1040.3376,
g0076,WT,drugA,10,24,3,1067.7706,
g0076,WT,DMSO,0,24,1,1186.9603,
g0076,WT,DMSO,0,24,2,1019.8847,
g0076,WT,DMSO,0,24,3,946.4005,
g0076,mutant,drugA,2.5,6,1,1038.9849,
g0076,mutant,drugA,2.5,6,2,1092.4473,
g0076,mutant,drugA,2.5,6,3,1003.3598,
g0076,mutant,drugA,5,6,1,1062.839,
g0076,mutant,drugA,5,6,2,1069.408,
g0076,mutant,drugA,5,6,3,1001.3884,
g0076,mutant,drugA,10,6,1,848.3051,
g0076,mutant,drugA,10,6,3,944.129,
g0076,mutant,DMSO,0,6,1,1159.4051,
g0076,mutant,DMSO,0,6,2,1307.2431,
g0076,mutant,drugA,2.5,24,1,1022.9369,
g0076,mutant,drugA,2.5,24,2,1129.2053,
g0076,mutant,drugA,2.5,24,3,795.9255,
g0076,mutant,drugA,5,24,1,988.7727,
g0076,mutant,drugA,5,24,2,897.1745,
g0076,mutant,drugA,5,24,3,959.5022,
g0076,mutant,drugA,10,24,1,1077.5043,
g0076,mutant,drugA,10,24,2,1033.5415,
g0076,mutant,drugA,10,24,3,1070.7028,
g0076,mutant,DMSO,0,24,1,1130.0209,
g0076,mutant,DMSO,0,24,2,831.7635,
g0076,mutant,DMSO,0,24,3,1160.2847,
g0077,WT,drugA,2.5,6,1,802.1751,
g0077,WT,drugA,2.5,6,2,861.9412,
g0077,WT,drugA,2.5,6,3,797.0808,
g0077,WT,drugA,5,6,1,755.5405,
g0077,WT,drugA,5,6,2,809.61,
g0077,WT,drugA,5,6,3,803.177,
g0077,WT,drugA,10,6,1,870.1435,
g0077,WT,drugA,10,6,2,831.7416,
g0077,WT,drugA,10,6,3,659.2717,
g0077,WT,DMSO,0,6,1,712.7175,
g0077,WT,DMSO,0,6,2,789.1413,
g0077,WT,DMSO,0,6,3,793.5765,
g0077,WT,drugA,2.5,24,1,784.4619,
g0077,WT,drugA,2.5,24,2,970.8327,
g0077,WT,drugA,2.5,24,3,821.622,
g0077,WT,drugA,5,24,1,692.085,
g0077,WT,drugA,5,24,2,833.4023,
g0077,WT,drugA,5,24,3,770.8255,
g0077,WT,drugA,10,24,1,742.756,
g0077,WT,drugA,10,24,2,1071.9628,
g0077,WT,drugA,10,24,3,809.5416,
g0077,WT,DMSO,0,24,1,806.7636,
g0077,WT,DMSO,0,24,2,720.6529,
g0077,WT,DMSO,0,24,3,926.6529,
g0077,mutant,drugA,2.5,6,1,871.3849,
g0077,mutant,drugA,2.5,6,2,872.7945,
g0077,mutant,drugA,2.5,6,3,794.3345,
g0077,mutant,drugA,5,6,1,791.3514,
g0077,mutant,drugA,5,6,2,800.906,
g0077,mutant,drugA,5,6,3,1011.3171,
g0077,mutant,drugA,10,6,1,772.1239,
g0077,mutant,drugA,10,6,2,848.7298,
g0077,mutant,drugA,10,6,3,765.2535,
g0077,mutant,DMSO,0,6,1,786.7936,
g0077,mutant,DMSO,0,6,2,892.9786,
g0077,mutant,DMSO,0,6,3,797.5585,
g0077,mutant,drugA,2.5,24,1,742.4955,
g0077,mutant,drugA,2.5,24,2,787.277,
g0077,mutant,drugA,2.5,24,3,905.1849,
g0077,mutant,drugA,5,24,1,895.9469,
g0077,mutant,drugA,5,24,2,900.9121,
g0077,mutant,drugA,5,24,3,928.0384,
g0077,mutant,drugA,10,24,1,932.2721,
g0077,mutant,drugA,10,24,2,698.9303,
g0077,mutant,drugA,10,24,3,848.5845,
g0077,mutant,DMSO,0,24,1,845.4816,
g0077,mutant,DMSO,0,24,2,922.1369,
g0077,mutant,DMSO,0,24,3,823.9992,
g0078,WT,drugA,2.5,6,1,956.5996,
g0078,WT,drugA,2.5,6,2,832.9037,
g0078,WT,drugA,2.5,6,3,741.8439,
g0078,WT,drugA,5,6,1,730.0675,
g0078,WT,drugA,5,6,2,759.2314,
g0078,WT,drugA,5,6,3,825.575,
g0078,WT,drugA,10,6,1,762.3359,
g0078,WT,drugA,10,6,2,804.9728,
g0078,WT,drugA,10,6,3,785.4323,
g0078,WT,DMSO,0,6,1,885.4227,
g0078,WT,DMSO,0,6,2,785.8062,
g0078,WT,DMSO,0,6,3,872.4641,
g0078,WT,drugA,2.5,24,1,888.6339,
g0078,WT,drugA,2.5,24,2,778.2712,
g0078,WT,drugA,2.5,24,3,774.0293,
g0078,WT,drugA,5,24,1,918.921,
g0078,WT,drugA,5,24,2,821.2376,
g0078,WT,drugA,5,24,3,733.4685,
g0078,WT,drugA,10,24,1,619.2882,
g0078,WT,drugA,10,24,2,798.1194,
g0078,WT,drugA,10,24,3,697.7513,
g0078,WT,DMSO,0,24,1,605.9568,
g0078,WT,DMSO,0,24,2,739.0914,
g0078,WT,DMSO,0,24,3,823.2828,
g0078,mutant,drugA,2.5,6,1,685.7344,
g0078,mutant,drugA,2.5,6,2,847.4069,
g0078,mutant,drugA,2.5,6,3,882.7553,
g0078,mutant,drugA,5,6,1,778.3245,
g0078,mutant,drugA,5,6,2,693.5731,
g0078,mutant,drugA,5,6,3,752.3545,
g0078,mutant,drugA,10,6,1,732.6955,
g0078,mutant,drugA,10,6,2,849.2813,
g0078,mutant,drugA,10,6,3,901.5018,
g0078,mutant,DMSO,0,6,1,655.2348,
g0078,mutant,DMSO,0,6,2,787.803,
g0078,mutant,DMSO,0,6,3,722.7113,
g0078,mutant,drugA,2.5,24,1,906.5555,
g0078,mutant,drugA,2.5,24,2,817.5102,
g0078,mutant,drugA,2.5,24,3,839.5767,
g0078,mutant,drugA,5,24,1,751.4083,
g0078,mutant,drugA,5,24,2,636.3459,
g0078,mutant,drugA,5,24,3,783.7599,
g0078,mutant,drugA,10,24,1,933.8464,
g0078,mutant,drugA,10,24,2,755.2485,
g0078,mutant,drugA,10,24,3,631.4794,
g0078,mutant,DMSO,0,24,1,779.9052,
g0078,mutant,DMSO,0,24,2,730.3548,
g0078,mutant,DMSO,0,24,3,928.0291,
g0079,WT,drugA,2.5,6,1,263.2796,
g0079,WT,drugA,2.5,6,2,249.846,
g0079,WT,drugA,2.5,6,3,220.207,
g0079,WT,drugA,5,6,1,287.3335,
g0079,WT,drugA,5,6,2,236.9475,
g0079,WT,drugA,5,6,3,224.1555,
g0079,WT,drugA,10,6,1,230.2052,
g0079,WT,drugA,10,6,2,255.6977,
g0079,WT,drugA,10,6,3,262.5057,
g0079,WT,DMSO,0,6,1,235.2897,
g0079,WT,DMSO,0,6,2,260.9735,
g0079,WT,DMSO,0,6,3,263.2785,
g0079,WT,drugA,2.5,24,1,231.4055,
g0079,WT,drugA,2.5,24,2,229.2942,
g0079,WT,drugA,2.5,24,3,282.7642,
g0079,WT,drugA,5,24,1,238.4065,
g0079,WT,drugA,5,24,2,250.8235,
g0079,WT,drugA,5,24,3,283.4945,
g0079,WT,drugA,10,24,1,212.1236,
g0079,WT,drugA,10,24,2,272.1118,
g0079,WT,drugA,10,24,3,211.5337,
g0079,WT,DMSO,0,24,1,224.3742,
g0079,WT,DMSO,0,24,2,270.3349,
g0079,WT,DMSO,0,24,3,235.4396,
g0079,mutant,drugA,2.5,6,1,221.5616,
g0079,mutant,drugA,2.5,6,2,220.1781,
g0079,mutant,drugA,2.5,6,3,241.1913,
g0079,mutant,drugA,5,6,1,213.4411,
g0079,mutant,drugA,5,6,2,194.8865,
g0079,mutant,drugA,5,6,3,212.56,
g0079,mutant,drugA,10,6,1,192.5505,
g0079,mutant,drugA,10,6,2,213.9176,
g0079,mutant,drugA,10,6,3,210.3735,
g0079,mutant,DMSO,0,6,1,240.2324,
g0079,mutant,DMSO,0,6,2,236.5038,
g0079,mutant,DMSO,0,6,3,205.7179,
g0079,mutant,drugA,2.5,24,1,199.553,
g0079,mutant,drugA,2.5,24,2,260.6786,
g0079,mutant,drugA,2.5,24,3,260.5105,
g0079,mutant,drugA,5,24,1,189.2627,
g0079,mutant,drugA,5,24,2,197.2528,
g0079,mutant,drugA,5,24,3,274.6501,
g0079,mutant,drugA,10,24,1,226.7132,
g0079,mutant,drugA,10,24,2,183.5672,
g0079,mutant,drugA,10,24,3,242.8824,
g0079,mutant,DMSO,0,24,1,226.7876,
g0079,mutant,DMSO,0,24,2,232.6066,
g0079,mutant,DMSO,0,24,3,215.0406,
g0080,WT,drugA,2.5,6,1,611.7345,
g0080,WT,drugA,2.5,6,2,599.2745,
g0080,WT,drugA,2.5,6,3,593.4048,
g0080,WT,drugA,5,6,1,398.6074,
g0080,WT,drugA,5,6,2,565.4787,
g0080,WT,drugA,5,6,3,476.8259,
g0080,WT,drugA,10,6,1,495.4872,
g0080,WT,drugA,10,6,2,511.1066,
g0080,WT,drugA,10,6,3,527.9897,
g0080,WT,DMSO,0,6,1,523.0754,
g0080,WT,DMSO,0,6,2,522.6482,
g0080,WT,DMSO,0,6,3,652.6471,
g0080,WT,drugA,2.5,24,1,481.5924,
g0080,WT,drugA,2.5,24,2,562.9672,
g0080,WT,drugA,2.5,24,3,519.9504,
g0080,WT,drugA,5,24,1,534.9357,
g0080,WT,drugA,5,24,2,584.9978,
g0080,WT,drugA,10,24,1,566.759,
g0080,WT,drugA,10,24,2,477.9038,
g0080,WT,drugA,10,24,3,535.0408,
g0080,WT,DMSO,0,24,1,447.4136,
g0080,WT,DMSO,0,24,2,557.4216,
g0080,WT,DMSO,0,24,3,609.6552,
g0080,mutant,drugA,2.5,6,1,560.8523,
g0080,mutant,drugA,2.5,6,2,498.0688,
g0080,mutant,drugA,2.5,6,3,592.2801,
g0080,mutant,drugA,5,6,1,495.9231,
g0080,mutant,drugA,5,6,2,555.2196,
g0080,mutant,drugA,5,6,3,543.3832,
g0080,mutant,drugA,10,6,1,533.586,
g0080,mutant,drugA,10,6,2,502.1738,
g0080,mutant,drugA,10,6,3,607.4207,
g0080,mutant,DMSO,0,6,1,508.8267,
g0080,mutant,DMSO,0,6,2,503.0365,
g0080,mutant,DMSO,0,6,3,477.7595,
g0080,mutant,drugA,2.5,24,1,538.2036,
g0080,mutant,drugA,2.5,24,2,570.6247,
g0080,mutant,drugA,2.5,24,3,526.5863,
g0080,mutant,drugA,5,24,1,531.9903,
g0080,mutant,drugA,5,24,2,520.0293,
g0080,mutant,drugA,5,24,3,535.1542,
g0080,mutant,drugA,10,24,1,509.6333,
g0080,mutant,drugA,10,24,2,562.4533,
g0080,mutant,drugA,10,24,3,418.8992,
g0080,mutant,DMSO,0,24,1,556.2794,
g0080,mutant,DMSO,0,24,2,525.4192,
g0080,mutant,DMSO,0,24,3,450.505,
g0081,WT,drugA,2.5,6,1,936.7814,
g0081,WT,drugA,2.5,6,2,985.7809,
g0081,WT,drugA,2.5,6,3,1031.4756,
g0081,WT,drugA,5,6,1,1021.3457,
g0081,WT,drugA,5,6,2,959.2486,
g0081,WT,drugA,5,6,3,1024.8921,
g0081,WT,drugA,10,6,1,1098.6887,
g0081,WT,drugA,10,6,2,1160.6468,
g0081,WT,drugA,10,6,3,847.1506,
g0081,WT,DMSO,0,6,1,1260.0969,
g0081,WT,DMSO,0,6,2,982.7243,
g0081,WT,DMSO,0,6,3,1209.7998,
g0081,WT,drugA,2.5,24,1,1180.661,
g0081,WT,drugA,2.5,24,2,917.0183,
g0081,WT,drugA,2.5,24,3,1143.9572,
g0081,WT,drugA,5,24,1,1063.502,
g0081,WT,drugA,5,24,2,911.4995,
g0081,WT,drugA,5,24,3,979.9458,
g0081,WT,drugA,10,24,1,1221.0386,
g0081,WT,drugA,10,24,2,981.565,
g0081,WT,drugA,10,24,3,1238.9414,
g0081,WT,DMSO,0,24,1,997.5972,
g0081,WT,DMSO,0,24,2,1183.2075,
g0081,WT,DMSO,0,24,3,917.7517,
g0081,mutant,drugA,2.5,6,1,1124.0666,
g0081,mutant,drugA,2.5,6,2,1177.6081,
g0081,mutant,drugA,2.5,6,3,934.62,
g0081,mutant,drugA,5,6,1,1043.3086,
g0081,mutant,drugA,5,6,2,1039.4297,
g0081,mutant,drugA,5,6,3,1199.8755,
g0081,mutant,drugA,10,6,1,1084.7031,
g0081,mutant,drugA,10,6,2,1181.7291,
g0081,mutant,drugA,10,6,3,1077.0305,
g0081,mutant,DMSO,0,6,1,863.633,
g0081,mutant,DMSO,0,6,2,1163.3723,
g0081,mutant,DMSO,0,6,3,985.8826,
g0081,mutant,drugA,2.5,24,1,978.5703,
g0081,mutant,drugA,2.5,24,2,854.0454,
g0081,mutant,drugA,2.5,24,3,967.1018,
g0081,mutant,drugA,5,24,1,1016.7881,
g0081,mutant,drugA,5,24,2,833.513,
g0081,mutant,drugA,5,24,3,1028.9751,
g0081,mutant,drugA,10,24,1,1088.3208,
g0081,mutant,drugA,10,24,2,1112.0491,
g0081,mutant,drugA,10,24,3,1104.2122,
g0081,mutant,DMSO,0,24,1,938.1099,
g0081,mutant,DMSO,0,24,2,920.0185,
g0081,mutant,DMSO,0,24,3,1025.6529,
g0082,WT,drugA,2.5,6,1,234.5577,
g0082,WT,drugA,2.5,6,2,281.6787,
g0082,WT,drugA,2.5,6,3,280.3242,
g0082,WT,drugA,5,6,1,247.8849,
g0082,WT,drugA,5,6,2,226.6962,
g0082,WT,drugA,5,6,3,254.4411,
g0082,WT,drugA,10,6,1,236.9346,
g0082,WT,drugA,10,6,2,204.6975,
g0082,WT,drugA,10,6,3,230.3868,
g0082,WT,DMSO,0,6,1,250.2737,
g0082,WT,DMSO,0,6,2,235.3273,
g0082,WT,DMSO,0,6,3,247.5072,
g0082,WT,drugA,2.5,24,1,244.7954,
g0082,WT,drugA,2.5,24,2,243.3276,
g0082,WT,drugA,2.5,24,3,278.5619,
g0082,WT,drugA,5,24,1,248.2968,
g0082,WT,drugA,5,24,2,245.4618,
g0082,WT,drugA,5,24,3,220.3997,
g0082,WT,drugA,10,24,1,222.1907,
g0082,WT,drugA,10,24,2,244.5936,
g0082,WT,drugA,10,24,3,252.9294,
g0082,WT,DMSO,0,24,2,244.4625,
g0082,WT,DMSO,0,24,3,271.3867,
g0082,mutant,drugA,2.5,6,1,243.0606,
g0082,mutant,drugA,2.5,6,2,259.7773,
g0082,mutant,drugA,2.5,6,3,228.2568,
g0082,mutant,drugA,5,6,1,213.9627,
g0082,mutant,drugA,5,6,2,208.1944,
g0082,mutant,drugA,5,6,3,263.276,
g0082,mutant,drugA,10,6,1,236.3387,
g0082,mutant,drugA,10,6,2,271.1572,
g0082,mutant,drugA,10,6,3,253.0867,
g0082,mutant,DMSO,0,6,1,220.8302,
g0082,mutant,DMSO,0,6,2,242.1227,
g0082,mutant,DMSO,0,6,3,198.395,
g0082,mutant,drugA,2.5,24,1,204.7738,
g0082,mutant,drugA,2.5,24,2,224.1086,
g0082,mutant,drugA,2.5,24,3,207.1631,
g0082,mutant,drugA,5,24,1,267.3774,
g0082,mutant,drugA,5,24,2,200.1292,
g0082,mutant,drugA,5,24,3,222.8422,
g0082,mutant,drugA,10,24,1,204.5466,
g0082,mutant,drugA,10,24,2,247.2443,
g0082,mutant,drugA,10,24,3,228.1295,
g0082,mutant,DMSO,0,24,1,258.0841,
g0082,mutant,DMSO,0,24,2,231.6141,
g0082,mutant,DMSO,0,24,3,229.8277,
g0083,WT,drugA,2.5,6,1,683.6318,
g0083,WT,drugA,2.5,6,2,681.2433,
g0083,WT,drugA,2.5,6,3,678.9295,
g0083,WT,drugA,5,6,1,637.7905,
g0083,WT,drugA,5,6,2,748.9492,
g0083,WT,drugA,5,6,3,594.9065,
g0083,WT,drugA,10,6,1,581.6192,
g0083,WT,drugA,10,6,2,581.8778,
g0083,WT,drugA,10,6,3,683.2387,
g0083,WT,DMSO,0,6,1,743.9199,
g0083,WT,DMSO,0,6,2,601.3682,
g0083,WT,DMSO,0,6,3,629.8016,
g0083,WT,drugA,2.5,24,1,531.0764,
g0083,WT,drugA,2.5,24,2,649.8203,
g0083,WT,drugA,2.5,24,3,610.1977,
g0083,WT,drugA,5,24,1,566.3777,
g0083,WT,drugA,5,24,2,565.2167,
g0083,WT,drugA,5,24,3,682.9111,
g0083,WT,drugA,10,24,1,580.7704,
g0083,WT,drugA,10,24,3,665.4454,
g0083,WT,DMSO,0,24,1,670.5276,
g0083,WT,DMSO,0,24,2,561.5307,
g0083,WT,DMSO,0,24,3,730.628,
g0083,mutant,drugA,2.5,6,1,715.7699,
g0083,mutant,drugA,2.5,6,2,675.338,
g0083,mutant,drugA,2.5,6,3,633.2657,
g0083,mutant,drugA,5,6,1,617.6729,
g0083,mutant,drugA,5,6,2,583.5198,
g0083,mutant,drugA,5,6,3,535.3856,
g0083,mutant,drugA,10,6,1,695.4962,
g0083,mutant,drugA,10,6,2,619.6189,
g0083,mutant,drugA,10,6,3,642.5755,
g0083,mutant,DMSO,0,6,1,587.8493,
g0083,mutant,DMSO,0,6,2,568.558,
g0083,mutant,DMSO,0,6,3,661.7037,
g0083,mutant,drugA,2.5,24,1,645.7002,
g0083,mutant,drugA,2.5,24,3,674.5925,
g0083,mutant,drugA,5,24,1,587.091,
g0083,mutant,drugA,5,24,2,579.7939,
g0083,mutant,drugA,5,24,3,684.0286,
g0083,mutant,drugA,10,24,1,674.96,
g0083,mutant,drugA,10,24,2,591.9724,
g0083,mutant,drugA,10,24,3,719.8242,
g0083,mutant,DMSO,0,24,1,611.1551,
g0083,mutant,DMSO,0,24,2,588.0875,
g0083,mutant,DMSO,0,24,3,473.4458,
g0084,WT,drugA,2.5,6,1,368.731,
g0084,WT,drugA,2.5,6,2,400.2377,
g0084,WT,drugA,2.5,6,3,361.8719,
g0084,WT,drugA,5,6,1,422.8893,
g0084,WT,drugA,5,6,2,380.3031,
g0084,WT,drugA,5,6,3,324.7471,
g0084,WT,drugA,10,6,1,370.8734,
g0084,WT,drugA,10,6,2,462.6724,
g0084,WT,drugA,10,6,3,327.3156,
g0084,WT,DMSO,0,6,1,433.6192,
g0084,WT,DMSO,0,6,2,341.1149,
g0084,WT,DMSO,0,6,3,343.3446,
g0084,WT,drugA,2.5,24,1,328.8964,
g0084,WT,drugA,2.5,24,2,330.7638,
g0084,WT,drugA,2.5,24,3,363.1389,
g0084,WT,drugA,5,24,1,414.9237,
g0084,WT,drugA,5,24,2,354.9488,
g0084,WT,drugA,5,24,3,379.816,
g0084,WT,drugA,10,24,1,468.9189,
g0084,WT,drugA,10,24,2,346.5774,
g0084,WT,drugA,10,24,3,395.0924,
g0084,WT,DMSO,0,24,1,347.5997,
g0084,WT,DMSO,0,24,2,380.9432,
g0084,WT,DMSO,0,24,3,381.8689,
g0084,mutant,drugA,2.5,6,2,343.2532,
g0084,mutant,drugA,2.5,6,3,354.5576,
g0084,mutant,drugA,5,6,1,394.8841,
g0084,mutant,drugA,5,6,2,401.3434,
g0084,mutant,drugA,5,6,3,383.0132,
g0084,mutant,drugA,10,6,1,352.17,
g0084,mutant,drugA,10,6,2,319.9626,
g0084,mutant,drugA,10,6,3,356.1804,
g0084,mutant,DMSO,0,6,1,381.9554,
g0084,mutant,DMSO,0,6,2,378.4683,
g0084,mutant,DMSO,0,6,3,400.0756,
g0084,mutant,drugA,2.5,24,1,377.5419,
g0084,mutant,drugA,2.5,24,2,324.8423,
g0084,mutant,drugA,2.5,24,3,355.8815,
g0084,mutant,drugA,5,24,1,377.9886,
g0084,mutant,drugA,5,24,2,409.9701,
g0084,mutant,drugA,5,24,3,380.5606,
g0084,mutant,drugA,10,24,1,432.2826,
g0084,mutant,drugA,10,24,2,314.2694,
g0084,mutant,drugA,10,24,3,304.5928,
g0084,mutant,DMSO,0,24,1,336.5208,
g0084,mutant,DMSO,0,24,2,327.4047,
g0084,mutant,DMSO,0,24,3,358.0575,
g0085,WT,drugA,2.5,6,1,245.8438,
g0085,WT,drugA,2.5,6,2,286.7467,
g0085,WT,drugA,2.5,6,3,280.1518,
g0085,WT,drugA,5,6,1,278.5652,
g0085,WT,drugA,5,6,2,231.5299,
g0085,WT,drugA,5,6,3,248.1235,
g0085,WT,drugA,10,6,1,255.0868,
g0085,WT,drugA,10,6,2,307.895,
g0085,WT,drugA,10,6,3,305.1312,
g0085,WT,DMSO,0,6,1,282.4711,
g0085,WT,DMSO,0,6,2,322.1201,
g0085,WT,DMSO,0,6,3,210.2421,
g0085,WT,drugA,2.5,24,1,271.192,
g0085,WT,drugA,2.5,24,2,295.9321,
g0085,WT,drugA,2.5,24,3,284.0998,
g0085,WT,drugA,5,24,1,301.7057,
g0085,WT,drugA,5,24,2,272.309,
g0085,WT,drugA,5,24,3,288.7984,
g0085,WT,drugA,10,24,1,258.6345,
g0085,WT,drugA,10,24,2,344.1757,
g0085,WT,drugA,10,24,3,249.4562,
g0085,WT,DMSO,0,24,1,256.3277,
g0085,WT,DMSO,0,24,2,292.3612,
g0085,WT,DMSO,0,24,3,283.4639,
g0085,mutant,drugA,2.5,6,1,272.5377,
g0085,mutant,drugA,2.5,6,2,282.2,
g0085,mutant,drugA,2.5,6,3,272.3773,
g0085,mutant,drugA,5,6,1,280.804,
g0085,mutant,drugA,5,6,2,283.2358,
g0085,mutant,drugA,5,6,3,271.816,
g0085,mutant,drugA,10,6,1,290.9072,
g0085,mutant,drugA,10,6,2,236.9863,
g0085,mutant,drugA,10,6,3,254.1032,
g0085,mutant,DMSO,0,6,1,264.8927,
g0085,mutant,DMSO,0,6,2,233.8295,
g0085,mutant,DMSO,0,6,3,311.4881,
g0085,mutant,drugA,2.5,24,1,341.4901,
g0085,mutant,drugA,2.5,24,2,273.5445,
g0085,mutant,drugA,2.5,24,3,298.7171,
g0085,mutant,drugA,5,24,1,274.4743,
g0085,mutant,drugA,5,24,2,290.7266,
g0085,mutant,drugA,5,24,3,268.3785,
g0085,mutant,drugA,10,24,1,269.3641,
g0085,mutant,drugA,10,24,3,239.8023,
g0085,mutant,DMSO,0,24,1,247.356,
g0085,mutant,DMSO,0,24,2,311.013,
g0085,mutant,DMSO,0,24,3,298.9146,
g0086,WT,drugA,2.5,6,1,1577.8081,
g0086,WT,drugA,2.5,6,2,1500.3843,
g0086,WT,drugA,2.5,6,3,1972.9715,
g0086,WT,drugA,5,6,1,1615.6853,
g0086,WT,drugA,5,6,2,1820.3485,
g0086,WT,drugA,5,6,3,1882.5973,
g0086,WT,drugA,10,6,1,1678.0747,
g0086,WT,drugA,10,6,2,1748.4462,
g0086,WT,drugA,10,6,3,1864.5521,
g0086,WT,DMSO,0,6,1,1628.5516,
g0086,WT,DMSO,0,6,2,1722.0699,
g0086,WT,DMSO,0,6,3,1539.9995,
g0086,WT,drugA,2.5,24,1,1895.6201,
g0086,WT,drugA,2.5,24,2,2011.227,
g0086,WT,drugA,2.5,24,3,1674.6206,
g0086,WT,drugA,5,24,1,1791.336,
g0086,WT,drugA,5,24,2,1601.0753,
g0086,WT,drugA,5,24,3,1513.8771,
g0086,WT,drugA,10,24,1,1802.1714,
g0086,WT,drugA,10,24,2,1675.8001,
g0086,WT,drugA,10,24,3,1668.5595,
g0086,WT,DMSO,0,24,1,1746.2533,
g0086,WT,DMSO,0,24,2,1788.9662,
g0086,WT,DMSO,0,24,3,1956.363,
g0086,mutant,drugA,2.5,6,1,1856.4479,
g0086,mutant,drugA,2.5,6,2,2031.0128,
g0086,mutant,drugA,2.5,6,3,1823.3029,
g0086,mutant,drugA,5,6,1,2277.8997,
g0086,mutant,drugA,5,6,2,2080.9659,
g0086,mutant,drugA,5,6,3,1461.4277,
g0086,mutant,drugA,10,6,1,1681.9712,
g0086,mutant,drugA,10,6,2,1532.6121,
g0086,mutant,drugA,10,6,3,1854.4852,
g0086,mutant,DMSO,0,6,1,2027.4597,
g0086,mutant,DMSO,0,6,2,2106.3728,
g0086,mutant,DMSO,0,6,3,1683.8795,
g0086,mutant,drugA,2.5,24,1,2068.3702,
g0086,mutant,drugA,2.5,24,2,1602.8686,
g0086,mutant,drugA,2.5,24,3,1832.4574,
g0086,mutant,drugA,5,24,1,1666.536,
g0086,mutant,drugA,5,24,2,1623.5242,
g0086,mutant,drugA,5,24,3,1833.6943,
g0086,mutant,drugA,10,24,1,1645.3753,
g0086,mutant,drugA,10,24,2,1736.2044,
g0086,mutant,drugA,10,24,3,1590.1888,
g0086,mutant,DMSO,0,24,1,1826.105,
g0086,mutant,DMSO,0,24,2,1634.5616,
g0086,mutant,DMSO,0,24,3,1516.0505,
g0087,WT,drugA,2.5,6,1,228.1889,
g0087,WT,drugA,2.5,6,2,271.1581,
g0087,WT,drugA,2.5,6,3,258.3168,
g0087,WT,drugA,5,6,1,283.7471,
g0087,WT,drugA,5,6,2,272.8657,
g0087,WT,drugA,5,6,3,287.0444,
g0087,WT,drugA,10,6,2,280.7292,
g0087,WT,drugA,10,6,3,278.1818,
g0087,WT,DMSO,0,6,1,290.0571,
g0087,WT,DMSO,0,6,2,244.7576,
g0087,WT,DMSO,0,6,3,259.0892,
g0087,WT,drugA,2.5,24,1,356.5155,
g0087,WT,drugA,2.5,24,2,267.1395,
g0087,WT,drugA,2.5,24,3,265.4319,
g0087,WT,drugA,5,24,1,246.9446,
g0087,WT,drugA,5,24,2,232.3419,
g0087,WT,drugA,5,24,3,326.2118,
g0087,WT,drugA,10,24,1,268.3703,
g0087,WT,drugA,10,24,2,263.3179,
g0087,WT,drugA,10,24,3,302.2148,
g0087,WT,DMSO,0,24,1,243.8775,
g0087,WT,DMSO,0,24,2,252.9007,
g0087,WT,DMSO,0,24,3,266.9314,
g0087,mutant,drugA,2.5,6,1,276.9515,
g0087,mutant,drugA,2.5,6,2,250.6702,
g0087,mutant,drugA,2.5,6,3,294.2679,
g0087,mutant,drugA,5,6,1,278.5114,
g0087,mutant,drugA,5,6,2,307.0371,
g0087,mutant,drugA,5,6,3,278.4406,
g0087,mutant,drugA,10,6,1,274.4321,
g0087,mutant,drugA,10,6,2,269.5438,
g0087,mutant,drugA,10,6,3,280.5992,
g0087,mutant,DMSO,0,6,1,288.6238,
g0087,mutant,DMSO,0,6,2,250.7241,
g0087,mutant,DMSO,0,6,3,284.4414,
g0087,mutant,drugA,2.5,24,1,305.8243,
g0087,mutant,drugA,2.5,24,2,268.0046,
g0087,mutant,drugA,2.5,24,3,251.3419,
g0087,mutant,drugA,5,24,1,302.4582,
g0087,mutant,drugA,5,24,2,271.9629,
g0087,mutant,drugA,5,24,3,263.2626,
g0087,mutant,drugA,10,24,1,269.9222,
g0087,mutant,drugA,10,24,2,259.4706,
g0087,mutant,drugA,10,24,3,258.2934,
g0087,mutant,DMSO,0,24,1,268.2704,
g0087,mutant,DMSO,0,24,2,290.6407,
g0087,mutant,DMSO,0,24,3,289.2906,
g0088,WT,drugA,2.5,6,1,452.3442,
g0088,WT,drugA,2.5,6,2,418.9667,
g0088,WT,drugA,2.5,6,3,411.6289,
g0088,WT,drugA,5,6,1,433.5587,
g0088,WT,drugA,5,6,2,415.6335,
g0088,WT,drugA,5,6,3,507.4783,
g0088,WT,drugA,10,6,1,483.083,
g0088,WT,drugA,10,6,2,451.2903,
g0088,WT,drugA,10,6,3,453.2485,
g0088,WT,DMSO,0,6,1,525.8671,
g0088,WT,DMSO,0,6,2,507.8358,
g0088,WT,DMSO,0,6,3,535.6646,
g0088,WT,drugA,2.5,24,1,456.7585,
g0088,WT,drugA,2.5,24,2,484.4767,
g0088,WT,drugA,2.5,24,3,471.5452,
g0088,WT,drugA,5,24,1,493.0265,
g0088,WT,drugA,5,24,2,431.8336,
g0088,WT,drugA,5,24,3,456.5894,
g0088,WT,drugA,10,24,1,486.1991,
g0088,WT,drugA,10,24,2,478.1544,
g0088,WT,drugA,10,24,3,454.4222,
g0088,WT,DMSO,0,24,1,539.6558,
g0088,WT,DMSO,0,24,2,537.4539,
g0088,WT,DMSO,0,24,3,616.7386,
g0088,mutant,drugA,2.5,6,1,486.082,
g0088,mutant,drugA,2.5,6,3,531.2343,
g0088,mutant,drugA,5,6,1,463.0055,
g0088,mutant,drugA,5,6,2,482.4791,
g0088,mutant,drugA,5,6,3,443.3995,
g0088,mutant,drugA,10,6,1,513.615,
g0088,mutant,drugA,10,6,2,527.1092,
g0088,mutant,drugA,10,6,3,609.7356,
g0088,mutant,DMSO,0,6,1,423.791,
g0088,mutant,DMSO,0,6,2,489.6038,
g0088,mutant,DMSO,0,6,3,469.5904,
g0088,mutant,drugA,2.5,24,1,443.7774,
g0088,mutant,drugA,2.5,24,2,474.1071,
g0088,mutant,drugA,2.5,24,3,513.8485,
g0088,mutant,drugA,5,24,1,473.8421,
g0088,mutant,drugA,5,24,2,454.9045,
g0088,mutant,drugA,5,24,3,504.0176,
g0088,mutant,drugA,10,24,1,506.0212,
g0088,mutant,drugA,10,24,2,403.3253,
g0088,mutant,drugA,10,24,3,551.9109,
g0088,mutant,DMSO,0,24,1,505.316,
g0088,mutant,DMSO,0,24,2,493.0264,
g0088,mutant,DMSO,0,24,3,484.6779,
g0089,WT,drugA,2.5,6,1,1331.3537,
g0089,WT,drugA,2.5,6,2,1658.4285,
g0089,WT,drugA,2.5,6,3,1599.2866,
g0089,WT,drugA,5,6,1,2019.2463,
g0089,WT,drugA,5,6,2,1734.2141,
g0089,WT,drugA,5,6,3,1623.2482,
g0089,WT,drugA,10,6,1,1761.0481,
g0089,WT,drugA,10,6,2,2275.107,
g0089,WT,drugA,10,6,3,1879.0744,
g0089,WT,DMSO,0,6,1,1519.2918,
g0089,WT,DMSO,0,6,2,1354.4582,
g0089,WT,DMSO,0,6,3,1486.439,
g0089,WT,drugA,2.5,24,1,1801.2817,
g0089,WT,drugA,2.5,24,2,1847.9038,
g0089,WT,drugA,2.5,24,3,1501.9703,
g0089,WT,drugA,5,24,1,2010.236,
g0089,WT,drugA,5,24,2,2038.6264,
g0089,WT,drugA,5,24,3,1950.9574,
g0089,WT,drugA,10,24,1,3104.9904,
g0089,WT,drugA,10,24,2,3391.3573,
g0089,WT,DMSO,0,24,1,1392.256,
g0089,WT,DMSO,0,24,2,1066.9953,
g0089,WT,DMSO,0,24,3,1339.656,
g0089,mutant,drugA,2.5,6,1,1428.2767,
g0089,mutant,drugA,2.5,6,2,1470.8134,
g0089,mutant,drugA,2.5,6,3,1247.9035,
g0089,mutant,drugA,5,6,1,1486.7115,
g0089,mutant,drugA,5,6,2,1776.7074,
g0089,mutant,drugA,5,6,3,1612.1679,
g0089,mutant,drugA,10,6,1,2194.833,
g0089,mutant,drugA,10,6,3,2124.9812,
g0089,mutant,DMSO,0,6,1,1387.2262,
g0089,mutant,DMSO,0,6,2,1360.8549,
g0089,mutant,DMSO,0,6,3,1270.0598,
g0089,mutant,drugA,2.5,24,1,1635.7791,
g0089,mutant,drugA,2.5,24,2,1449.8567,
g0089,mutant,drugA,2.5,24,3,1573.6945,
g0089,mutant,drugA,5,24,1,2464.4926,
g0089,mutant,drugA,5,24,2,1832.9515,
g0089,mutant,drugA,5,24,3,2194.5126,
g0089,mutant,drugA,10,24,1,3490.5191,
g0089,mutant,drugA,10,24,2,3792.1266,
g0089,mutant,drugA,10,24,3,3154.7883,
g0089,mutant,DMSO,0,24,1,1401.9171,
g0089,mutant,DMSO,0,24,2,1725.3102,
g0089,mutant,DMSO,0,24,3,1295.6263,
g0090,WT,drugA,2.5,6,1,562.4024,
g0090,WT,drugA,2.5,6,2,380.7744,
g0090,WT,drugA,2.5,6,3,413.2313,
g0090,WT,drugA,5,6,1,342.9556,
g0090,WT,drugA,5,6,2,437.5395,
g0090,WT,drugA,5,6,3,373.0847,
g0090,WT,drugA,10,6,1,445.3166,
g0090,WT,drugA,10,6,2,420.0215,
g0090,WT,drugA,10,6,3,455.5468,
g0090,WT,DMSO,0,6,1,393.6568,
g0090,WT,DMSO,0,6,2,455.6803,
g0090,WT,DMSO,0,6,3,364.2612,
g0090,WT,drugA,2.5,24,1,486.3386,
g0090,WT,drugA,2.5,24,2,376.1823,
g0090,WT,drugA,2.5,24,3,459.4705,
g0090,WT,drugA,5,24,1,450.5618,
g0090,WT,drugA,5,24,2,441.9907,
g0090,WT,drugA,5,24,3,486.9506,
g0090,WT,drugA,10,24,1,408.5636,
g0090,WT,drugA,10,24,2,409.6379,
g0090,WT,drugA,10,24,3,516.6399,
g0090,WT,DMSO,0,24,1,451.4856,
g0090,WT,DMSO,0,24,2,481.7769,
g0090,WT,DMSO,0,24,3,421.1723,
g0090,mutant,drugA,2.5,6,1,469.8513,
g0090,mutant,drugA,2.5,6,2,464.5294,
g0090,mutant,drugA,2.5,6,3,425.2105,
g0090,mutant,drugA,5,6,1,394.0337,
g0090,mutant,drugA,5,6,2,461.4612,
g0090,mutant,drugA,5,6,3,386.571,
g0090,mutant,drugA,10,6,1,316.5028,
g0090,mutant,drugA,10,6,2,437.5058,
g0090,mutant,drugA,10,6,3,350.8956,
g0090,mutant,DMSO,0,6,1,463.206,
g0090,mutant,DMSO,0,6,2,377.7475,
g0090,mutant,DMSO,0,6,3,410.9527,
g0090,mutant,drugA,2.5,24,1,439.2395,
g0090,mutant,drugA,2.5,24,2,375.9782,
g0090,mutant,drugA,2.5,24,3,399.636,
g0090,mutant,drugA,5,24,1,410.7983,
g0090,mutant,drugA,5,24,2,413.6876,
g0090,mutant,drugA,5,24,3,353.3577,
g0090,mutant,drugA,10,24,1,508.0302,
g0090,mutant,drugA,10,24,2,356.4554,
g0090,mutant,drugA,10,24,3,482.412,
g0090,mutant,DMSO,0,24,1,420.6546,
g0090,mutant,DMSO,0,24,2,436.9067,
g0090,mutant,DMSO,0,24,3,509.5559,
g0091,WT,drugA,2.5,6,1,1101.3118,
g0091,WT,drugA,2.5,6,2,1228.312,
g0091,WT,drugA,2.5,6,3,1079.5162,
g0091,WT,drugA,5,6,1,1210.2326,
g0091,WT,drugA,5,6,2,1182.9793,
g0091,WT,drugA,5,6,3,1232.417,
g0091,WT,drugA,10,6,2,1185.125,
g0091,WT,drugA,10,6,3,1260.9329,
g0091,WT,DMSO,0,6,1,1373.1862,
g0091,WT,DMSO,0,6,2,1083.8387,
g0091,WT,DMSO,0,6,3,1316.8172,
g0091,WT,drugA,2.5,24,1,1166.8067,
g0091,WT,drugA,2.5,24,2,1249.1438,
g0091,WT,drugA,2.5,24,3,1357.3461,
g0091,WT,drugA,5,24,1,1506.2451,
g0091,WT,drugA,5,24,2,1242.6712,
g0091,WT,drugA,5,24,3,1379.4093,
g0091,WT,drugA,10,24,1,1183.2529,
g0091,WT,drugA,10,24,2,1373.7348,
g0091,WT,drugA,10,24,3,1323.5142,
g0091,WT,DMSO,0,24,1,995.6708,
g0091,WT,DMSO,0,24,2,1261.1412,
g0091,WT,DMSO,0,24,3,1224.4014,
g0091,mutant,drugA,2.5,6,1,1323.821,
g0091,mutant,drugA,2.5,6,2,1114.7168,
g0091,mutant,drugA,2.5,6,3,1215.532,
g0091,mutant,drugA,5,6,1,1298.1667,
g0091,mutant,drugA,5,6,2,1222.407,
g0091,mutant,drugA,5,6,3,1136.5269,
g0091,mutant,drugA,10,6,1,1057.655,
g0091,mutant,drugA,10,6,2,1323.1642,
g0091,mutant,drugA,10,6,3,1282.273,
g0091,mutant,DMSO,0,6,1,1158.4257,
g0091,mutant,DMSO,0,6,2,1159.8313,
g0091,mutant,DMSO,0,6,3,1111.0542,
g0091,mutant,drugA,2.5,24,1,1134.936,
g0091,mutant,drugA,2.5,24,2,1212.8958,
g0091,mutant,drugA,2.5,24,3,1207.654,
g0091,mutant,drugA,5,24,1,1602.4535,
g0091,mutant,drugA,5,24,2,1312.1119,
g0091,mutant,drugA,5,24,3,1391.0983,
g0091,mutant,drugA,10,24,1,1140.1473,
g0091,mutant,drugA,10,24,2,1187.9938,
g0091,mutant,drugA,10,24,3,1144.1332,
g0091,mutant,DMSO,0,24,1,1172.5384,
g0091,mutant,DMSO,0,24,2,1197.5115,
g0091,mutant,DMSO,0,24,3,1451.0678,
g0092,WT,drugA,2.5,6,1,1662.8398,
g0092,WT,drugA,2.5,6,2,1583.1154,
g0092,WT,drugA,2.5,6,3,2312.2845,
g0092,WT,drugA,5,6,1,1647.938,
g0092,WT,drugA,5,6,2,2140.4152,
g0092,WT,drugA,5,6,3,1629.3375,
g0092,WT,drugA,10,6,1,2151.8192,
g0092,WT,drugA,10,6,2,1874.2309,
g0092,WT,drugA,10,6,3,2169.3886,
g0092,WT,DMSO,0,6,1,2003.2728,
g0092,WT,DMSO,0,6,2,1822.4332,
g0092,WT,DMSO,0,6,3,1701.2036,
g0092,WT,drugA,2.5,24,1,1668.0872,
g0092,WT,drugA,2.5,24,2,1670.5699,
g0092,WT,drugA,2.5,24,3,1949.175,
g0092,WT,drugA,5,24,1,1782.6238,
g0092,WT,drugA,5,24,2,2319.3433,
g0092,WT,drugA,5,24,3,2024.9317,
g0092,WT,drugA,10,24,1,1783.5197,
g0092,WT,drugA,10,24,2,1956.6498,
g0092,WT,drugA,10,24,3,2141.3543,
g0092,WT,DMSO,0,24,1,1972.0917,
g0092,WT,DMSO,0,24,2,1681.583,
g0092,WT,DMSO,0,24,3,1568.2403,
g0092,mutant,drugA,2.5,6,1,1814.3457,
g0092,mutant,drugA,2.5,6,2,1904.1124,
g0092,mutant,drugA,2.5,6,3,2060.0419,
g0092,mutant,drugA,5,6,1,1914.1736,
g0092,mutant,drugA,5,6,2,1843.2145,
g0092,mutant,drugA,5,6,3,1899.4522,
g0092,mutant,drugA,10,6,1,1692.4603,
g0092,mutant,drugA,10,6,2,1674.2368,
g0092,mutant,drugA,10,6,3,1778.3434,
g0092,mutant,DMSO,0,6,1,1872.3689,
g0092,mutant,DMSO,0,6,2,2153.4719,
g0092,mutant,DMSO,0,6,3,1750.2611,
g0092,mutant,drugA,2.5,24,1,1832.7447,
g0092,mutant,drugA,2.5,24,2,1937.1323,
g0092,mutant,drugA,2.5,24,3,1788.0775,
g0092,mutant,drugA,5,24,1,1631.8492,
g0092,mutant,drugA,5,24,2,1877.1535,
g0092,mutant,drugA,5,24,3,2008.5968,
g0092,mutant,drugA,10,24,1,2335.2913,
g0092,mutant,drugA,10,24,2,1897.2895,
g0092,mutant,drugA,10,24,3,1393.1892,
g0092,mutant,DMSO,0,24,1,1717.545,
g0092,mutant,DMSO,0,24,2,1943.9035,
g0092,mutant,DMSO,0,24,3,1846.4712,
g0093,WT,drugA,2.5,6,1,284.9149,
g0093,WT,drugA,2.5,6,2,283.5752,
g0093,WT,drugA,2.5,6,3,317.703,
g0093,WT,drugA,5,6,1,312.0088,
g0093,WT,drugA,5,6,2,334.3853,
g0093,WT,drugA,5,6,3,240.2942,
g0093,WT,drugA,10,6,1,285.7342,
g0093,WT,drugA,10,6,2,319.3728,
g0093,WT,drugA,10,6,3,227.1691,
g0093,WT,DMSO,0,6,1,319.0181,
g0093,WT,DMSO,0,6,2,314.7323,
g0093,WT,DMSO,0,6,3,278.1523,
g0093,WT,drugA,2.5,24,1,284.211,
g0093,WT,drugA,2.5,24,2,284.3544,
g0093,WT,drugA,2.5,24,3,308.6689,
g0093,WT,drugA,5,24,1,259.9944,
g0093,WT,drugA,5,24,2,297.5065,
g0093,WT,drugA,5,24,3,295.4712,
g0093,WT,drugA,10,24,1,317.4525,
g0093,WT,drugA,10,24,2,295.3656,
g0093,WT,drugA,10,24,3,303.4635,
g0093,WT,DMSO,0,24,1,271.9221,
g0093,WT,DMSO,0,24,2,288.7121,
g0093,WT,DMSO,0,24,3,359.1168,
g0093,mutant,drugA,2.5,6,1,265.3165,
g0093,mutant,drugA,2.5,6,2,261.911,
g0093,mutant,drugA,2.5,6,3,303.1392,
g0093,mutant,drugA,5,6,1,258.7747,
g0093,mutant,drugA,5,6,2,311.2525,
g0093,mutant,drugA,5,6,3,279.0926,
g0093,mutant,drugA,10,6,1,302.3767,
g0093,mutant,drugA,10,6,3,266.8487,
g0093,mutant,DMSO,0,6,1,276.6936,
g0093,mutant,DMSO,0,6,2,324.1635,
g0093,mutant,DMSO,0,6,3,319.4674,
g0093,mutant,drugA,2.5,24,1,345.8024,
g0093,mutant,drugA,2.5,24,2,345.1834,
g0093,mutant,drugA,2.5,24,3,310.7758,
g0093,mutant,drugA,5,24,1,290.5731,
g0093,mutant,drugA,5,24,2,301.0471,
g0093,mutant,drugA,5,24,3,293.9935,
g0093,mutant,drugA,10,24,1,266.7863,
g0093,mutant,drugA,10,24,2,294.3205,
g0093,mutant,drugA,10,24,3,263.1493,
g0093,mutant,DMSO,0,24,1,286.1382,
g0093,mutant,DMSO,0,24,2,328.9275,
g0093,mutant,DMSO,0,24,3,292.7336,
g0094,WT,drugA,2.5,6,1,354.3416,
g0094,WT,drugA,2.5,6,2,390.6815,
g0094,WT,drugA,2.5,6,3,374.1727,
g0094,WT,drugA,5,6,1,359.7794,
g0094,WT,drugA,5,6,2,425.6606,
g0094,WT,drugA,5,6,3,418.8336,
g0094,WT,drugA,10,6,2,376.8836,
g0094,WT,drugA,10,6,3,391.0044,
g0094,WT,DMSO,0,6,1,351.6064,
g0094,WT,DMSO,0,6,2,372.3165,
g0094,WT,DMSO,0,6,3,404.2313,
g0094,WT,drugA,2.5,24,1,376.7208,
g0094,WT,drugA,2.5,24,2,376.4283,
g0094,WT,drugA,2.5,24,3,428.291,
g0094,WT,drugA,5,24,1,347.2496,
g0094,WT,drugA,5,24,2,351.8823,
g0094,WT,drugA,5,24,3,325.5065,
g0094,WT,drugA,10,24,1,400.4541,
g0094,WT,drugA,10,24,2,330.7495,
g0094,WT,drugA,10,24,3,316.5862,
g0094,WT,DMSO,0,24,1,372.5567,
g0094,WT,DMSO,0,24,2,365.0909,
g0094,WT,DMSO,0,24,3,380.9264,
g0094,mutant,drugA,2.5,6,1,386.6544,
g0094,mutant,drugA,2.5,6,2,335.7578,
g0094,mutant,drugA,2.5,6,3,315.862,
g0094,mutant,drugA,5,6,1,365.6601,
g0094,mutant,drugA,5,6,3,335.5176,
g0094,mutant,drugA,10,6,1,334.1688,
g0094,mutant,drugA,10,6,2,401.974,
g0094,mutant,drugA,10,6,3,463.6693,
g0094,mutant,DMSO,0,6,1,343.9269,
g0094,mutant,DMSO,0,6,2,348.0238,
g0094,mutant,DMSO,0,6,3,377.2801,
g0094,mutant,drugA,2.5,24,1,395.1974,
g0094,mutant,drugA,2.5,24,2,359.1174,
g0094,mutant,drugA,2.5,24,3,366.0446,
g0094,mutant,drugA,5,24,1,361.279,
g0094,mutant,drugA,5,24,2,331.0104,
g0094,mutant,drugA,5,24,3,344.8434,
g0094,mutant,drugA,10,24,1,370.0828,
g0094,mutant,drugA,10,24,2,461.9285,
g0094,mutant,drugA,10,24,3,327.8531,
g0094,mutant,DMSO,0,24,1,351.3271,
g0094,mutant,DMSO,0,24,2,397.1566,
g0094,mutant,DMSO,0,24,3,516.928,
g0095,WT,drugA,2.5,6,1,677.8451,
g0095,WT,drugA,2.5,6,2,645.1979,
g0095,WT,drugA,2.5,6,3,533.8682,
g0095,WT,drugA,5,6,1,584.9502,
g0095,WT,drugA,5,6,2,564.0209,
g0095,WT,drugA,5,6,3,512.9672,
g0095,WT,drugA,10,6,1,623.8742,
g0095,WT,drugA,10,6,2,609.3567,
g0095,WT,drugA,10,6,3,581.5104,
g0095,WT,DMSO,0,6,1,530.0203,
g0095,WT,DMSO,0,6,2,616.9911,
g0095,WT,DMSO,0,6,3,695.3457,
g0095,WT,drugA,2.5,24,1,628.3459,
g0095,WT,drugA,2.5,24,2,618.3994,
g0095,WT,drugA,2.5,24,3,551.8544,
g0095,WT,drugA,5,24,1,707.8263,
g0095,WT,drugA,5,24,2,567.6173,
g0095,WT,drugA,5,24,3,749.485,
g0095,WT,drugA,10,24,1,663.1337,
g0095,WT,drugA,10,24,2,626.4441,
g0095,WT,drugA,10,24,3,530.4137,
g0095,WT,DMSO,0,24,1,589.2254,
g0095,WT,DMSO,0,24,2,693.8254,
g0095,WT,DMSO,0,24,3,664.8343,
g0095,mutant,drugA,2.5,6,1,618.1716,
g0095,mutant,drugA,2.5,6,2,503.4741,
g0095,mutant,drugA,5,6,2,620.7521,
g0095,mutant,drugA,5,6,3,651.4417,
g0095,mutant,drugA,10,6,1,604.353,
g0095,mutant,drugA,10,6,2,486.2413,
g0095,mutant,drugA,10,6,3,600.6819,
g0095,mutant,DMSO,0,6,1,577.0225,
g0095,mutant,DMSO,0,6,2,595.9303,
g0095,mutant,DMSO,0,6,3,669.475,
g0095,mutant,drugA,2.5,24,1,643.9469,
g0095,mutant,drugA,2.5,24,2,521.17,
g0095,mutant,drugA,2.5,24,3,649.6333,
g0095,mutant,drugA,5,24,1,599.9014,
g0095,mutant,drugA,5,24,2,639.8946,
g0095,mutant,drugA,5,24,3,593.563,
g0095,mutant,drugA,10,24,1,656.5126,
g0095,mutant,drugA,10,24,2,482.6134,
g0095,mutant,drugA,10,24,3,701.7,
g0095,mutant,DMSO,0,24,1,560.9917,
g0095,mutant,DMSO,0,24,3,574.0457,
g0096,WT,drugA,2.5,6,1,475.0438,
g0096,WT,drugA,2.5,6,2,533.7806,
g0096,WT,drugA,2.5,6,3,646.9149,
g0096,WT,drugA,5,6,1,488.5553,
g0096,WT,drugA,5,6,3,516.3616,
g0096,WT,drugA,10,6,1,506.2689,
g0096,WT,drugA,10,6,2,510.9276,
g0096,WT,drugA,10,6,3,547.2683,
g0096,WT,DMSO,0,6,1,592.4592,
g0096,WT,DMSO,0,6,2,546.6745,
g0096,WT,DMSO,0,6,3,499.3485,
g0096,WT,drugA,2.5,24,1,572.8666,
g0096,WT,drugA,2.5,24,2,564.1746,
g0096,WT,drugA,2.5,24,3,488.8723,
g0096,WT,drugA,5,24,1,526.6918,
g0096,WT,drugA,5,24,2,612.8677,
g0096,WT,drugA,5,24,3,416.2324,
g0096,WT,drugA,10,24,1,497.8028,
g0096,WT,drugA,10,24,2,434.7685,
g0096,WT,drugA,10,24,3,615.8425,
g0096,WT,DMSO,0,24,1,548.4917,
g0096,WT,DMSO,0,24,2,530.0211,
g0096,WT,DMSO,0,24,3,512.3043,
g0096,mutant,drugA,2.5,6,1,573.9778,
g0096,mutant,drugA,2.5,6,2,534.0197,
g0096,mutant,drugA,2.5,6,3,622.258,
g0096,mutant,drugA,5,6,1,491.9364,
g0096,mutant,drugA,5,6,2,537.3705,
g0096,mutant,drugA,5,6,3,570.2083,
g0096,mutant,drugA,10,6,1,489.4812,
g0096,mutant,drugA,10,6,2,529.811,
g0096,mutant,drugA,10,6,3,654.4417,
g0096,mutant,DMSO,0,6,1,458.281,
g0096,mutant,DMSO,0,6,2,584.1642,
g0096,mutant,DMSO,0,6,3,484.1396,
g0096,mutant,drugA,2.5,24,1,439.8992,
g0096,mutant,drugA,2.5,24,2,508.9007,
g0096,mutant,drugA,2.5,24,3,544.056,
g0096,mutant,drugA,5,24,1,503.5492,
g0096,mutant,drugA,5,24,2,616.6871,
g0096,mutant,drugA,5,24,3,513.8941,
g0096,mutant,drugA,10,24,2,576.8603,
g0096,mutant,drugA,10,24,3,548.5439,
g0096,mutant,DMSO,0,24,1,530.4913,
g0096,mutant,DMSO,0,24,2,501.5112,
g0096,mutant,DMSO,0,24,3,514.191,
g0097,WT,drugA,2.5,6,1,60.7918,
g0097,WT,drugA,2.5,6,2,48.1415,
g0097,WT,drugA,2.5,6,3,52.5752,
g0097,WT,drugA,5,6,1,60.1658,
g0097,WT,drugA,5,6,2,55.096,
g0097,WT,drugA,5,6,3,59.9754,
g0097,WT,drugA,10,6,1,40.6295,
g0097,WT,drugA,10,6,2,61.6251,
g0097,WT,drugA,10,6,3,52.5414,
g0097,WT,DMSO,0,6,1,56.891,
g0097,WT,DMSO,0,6,2,57.1102,
g0097,WT,DMSO,0,6,3,55.4335,
g0097,WT,drugA,2.5,24,2,50.6974,
g0097,WT,drugA,2.5,24,3,52.0073,
g0097,WT,drugA,5,24,1,51.322,
g0097,WT,drugA,5,24,2,57.0833,
g0097,WT,drugA,5,24,3,61.5612,
g0097,WT,drugA,10,24,1,50.707,
g0097,WT,drugA,10,24,2,55.9726,
g0097,WT,drugA,10,24,3,52.0943,
g0097,WT,DMSO,0,24,1,48.2937,
g0097,WT,DMSO,0,24,2,54.5672,
g0097,WT,DMSO,0,24,3,55.0716,
g0097,mutant,drugA,2.5,6,1,72.4402,
g0097,mutant,drugA,2.5,6,2,70.1816,
g0097,mutant,drugA,2.5,6,3,53.3291,
g0097,mutant,drugA,5,6,1,69.574,
g0097,mutant,drugA,5,6,2,65.1422,
g0097,mutant,drugA,5,6,3,60.2238,
g0097,mutant,drugA,10,6,1,48.4901,
g0097,mutant,drugA,10,6,2,55.995,
g0097,mutant,drugA,10,6,3,55.4236,
g0097,mutant,DMSO,0,6,1,57.1065,
g0097,mutant,DMSO,0,6,2,60.8415,
g0097,mutant,DMSO,0,6,3,43.6138,
g0097,mutant,drugA,2.5,24,1,52.5987,
g0097,mutant,drugA,2.5,24,2,54.5739,
g0097,mutant,drugA,2.5,24,3,50.4313,
g0097,mutant,drugA,5,24,1,60.8602,
g0097,mutant,drugA,5,24,2,49.2361,
g0097,mutant,drugA,5,24,3,51.8779,
g0097,mutant,drugA,10,24,1,58.0544,
g0097,mutant,drugA,10,24,2,63.2614,
g0097,mutant,drugA,10,24,3,55.6885,
g0097,mutant,DMSO,0,24,1,62.8142,
g0097,mutant,DMSO,0,24,2,58.3349,
g0097,mutant,DMSO,0,24,3,59.9664,
g0098,WT,drugA,2.5,6,1,300.4854,
g0098,WT,drugA,2.5,6,2,304.07,
g0098,WT,drugA,2.5,6,3,285.7097,
g0098,WT,drugA,5,6,1,328.801,
g0098,WT,drugA,5,6,2,314.8268,
g0098,WT,drugA,5,6,3,285.0612,
g0098,WT,drugA,10,6,1,305.7883,
g0098,WT,drugA,10,6,2,231.4561,
g0098,WT,drugA,10,6,3,272.609,
g0098,WT,DMSO,0,6,1,320.0421,
g0098,WT,DMSO,0,6,2,314.6534,
g0098,WT,DMSO,0,6,3,284.7498,
g0098,WT,drugA,2.5,24,1,261.3273,
g0098,WT,drugA,2.5,24,2,239.9773,
g0098,WT,drugA,2.5,24,3,245.8693,
g0098,WT,drugA,5,24,1,314.9324,
g0098,WT,drugA,5,24,2,280.0593,
g0098,WT,drugA,5,24,3,287.1884,
g0098,WT,drugA,10,24,1,246.5191,
g0098,WT,drugA,10,24,2,317.0841,
g0098,WT,drugA,10,24,3,219.0653,
g0098,WT,DMSO,0,24,1,234.9627,
g0098,WT,DMSO,0,24,2,260.7529,
g0098,WT,DMSO,0,24,3,304.6606,
g0098,mutant,drugA,2.5,6,1,274.0815,
g0098,mutant,drugA,2.5,6,2,222.8209,
g0098,mutant,drugA,2.5,6,3,304.7742,
g0098,mutant,drugA,5,6,1,288.8842,
g0098,mutant,drugA,5,6,3,259.1225,
g0098,mutant,drugA,10,6,1,281.6017,
g0098,mutant,drugA,10,6,2,303.1333,
g0098,mutant,drugA,10,6,3,285.0016,
g0098,mutant,DMSO,0,6,1,253.4959,
g0098,mutant,DMSO,0,6,2,299.7985,
g0098,mutant,DMSO,0,6,3,265.0563,
g0098,mutant,drugA,2.5,24,1,254.4334,
g0098,mutant,drugA,2.5,24,2,310.7096,
g0098,mutant,drugA,2.5,24,3,326.2,
g0098,mutant,drugA,5,24,1,282.9167,
g0098,mutant,drugA,5,24,2,272.0257,
g0098,mutant,drugA,5,24,3,295.1362,
g0098,mutant,drugA,10,24,1,253.0854,
g0098,mutant,drugA,10,24,2,295.3812,
g0098,mutant,drugA,10,24,3,250.174,
g0098,mutant,DMSO,0,24,1,230.0296,
g0098,mutant,DMSO,0,24,2,304.3855,
g0098,mutant,DMSO,0,24,3,252.7246,
g0099,WT,drugA,2.5,6,1,528.9173,
g0099,WT,drugA,2.5,6,2,503.8871,
g0099,WT,drugA,2.5,6,3,461.4861,
g0099,WT,drugA,5,6,2,530.8363,
g0099,WT,drugA,5,6,3,601.1673,
g0099,WT,drugA,10,6,1,636.5713,
g0099,WT,drugA,10,6,2,630.5032,
g0099,WT,drugA,10,6,3,572.6872,
g0099,WT,DMSO,0,6,1,457.6978,
g0099,WT,DMSO,0,6,2,422.7278,
g0099,WT,DMSO,0,6,3,383.9757,
g0099,WT,drugA,2.5,24,1,582.2012,
g0099,WT,drugA,2.5,24,3,578.5796,
g0099,WT,drugA,5,24,1,645.1632,
g0099,WT,drugA,5,24,2,647.3203,
g0099,WT,drugA,5,24,3,506.7909,
g0099,WT,drugA,10,24,1,772.3599,
g0099,WT,drugA,10,24,2,759.9747,
g0099,WT,drugA,10,24,3,724.5044,
g0099,WT,DMSO,0,24,1,372.07,
g0099,WT,DMSO,0,24,2,465.616,
g0099,WT,DMSO,0,24,3,468.8851,
g0099,mutant,drugA,2.5,6,1,577.689,
g0099,mutant,drugA,2.5,6,2,570.3707,
g0099,mutant,drugA,2.5,6,3,477.5096,
g0099,mutant,drugA,5,6,1,510.4356,
g0099,mutant,drugA,5,6,2,478.5902,
g0099,mutant,drugA,5,6,3,493.932,
g0099,mutant,drugA,10,6,1,563.3185,
g0099,mutant,drugA,10,6,2,506.0835,
g0099,mutant,drugA,10,6,3,580.3141,
g0099,mutant,DMSO,0,6,1,506.5104,
g0099,mutant,DMSO,0,6,2,464.2743,
g0099,mutant,DMSO,0,6,3,483.8187,
g0099,mutant,drugA,2.5,24,1,489.1954,
g0099,mutant,drugA,2.5,24,2,541.1074,
g0099,mutant,drugA,2.5,24,3,568.3763,
g0099,mutant,drugA,5,24,1,698.9377,
g0099,mutant,drugA,5,24,2,563.6379,
g0099,mutant,drugA,5,24,3,522.602,
g0099,mutant,drugA,10,24,1,771.0466,
g0099,mutant,drugA,10,24,2,864.2383,
g0099,mutant,drugA,10,24,3,777.9624,
g0099,mutant,DMSO,0,24,1,480.0881,
g0099,mutant,DMSO,0,24,2,472.4085,
g0099,mutant,DMSO,0,24,3,408.3435,
g0100,WT,drugA,2.5,6,1,463.0645,
g0100,WT,drugA,2.5,6,2,488.4563,
g0100,WT,drugA,2.5,6,3,490.0049,
g0100,WT,drugA,5,6,1,536.9585,
g0100,WT,drugA,5,6,2,506.0541,
g0100,WT,drugA,5,6,3,351.0511,
g0100,WT,drugA,10,6,1,471.1407,
g0100,WT,drugA,10,6,2,515.643,
g0100,WT,drugA,10,6,3,471.2649,
g0100,WT,DMSO,0,6,1,479.2631,
g0100,WT,DMSO,0,6,2,568.4337,
g0100,WT,DMSO,0,6,3,459.1589,
g0100,WT,drugA,2.5,24,1,522.0848,
g0100,WT,drugA,2.5,24,2,420.0315,
g0100,WT,drugA,2.5,24,3,555.2303,
g0100,WT,drugA,5,24,1,466.6061,
g0100,WT,drugA,5,24,2,515.6564,
g0100,WT,drugA,5,24,3,429.0977,
g0100,WT,drugA,10,24,1,427.6155,
g0100,WT,drugA,10,24,2,483.7203,
g0100,WT,drugA,10,24,3,431.6394,
g0100,WT,DMSO,0,24,1,555.4724,
g0100,WT,DMSO,0,24,2,514.0398,
g0100,WT,DMSO,0,24,3,450.5434,
g0100,mutant,drugA,2.5,6,1,473.5125,
g0100,mutant,drugA,2.5,6,2,502.8075,
g0100,mutant,drugA,2.5,6,3,498.6257,
g0100,mutant,drugA,5,6,1,453.9528,
g0100,mutant,drugA,5,6,2,474.365,
g0100,mutant,drugA,5,6,3,529.0457,
g0100,mutant,drugA,10,6,1,465.1531,
g0100,mutant,drugA,10,6,2,416.5127,
g0100,mutant,DMSO,0,6,1,516.1445,
g0100,mutant,DMSO,0,6,2,421.0177,
g0100,mutant,DMSO,0,6,3,582.1565,
g0100,mutant,drugA,2.5,24,1,438.6595,
g0100,mutant,drugA,2.5,24,2,416.9255,
g0100,mutant,drugA,2.5,24,3,518.2061,
g0100,mutant,drugA,5,24,1,490.1814,
g0100,mutant,drugA,5,24,2,461.6535,
g0100,mutant,drugA,5,24,3,520.0331,
g0100,mutant,drugA,10,24,1,445.3889,
g0100,mutant,drugA,10,24,3,419.1185,
g0100,mutant,DMSO,0,24,1,517.026,
g0100,mutant,DMSO,0,24,2,466.5768,
g0100,mutant,DMSO,0,24,3,491.7207,
g0101,WT,drugA,2.5,6,1,291.621,
g0101,WT,drugA,2.5,6,2,297.4552,
g0101,WT,drugA,2.5,6,3,233.577,
g0101,WT,drugA,5,6,1,225.6987,
g0101,WT,drugA,5,6,2,252.5168,
g0101,WT,drugA,5,6,3,258.4766,
g0101,WT,drugA,10,6,1,317.1298,
g0101,WT,drugA,10,6,2,242.3037,
g0101,WT,drugA,10,6,3,285.243,
g0101,WT,DMSO,0,6,1,254.9985,
g0101,WT,DMSO,0,6,2,249.4266,
g0101,WT,DMSO,0,6,3,274.1227,
g0101,WT,drugA,2.5,24,1,220.071,
g0101,WT,drugA,2.5,24,2,269.7757,
g0101,WT,drugA,2.5,24,3,281.2106,
g0101,WT,drugA,5,24,1,227.4555,
g0101,WT,drugA,5,24,2,234.4012,
g0101,WT,drugA,5,24,3,281.3566,
g0101,WT,drugA,10,24,1,259.2076,
g0101,WT,drugA,10,24,2,289.4959,
g0101,WT,drugA,10,24,3,248.2092,
g0101,WT,DMSO,0,24,1,297.577,
g0101,WT,DMSO,0,24,2,271.2075,
g0101,WT,DMSO,0,24,3,336.0918,
g0101,mutant,drugA,2.5,6,1,258.411,
g0101,mutant,drugA,2.5,6,2,312.4376,
g0101,mutant,drugA,2.5,6,3,304.3689,
g0101,mutant,drugA,5,6,1,265.9454,
g0101,mutant,drugA,5,6,2,306.1235,
g0101,mutant,drugA,5,6,3,302.91,
g0101,mutant,drugA,10,6,1,290.1074,
g0101,mutant,drugA,10,6,2,280.802,
g0101,mutant,drugA,10,6,3,215.9522,
g0101,mutant,DMSO,0,6,1,248.8206,
g0101,mutant,DMSO,0,6,2,297.5264,
g0101,mutant,DMSO,0,6,3,272.2442,
g0101,mutant,drugA,2.5,24,1,298.6056,
g0101,mutant,drugA,2.5,24,2,231.6691,
g0101,mutant,drugA,2.5,24,3,269.2602,
g0101,mutant,drugA,5,24,1,249.0531,
g0101,mutant,drugA,5,24,2,242.2381,
g0101,mutant,drugA,5,24,3,309.3894,
g0101,mutant,drugA,10,24,1,270.3848,
g0101,mutant,drugA,10,24,2,310.7785,
g0101,mutant,drugA,10,24,3,282.8912,
g0101,mutant,DMSO,0,24,1,290.0228,
g0101,mutant,DMSO,0,24,2,336.0593,
g0101,mutant,DMSO,0,24,3,252.9394,
g0102,WT,drugA,2.5,6,1,527.0513,
g0102,WT,drugA,2.5,6,2,586.2551,
g0102,WT,drugA,2.5,6,3,483.9405,
g0102,WT,drugA,5,6,1,477.4023,
g0102,WT,drugA,5,6,2,547.0524,
g0102,WT,drugA,5,6,3,404.2499,
g0102,WT,drugA,10,6,1,472.0274,
g0102,WT,drugA,10,6,2,533.4651,
g0102,WT,drugA,10,6,3,546.6661,
g0102,WT,DMSO,0,6,1,678.608,
g0102,WT,DMSO,0,6,2,480.245,
g0102,WT,DMSO,0,6,3,493.5397,
g0102,WT,drugA,2.5,24,2,554.083,
g0102,WT,drugA,2.5,24,3,503.6292,
g0102,WT,drugA,5,24,1,531.5729,
g0102,WT,drugA,5,24,2,493.5994,
g0102,WT,drugA,5,24,3,522.0646,
g0102,WT,drugA,10,24,1,506.7212,
g0102,WT,drugA,10,24,2,496.8428,
g0102,WT,drugA,10,24,3,511.9146,
g0102,WT,DMSO,0,24,1,454.1751,
g0102,WT,DMSO,0,24,2,537.5098,
g0102,WT,DMSO,0,24,3,593.2715,
g0102,mutant,drugA,2.5,6,1,542.6431,
g0102,mutant,drugA,2.5,6,2,493.6941,
g0102,mutant,drugA,2.5,6,3,561.9224,
g0102,mutant,drugA,5,6,1,593.6177,
g0102,mutant,drugA,5,6,2,469.6001,
g0102,mutant,drugA,5,6,3,594.1775,
g0102,mutant,drugA,10,6,1,477.2415,
g0102,mutant,drugA,10,6,2,593.2077,
g0102,mutant,drugA,10,6,3,446.616,
g0102,mutant,DMSO,0,6,1,630.6762,
g0102,mutant,DMSO,0,6,2,581.0824,
g0102,mutant,DMSO,0,6,3,623.6193,
g0102,mutant,drugA,2.5,24,1,490.3302,
g0102,mutant,drugA,2.5,24,2,591.6455,
g0102,mutant,drugA,2.5,24,3,556.7732,
g0102,mutant,drugA,5,24,1,505.1345,
g0102,mutant,drugA,5,24,2,575.9993,
g0102,mutant,drugA,5,24,3,583.3361,
g0102,mutant,drugA,10,24,1,539.7837,
g0102,mutant,drugA,10,24,2,520.9351,
g0102,mutant,drugA,10,24,3,448.2223,
g0102,mutant,DMSO,0,24,2,494.2,
g0102,mutant,DMSO,0,24,3,484.5392,
g0103,WT,drugA,2.5,6,1,450.8186,
g0103,WT,drugA,2.5,6,2,383.6461,
g0103,WT,drugA,2.5,6,3,344.4355,
g0103,WT,drugA,5,6,1,408.3134,
g0103,WT,drugA,5,6,2,315.9016,
g0103,WT,drugA,5,6,3,391.2135,
g0103,WT,drugA,10,6,1,422.6914,
g0103,WT,drugA,10,6,2,373.4558,
g0103,WT,drugA,10,6,3,318.1626,
g0103,WT,DMSO,0,6,1,354.8258,
g0103,WT,DMSO,0,6,2,358.2438,
g0103,WT,DMSO,0,6,3,310.8697,
g0103,WT,drugA,2.5,24,1,367.8478,
g0103,WT,drugA,2.5,24,2,360.529,
g0103,WT,drugA,2.5,24,3,335.1002,
g0103,WT,drugA,5,24,1,377.7799,
g0103,WT,drugA,5,24,2,426.4281,
g0103,WT,drugA,5,24,3,354.5376,
g0103,WT,drugA,10,24,1,408.2778,
g0103,WT,drugA,10,24,2,391.2173,
g0103,WT,drugA,10,24,3,341.7455,
g0103,WT,DMSO,0,24,1,364.5382,
g0103,WT,DMSO,0,24,2,340.3478,
g0103,WT,DMSO,0,24,3,334.9514,
g0103,mutant,drugA,2.5,6,1,354.4232,
g0103,mutant,drugA,2.5,6,2,399.382,
g0103,mutant,drugA,2.5,6,3,406.8736,
g0103,mutant,drugA,5,6,1,374.0195,
g0103,mutant,drugA,5,6,2,384.7325,
g0103,mutant,drugA,5,6,3,329.153,
g0103,mutant,drugA,10,6,1,382.9666,
g0103,mutant,drugA,10,6,2,379.3008,
g0103,mutant,drugA,10,6,3,415.9331,
g0103,mutant,DMSO,0,6,1,332.1161,
g0103,mutant,DMSO,0,6,2,491.3757,
g0103,mutant,DMSO,0,6,3,412.23,
g0103,mutant,drugA,2.5,24,1,382.879,
g0103,mutant,drugA,2.5,24,2,404.0245,
g0103,mutant,drugA,2.5,24,3,385.7124,
g0103,mutant,drugA,5,24,1,392.6202,
g0103,mutant,drugA,5,24,2,321.4246,
g0103,mutant,drugA,5,24,3,431.8797,
g0103,mutant,drugA,10,24,1,426.7397,
g0103,mutant,drugA,10,24,2,420.7169,
g0103,mutant,drugA,10,24,3,433.1622,
g0103,mutant,DMSO,0,24,1,465.8106,
g0103,mutant,DMSO,0,24,2,385.6156,
g0103,mutant,DMSO,0,24,3,394.8374,
g0104,WT,drugA,2.5,6,1,2596.5088,
g0104,WT,drugA,2.5,6,2,2325.4174,
g0104,WT,drugA,2.5,6,3,2637.6911,
g0104,WT,drugA,5,6,1,2046.0992,
g0104,WT,drugA,5,6,2,2234.979,
g0104,WT,drugA,5,6,3,2501.0255,
g0104,WT,drugA,10,6,1,2227.5856,
g0104,WT,drugA,10,6,2,2034.8311,
g0104,WT,drugA,10,6,3,2467.7439,
g0104,WT,DMSO,0,6,1,1843.1803,
g0104,WT,DMSO,0,6,2,1978.7873,
g0104,WT,DMSO,0,6,3,2215.2794,
g0104,WT,drugA,2.5,24,1,2304.8815,
g0104,WT,drugA,2.5,24,2,2250.955,
g0104,WT,drugA,2.5,24,3,1917.2769,
g0104,WT,drugA,5,24,1,2301.0513,
g0104,WT,drugA,5,24,2,1967.2603,
g0104,WT,drugA,5,24,3,2179.0187,
g0104,WT,drugA,10,24,1,1775.3545,
g0104,WT,drugA,10,24,2,2349.7219,
g0104,WT,drugA,10,24,3,1917.073,
g0104,WT,DMSO,0,24,1,1989.5036,
g0104,WT,DMSO,0,24,2,2462.3577,
g0104,WT,DMSO,0,24,3,2255.4344,
g0104,mutant,drugA,2.5,6,1,2445.5974,
g0104,mutant,drugA,2.5,6,2,2594.1023,
g0104,mutant,drugA,2.5,6,3,1885.6278,
g0104,mutant,drugA,5,6,1,2207.4983,
g0104,mutant,drugA,5,6,2,2128.0198,
g0104,mutant,drugA,5,6,3,2053.515,
g0104,mutant,drugA,10,6,1,2198.3211,
g0104,mutant,drugA,10,6,2,2437.7689,
g0104,mutant,drugA,10,6,3,2278.6026,
g0104,mutant,DMSO,0,6,1,2132.8195,
g0104,mutant,DMSO,0,6,2,2212.9711,
g0104,mutant,DMSO,0,6,3,2044.4422,
g0104,mutant,drugA,2.5,24,1,2283.5563,
g0104,mutant,drugA,2.5,24,3,2560.2094,
g0104,mutant,drugA,5,24,1,1964.7844,
g0104,mutant,drugA,5,24,2,2198.5946,
g0104,mutant,drugA,5,24,3,1773.1987,
g0104,mutant,drugA,10,24,1,2286.7656,
g0104,mutant,drugA,10,24,2,2364.1707,
g0104,mutant,drugA,10,24,3,1949.3567,
g0104,mutant,DMSO,0,24,1,2385.9156,
g0104,mutant,DMSO,0,24,2,2171.2313,
g0104,mutant,DMSO,0,24,3,2117.828,
g0105,WT,drugA,2.5,6,1,454.7413,
g0105,WT,drugA,2.5,6,2,466.1818,
g0105,WT,drugA,2.5,6,3,427.0599,
g0105,WT,drugA,5,6,1,559.413,
g0105,WT,drugA,5,6,2,513.9315,
g0105,WT,drugA,5,6,3,404.8619,
g0105,WT,drugA,10,6,1,579.0347,
g0105,WT,drugA,10,6,2,484.0147,
g0105,WT,drugA,10,6,3,440.2901,
g0105,WT,DMSO,0,6,1,471.1652,
g0105,WT,DMSO,0,6,2,436.0608,
g0105,WT,DMSO,0,6,3,512.9588,
g0105,WT,drugA,2.5,24,1,662.4461,
g0105,WT,drugA,2.5,24,2,529.7187,
g0105,WT,drugA,2.5,24,3,466.7257,
g0105,WT,drugA,5,24,1,526.1488,
g0105,WT,drugA,5,24,2,468.7267,
g0105,WT,drugA,5,24,3,635.4998,
g0105,WT,drugA,10,24,1,548.9519,
g0105,WT,drugA,10,24,2,510.5341,
g0105,WT,drugA,10,24,3,458.4556,
g0105,WT,DMSO,0,24,1,458.2354,
g0105,WT,DMSO,0,24,2,568.6784,
g0105,WT,DMSO,0,24,3,457.8069,
g0105,mutant,drugA,2.5,6,1,487.3706,
g0105,mutant,drugA,2.5,6,2,464.2423,
g0105,mutant,drugA,2.5,6,3,582.2719,
g0105,mutant,drugA,5,6,1,498.1304,
g0105,mutant,drugA,5,6,2,511.703,
g0105,mutant,drugA,5,6,3,548.7709,
g0105,mutant,drugA,10,6,1,474.5469,
g0105,mutant,drugA,10,6,2,457.0031,
g0105,mutant,drugA,10,6,3,505.118,
g0105,mutant,DMSO,0,6,1,459.0478,
g0105,mutant,DMSO,0,6,2,470.3898,
g0105,mutant,DMSO,0,6,3,437.4199,
g0105,mutant,drugA,2.5,24,1,493.071,
g0105,mutant,drugA,2.5,24,2,686.2403,
g0105,mutant,drugA,2.5,24,3,550.0645,
g0105,mutant,drugA,5,24,1,409.4776,
g0105,mutant,drugA,5,24,2,498.4108,
g0105,mutant,drugA,5,24,3,533.7989,
g0105,mutant,drugA,10,24,1,470.9135,
g0105,mutant,drugA,10,24,2,638.8009,
g0105,mutant,drugA,10,24,3,523.8354,
g0105,mutant,DMSO,0,24,1,515.9044,
g0105,mutant,DMSO,0,24,2,474.8455,
g0105,mutant,DMSO,0,24,3,504.2396,
g0106,WT,drugA,2.5,6,1,145.5352,
g0106,WT,drugA,2.5,6,2,139.4737,
g0106,WT,drugA,2.5,6,3,152.5851,
g0106,WT,drugA,5,6,1,161.6851,
g0106,WT,drugA,5,6,2,170.7719,
g0106,WT,drugA,5,6,3,134.0744,
g0106,WT,drugA,10,6,1,182.3555,
g0106,WT,drugA,10,6,2,231.6786,
g0106,WT,drugA,10,6,3,197.1781,
g0106,WT,DMSO,0,6,1,119.4774,
g0106,WT,DMSO,0,6,2,142.9924,
g0106,WT,DMSO,0,6,3,139.3395,
g0106,WT,drugA,2.5,24,1,147.6231,
g0106,WT,drugA,2.5,24,2,147.8292,
g0106,WT,drugA,2.5,24,3,172.6425,
g0106,WT,drugA,5,24,1,152.0318,
g0106,WT,drugA,5,24,2,183.0547,
g0106,WT,drugA,5,24,3,227.5228,
g0106,WT,drugA,10,24,1,254.1842,
g0106,WT,drugA,10,24,2,223.942,
g0106,WT,drugA,10,24,3,238.864,
g0106,WT,DMSO,0,24,1,148.1976,
g0106,WT,DMSO,0,24,2,144.7069,
g0106,WT,DMSO,0,24,3,123.2085,
g0106,mutant,drugA,2.5,6,1,141.1338,
g0106,mutant,drugA,2.5,6,2,123,
g0106,mutant,drugA,2.5,6,3,169.7279,
g0106,mutant,drugA,5,6,1,181.6409,
g0106,mutant,drugA,5,6,2,157.7842,
g0106,mutant,drugA,5,6,3,147.4435,
g0106,mutant,drugA,10,6,1,206.3985,
g0106,mutant,drugA,10,6,2,167.9993,
g0106,mutant,drugA,10,6,3,178.3941,
g0106,mutant,DMSO,0,6,1,127.056,
g0106,mutant,DMSO,0,6,2,140.6032,
g0106,mutant,DMSO,0,6,3,162.5181,
g0106,mutant,drugA,2.5,24,1,143.2424,
g0106,mutant,drugA,2.5,24,2,162.6277,
g0106,mutant,drugA,2.5,24,3,168.378,
g0106,mutant,drugA,5,24,1,147.6453,
g0106,mutant,drugA,5,24,2,194.2239,
g0106,mutant,drugA,5,24,3,191.1501,
g0106,mutant,drugA,10,24,1,237.9685,
g0106,mutant,drugA,10,24,2,306.9023,
g0106,mutant,drugA,10,24,3,265.0567,
g0106,mutant,DMSO,0,24,1,135.389,
g0106,mutant,DMSO,0,24,2,147.0023,
g0106,mutant,DMSO,0,24,3,127.8667,
g0107,WT,drugA,2.5,6,1,1038.1854,
g0107,WT,drugA,2.5,6,2,1104.2836,
g0107,WT,drugA,2.5,6,3,1156.5796,
g0107,WT,drugA,5,6,1,1004.3989,
g0107,WT,drugA,5,6,2,978.2648,
g0107,WT,drugA,5,6,3,1043.7229,
g0107,WT,drugA,10,6,1,1263.7759,
g0107,WT,drugA,10,6,2,949.6673,
g0107,WT,drugA,10,6,3,885.8271,
g0107,WT,DMSO,0,6,1,926.4902,
g0107,WT,DMSO,0,6,2,1212.5563,
g0107,WT,DMSO,0,6,3,1104.915,
g0107,WT,drugA,2.5,24,1,1153.0662,
g0107,WT,drugA,2.5,24,2,1119.2106,
g0107,WT,drugA,2.5,24,3,1088.0321,
g0107,WT,drugA,5,24,1,933.6138,
g0107,WT,drugA,5,24,2,1201.2674,
g0107,WT,drugA,5,24,3,1231.9058,
g0107,WT,drugA,10,24,1,1289.616,
g0107,WT,drugA,10,24,2,1159.5295,
g0107,WT,drugA,10,24,3,1177.6828,
g0107,WT,DMSO,0,24,1,1029.7923,
g0107,WT,DMSO,0,24,2,1004.6481,
g0107,WT,DMSO,0,24,3,1350.2225,
g0107,mutant,drugA,2.5,6,1,908.8015,
g0107,mutant,drugA,2.5,6,2,1114.3848,
g0107,mutant,drugA,2.5,6,3,1055.2944,
g0107,mutant,drugA,5,6,1,1099.1377,
g0107,mutant,drugA,5,6,2,1309.4231,
g0107,mutant,drugA,5,6,3,1000.7496,
g0107,mutant,drugA,10,6,1,983.4689,
g0107,mutant,drugA,10,6,2,1133.7203,
g0107,mutant,drugA,10,6,3,1206.4276,
g0107,mutant,DMSO,0,6,1,1005.7472,
g0107,mutant,DMSO,0,6,2,1022.4533,
g0107,mutant,DMSO,0,6,3,1244.543,
g0107,mutant,drugA,2.5,24,1,1051.4313,
g0107,mutant,drugA,2.5,24,2,1165.239,
g0107,mutant,drugA,2.5,24,3,1012.6948,
g0107,mutant,drugA,5,24,1,1022.4713,
g0107,mutant,drugA,5,24,2,1208.5085,
g0107,mutant,drugA,5,24,3,1246.6134,
g0107,mutant,drugA,10,24,1,1167.5999,
g0107,mutant,drugA,10,24,2,1076.472,
g0107,mutant,DMSO,0,24,1,1209.7885,
g0107,mutant,DMSO,0,24,2,1237.6601,
g0107,mutant,DMSO,0,24,3,979.2641,
g0108,WT,drugA,2.5,6,1,1283.9966,
g0108,WT,drugA,2.5,6,2,1485.155,
g0108,WT,drugA,2.5,6,3,1615.7366,
g0108,WT,drugA,5,6,1,1323.6935,
g0108,WT,drugA,5,6,2,1228.9379,
g0108,WT,drugA,5,6,3,1277.7578,
g0108,WT,drugA,10,6,1,1659.2617,
g0108,WT,drugA,10,6,2,1671.8615,
g0108,WT,drugA,10,6,3,1570.4592,
g0108,WT,DMSO,0,6,1,1267.8275,
g0108,WT,DMSO,0,6,2,1490.9736,
g0108,WT,DMSO,0,6,3,1411.9154,
g0108,WT,drugA,2.5,24,1,1505.7923,
g0108,WT,drugA,2.5,24,2,1414.1961,
g0108,WT,drugA,2.5,24,3,1440.1463,
g0108,WT,drugA,5,24,1,1196.4807,
g0108,WT,drugA,5,24,2,1380.0211,
g0108,WT,drugA,5,24,3,1339.9575,
g0108,WT,drugA,10,24,1,1427.4284,
g0108,WT,drugA,10,24,2,1470.4051,
g0108,WT,drugA,10,24,3,1306.3402,
g0108,WT,DMSO,0,24,1,1276.1247,
g0108,WT,DMSO,0,24,2,1358.6136,
g0108,WT,DMSO,0,24,3,1397.9879,
g0108,mutant,drugA,2.5,6,1,1524.3617,
g0108,mutant,drugA,2.5,6,2,1304.486,
g0108,mutant,drugA,2.5,6,3,1398.8616,
g0108,mutant,drugA,5,6,1,1239.05,
g0108,mutant,drugA,5,6,2,1299.3251,
g0108,mutant,drugA,5,6,3,1370.0246,
g0108,mutant,drugA,10,6,1,1485.3252,
g0108,mutant,drugA,10,6,2,1280.7159,
g0108,mutant,drugA,10,6,3,1470.6911,
g0108,mutant,DMSO,0,6,1,1311.7949,
g0108,mutant,DMSO,0,6,2,1276.975,
g0108,mutant,DMSO,0,6,3,1307.5917,
g0108,mutant,drugA,2.5,24,1,1570.3122,
g0108,mutant,drugA,2.5,24,2,1250.6969,
g0108,mutant,drugA,2.5,24,3,1631.4719,
g0108,mutant,drugA,5,24,1,1228.1538,
g0108,mutant,drugA,5,24,2,1410.7414,
g0108,mutant,drugA,5,24,3,1298.3374,
g0108,mutant,drugA,10,24,1,1675.0287,
g0108,mutant,drugA,10,24,2,1177.4765,
g0108,mutant,drugA,10,24,3,1354.1498,
g0108,mutant,DMSO,0,24,1,1356.3086,
g0108,mutant,DMSO,0,24,2,1557.8744,
g0108,mutant,DMSO,0,24,3,1333.7521,
g0109,WT,drugA,2.5,6,1,52.3951,
g0109,WT,drugA,2.5,6,2,50.2393,
g0109,WT,drugA,2.5,6,3,48.2798,
g0109,WT,drugA,5,6,1,42.7182,
g0109,WT,drugA,5,6,2,51.9085,
g0109,WT,drugA,5,6,3,49.5368,
g0109,WT,drugA,10,6,1,50.7836,
g0109,WT,drugA,10,6,2,44.0594,
g0109,WT,drugA,10,6,3,52.5562,
g0109,WT,DMSO,0,6,1,51.3415,
g0109,WT,DMSO,0,6,2,48.0754,
g0109,WT,DMSO,0,6,3,52.9064,
g0109,WT,drugA,2.5,24,1,53.2295,
g0109,WT,drugA,2.5,24,2,51.4577,
g0109,WT,drugA,2.5,24,3,44.6848,
g0109,WT,drugA,5,24,1,65.4158,
g0109,WT,drugA,5,24,2,52.6147,
g0109,WT,drugA,5,24,3,49.2649,
g0109,WT,drugA,10,24,1,53.1292,
g0109,WT,drugA,10,24,2,49.424,
g0109,WT,drugA,10,24,3,51.8865,
g0109,WT,DMSO,0,24,1,44.5912,
g0109,WT,DMSO,0,24,2,45.894,
g0109,WT,DMSO,0,24,3,52.8024,
g0109,mutant,drugA,2.5,6,1,48.9029,
g0109,mutant,drugA,2.5,6,2,58.2428,
g0109,mutant,drugA,2.5,6,3,54.1351,
g0109,mutant,drugA,5,6,1,54.1348,
g0109,mutant,drugA,5,6,2,50.5849,
g0109,mutant,drugA,5,6,3,44.1978,
g0109,mutant,drugA,10,6,1,60.6779,
g0109,mutant,drugA,10,6,2,52.6425,
g0109,mutant,drugA,10,6,3,59.0142,
g0109,mutant,DMSO,0,6,1,55.9288,
g0109,mutant,DMSO,0,6,2,56.3124,
g0109,mutant,DMSO,0,6,3,71.9303,
g0109,mutant,drugA,2.5,24,1,54.4114,
g0109,mutant,drugA,2.5,24,2,43.5631,
g0109,mutant,drugA,2.5,24,3,45.4908,
g0109,mutant,drugA,5,24,1,53.7568,
g0109,mutant,drugA,5,24,2,50.4951,
g0109,mutant,drugA,5,24,3,51.3811,
g0109,mutant,drugA,10,24,1,56.1704,
g0109,mutant,drugA,10,24,2,45.0553,
g0109,mutant,drugA,10,24,3,56.6355,
g0109,mutant,DMSO,0,24,1,53.7121,
g0109,mutant,DMSO,0,24,2,45.4276,
g0109,mutant,DMSO,0,24,3,53.4409,
g0110,WT,drugA,2.5,6,1,143.6408,
g0110,WT,drugA,2.5,6,2,161.5329,
g0110,WT,drugA,2.5,6,3,143.2489,
g0110,WT,drugA,5,6,1,136.0886,
g0110,WT,drugA,5,6,2,149.5196,
g0110,WT,drugA,5,6,3,162.0073,
g0110,WT,drugA,10,6,1,142.2001,
g0110,WT,drugA,10,6,2,153.3018,
g0110,WT,drugA,10,6,3,131.1166,
g0110,WT,DMSO,0,6,1,149.0861,
g0110,WT,DMSO,0,6,2,139.3969,
g0110,WT,DMSO,0,6,3,151.0891,
g0110,WT,drugA,2.5,24,1,153.5809,
g0110,WT,drugA,2.5,24,2,154.5605,
g0110,WT,drugA,2.5,24,3,159.7083,
g0110,WT,drugA,5,24,1,139.4265,
g0110,WT,drugA,5,24,2,140.3511,
g0110,WT,drugA,5,24,3,152.9268,
g0110,WT,drugA,10,24,1,152.1257,
g0110,WT,drugA,10,24,2,144.221,
g0110,WT,drugA,10,24,3,158.1764,
g0110,WT,DMSO,0,24,1,171.3222,
g0110,WT,DMSO,0,24,2,144.7002,
g0110,WT,DMSO,0,24,3,167.3688,
g0110,mutant,drugA,2.5,6,1,166.4655,
g0110,mutant,drugA,2.5,6,2,136.5624,
g0110,mutant,drugA,2.5,6,3,159.121,
g0110,mutant,drugA,5,6,1,153.5818,
g0110,mutant,drugA,5,6,2,185.7782,
g0110,mutant,drugA,5,6,3,159.911,
g0110,mutant,drugA,10,6,1,145.6269,
g0110,mutant,drugA,10,6,2,172.265,
g0110,mutant,drugA,10,6,3,151.4926,
g0110,mutant,DMSO,0,6,1,146.3132,
g0110,mutant,DMSO,0,6,2,135.604,
g0110,mutant,DMSO,0,6,3,149.0869,
g0110,mutant,drugA,2.5,24,1,148.706,
g0110,mutant,drugA,2.5,24,2,156.1895,
g0110,mutant,drugA,2.5,24,3,145.4316,
g0110,mutant,drugA,5,24,1,167.3469,
g0110,mutant,drugA,5,24,2,162.1591,
g0110,mutant,drugA,5,24,3,151.8765,
g0110,mutant,drugA,10,24,1,148.5961,
g0110,mutant,drugA,10,24,2,154.0489,
g0110,mutant,drugA,10,24,3,134.7963,
g0110,mutant,DMSO,0,24,1,170.6244,
g0110,mutant,DMSO,0,24,2,149.1185,
g0110,mutant,DMSO,0,24,3,131.5565,
g0111,WT,drugA,2.5,6,1,242.7671,
g0111,WT,drugA,2.5,6,2,239.8996,
g0111,WT,drugA,2.5,6,3,228.0123,
g0111,WT,drugA,5,6,1,230.6291,
g0111,WT,drugA,5,6,2,197.6693,
g0111,WT,drugA,5,6,3,252.3612,
g0111,WT,drugA,10,6,1,188.3418,
g0111,WT,drugA,10,6,2,216.4249,
g0111,WT,drugA,10,6,3,276.2647,
g0111,WT,DMSO,0,6,1,226.5249,
g0111,WT,DMSO,0,6,2,221.0675,
g0111,WT,drugA,2.5,24,1,192.4917,
g0111,WT,drugA,2.5,24,2,243.481,
g0111,WT,drugA,2.5,24,3,255.7671,
g0111,WT,drugA,5,24,1,232.9944,
g0111,WT,drugA,5,24,2,220.0144,
g0111,WT,drugA,5,24,3,218.7369,
g0111,WT,drugA,10,24,1,251.7433,
g0111,WT,drugA,10,24,2,232.151,
g0111,WT,drugA,10,24,3,256.2831,
g0111,WT,DMSO,0,24,1,211.1537,
g0111,WT,DMSO,0,24,2,197.3391,
g0111,WT,DMSO,0,24,3,238.6897,
g0111,mutant,drugA,2.5,6,1,254.3881,
g0111,mutant,drugA,2.5,6,2,254.0142,
g0111,mutant,drugA,2.5,6,3,242.6484,
g0111,mutant,drugA,5,6,1,277.4231,
g0111,mutant,drugA,5,6,2,255.7638,
g0111,mutant,drugA,5,6,3,222.8099,
g0111,mutant,drugA,10,6,1,233.5651,
g0111,mutant,drugA,10,6,2,234.5808,
g0111,mutant,drugA,10,6,3,243.6338,
g0111,mutant,DMSO,0,6,1,232.9395,
g0111,mutant,DMSO,0,6,2,214.5252,
g0111,mutant,DMSO,0,6,3,228.8872,
g0111,mutant,drugA,2.5,24,1,241.4689,
g0111,mutant,drugA,2.5,24,2,264.2233,
g0111,mutant,drugA,2.5,24,3,261.9132,
g0111,mutant,drugA,5,24,1,242.8227,
g0111,mutant,drugA,5,24,2,235.8571,
g0111,mutant,drugA,5,24,3,261.2357,
g0111,mutant,drugA,10,24,1,228.5858,
g0111,mutant,drugA,10,24,2,196.9315,
g0111,mutant,drugA,10,24,3,256.4264,
g0111,mutant,DMSO,0,24,1,254.0059,
g0111,mutant,DMSO,0,24,2,201.801,
g0111,mutant,DMSO,0,24,3,214.2335,
g0112,WT,drugA,2.5,6,1,728.8261,
g0112,WT,drugA,2.5,6,2,641.9785,
g0112,WT,drugA,2.5,6,3,650.3893,
g0112,WT,drugA,5,6,1,501.0597,
g0112,WT,drugA,5,6,2,592.8023,
g0112,WT,drugA,5,6,3,622.2061,
g0112,WT,drugA,10,6,1,332.8167,
g0112,WT,drugA,10,6,2,315.8769,
g0112,WT,drugA,10,6,3,326.9129,
g0112,WT,DMSO,0,6,1,655.7048,
g0112,WT,DMSO,0,6,2,821.3992,
g0112,WT,DMSO,0,6,3,924.086,
g0112,WT,drugA,2.5,24,1,590.674,
g0112,WT,drugA,2.5,24,2,548.8945,
g0112,WT,drugA,2.5,24,3,522.2356,
g0112,WT,drugA,5,24,1,328.1836,
g0112,WT,drugA,5,24,2,358.7613,
g0112,WT,drugA,5,24,3,451.8426,
g0112,WT,drugA,10,24,1,212.4394,
g0112,WT,drugA,10,24,2,188.8366,
g0112,WT,drugA,10,24,3,123.7667,
g0112,WT,DMSO,0,24,1,775.1708,
g0112,WT,DMSO,0,24,2,1025.9426,
g0112,WT,DMSO,0,24,3,941.3559,
g0112,mutant,drugA,2.5,6,1,699.2804,
g0112,mutant,drugA,2.5,6,2,660.8795,
g0112,mutant,drugA,2.5,6,3,643.3393,
g0112,mutant,drugA,5,6,1,542.685,
g0112,mutant,drugA,5,6,2,559.0665,
g0112,mutant,drugA,5,6,3,525.2256,
g0112,mutant,drugA,10,6,1,445.102,
g0112,mutant,drugA,10,6,2,419.1748,
g0112,mutant,drugA,10,6,3,394.2514,
g0112,mutant,DMSO,0,6,1,848.0349,
g0112,mutant,DMSO,0,6,2,791.7655,
g0112,mutant,DMSO,0,6,3,811.7817,
g0112,mutant,drugA,2.5,24,1,447.2599,
g0112,mutant,drugA,2.5,24,2,650.8843,
g0112,mutant,drugA,2.5,24,3,520.7237,
g0112,mutant,drugA,5,24,1,393.5718,
g0112,mutant,drugA,5,24,2,315.7292,
g0112,mutant,drugA,5,24,3,365.2006,
g0112,mutant,drugA,10,24,1,147.7268,
g0112,mutant,drugA,10,24,2,133.2203,
g0112,mutant,drugA,10,24,3,162.5157,
g0112,mutant,DMSO,0,24,1,964.951,
g0112,mutant,DMSO,0,24,2,810.0389,
g0112,mutant,DMSO,0,24,3,860.6717,
g0113,WT,drugA,2.5,6,1,1980.5004,
g0113,WT,drugA,2.5,6,2,2081.9917,
g0113,WT,drugA,2.5,6,3,1893.3208,
g0113,WT,drugA,5,6,1,1541.8108,
g0113,WT,drugA,5,6,2,1686.6185,
g0113,WT,drugA,5,6,3,1512.2468,
g0113,WT,drugA,10,6,1,1283.3725,
g0113,WT,drugA,10,6,2,1357.6249,
g0113,WT,drugA,10,6,3,1069.2862,
g0113,WT,DMSO,0,6,2,2000.3132,
g0113,WT,DMSO,0,6,3,2669.7266,
g0113,WT,drugA,2.5,24,1,1865.3469,
g0113,WT,drugA,2.5,24,2,1498.0425,
g0113,WT,drugA,2.5,24,3,1674.0173,
g0113,WT,drugA,5,24,1,1155.9026,
g0113,WT,drugA,5,24,2,925.1315,
g0113,WT,drugA,5,24,3,1223.3496,
g0113,WT,drugA,10,24,1,583.1515,
g0113,WT,drugA,10,24,2,571.5605,
g0113,WT,drugA,10,24,3,638.8376,
g0113,WT,DMSO,0,24,1,2121.7427,
g0113,WT,DMSO,0,24,2,2203.6919,
g0113,WT,DMSO,0,24,3,2775.9829,
g0113,mutant,drugA,2.5,6,1,1757.8899,
g0113,mutant,drugA,2.5,6,2,1630.7711,
g0113,mutant,drugA,2.5,6,3,2014.0376,
g0113,mutant,drugA,5,6,1,1428.2882,
g0113,mutant,drugA,5,6,2,1569.3426,
g0113,mutant,drugA,5,6,3,1434.7364,
g0113,mutant,drugA,10,6,1,1184.0909,
g0113,mutant,drugA,10,6,2,1395.5992,
g0113,mutant,drugA,10,6,3,1290.6221,
g0113,mutant,DMSO,0,6,1,2463.4886,
g0113,mutant,DMSO,0,6,2,1999.1642,
g0113,mutant,DMSO,0,6,3,2417.3502,
g0113,mutant,drugA,2.5,24,1,1816.6498,
g0113,mutant,drugA,2.5,24,2,1303.9514,
g0113,mutant,drugA,2.5,24,3,1932.0579,
g0113,mutant,drugA,5,24,1,1418.3509,
g0113,mutant,drugA,5,24,2,1167.9745,
g0113,mutant,drugA,5,24,3,1194.5696,
g0113,mutant,drugA,10,24,1,483.3513,
g0113,mutant,drugA,10,24,2,635.4842,
g0113,mutant,drugA,10,24,3,614.6719,
g0113,mutant,DMSO,0,24,1,2325.7576,
g0113,mutant,DMSO,0,24,2,1904.1244,
g0113,mutant,DMSO,0,24,3,2227.7291,
g0114,WT,drugA,2.5,6,1,405.2028,
g0114,WT,drugA,2.5,6,2,433.6511,
g0114,WT,drugA,2.5,6,3,461.2153,
g0114,WT,drugA,5,6,1,463.4272,
g0114,WT,drugA,5,6,2,479.9013,
g0114,WT,drugA,5,6,3,536.67,
g0114,WT,drugA,10,6,1,547.9085,
g0114,WT,drugA,10,6,2,442.8484,
g0114,WT,drugA,10,6,3,437.5236,
g0114,WT,DMSO,0,6,1,437.9659,
g0114,WT,DMSO,0,6,2,404.0418,
g0114,WT,DMSO,0,6,3,363.9489,
g0114,WT,drugA,2.5,24,1,418.3192,
g0114,WT,drugA,2.5,24,2,436.1238,
g0114,WT,drugA,2.5,24,3,393.3433,
g0114,WT,drugA,5,24,1,550.1343,
g0114,WT,drugA,5,24,2,415.3885,
g0114,WT,drugA,5,24,3,600.8613,
g0114,WT,drugA,10,24,1,478.9032,
g0114,WT,drugA,10,24,2,445.7028,
g0114,WT,drugA,10,24,3,483.0109,
g0114,WT,DMSO,0,24,1,432.113,
g0114,WT,DMSO,0,24,2,515.0467,
g0114,WT,DMSO,0,24,3,467.5051,
g0114,mutant,drugA,2.5,6,1,415.7779,
g0114,mutant,drugA,2.5,6,3,392.9943,
g0114,mutant,drugA,5,6,1,435.6664,
g0114,mutant,drugA,5,6,2,458.4536,
g0114,mutant,drugA,5,6,3,448.3158,
g0114,mutant,drugA,10,6,1,436.9747,
g0114,mutant,drugA,10,6,2,468.2884,
g0114,mutant,drugA,10,6,3,511.1937,
g0114,mutant,DMSO,0,6,1,427.8458,
g0114,mutant,DMSO,0,6,2,531.4355,
g0114,mutant,DMSO,0,6,3,451.0763,
g0114,mutant,drugA,2.5,24,1,543.629,
g0114,mutant,drugA,2.5,24,2,527.4068,
g0114,mutant,drugA,2.5,24,3,497.6315,
g0114,mutant,drugA,5,24,1,415.5031,
g0114,mutant,drugA,5,24,2,456.8256,
g0114,mutant,drugA,5,24,3,460.3094,
g0114,mutant,drugA,10,24,1,462.1986,
g0114,mutant,drugA,10,24,2,553.3305,
g0114,mutant,drugA,10,24,3,445.5041,
g0114,mutant,DMSO,0,24,1,438.0718,
g0114,mutant,DMSO,0,24,2,445.8893,
g0114,mutant,DMSO,0,24,3,387.7524,
g0115,WT,drugA,2.5,6,1,1416.6986,
g0115,WT,drugA,2.5,6,2,1241.6967,
g0115,WT,drugA,2.5,6,3,1537.8503,
g0115,WT,drugA,5,6,1,1309.659,
g0115,WT,drugA,5,6,2,1122.4168,
g0115,WT,drugA,5,6,3,1256.5279,
g0115,WT,drugA,10,6,1,1058.1581,
g0115,WT,drugA,10,6,2,1093.4047,
g0115,WT,drugA,10,6,3,929.6512,
g0115,WT,DMSO,0,6,1,1200.2803,
g0115,WT,DMSO,0,6,2,1314.4243,
g0115,WT,DMSO,0,6,3,1257.2209,
g0115,WT,drugA,2.5,24,1,1033.34,
g0115,WT,drugA,2.5,24,2,1221.5825,
g0115,WT,drugA,2.5,24,3,1058.9293,
g0115,WT,drugA,5,24,1,988.1514,
g0115,WT,drugA,5,24,2,874.3355,
g0115,WT,drugA,5,24,3,1164.8042,
g0115,WT,drugA,10,24,1,673.9419,
g0115,WT,drugA,10,24,2,792.0555,
g0115,WT,drugA,10,24,3,837.6589,
g0115,WT,DMSO,0,24,1,1555.6903,
g0115,WT,DMSO,0,24,2,1607.7131,
g0115,WT,DMSO,0,24,3,1158.3003,
g0115,mutant,drugA,2.5,6,1,1503.5937,
g0115,mutant,drugA,2.5,6,2,1250.8604,
g0115,mutant,drugA,2.5,6,3,1386.6496,
g0115,mutant,drugA,5,6,1,1062.6325,
g0115,mutant,drugA,5,6,2,1234.9491,
g0115,mutant,drugA,5,6,3,1191.0009,
g0115,mutant,drugA,10,6,1,1159.6516,
g0115,mutant,drugA,10,6,2,1122.0196,
g0115,mutant,drugA,10,6,3,1163.1484,
g0115,mutant,DMSO,0,6,1,1176.3024,
g0115,mutant,DMSO,0,6,2,1595.1038,
g0115,mutant,DMSO,0,6,3,1446.7284,
g0115,mutant,drugA,2.5,24,1,1356.2476,
g0115,mutant,drugA,2.5,24,2,1265.9152,
g0115,mutant,drugA,2.5,24,3,1221.672,
g0115,mutant,drugA,5,24,1,1000.6508,
g0115,mutant,drugA,5,24,2,833.7904,
g0115,mutant,drugA,5,24,3,970.87,
g0115,mutant,drugA,10,24,1,778.5986,
g0115,mutant,drugA,10,24,2,750.3598,
g0115,mutant,drugA,10,24,3,822.8832,
g0115,mutant,DMSO,0,24,1,1493.4946,
g0115,mutant,DMSO,0,24,2,1210.6385,
g0115,mutant,DMSO,0,24,3,1602.1289,
g0116,WT,drugA,2.5,6,1,2266.1329,
g0116,WT,drugA,2.5,6,2,2225.0722,
g0116,WT,drugA,2.5,6,3,2025.5781,
g0116,WT,drugA,5,6,1,1851.303,
g0116,WT,drugA,5,6,2,1835.269,
g0116,WT,drugA,5,6,3,1902.3283,
g0116,WT,drugA,10,6,1,2351.9188,
g0116,WT,drugA,10,6,2,1967.5545,
g0116,WT,drugA,10,6,3,1985.1493,
g0116,WT,DMSO,0,6,1,2096.7929,
g0116,WT,DMSO,0,6,2,2077.0054,
g0116,WT,DMSO,0,6,3,1905.7952,
g0116,WT,drugA,2.5,24,1,2576.3612,
g0116,WT,drugA,2.5,24,2,1912.5775,
g0116,WT,drugA,2.5,24,3,2031.3657,
g0116,WT,drugA,5,24,1,1986.0355,
g0116,WT,drugA,5,24,2,1964.0372,
g0116,WT,drugA,5,24,3,2047.5509,
g0116,WT,drugA,10,24,1,2100.5309,
g0116,WT,drugA,10,24,2,1863.942,
g0116,WT,drugA,10,24,3,2243.9207,
g0116,WT,DMSO,0,24,1,1972.7269,
g0116,WT,DMSO,0,24,2,1722.9022,
g0116,WT,DMSO,0,24,3,1874.6854,
g0116,mutant,drugA,2.5,6,1,1916.9452,
g0116,mutant,drugA,2.5,6,2,1784.7249,
g0116,mutant,drugA,2.5,6,3,1927.7762,
g0116,mutant,drugA,5,6,1,1791.1803,
g0116,mutant,drugA,5,6,2,1960.8807,
g0116,mutant,drugA,5,6,3,1894.4168,
g0116,mutant,drugA,10,6,1,1670.0747,
g0116,mutant,drugA,10,6,2,1837.5707,
g0116,mutant,drugA,10,6,3,1999.7886,
g0116,mutant,DMSO,0,6,1,2193.7661,
g0116,mutant,DMSO,0,6,2,1794.1979,
g0116,mutant,DMSO,0,6,3,2215.4693,
g0116,mutant,drugA,2.5,24,1,1721.9507,
g0116,mutant,drugA,2.5,24,2,2135.0694,
g0116,mutant,drugA,2.5,24,3,1757.9732,
g0116,mutant,drugA,5,24,1,2061.6272,
g0116,mutant,drugA,5,24,2,2323.4539,
g0116,mutant,drugA,5,24,3,1986.3938,
g0116,mutant,drugA,10,24,1,1926.3629,
g0116,mutant,drugA,10,24,2,1849.0867,
g0116,mutant,drugA,10,24,3,2409.1011,
g0116,mutant,DMSO,0,24,1,2001.1871,
g0116,mutant,DMSO,0,24,2,2219.71,
g0116,mutant,DMSO,0,24,3,2037.8271,
g0117,WT,drugA,2.5,6,1,764.5448,
g0117,WT,drugA,2.5,6,2,885.1893,
g0117,WT,drugA,2.5,6,3,897.5088,
g0117,WT,drugA,5,6,1,689.3564,
g0117,WT,drugA,5,6,2,895.5793,
g0117,WT,drugA,5,6,3,780.8582,
g0117,WT,drugA,10,6,1,754.2928,
g0117,WT,drugA,10,6,2,816.0837,
g0117,WT,drugA,10,6,3,861.316,
g0117,WT,DMSO,0,6,1,707.9511,
g0117,WT,DMSO,0,6,2,794.5419,
g0117,WT,DMSO,0,6,3,686.9265,
g0117,WT,drugA,2.5,24,1,799.6579,
g0117,WT,drugA,2.5,24,2,736.6296,
g0117,WT,drugA,5,24,1,858.0841,
g0117,WT,drugA,5,24,2,934.2564,
g0117,WT,drugA,5,24,3,887.9866,
g0117,WT,drugA,10,24,1,850.1639,
g0117,WT,drugA,10,24,2,803.8371,
g0117,WT,drugA,10,24,3,771.949,
g0117,WT,DMSO,0,24,1,826.7724,
g0117,WT,DMSO,0,24,2,783.7448,
g0117,WT,DMSO,0,24,3,815.2514,
g0117,mutant,drugA,2.5,6,1,808.2647,
g0117,mutant,drugA,2.5,6,2,707.4165,
g0117,mutant,drugA,2.5,6,3,687.4824,
g0117,mutant,drugA,5,6,1,617.1714,
g0117,mutant,drugA,5,6,2,816.7209,
g0117,mutant,drugA,5,6,3,989.9952,
g0117,mutant,drugA,10,6,1,803.4797,
g0117,mutant,drugA,10,6,2,921.8594,
g0117,mutant,drugA,10,6,3,760.2119,
g0117,mutant,DMSO,0,6,1,665.2497,
g0117,mutant,DMSO,0,6,2,668.7285,
g0117,mutant,DMSO,0,6,3,754.0064,
g0117,mutant,drugA,2.5,24,1,742.8404,
g0117,mutant,drugA,2.5,24,2,761.0571,
g0117,mutant,drugA,2.5,24,3,758.2808,
g0117,mutant,drugA,5,24,1,681.5732,
g0117,mutant,drugA,5,24,2,747.0741,
g0117,mutant,drugA,5,24,3,808.0398,
g0117,mutant,drugA,10,24,1,678.6992,
g0117,mutant,drugA,10,24,2,938.6059,
g0117,mutant,drugA,10,24,3,789.1082,
g0117,mutant,DMSO,0,24,1,833.5785,
g0117,mutant,DMSO,0,24,2,797.9657,
g0117,mutant,DMSO,0,24,3,760.0748,
g0118,WT,drugA,2.5,6,1,360.5015,
g0118,WT,drugA,2.5,6,2,338.4665,
g0118,WT,drugA,2.5,6,3,398.0388,
g0118,WT,drugA,5,6,1,275.1458,
g0118,WT,drugA,5,6,2,354.6874,
g0118,WT,drugA,5,6,3,392.9018,
g0118,WT,drugA,10,6,1,249.1994,
g0118,WT,drugA,10,6,2,219.2007,
g0118,WT,drugA,10,6,3,259.5782,
g0118,WT,DMSO,0,6,1,454.063,
g0118,WT,DMSO,0,6,2,506.0063,
g0118,WT,DMSO,0,6,3,431.3367,
g0118,WT,drugA,2.5,24,1,339.1709,
g0118,WT,drugA,2.5,24,2,377.733,
g0118,WT,drugA,5,24,1,287.5563,
g0118,WT,drugA,5,24,2,248.4984,
g0118,WT,drugA,5,24,3,227.1344,
g0118,WT,drugA,10,24,1,119.2654,
g0118,WT,drugA,10,24,2,101.2055,
g0118,WT,drugA,10,24,3,95.4207,
g0118,WT,DMSO,0,24,1,489.6689,
g0118,WT,DMSO,0,24,2,509.4194,
g0118,WT,DMSO,0,24,3,503.9231,
g0118,mutant,drugA,2.5,6,1,420.9238,
g0118,mutant,drugA,2.5,6,2,429.1159,
g0118,mutant,drugA,2.5,6,3,370.1333,
g0118,mutant,drugA,5,6,1,404.4084,
g0118,mutant,drugA,5,6,2,463.0599,
g0118,mutant,drugA,5,6,3,434.4719,
g0118,mutant,drugA,10,6,1,358.4274,
g0118,mutant,drugA,10,6,2,382.9833,
g0118,mutant,drugA,10,6,3,348.3398,
g0118,mutant,DMSO,0,6,1,459.1641,
g0118,mutant,DMSO,0,6,2,548.1086,
g0118,mutant,DMSO,0,6,3,401.3816,
g0118,mutant,drugA,2.5,24,1,543.4996,
g0118,mutant,drugA,2.5,24,2,406.0131,
g0118,mutant,drugA,2.5,24,3,449.3903,
g0118,mutant,drugA,5,24,1,389.9017,
g0118,mutant,drugA,5,24,2,419.4133,
g0118,mutant,drugA,5,24,3,406.7665,
g0118,mutant,drugA,10,24,1,378.4471,
g0118,mutant,drugA,10,24,2,344.4079,
g0118,mutant,drugA,10,24,3,351.928,
g0118,mutant,DMSO,0,24,2,466.2352,
g0119,WT,drugA,2.5,6,1,148.9279,
g0119,WT,drugA,2.5,6,2,144.6216,
g0119,WT,drugA,2.5,6,3,159.9554,
g0119,WT,drugA,5,6,1,157.3331,
g0119,WT,drugA,5,6,2,126.6442,
g0119,WT,drugA,5,6,3,180.4182,
g0119,WT,drugA,10,6,1,123.4013,
g0119,WT,drugA,10,6,2,165.6121,
g0119,WT,drugA,10,6,3,148.5931,
g0119,WT,DMSO,0,6,1,141.009,
g0119,WT,DMSO,0,6,2,144.4106,
g0119,WT,DMSO,0,6,3,147.8973,
g0119,WT,drugA,2.5,24,1,132.3819,
g0119,WT,drugA,2.5,24,2,167.0195,
g0119,WT,drugA,2.5,24,3,148.0208,
g0119,WT,drugA,5,24,1,135.2413,
g0119,WT,drugA,5,24,2,125.4225,
g0119,WT,drugA,5,24,3,184.8678,
g0119,WT,drugA,10,24,1,147.1593,
g0119,WT,drugA,10,24,2,158.4182,
g0119,WT,drugA,10,24,3,172.6344,
g0119,WT,DMSO,0,24,1,154.3654,
g0119,WT,DMSO,0,24,2,146.6135,
g0119,WT,DMSO,0,24,3,178.1522,
g0119,mutant,drugA,2.5,6,1,136.7559,
g0119,mutant,drugA,2.5,6,2,146.9542,
g0119,mutant,drugA,2.5,6,3,163.5793,
g0119,mutant,drugA,5,6,1,131.1702,
g0119,mutant,drugA,5,6,2,120.9701,
g0119,mutant,drugA,5,6,3,136.131,
g0119,mutant,drugA,10,6,1,152.8366,
g0119,mutant,drugA,10,6,2,160.9136,
g0119,mutant,drugA,10,6,3,150.0875,
g0119,mutant,DMSO,0,6,1,155.2746,
g0119,mutant,DMSO,0,6,2,162.8799,
g0119,mutant,DMSO,0,6,3,144.6409,
g0119,mutant,drugA,2.5,24,1,140.7131,
g0119,mutant,drugA,2.5,24,2,133.1413,
g0119,mutant,drugA,2.5,24,3,157.4042,
g0119,mutant,drugA,5,24,1,151.9226,
g0119,mutant,drugA,5,24,2,141.5354,
g0119,mutant,drugA,5,24,3,162.089,
g0119,mutant,drugA,10,24,1,135.9594,
g0119,mutant,drugA,10,24,2,122.9106,
g0119,mutant,drugA,10,24,3,129.3257,
g0119,mutant,DMSO,0,24,1,137.6611,
g0119,mutant,DMSO,0,24,2,143.5249,
g0119,mutant,DMSO,0,24,3,134.1228,
g0120,WT,drugA,2.5,6,1,439.8381,
g0120,WT,drugA,2.5,6,2,521.6955,
g0120,WT,drugA,2.5,6,3,483.9947,
g0120,WT,drugA,5,6,1,503.1406,
g0120,WT,drugA,5,6,2,486.615,
g0120,WT,drugA,5,6,3,537.1828,
g0120,WT,drugA,10,6,1,513.4804,
g0120,WT,drugA,10,6,2,506.2308,
g0120,WT,drugA,10,6,3,477.7707,
g0120,WT,DMSO,0,6,1,582.6943,
g0120,WT,DMSO,0,6,2,448.3084,
g0120,WT,DMSO,0,6,3,469.7797,
g0120,WT,drugA,2.5,24,1,555.1096,
g0120,WT,drugA,2.5,24,2,607.6322,
g0120,WT,drugA,2.5,24,3,531.2822,
g0120,WT,drugA,5,24,1,580.3168,
g0120,WT,drugA,5,24,2,523.1418,
g0120,WT,drugA,5,24,3,453.2134,
g0120,WT,drugA,10,24,1,521.6812,
g0120,WT,drugA,10,24,2,490.2599,
g0120,WT,drugA,10,24,3,516.0756,
g0120,WT,DMSO,0,24,1,566.011,
g0120,WT,DMSO,0,24,3,457.2766,
g0120,mutant,drugA,2.5,6,1,498.4109,
g0120,mutant,drugA,2.5,6,2,451.884,
g0120,mutant,drugA,2.5,6,3,535.7301,
g0120,mutant,drugA,5,6,1,420.4851,
g0120,mutant,drugA,5,6,2,472.1554,
g0120,mutant,drugA,5,6,3,493.1835,
g0120,mutant,drugA,10,6,1,611.0427,
g0120,mutant,drugA,10,6,2,481.8043,
g0120,mutant,DMSO,0,6,1,544.8312,
g0120,mutant,DMSO,0,6,2,495.4533,
g0120,mutant,DMSO,0,6,3,564.5786,
g0120,mutant,drugA,2.5,24,1,490.3298,
g0120,mutant,drugA,2.5,24,2,501.2443,
g0120,mutant,drugA,2.5,24,3,437.3379,
g0120,mutant,drugA,5,24,1,564.9788,
g0120,mutant,drugA,5,24,2,469.4014,
g0120,mutant,drugA,5,24,3,436.1289,
g0120,mutant,drugA,10,24,1,455.2744,
g0120,mutant,drugA,10,24,2,539.1484,
g0120,mutant,drugA,10,24,3,510.47,
g0120,mutant,DMSO,0,24,1,538.2337,
g0120,mutant,DMSO,0,24,2,486.0879,
g0120,mutant,DMSO,0,24,3,451.8814,
g0121,WT,drugA,2.5,6,1,41.0219,
g0121,WT,drugA,2.5,6,2,60.0855,
g0121,WT,drugA,2.5,6,3,46.4865,
g0121,WT,drugA,5,6,1,49.994,
g0121,WT,drugA,5,6,2,49.8456,
g0121,WT,drugA,5,6,3,49.5697,
g0121,WT,drugA,10,6,1,54.1459,
g0121,WT,drugA,10,6,2,50.1347,
g0121,WT,drugA,10,6,3,55.9915,
g0121,WT,DMSO,0,6,1,62.0008,
g0121,WT,DMSO,0,6,2,53.1628,
g0121,WT,DMSO,0,6,3,54.8189,
g0121,WT,drugA,2.5,24,1,51.1647,
g0121,WT,drugA,2.5,24,2,57.7944,
g0121,WT,drugA,2.5,24,3,52.0399,
g0121,WT,drugA,5,24,1,47.7438,
g0121,WT,drugA,5,24,2,46.4536,
g0121,WT,drugA,5,24,3,51.8728,
g0121,WT,drugA,10,24,1,51.9149,
g0121,WT,drugA,10,24,2,54.7193,
g0121,WT,drugA,10,24,3,54.1266,
g0121,WT,DMSO,0,24,1,43.4615,
g0121,WT,DMSO,0,24,2,47.1098,
g0121,WT,DMSO,0,24,3,49.5649,
g0121,mutant,drugA,2.5,6,1,43.825,
g0121,mutant,drugA,2.5,6,2,47.9215,
g0121,mutant,drugA,2.5,6,3,49.2506,
g0121,mutant,drugA,5,6,1,48.1297,
g0121,mutant,drugA,5,6,2,49.6711,
g0121,mutant,drugA,5,6,3,41.6421,
g0121,mutant,drugA,10,6,1,50.2112,
g0121,mutant,drugA,10,6,2,44.9828,
g0121,mutant,drugA,10,6,3,51.2343,
g0121,mutant,DMSO,0,6,1,48.3932,
g0121,mutant,DMSO,0,6,2,46.4526,
g0121,mutant,DMSO,0,6,3,44.9651,
g0121,mutant,drugA,2.5,24,2,56.1294,
g0121,mutant,drugA,2.5,24,3,62.6725,
g0121,mutant,drugA,5,24,1,47.3368,
g0121,mutant,drugA,5,24,2,49.4972,
g0121,mutant,drugA,5,24,3,51.8977,
g0121,mutant,drugA,10,24,1,42.8086,
g0121,mutant,drugA,10,24,2,55.5878,
g0121,mutant,drugA,10,24,3,46.5621,
g0121,mutant,DMSO,0,24,1,49.931,
g0121,mutant,DMSO,0,24,2,54.9117,
g0121,mutant,DMSO,0,24,3,49.5485,
g0122,WT,drugA,2.5,6,1,762.5055,
g0122,WT,drugA,2.5,6,2,643.4416,
g0122,WT,drugA,2.5,6,3,803.7481,
g0122,WT,drugA,5,6,1,633.9492,
g0122,WT,drugA,5,6,2,715.8741,
g0122,WT,drugA,5,6,3,552.2125,
g0122,WT,drugA,10,6,1,846.3899,
g0122,WT,drugA,10,6,2,611.8424,
g0122,WT,DMSO,0,6,1,849.9998,
g0122,WT,DMSO,0,6,2,716.6354,
g0122,WT,DMSO,0,6,3,841.2617,
g0122,WT,drugA,2.5,24,1,685.8076,
g0122,WT,drugA,2.5,24,2,531.528,
g0122,WT,drugA,2.5,24,3,581.0646,
g0122,WT,drugA,5,24,1,742.045,
g0122,WT,drugA,5,24,2,700.3812,
g0122,WT,drugA,5,24,3,649.3769,
g0122,WT,drugA,10,24,1,615.6844,
g0122,WT,drugA,10,24,2,587.3583,
g0122,WT,drugA,10,24,3,549.4403,
g0122,WT,DMSO,0,24,1,685.8899,
g0122,WT,DMSO,0,24,2,644.106,
g0122,WT,DMSO,0,24,3,666.5668,
g0122,mutant,drugA,2.5,6,1,800.8613,
g0122,mutant,drugA,2.5,6,2,576.9254,
g0122,mutant,drugA,2.5,6,3,683.5033,
g0122,mutant,drugA,5,6,1,717.4842,
g0122,mutant,drugA,5,6,2,588.2187,
g0122,mutant,drugA,5,6,3,668.7699,
g0122,mutant,drugA,10,6,1,690.6904,
g0122,mutant,drugA,10,6,3,602.5233,
g0122,mutant,DMSO,0,6,1,558.6602,
g0122,mutant,DMSO,0,6,2,645.0802,
g0122,mutant,DMSO,0,6,3,678.0258,
g0122,mutant,drugA,2.5,24,1,660.8512,
g0122,mutant,drugA,2.5,24,2,724.6027,
g0122,mutant,drugA,2.5,24,3,580.1107,
g0122,mutant,drugA,5,24,1,665.8939,
g0122,mutant,drugA,5,24,2,687.583,
g0122,mutant,drugA,5,24,3,612.0037,
g0122,mutant,drugA,10,24,1,577.5244,
g0122,mutant,drugA,10,24,2,679.3292,
g0122,mutant,drugA,10,24,3,577.7132,
g0122,mutant,DMSO,0,24,1,780.9175,
g0122,mutant,DMSO,0,24,2,637.3262,
g0122,mutant,DMSO,0,24,3,626.7419,
g0123,WT,drugA,2.5,6,1,227.5637,
g0123,WT,drugA,2.5,6,2,259.3434,
g0123,WT,drugA,2.5,6,3,233.694,
g0123,WT,drugA,5,6,1,206.7871,
g0123,WT,drugA,5,6,2,188.5877,
g0123,WT,drugA,5,6,3,249.9764,
g0123,WT,drugA,10,6,1,147.8669,
g0123,WT,drugA,10,6,2,124.9715,
g0123,WT,drugA,10,6,3,133.8789,
g0123,WT,DMSO,0,6,1,269.4084,
g0123,WT,DMSO,0,6,2,295.218,
g0123,WT,DMSO,0,6,3,265.4768,
g0123,WT,drugA,2.5,24,1,181.3856,
g0123,WT,drugA,2.5,24,2,186.035,
g0123,WT,drugA,2.5,24,3,215.5742,
g0123,WT,drugA,5,24,1,107.7841,
g0123,WT,drugA,5,24,2,125.7894,
g0123,WT,drugA,5,24,3,112.6969,
g0123,WT,drugA,10,24,1,71.0111,
g0123,WT,drugA,10,24,2,72.549,
g0123,WT,drugA,10,24,3,67.0002,
g0123,WT,DMSO,0,24,1,307.1546,
g0123,WT,DMSO,0,24,2,294.8513,
g0123,WT,DMSO,0,24,3,269.5867,
g0123,mutant,drugA,2.5,6,1,184.162,
g0123,mutant,drugA,2.5,6,2,239.1079,
g0123,mutant,drugA,2.5,6,3,233.0977,
g0123,mutant,drugA,5,6,1,126.2779,
g0123,mutant,drugA,5,6,2,161.1728,
g0123,mutant,drugA,5,6,3,130.0513,
g0123,mutant,drugA,10,6,1,81.0497,
g0123,mutant,drugA,10,6,2,80.0811,
g0123,mutant,drugA,10,6,3,75.5684,
g0123,mutant,DMSO,0,6,1,282.4854,
g0123,mutant,DMSO,0,6,2,263.7765,
g0123,mutant,DMSO,0,6,3,257.1614,
g0123,mutant,drugA,2.5,24,1,128.9103,
g0123,mutant,drugA,2.5,24,2,168.2589,
g0123,mutant,drugA,2.5,24,3,132.0768,
g0123,mutant,drugA,5,24,1,71.9448,
g0123,mutant,drugA,5,24,2,74.1426,
g0123,mutant,drugA,5,24,3,86.2851,
g0123,mutant,drugA,10,24,1,23.5568,
g0123,mutant,drugA,10,24,2,18.8919,
g0123,mutant,drugA,10,24,3,18.9504,
g0123,mutant,DMSO,0,24,1,338.2794,
g0123,mutant,DMSO,0,24,2,298.2377,
g0123,mutant,DMSO,0,24,3,290.6244,
g0124,WT,drugA,2.5,6,1,978.9003,
g0124,WT,drugA,2.5,6,2,1012.064,
g0124,WT,drugA,2.5,6,3,1452.5121,
g0124,WT,drugA,5,6,1,1112.6727,
g0124,WT,drugA,5,6,2,1047.6627,
g0124,WT,drugA,5,6,3,989.1581,
g0124,WT,drugA,10,6,1,899.6327,
g0124,WT,drugA,10,6,2,1023.4347,
g0124,WT,drugA,10,6,3,874.081,
g0124,WT,DMSO,0,6,1,919.9584,
g0124,WT,DMSO,0,6,2,1109.3918,
g0124,WT,DMSO,0,6,3,1038.9776,
g0124,WT,drugA,2.5,24,1,1253.1457,
g0124,WT,drugA,2.5,24,2,1036.234,
g0124,WT,drugA,2.5,24,3,845.5372,
g0124,WT,drugA,5,24,1,982.0979,
g0124,WT,drugA,5,24,2,932.9789,
g0124,WT,drugA,5,24,3,943.4776,
g0124,WT,drugA,10,24,1,1009.2085,
g0124,WT,drugA,10,24,2,973.4351,
g0124,WT,drugA,10,24,3,1108.5028,
g0124,WT,DMSO,0,24,1,998.8324,
g0124,WT,DMSO,0,24,2,1024.6378,
g0124,WT,DMSO,0,24,3,1007.2285,
g0124,mutant,drugA,2.5,6,1,1049.978,
g0124,mutant,drugA,2.5,6,2,1028.9292,
g0124,mutant,drugA,2.5,6,3,1003.1711,
g0124,mutant,drugA,5,6,1,1072.2361,
g0124,mutant,drugA,5,6,2,958.7567,
g0124,mutant,drugA,5,6,3,1209.097,
g0124,mutant,drugA,10,6,1,969.9631,
g0124,mutant,drugA,10,6,2,1077.9456,
g0124,mutant,drugA,10,6,3,1194.6737,
g0124,mutant,DMSO,0,6,1,1030.2562,
g0124,mutant,DMSO,0,6,2,1124.6106,
g0124,mutant,DMSO,0,6,3,880.1903,
g0124,mutant,drugA,2.5,24,1,1081.8393,
g0124,mutant,drugA,2.5,24,2,1179.5477,
g0124,mutant,drugA,2.5,24,3,839.4385,
g0124,mutant,drugA,5,24,1,1015.1637,
g0124,mutant,drugA,5,24,2,981.8475,
g0124,mutant,drugA,5,24,3,1025.2694,
g0124,mutant,drugA,10,24,1,976.1183,
g0124,mutant,drugA,10,24,2,959.5562,
g0124,mutant,drugA,10,24,3,1243.9563,
g0124,mutant,DMSO,0,24,1,1085.1361,
g0124,mutant,DMSO,0,24,2,1021.5549,
g0124,mutant,DMSO,0,24,3,1088.9076,
g0125,WT,drugA,2.5,6,1,990.5558,
g0125,WT,drugA,2.5,6,2,1072.0932,
g0125,WT,drugA,2.5,6,3,1416.2289,
g0125,WT,drugA,5,6,1,1167.8594,
g0125,WT,drugA,5,6,2,1260.352,
g0125,WT,drugA,5,6,3,1208.7742,
g0125,WT,drugA,10,6,1,1117.5527,
g0125,WT,drugA,10,6,2,1126.8888,
g0125,WT,drugA,10,6,3,1518.5129,
g0125,WT,DMSO,0,6,1,1237.499,
g0125,WT,DMSO,0,6,2,1264.2417,
g0125,WT,DMSO,0,6,3,1268.9651,
g0125,WT,drugA,2.5,24,1,1089.6963,
g0125,WT,drugA,2.5,24,2,1147.7687,
g0125,WT,drugA,2.5,24,3,1080.9551,
g0125,WT,drugA,5,24,1,1112.9072,
g0125,WT,drugA,5,24,2,1159.6511,
g0125,WT,drugA,5,24,3,1345.2655,
g0125,WT,drugA,10,24,1,1389.4307,
g0125,WT,drugA,10,24,2,1170.636,
g0125,WT,drugA,10,24,3,1109.3165,
g0125,WT,DMSO,0,24,1,1214.5485,
g0125,WT,DMSO,0,24,2,1152.9993,
g0125,WT,DMSO,0,24,3,1419.4885,
g0125,mutant,drugA,2.5,6,1,1319.952,
g0125,mutant,drugA,2.5,6,2,1167.2164,
g0125,mutant,drugA,2.5,6,3,1140.8145,
g0125,mutant,drugA,5,6,1,1132.5606,
g0125,mutant,drugA,5,6,2,1341.1405,
g0125,mutant,drugA,5,6,3,1294.529,
g0125,mutant,drugA,10,6,1,1072.9645,
g0125,mutant,drugA,10,6,2,876.4359,
g0125,mutant,drugA,10,6,3,1324.2897,
g0125,mutant,DMSO,0,6,1,1385.5089,
g0125,mutant,DMSO,0,6,2,1098.5343,
g0125,mutant,DMSO,0,6,3,1373.2706,
g0125,mutant,drugA,2.5,24,1,1256.5288,
g0125,mutant,drugA,2.5,24,2,1216.9607,
g0125,mutant,drugA,2.5,24,3,1210.8491,
g0125,mutant,drugA,5,24,1,1324.0027,
g0125,mutant,drugA,5,24,2,1297.4717,
g0125,mutant,drugA,5,24,3,1178.2058,
g0125,mutant,drugA,10,24,1,1208.1976,
g0125,mutant,drugA,10,24,2,1146.1513,
g0125,mutant,drugA,10,24,3,1221.8038,
g0125,mutant,DMSO,0,24,1,1291.6988,
g0125,mutant,DMSO,0,24,3,1123.4787,
g0126,WT,drugA,2.5,6,1,746.754,
g0126,WT,drugA,2.5,6,2,745.2298,
g0126,WT,drugA,2.5,6,3,1105.142,
g0126,WT,drugA,5,6,1,844.0809,
g0126,WT,drugA,5,6,2,786.6136,
g0126,WT,drugA,5,6,3,863.0062,
g0126,WT,drugA,10,6,1,888.8004,
g0126,WT,drugA,10,6,2,709.1877,
g0126,WT,drugA,10,6,3,767.7594,
g0126,WT,DMSO,0,6,1,811.4181,
g0126,WT,DMSO,0,6,2,938.583,
g0126,WT,DMSO,0,6,3,751.9124,
g0126,WT,drugA,2.5,24,1,964.0705,
g0126,WT,drugA,2.5,24,2,769.7894,
g0126,WT,drugA,2.5,24,3,838.9656,
g0126,WT,drugA,5,24,1,676.5614,
g0126,WT,drugA,5,24,2,795.3205,
g0126,WT,drugA,5,24,3,854.9199,
g0126,WT,drugA,10,24,1,891.5389,
g0126,WT,drugA,10,24,2,805.5483,
g0126,WT,drugA,10,24,3,690.611,
g0126,WT,DMSO,0,24,1,1063.4372,
g0126,WT,DMSO,0,24,2,650.4559,
g0126,WT,DMSO,0,24,3,822.3915,
g0126,mutant,drugA,2.5,6,1,812.3847,
g0126,mutant,drugA,2.5,6,2,944.0741,
g0126,mutant,drugA,2.5,6,3,786.864,
g0126,mutant,drugA,5,6,1,800.993,
g0126,mutant,drugA,5,6,2,623.0177,
g0126,mutant,drugA,5,6,3,682.0362,
g0126,mutant,drugA,10,6,1,802.5882,
g0126,mutant,drugA,10,6,2,800.0698,
g0126,mutant,drugA,10,6,3,842.984,
g0126,mutant,DMSO,0,6,1,871.8659,
g0126,mutant,DMSO,0,6,2,828.7485,
g0126,mutant,DMSO,0,6,3,856.6938,
g0126,mutant,drugA,2.5,24,1,978.3368,
g0126,mutant,drugA,2.5,24,2,755.3448,
g0126,mutant,drugA,2.5,24,3,774.9408,
g0126,mutant,drugA,5,24,1,826.9948,
g0126,mutant,drugA,5,24,2,837.2008,
g0126,mutant,drugA,5,24,3,863.6898,
g0126,mutant,drugA,10,24,1,684.7325,
g0126,mutant,drugA,10,24,2,767.8167,
g0126,mutant,drugA,10,24,3,792.1129,
g0126,mutant,DMSO,0,24,1,761.3544,
g0126,mutant,DMSO,0,24,2,732.2265,
g0126,mutant,DMSO,0,24,3,821.613,
g0127,WT,drugA,2.5,6,1,98.9066,
g0127,WT,drugA,2.5,6,2,102.9724,
g0127,WT,drugA,2.5,6,3,104.434,
g0127,WT,drugA,5,6,1,99.2417,
g0127,WT,drugA,5,6,2,93.8509,
g0127,WT,drugA,5,6,3,84.9336,
g0127,WT,drugA,10,6,2,125.8061,
g0127,WT,drugA,10,6,3,93.8123,
g0127,WT,DMSO,0,6,1,110.9084,
g0127,WT,DMSO,0,6,2,107.2925,
g0127,WT,drugA,2.5,24,1,101.1511,
g0127,WT,drugA,2.5,24,2,100.2423,
g0127,WT,drugA,2.5,24,3,113.696,
g0127,WT,drugA,5,24,1,129.713,
g0127,WT,drugA,5,24,2,104.3333,
g0127,WT,drugA,5,24,3,130.1032,
g0127,WT,drugA,10,24,1,125.1874,
g0127,WT,drugA,10,24,2,122.1347,
g0127,WT,drugA,10,24,3,116.1165,
g0127,WT,DMSO,0,24,1,104.6346,
g0127,WT,DMSO,0,24,2,107.8919,
g0127,WT,DMSO,0,24,3,116.816,
g0127,mutant,drugA,2.5,6,1,137.4499,
g0127,mutant,drugA,2.5,6,2,121.3464,
g0127,mutant,drugA,2.5,6,3,87.4774,
g0127,mutant,drugA,5,6,1,113.8041,
g0127,mutant,drugA,5,6,2,119.5198,
g0127,mutant,drugA,5,6,3,91.5801,
g0127,mutant,drugA,10,6,1,93.0707,
g0127,mutant,drugA,10,6,2,103.0368,
g0127,mutant,drugA,10,6,3,112.3973,
g0127,mutant,DMSO,0,6,1,84.136,
g0127,mutant,DMSO,0,6,2,95.9648,
g0127,mutant,DMSO,0,6,3,125.4743,
g0127,mutant,drugA,2.5,24,1,123.3847,
g0127,mutant,drugA,2.5,24,2,127.634,
g0127,mutant,drugA,2.5,24,3,105.6492,
g0127,mutant,drugA,5,24,1,116.3873,
g0127,mutant,drugA,5,24,2,97.4242,
g0127,mutant,drugA,5,24,3,96.9658,
g0127,mutant,drugA,10,24,1,107.2235,
g0127,mutant,drugA,10,24,2,90.208,
g0127,mutant,drugA,10,24,3,101.6017,
g0127,mutant,DMSO,0,24,2,103.6935,
g0127,mutant,DMSO,0,24,3,109.9053,
g0128,WT,drugA,2.5,6,1,624.0915,
g0128,WT,drugA,2.5,6,2,506.4698,
g0128,WT,drugA,5,6,1,504.2583,
g0128,WT,drugA,5,6,2,505.394,
g0128,WT,drugA,5,6,3,555.9349,
g0128,WT,drugA,10,6,1,565.8287,
g0128,WT,drugA,10,6,2,523.5534,
g0128,WT,drugA,10,6,3,627.9982,
g0128,WT,DMSO,0,6,1,556.1711,
g0128,WT,DMSO,0,6,2,620.236,
g0128,WT,DMSO,0,6,3,585.211,
g0128,WT,drugA,2.5,24,1,575.4423,
g0128,WT,drugA,2.5,24,2,615.76,
g0128,WT,drugA,2.5,24,3,529.591,
g0128,WT,drugA,5,24,1,578.5263,
g0128,WT,drugA,5,24,2,511.3263,
g0128,WT,drugA,5,24,3,540.4157,
g0128,WT,drugA,10,24,1,604.6786,
g0128,WT,drugA,10,24,2,583.8863,
g0128,WT,drugA,10,24,3,564.2692,
g0128,WT,DMSO,0,24,1,614.8422,
g0128,WT,DMSO,0,24,2,567.2984,
g0128,WT,DMSO,0,24,3,618.9965,
g0128,mutant,drugA,2.5,6,1,491.1744,
g0128,mutant,drugA,2.5,6,2,628.3926,
g0128,mutant,drugA,2.5,6,3,571.9533,
g0128,mutant,drugA,5,6,1,533.3806,
g0128,mutant,drugA,5,6,2,620.8531,
g0128,mutant,drugA,5,6,3,642.2202,
g0128,mutant,drugA,10,6,1,633.8325,
g0128,mutant,drugA,10,6,2,612.987,
g0128,mutant,DMSO,0,6,1,621.3407,
g0128,mutant,DMSO,0,6,2,556.8985,
g0128,mutant,DMSO,0,6,3,576.232,
g0128,mutant,drugA,2.5,24,1,543.1214,
g0128,mutant,drugA,2.5,24,2,655.8746,
g0128,mutant,drugA,2.5,24,3,597.4494,
g0128,mutant,drugA,5,24,1,524.8085,
g0128,mutant,drugA,5,24,2,617.2092,
g0128,mutant,drugA,5,24,3,516.6601,
g0128,mutant,drugA,10,24,1,548.2931,
g0128,mutant,drugA,10,24,2,620.8842,
g0128,mutant,drugA,10,24,3,691.2364,
g0128,mutant,DMSO,0,24,1,639.0503,
g0128,mutant,DMSO,0,24,2,514.976,
g0128,mutant,DMSO,0,24,3,498.2839,
g0129,WT,drugA,2.5,6,1,380.0426,
g0129,WT,drugA,2.5,6,2,304.9498,
g0129,WT,drugA,2.5,6,3,328.2015,
g0129,WT,drugA,5,6,1,354.7717,
g0129,WT,drugA,5,6,2,361.4187,
g0129,WT,drugA,5,6,3,303.7535,
g0129,WT,drugA,10,6,1,362.887,
g0129,WT,drugA,10,6,2,335.7234,
g0129,WT,drugA,10,6,3,347.7492,
g0129,WT,DMSO,0,6,1,371.5073,
g0129,WT,DMSO,0,6,2,334.8467,
g0129,WT,DMSO,0,6,3,462.6961,
g0129,WT,drugA,2.5,24,1,308.3966,
g0129,WT,drugA,2.5,24,2,397.4927,
g0129,WT,drugA,2.5,24,3,346.3308,
g0129,WT,drugA,5,24,1,387.2475,
g0129,WT,drugA,5,24,2,417.0246,
g0129,WT,drugA,5,24,3,387.1451,
g0129,WT,drugA,10,24,1,287.8096,
g0129,WT,drugA,10,24,2,338.2949,
g0129,WT,drugA,10,24,3,289.8401,
g0129,WT,DMSO,0,24,1,277.9152,
g0129,WT,DMSO,0,24,2,364.2152,
g0129,WT,DMSO,0,24,3,333.5038,
g0129,mutant,drugA,2.5,6,1,327.6051,
g0129,mutant,drugA,2.5,6,2,342.2593,
g0129,mutant,drugA,2.5,6,3,304.7393,
g0129,mutant,drugA,5,6,1,316.9154,
g0129,mutant,drugA,5,6,2,348.4456,
g0129,mutant,drugA,5,6,3,341.8283,
g0129,mutant,drugA,10,6,1,342.5782,
g0129,mutant,drugA,10,6,2,318.8738,
g0129,mutant,drugA,10,6,3,295.6188,
g0129,mutant,DMSO,0,6,1,394.3528,
g0129,mutant,DMSO,0,6,2,375.9161,
g0129,mutant,DMSO,0,6,3,402.3739,
g0129,mutant,drugA,2.5,24,1,309.4995,
g0129,mutant,drugA,2.5,24,2,334.6644,
g0129,mutant,drugA,2.5,24,3,294.8827,
g0129,mutant,drugA,5,24,1,375.7488,
g0129,mutant,drugA,5,24,2,329.1049,
g0129,mutant,drugA,5,24,3,335.553,
g0129,mutant,drugA,10,24,1,375.7371,
g0129,mutant,drugA,10,24,2,298.0801,
g0129,mutant,drugA,10,24,3,380.8551,
g0129,mutant,DMSO,0,24,1,328.2315,
g0129,mutant,DMSO,0,24,2,344.0697,
g0129,mutant,DMSO,0,24,3,336.3023,
g0130,WT,drugA,2.5,6,1,452.7953,
g0130,WT,drugA,2.5,6,2,472.157,
g0130,WT,drugA,2.5,6,3,455.1922,
g0130,WT,drugA,5,6,1,512.482,
g0130,WT,drugA,5,6,2,533.8714,
g0130,WT,drugA,5,6,3,552.1001,
g0130,WT,drugA,10,6,1,482.9232,
g0130,WT,drugA,10,6,2,450.5176,
g0130,WT,drugA,10,6,3,642.712,
g0130,WT,DMSO,0,6,1,499.5956,
g0130,WT,DMSO,0,6,2,466.093,
g0130,WT,DMSO,0,6,3,476.7629,
g0130,WT,drugA,2.5,24,1,541.8306,
g0130,WT,drugA,2.5,24,2,536.8967,
g0130,WT,drugA,2.5,24,3,460.4764,
g0130,WT,drugA,5,24,1,552.1459,
g0130,WT,drugA,5,24,2,448.6649,
g0130,WT,drugA,5,24,3,569.9314,
g0130,WT,drugA,10,24,1,425.6228,
g0130,WT,drugA,10,24,2,521.5365,
g0130,WT,drugA,10,24,3,455.679,
g0130,WT,DMSO,0,24,1,567.0558,
g0130,WT,DMSO,0,24,2,437.5408,
g0130,WT,DMSO,0,24,3,500.1543,
g0130,mutant,drugA,2.5,6,1,510.0903,
g0130,mutant,drugA,2.5,6,2,462.3946,
g0130,mutant,drugA,2.5,6,3,496.9764,
g0130,mutant,drugA,5,6,1,456.0412,
g0130,mutant,drugA,5,6,2,508.5575,
g0130,mutant,drugA,5,6,3,526.2957,
g0130,mutant,drugA,10,6,1,564.8498,
g0130,mutant,drugA,10,6,2,567.448,
g0130,mutant,drugA,10,6,3,519.791,
g0130,mutant,DMSO,0,6,1,530.6099,
g0130,mutant,DMSO,0,6,2,541.8262,
g0130,mutant,DMSO,0,6,3,514.3905,
g0130,mutant,drugA,2.5,24,1,475.6496,
g0130,mutant,drugA,2.5,24,2,500.6141,
g0130,mutant,drugA,2.5,24,3,499.1594,
g0130,mutant,drugA,5,24,1,510.6059,
g0130,mutant,drugA,5,24,2,520.5295,
g0130,mutant,drugA,5,24,3,421.567,
g0130,mutant,drugA,10,24,1,413.7715,
g0130,mutant,drugA,10,24,2,531.4887,
g0130,mutant,drugA,10,24,3,457.7101,
g0130,mutant,DMSO,0,24,1,487.9999,
g0130,mutant,DMSO,0,24,2,471.1095,
g0130,mutant,DMSO,0,24,3,512.2357,
g0131,WT,drugA,2.5,6,1,366.1937,
g0131,WT,drugA,2.5,6,2,438.7725,
g0131,WT,drugA,2.5,6,3,379.3414,
g0131,WT,drugA,5,6,1,393.7627,
g0131,WT,drugA,5,6,2,443.2589,
g0131,WT,drugA,5,6,3,421.9808,
g0131,WT,drugA,10,6,2,473.2382,
g0131,WT,drugA,10,6,3,414.7218,
g0131,WT,DMSO,0,6,1,400.3006,
g0131,WT,DMSO,0,6,2,430.7034,
g0131,WT,DMSO,0,6,3,392.7745,
g0131,WT,drugA,2.5,24,1,374.4862,
g0131,WT,drugA,2.5,24,2,428.2567,
g0131,WT,drugA,2.5,24,3,351.0002,
g0131,WT,drugA,5,24,1,439.9026,
g0131,WT,drugA,5,24,2,509.1112,
g0131,WT,drugA,5,24,3,438.0425,
g0131,WT,drugA,10,24,2,448.1369,
g0131,WT,drugA,10,24,3,468.608,
g0131,WT,DMSO,0,24,1,343.4921,
g0131,WT,DMSO,0,24,2,452.3764,
g0131,WT,DMSO,0,24,3,472.1278,
g0131,mutant,drugA,2.5,6,1,434.6455,
g0131,mutant,drugA,2.5,6,2,429.2769,
g0131,mutant,drugA,2.5,6,3,442.1745,
g0131,mutant,drugA,5,6,1,422.3239,
g0131,mutant,drugA,5,6,2,499.5412,
g0131,mutant,drugA,5,6,3,409.6756,
g0131,mutant,drugA,10,6,1,472.8874,
g0131,mutant,drugA,10,6,2,411.8339,
g0131,mutant,drugA,10,6,3,472.2223,
g0131,mutant,DMSO,0,6,1,478.7568,
g0131,mutant,DMSO,0,6,2,418.0785,
g0131,mutant,DMSO,0,6,3,388.3437,
g0131,mutant,drugA,2.5,24,1,401.7176,
g0131,mutant,drugA,2.5,24,2,438.0244,
g0131,mutant,drugA,2.5,24,3,358.1642,
g0131,mutant,drugA,5,24,1,461.5132,
g0131,mutant,drugA,5,24,2,436.8919,
g0131,mutant,drugA,5,24,3,431.8311,
g0131,mutant,drugA,10,24,1,483.9593,
g0131,mutant,drugA,10,24,2,375.5151,
g0131,mutant,drugA,10,24,3,449.1486,
g0131,mutant,DMSO,0,24,1,485.5597,
g0131,mutant,DMSO,0,24,2,407.1646,
g0131,mutant,DMSO,0,24,3,376.598,
g0132,WT,drugA,2.5,6,1,1602.3187,
g0132,WT,drugA,2.5,6,2,1673.0622,
g0132,WT,drugA,2.5,6,3,1186.8478,
g0132,WT,drugA,5,6,1,1779.8851,
g0132,WT,drugA,5,6,2,1584.8684,
g0132,WT,drugA,5,6,3,1372.3226,
g0132,WT,drugA,10,6,1,1518.2238,
g0132,WT,drugA,10,6,2,1633.0428,
g0132,WT,drugA,10,6,3,1401.4087,
g0132,WT,DMSO,0,6,1,1351.8909,
g0132,WT,DMSO,0,6,2,1356.11,
g0132,WT,DMSO,0,6,3,1592.7828,
g0132,WT,drugA,2.5,24,1,1257.3183,
g0132,WT,drugA,2.5,24,2,1565.9494,
g0132,WT,drugA,2.5,24,3,1156.6939,
g0132,WT,drugA,5,24,1,1758.7338,
g0132,WT,drugA,5,24,2,1482.8691,
g0132,WT,drugA,5,24,3,1245.7821,
g0132,WT,drugA,10,24,1,1575.7505,
g0132,WT,drugA,10,24,2,1588.8317,
g0132,WT,drugA,10,24,3,1781.684,
g0132,WT,DMSO,0,24,1,1342.9804,
g0132,WT,DMSO,0,24,2,1719.4902,
g0132,WT,DMSO,0,24,3,1282.0957,
g0132,mutant,drugA,2.5,6,1,1340.7553,
g0132,mutant,drugA,2.5,6,3,1694.5705,
g0132,mutant,drugA,5,6,1,1387.6737,
g0132,mutant,drugA,5,6,2,1637.4694,
g0132,mutant,drugA,5,6,3,1380.5926,
g0132,mutant,drugA,10,6,1,1444.4143,
g0132,mutant,drugA,10,6,2,1574.2955,
g0132,mutant,drugA,10,6,3,1516.0508,
g0132,mutant,DMSO,0,6,1,1888.1047,
g0132,mutant,DMSO,0,6,2,1663.6694,
g0132,mutant,DMSO,0,6,3,1919.0728,
g0132,mutant,drugA,2.5,24,1,1397.8086,
g0132,mutant,drugA,2.5,24,2,1923.9355,
g0132,mutant,drugA,2.5,24,3,1568.7059,
g0132,mutant,drugA,5,24,1,1419.1011,
g0132,mutant,drugA,5,24,2,1708.3299,
g0132,mutant,drugA,5,24,3,1395.7061,
g0132,mutant,drugA,10,24,1,1781.4295,
g0132,mutant,drugA,10,24,2,1527.263,
g0132,mutant,drugA,10,24,3,1465.7403,
g0132,mutant,DMSO,0,24,1,1331.0331,
g0132,mutant,DMSO,0,24,2,1611.0971,
g0132,mutant,DMSO,0,24,3,1620.0992,
g0133,WT,drugA,2.5,6,1,9538.7393,
g0133,WT,drugA,2.5,6,2,8263.038,
g0133,WT,drugA,2.5,6,3,9066.8369,
g0133,WT,drugA,5,6,1,10854.2923,
g0133,WT,drugA,5,6,2,9408.9704,
g0133,WT,drugA,5,6,3,8615.1016,
g0133,WT,drugA,10,6,1,8445.917,
g0133,WT,drugA,10,6,2,9966.5134,
g0133,WT,drugA,10,6,3,8693.234,
g0133,WT,DMSO,0,6,1,9654.8779,
g0133,WT,DMSO,0,6,2,8375.6618,
g0133,WT,DMSO,0,6,3,9145.9273,
g0133,WT,drugA,2.5,24,1,8715.7919,
g0133,WT,drugA,2.5,24,2,10700.7063,
g0133,WT,drugA,2.5,24,3,8977.042,
g0133,WT,drugA,5,24,1,8928.5956,
g0133,WT,drugA,5,24,2,8276.7915,
g0133,WT,drugA,5,24,3,8745.1029,
g0133,WT,drugA,10,24,1,9903.5612,
g0133,WT,drugA,10,24,2,8785.4058,
g0133,WT,drugA,10,24,3,8876.7873,
g0133,WT,DMSO,0,24,1,9347.1183,
g0133,WT,DMSO,0,24,2,8756.3292,
g0133,WT,DMSO,0,24,3,9722.6033,
g0133,mutant,drugA,2.5,6,1,8590.4214,
g0133,mutant,drugA,2.5,6,2,8537.1715,
g0133,mutant,drugA,2.5,6,3,8971.8895,
g0133,mutant,drugA,5,6,1,8917.7444,
g0133,mutant,drugA,5,6,2,9221.6812,
g0133,mutant,drugA,5,6,3,7537.8006,
g0133,mutant,drugA,10,6,1,9543.4268,
g0133,mutant,drugA,10,6,2,8509.4529,
g0133,mutant,drugA,10,6,3,9914.3983,
g0133,mutant,DMSO,0,6,1,7962.6635,
g0133,mutant,DMSO,0,6,2,9211.2484,
g0133,mutant,DMSO,0,6,3,10607.0851,
g0133,mutant,drugA,2.5,24,1,8583.8718,
g0133,mutant,drugA,2.5,24,2,9227.1488,
g0133,mutant,drugA,2.5,24,3,9601.2048,
g0133,mutant,drugA,5,24,1,8116.3809,
g0133,mutant,drugA,5,24,2,8015.437,
g0133,mutant,drugA,10,24,1,9995.1912,
g0133,mutant,drugA,10,24,2,9199.9521,
g0133,mutant,drugA,10,24,3,10135.6393,
g0133,mutant,DMSO,0,24,1,8858.3146,
g0133,mutant,DMSO,0,24,2,8862.0041,
g0133,mutant,DMSO,0,24,3,8592.7798,
g0134,WT,drugA,2.5,6,1,525.5143,
g0134,WT,drugA,2.5,6,2,475.2014,
g0134,WT,drugA,2.5,6,3,511.6378,
g0134,WT,drugA,5,6,1,623.6617,
g0134,WT,drugA,5,6,2,626.221,
g0134,WT,drugA,5,6,3,566.6395,
g0134,WT,drugA,10,6,1,1050.5578,
g0134,WT,drugA,10,6,2,825.0378,
g0134,WT,drugA,10,6,3,822.7683,
g0134,WT,DMSO,0,6,1,383.5822,
g0134,WT,DMSO,0,6,2,430.2265,
g0134,WT,DMSO,0,6,3,387.85,
g0134,WT,drugA,2.5,24,1,686.4592,
g0134,WT,drugA,2.5,24,2,611.0799,
g0134,WT,drugA,2.5,24,3,622.2802,
g0134,WT,drugA,5,24,1,925.3752,
g0134,WT,drugA,5,24,2,906.0098,
g0134,WT,drugA,5,24,3,888.9914,
g0134,WT,drugA,10,24,1,1953.6532,
g0134,WT,drugA,10,24,2,1648.8615,
g0134,WT,drugA,10,24,3,1908.9499,
g0134,WT,DMSO,0,24,1,415.2129,
g0134,WT,DMSO,0,24,2,514.5108,
g0134,WT,DMSO,0,24,3,429.9625,
g0134,mutant,drugA,2.5,6,1,567.2434,
g0134,mutant,drugA,2.5,6,2,560.5919,
g0134,mutant,drugA,2.5,6,3,530.0199,
g0134,mutant,drugA,5,6,1,616.1698,
g0134,mutant,drugA,5,6,2,496.6063,
g0134,mutant,drugA,5,6,3,587.5846,
g0134,mutant,drugA,10,6,1,1048.7095,
g0134,mutant,drugA,10,6,2,923.262,
g0134,mutant,drugA,10,6,3,856.4793,
g0134,mutant,DMSO,0,6,1,391.0707,
g0134,mutant,DMSO,0,6,2,466.5957,
g0134,mutant,DMSO,0,6,3,450.9979,
g0134,mutant,drugA,2.5,24,1,572.5185,
g0134,mutant,drugA,2.5,24,2,627.338,
g0134,mutant,drugA,2.5,24,3,582.1311,
g0134,mutant,drugA,5,24,1,949.6871,
g0134,mutant,drugA,5,24,2,721.0422,
g0134,mutant,drugA,5,24,3,861.2196,
g0134,mutant,drugA,10,24,1,2028.8687,
g0134,mutant,drugA,10,24,2,1925.6068,
g0134,mutant,drugA,10,24,3,1404.5624,
g0134,mutant,DMSO,0,24,1,473.4688,
g0134,mutant,DMSO,0,24,2,448.0428,
g0134,mutant,DMSO,0,24,3,369.1707,
g0135,WT,drugA,2.5,6,1,256.8645,
g0135,WT,drugA,2.5,6,2,308.5249,
g0135,WT,drugA,2.5,6,3,357.1126,
g0135,WT,drugA,5,6,1,318.7522,
g0135,WT,drugA,5,6,2,338.2263,
g0135,WT,drugA,5,6,3,359.2498,
g0135,WT,drugA,10,6,2,279.7247,
g0135,WT,drugA,10,6,3,303.4989,
g0135,WT,DMSO,0,6,1,395.2354,
g0135,WT,DMSO,0,6,2,346.9755,
g0135,WT,DMSO,0,6,3,347.498,
g0135,WT,drugA,2.5,24,1,358.0981,
g0135,WT,drugA,2.5,24,2,276.2438,
g0135,WT,drugA,2.5,24,3,315.2969,
g0135,WT,drugA,5,24,1,343.5298,
g0135,WT,drugA,5,24,2,297.2796,
g0135,WT,drugA,5,24,3,321.6654,
g0135,WT,drugA,10,24,1,301.7054,
g0135,WT,drugA,10,24,2,291.7473,
g0135,WT,drugA,10,24,3,253.2532,
g0135,WT,DMSO,0,24,1,313.8336,
g0135,WT,DMSO,0,24,2,291.9518,
g0135,WT,DMSO,0,24,3,363.5718,
g0135,mutant,drugA,2.5,6,1,314.1559,
g0135,mutant,drugA,2.5,6,2,341.9961,
g0135,mutant,drugA,2.5,6,3,313.8622,
g0135,mutant,drugA,5,6,1,285.4476,
g0135,mutant,drugA,5,6,2,324.6192,
g0135,mutant,drugA,5,6,3,308.2633,
g0135,mutant,drugA,10,6,1,375.7426,
g0135,mutant,drugA,10,6,2,284.0215,
g0135,mutant,drugA,10,6,3,380.9888,
g0135,mutant,DMSO,0,6,1,292.0673,
g0135,mutant,DMSO,0,6,2,360.6595,
g0135,mutant,DMSO,0,6,3,309.5723,
g0135,mutant,drugA,2.5,24,1,338.0186,
g0135,mutant,drugA,2.5,24,2,242.2172,
g0135,mutant,drugA,2.5,24,3,311.3001,
g0135,mutant,drugA,5,24,1,310.4462,
g0135,mutant,drugA,5,24,2,288.7412,
g0135,mutant,drugA,5,24,3,289.6834,
g0135,mutant,drugA,10,24,1,279.6406,
g0135,mutant,drugA,10,24,2,268.1565,
g0135,mutant,drugA,10,24,3,291.4653,
g0135,mutant,DMSO,0,24,1,316.2302,
g0135,mutant,DMSO,0,24,3,303.4912,
g0136,WT,drugA,2.5,6,1,925.2898,
g0136,WT,drugA,2.5,6,2,914.4339,
g0136,WT,drugA,2.5,6,3,775.0137,
g0136,WT,drugA,5,6,1,791.0758,
g0136,WT,drugA,5,6,2,876.601,
g0136,WT,drugA,5,6,3,970.0722,
g0136,WT,drugA,10,6,1,1018.0022,
g0136,WT,drugA,10,6,2,1093.1781,
g0136,WT,drugA,10,6,3,1082.4327,
g0136,WT,DMSO,0,6,1,1097.7824,
g0136,WT,DMSO,0,6,2,1015.6321,
g0136,WT,DMSO,0,6,3,824.4779,
g0136,WT,drugA,2.5,24,1,989.4805,
g0136,WT,drugA,2.5,24,2,769.4401,
g0136,WT,drugA,2.5,24,3,874.4053,
g0136,WT,drugA,5,24,1,923.7085,
g0136,WT,drugA,5,24,2,832.7581,
g0136,WT,drugA,5,24,3,968.8637,
g0136,WT,drugA,10,24,1,921.871,
g0136,WT,drugA,10,24,2,1057.2168,
g0136,WT,drugA,10,24,3,891.0311,
g0136,WT,DMSO,0,24,1,995.456,
g0136,WT,DMSO,0,24,2,996.7866,
g0136,WT,DMSO,0,24,3,955.7342,
g0136,mutant,drugA,2.5,6,1,767.7866,
g0136,mutant,drugA,2.5,6,2,1159.3606,
g0136,mutant,drugA,2.5,6,3,863.5806,
g0136,mutant,drugA,5,6,1,902.5265,
g0136,mutant,drugA,5,6,2,935.4854,
g0136,mutant,drugA,5,6,3,944.9979,
g0136,mutant,drugA,10,6,1,997.267,
g0136,mutant,drugA,10,6,2,1104.2383,
g0136,mutant,drugA,10,6,3,891.9835,
g0136,mutant,DMSO,0,6,1,835.1908,
g0136,mutant,DMSO,0,6,2,1037.7073,
g0136,mutant,DMSO,0,6,3,891.4037,
g0136,mutant,drugA,2.5,24,1,881.6,
g0136,mutant,drugA,2.5,24,3,951.1737,
g0136,mutant,drugA,5,24,1,904.5861,
g0136,mutant,drugA,5,24,3,950.7644,
g0136,mutant,drugA,10,24,1,763.0181,
g0136,mutant,drugA,10,24,2,944.1923,
g0136,mutant,drugA,10,24,3,1044.5396,
g0136,mutant,DMSO,0,24,1,954.8317,
g0136,mutant,DMSO,0,24,2,1073.1336,
g0136,mutant,DMSO,0,24,3,864.7205,
g0137,WT,drugA,2.5,6,1,66.1612,
g0137,WT,drugA,2.5,6,2,75.7887,
g0137,WT,drugA,2.5,6,3,78.1265,
g0137,WT,drugA,5,6,1,64.5795,
g0137,WT,drugA,5,6,2,71.7488,
g0137,WT,drugA,5,6,3,85.1027,
g0137,WT,drugA,10,6,1,79.1695,
g0137,WT,drugA,10,6,2,69.9698,
g0137,WT,drugA,10,6,3,68.7945,
g0137,WT,DMSO,0,6,1,72.5173,
g0137,WT,DMSO,0,6,2,67.6967,
g0137,WT,DMSO,0,6,3,66.3345,
g0137,WT,drugA,2.5,24,1,77.7404,
g0137,WT,drugA,2.5,24,2,59.4765,
g0137,WT,drugA,2.5,24,3,74.2592,
g0137,WT,drugA,5,24,1,69.3528,
g0137,WT,drugA,5,24,2,88.7833,
g0137,WT,drugA,5,24,3,76.934,
g0137,WT,drugA,10,24,1,69.901,
g0137,WT,drugA,10,24,2,74.3767,
g0137,WT,drugA,10,24,3,75.8739,
g0137,WT,DMSO,0,24,1,73.9016,
g0137,WT,DMSO,0,24,2,65.9253,
g0137,WT,DMSO,0,24,3,66.2538,
g0137,mutant,drugA,2.5,6,1,73.784,
g0137,mutant,drugA,2.5,6,2,90.0289,
g0137,mutant,drugA,2.5,6,3,67.0826,
g0137,mutant,drugA,5,6,1,60.5174,
g0137,mutant,drugA,5,6,2,75.0775,
g0137,mutant,drugA,5,6,3,78.4811,
g0137,mutant,drugA,10,6,1,61.1146,
g0137,mutant,drugA,10,6,2,54.9327,
g0137,mutant,drugA,10,6,3,74.7739,
g0137,mutant,DMSO,0,6,1,68.6315,
g0137,mutant,DMSO,0,6,2,82.1528,
g0137,mutant,DMSO,0,6,3,65.1819,
g0137,mutant,drugA,2.5,24,1,62.7475,
g0137,mutant,drugA,2.5,24,2,73.6243,
g0137,mutant,drugA,2.5,24,3,63.7248,
g0137,mutant,drugA,5,24,1,68.9256,
g0137,mutant,drugA,5,24,2,73.9562,
g0137,mutant,drugA,5,24,3,66.8472,
g0137,mutant,drugA,10,24,1,72.728,
g0137,mutant,drugA,10,24,2,74.0396,
g0137,mutant,drugA,10,24,3,80.7936,
g0137,mutant,DMSO,0,24,1,71.3295,
g0137,mutant,DMSO,0,24,2,57.9213,
g0137,mutant,DMSO,0,24,3,71.7525,
g0138,WT,drugA,2.5,6,1,160.9495,
g0138,WT,drugA,2.5,6,2,187.3136,
g0138,WT,drugA,2.5,6,3,174.0196,
g0138,WT,drugA,5,6,1,191.8853,
g0138,WT,drugA,5,6,3,209.8316,
g0138,WT,drugA,10,6,1,164.9677,
g0138,WT,drugA,10,6,2,206.6868,
g0138,WT,drugA,10,6,3,225.7445,
g0138,WT,DMSO,0,6,1,172.7053,
g0138,WT,DMSO,0,6,2,237.0002,
g0138,WT,DMSO,0,6,3,186.4109,
g0138,WT,drugA,2.5,24,1,175.6389,
g0138,WT,drugA,2.5,24,2,219.9067,
g0138,WT,drugA,2.5,24,3,237.5873,
g0138,WT,drugA,5,24,1,188.1474,
g0138,WT,drugA,5,24,2,193.9391,
g0138,WT,drugA,5,24,3,216.2228,
g0138,WT,drugA,10,24,1,181.6092,
g0138,WT,drugA,10,24,2,208.4164,
g0138,WT,drugA,10,24,3,220.7611,
g0138,WT,DMSO,0,24,1,216.4522,
g0138,WT,DMSO,0,24,2,163.0019,
g0138,WT,DMSO,0,24,3,201.7528,
g0138,mutant,drugA,2.5,6,1,232.1536,
g0138,mutant,drugA,2.5,6,2,183.7509,
g0138,mutant,drugA,2.5,6,3,222.6548,
g0138,mutant,drugA,5,6,1,187.4028,
g0138,mutant,drugA,5,6,2,177.5207,
g0138,mutant,drugA,5,6,3,193.1329,
g0138,mutant,drugA,10,6,1,156.9021,
g0138,mutant,drugA,10,6,2,240.4103,
g0138,mutant,drugA,10,6,3,200.164,
g0138,mutant,DMSO,0,6,1,186.2817,
g0138,mutant,DMSO,0,6,2,180.3225,
g0138,mutant,DMSO,0,6,3,201.2655,
g0138,mutant,drugA,2.5,24,1,187.2026,
g0138,mutant,drugA,2.5,24,2,230.6232,
g0138,mutant,drugA,2.5,24,3,200.18,
g0138,mutant,drugA,5,24,2,218.3815,
g0138,mutant,drugA,5,24,3,205.6203,
g0138,mutant,drugA,10,24,1,188.4549,
g0138,mutant,drugA,10,24,2,206.456,
g0138,mutant,drugA,10,24,3,213.5429,
g0138,mutant,DMSO,0,24,1,173.0263,
g0138,mutant,DMSO,0,24,2,213.2253,
g0138,mutant,DMSO,0,24,3,200.5158,
g0139,WT,drugA,2.5,6,1,618.602,
g0139,WT,drugA,2.5,6,2,697.6746,
g0139,WT,drugA,2.5,6,3,601.9971,
g0139,WT,drugA,5,6,1,565.4852,
g0139,WT,drugA,5,6,2,770.3136,
g0139,WT,drugA,5,6,3,569.175,
g0139,WT,drugA,10,6,1,721.8715,
g0139,WT,drugA,10,6,2,598.4647,
g0139,WT,drugA,10,6,3,655.321,
g0139,WT,DMSO,0,6,1,619.2336,
g0139,WT,DMSO,0,6,2,562.3722,
g0139,WT,DMSO,0,6,3,566.0409,
g0139,WT,drugA,2.5,24,1,614.7052,
g0139,WT,drugA,2.5,24,2,594.4271,
g0139,WT,drugA,2.5,24,3,599.3008,
g0139,WT,drugA,5,24,1,619.3497,
g0139,WT,drugA,5,24,2,515.0804,
g0139,WT,drugA,5,24,3,606.4404,
g0139,WT,drugA,10,24,1,628.8719,
g0139,WT,drugA,10,24,2,544.9522,
g0139,WT,drugA,10,24,3,587.6806,
g0139,WT,DMSO,0,24,1,530.4841,
g0139,WT,DMSO,0,24,2,636.1656,
g0139,WT,DMSO,0,24,3,579.3392,
g0139,mutant,drugA,2.5,6,1,543.1478,
g0139,mutant,drugA,2.5,6,2,660.4349,
g0139,mutant,drugA,2.5,6,3,663.6446,
g0139,mutant,drugA,5,6,1,730.7488,
g0139,mutant,drugA,5,6,2,634.9064,
g0139,mutant,drugA,5,6,3,609.8927,
g0139,mutant,drugA,10,6,1,608.3759,
g0139,mutant,drugA,10,6,2,480.4602,
g0139,mutant,drugA,10,6,3,565.5407,
g0139,mutant,DMSO,0,6,1,757.5531,
g0139,mutant,DMSO,0,6,2,552.604,
g0139,mutant,DMSO,0,6,3,563.3414,
g0139,mutant,drugA,2.5,24,1,659.8926,
g0139,mutant,drugA,2.5,24,2,639.0419,
g0139,mutant,drugA,2.5,24,3,686.3817,
g0139,mutant,drugA,5,24,1,556.2733,
g0139,mutant,drugA,5,24,2,669.5815,
g0139,mutant,drugA,5,24,3,635.3663,
g0139,mutant,drugA,10,24,1,595.8512,
g0139,mutant,drugA,10,24,2,517.3091,
g0139,mutant,drugA,10,24,3,501.9584,
g0139,mutant,DMSO,0,24,1,620.0578,
g0139,mutant,DMSO,0,24,2,585.922,
g0139,mutant,DMSO,0,24,3,621.8691,
g0140,WT,drugA,2.5,6,1,221.2888,
g0140,WT,drugA,2.5,6,2,236.3352,
g0140,WT,drugA,2.5,6,3,220.2725,
g0140,WT,drugA,5,6,1,244.6759,
g0140,WT,drugA,5,6,2,215.9186,
g0140,WT,drugA,5,6,3,199.6187,
g0140,WT,drugA,10,6,1,253.3346,
g0140,WT,drugA,10,6,2,214.1752,
g0140,WT,drugA,10,6,3,236.821,
g0140,WT,DMSO,0,6,1,236.0249,
g0140,WT,DMSO,0,6,2,232.6795,
g0140,WT,DMSO,0,6,3,235.8872,
g0140,WT,drugA,2.5,24,1,196.8118,
g0140,WT,drugA,2.5,24,2,238.643,
g0140,WT,drugA,2.5,24,3,243.4567,
g0140,WT,drugA,5,24,1,204.2316,
g0140,WT,drugA,5,24,2,270.6565,
g0140,WT,drugA,5,24,3,207.5336,
g0140,WT,drugA,10,24,1,213.8769,
g0140,WT,drugA,10,24,2,209.4765,
g0140,WT,drugA,10,24,3,243.9142,
g0140,WT,DMSO,0,24,1,238.2134,
g0140,WT,DMSO,0,24,2,210.4755,
g0140,WT,DMSO,0,24,3,196.5421,
g0140,mutant,drugA,2.5,6,1,211.3629,
g0140,mutant,drugA,2.5,6,2,247.9669,
g0140,mutant,drugA,2.5,6,3,230.936,
g0140,mutant,drugA,5,6,1,213.0295,
g0140,mutant,drugA,5,6,2,226.7796,
g0140,mutant,drugA,5,6,3,273.7377,
g0140,mutant,drugA,10,6,1,237.0993,
g0140,mutant,drugA,10,6,2,199.2837,
g0140,mutant,drugA,10,6,3,247.6451,
g0140,mutant,DMSO,0,6,1,276.5628,
g0140,mutant,DMSO,0,6,2,235.8846,
g0140,mutant,DMSO,0,6,3,231.6589,
g0140,mutant,drugA,2.5,24,1,242.627,
g0140,mutant,drugA,2.5,24,2,199.4146,
g0140,mutant,drugA,2.5,24,3,234.3528,
g0140,mutant,drugA,5,24,1,239.6579,
g0140,mutant,drugA,5,24,2,226.3803,
g0140,mutant,drugA,5,24,3,174.0339,
g0140,mutant,drugA,10,24,1,216.99,
g0140,mutant,drugA,10,24,2,229.9319,
g0140,mutant,drugA,10,24,3,260.0293,
g0140,mutant,DMSO,0,24,1,249.472,
g0140,mutant,DMSO,0,24,2,200.7474,
g0140,mutant,DMSO,0,24,3,178.9042,
g0141,WT,drugA,2.5,6,1,50.5791,
g0141,WT,drugA,2.5,6,2,52.1466,
g0141,WT,drugA,2.5,6,3,51.4733,
g0141,WT,drugA,5,6,1,61.6484,
g0141,WT,drugA,5,6,2,56.7246,
g0141,WT,drugA,5,6,3,54.9228,
g0141,WT,drugA,10,6,1,53.0943,
g0141,WT,drugA,10,6,2,56.4609,
g0141,WT,drugA,10,6,3,55.5757,
g0141,WT,DMSO,0,6,2,53.6687,
g0141,WT,DMSO,0,6,3,50.8232,
g0141,WT,drugA,2.5,24,1,54.6488,
g0141,WT,drugA,2.5,24,2,70.49,
g0141,WT,drugA,2.5,24,3,58.007,
g0141,WT,drugA,5,24,1,51.9868,
g0141,WT,drugA,5,24,2,50.4472,
g0141,WT,drugA,5,24,3,54.1974,
g0141,WT,drugA,10,24,1,61.6719,
g0141,WT,drugA,10,24,2,60.7387,
g0141,WT,drugA,10,24,3,65.0799,
g0141,WT,DMSO,0,24,1,53.3381,
g0141,WT,DMSO,0,24,2,49.2731,
g0141,WT,DMSO,0,24,3,61.9171,
g0141,mutant,drugA,2.5,6,1,47.1338,
g0141,mutant,drugA,2.5,6,2,56.7784,
g0141,mutant,drugA,2.5,6,3,51.7432,
g0141,mutant,drugA,5,6,1,54.6797,
g0141,mutant,drugA,5,6,2,49.7871,
g0141,mutant,drugA,5,6,3,47.5927,
g0141,mutant,drugA,10,6,1,63.8953,
g0141,mutant,drugA,10,6,2,51.8152,
g0141,mutant,drugA,10,6,3,53.8603,
g0141,mutant,DMSO,0,6,1,64.9399,
g0141,mutant,DMSO,0,6,2,55.8113,
g0141,mutant,DMSO,0,6,3,64.6152,
g0141,mutant,drugA,2.5,24,1,61.8694,
g0141,mutant,drugA,2.5,24,2,55.1295,
g0141,mutant,drugA,2.5,24,3,63.1383,
g0141,mutant,drugA,5,24,1,53.6409,
g0141,mutant,drugA,5,24,2,58.5795,
g0141,mutant,drugA,5,24,3,74.663,
g0141,mutant,drugA,10,24,1,52.8259,
g0141,mutant,drugA,10,24,2,50.7352,
g0141,mutant,drugA,10,24,3,48.0267,
g0141,mutant,DMSO,0,24,1,51.2571,
g0141,mutant,DMSO,0,24,2,62.403,
g0141,mutant,DMSO,0,24,3,57.8929,
g0142,WT,drugA,2.5,6,1,257.4868,
g0142,WT,drugA,2.5,6,2,200.2653,
g0142,WT,drugA,2.5,6,3,214.1794,
g0142,WT,drugA,5,6,1,191.2278,
g0142,WT,drugA,5,6,2,251.426,
g0142,WT,drugA,5,6,3,215.1985,
g0142,WT,drugA,10,6,1,198.592,
g0142,WT,drugA,10,6,2,218.5523,
g0142,WT,drugA,10,6,3,217.4595,
g0142,WT,DMSO,0,6,1,209.8389,
g0142,WT,DMSO,0,6,2,241.1867,
g0142,WT,DMSO,0,6,3,212.5116,
g0142,WT,drugA,2.5,24,1,201.2369,
g0142,WT,drugA,2.5,24,2,215.5025,
g0142,WT,drugA,2.5,24,3,233.5824,
g0142,WT,drugA,5,24,1,258.4862,
g0142,WT,drugA,5,24,2,226.6049,
g0142,WT,drugA,5,24,3,201.1034,
g0142,WT,drugA,10,24,1,193.4688,
g0142,WT,drugA,10,24,2,181.8272,
g0142,WT,drugA,10,24,3,228.7945,
g0142,WT,DMSO,0,24,2,230.9319,
g0142,WT,DMSO,0,24,3,213.0662,
g0142,mutant,drugA,2.5,6,1,253.9069,
g0142,mutant,drugA,2.5,6,2,196.2201,
g0142,mutant,drugA,2.5,6,3,226.7821,
g0142,mutant,drugA,5,6,1,206.3049,
g0142,mutant,drugA,5,6,2,232.8686,
g0142,mutant,drugA,5,6,3,234.6525,
g0142,mutant,drugA,10,6,1,214.0572,
g0142,mutant,drugA,10,6,2,224.4799,
g0142,mutant,drugA,10,6,3,234.3098,
g0142,mutant,DMSO,0,6,1,216.1104,
g0142,mutant,DMSO,0,6,2,205.4876,
g0142,mutant,DMSO,0,6,3,196.9184,
g0142,mutant,drugA,2.5,24,1,263.2106,
g0142,mutant,drugA,2.5,24,2,208.8536,
g0142,mutant,drugA,2.5,24,3,228.4244,
g0142,mutant,drugA,5,24,1,191.7939,
g0142,mutant,drugA,5,24,2,196.1575,
g0142,mutant,drugA,5,24,3,259.3295,
g0142,mutant,drugA,10,24,1,240.8615,
g0142,mutant,drugA,10,24,2,201.2025,
g0142,mutant,drugA,10,24,3,232.764,
g0142,mutant,DMSO,0,24,1,245.8793,
g0142,mutant,DMSO,0,24,2,250.7402,
g0142,mutant,DMSO,0,24,3,234.2905,
g0143,WT,drugA,2.5,6,1,258.5737,
g0143,WT,drugA,2.5,6,2,247.3672,
g0143,WT,drugA,2.5,6,3,235.6816,
g0143,WT,drugA,5,6,1,284.4782,
g0143,WT,drugA,5,6,2,238.3494,
g0143,WT,drugA,5,6,3,222.7497,
g0143,WT,drugA,10,6,1,186.5522,
g0143,WT,drugA,10,6,2,235.1238,
g0143,WT,drugA,10,6,3,238.6145,
g0143,WT,DMSO,0,6,1,239.7205,
g0143,WT,DMSO,0,6,2,329.0307,
g0143,WT,DMSO,0,6,3,251.3208,
g0143,WT,drugA,2.5,24,1,296.6192,
g0143,WT,drugA,2.5,24,2,264.5147,
g0143,WT,drugA,2.5,24,3,225.1607,
g0143,WT,drugA,5,24,1,253.8371,
g0143,WT,drugA,5,24,2,255.4642,
g0143,WT,drugA,5,24,3,251.5524,
g0143,WT,drugA,10,24,1,263.9461,
g0143,WT,drugA,10,24,2,241.0505,
g0143,WT,drugA,10,24,3,323.9506,
g0143,WT,DMSO,0,24,1,240.8468,
g0143,WT,DMSO,0,24,2,275.5547,
g0143,WT,DMSO,0,24,3,287.7139,
g0143,mutant,drugA,2.5,6,1,243.8137,
g0143,mutant,drugA,2.5,6,2,293.2453,
g0143,mutant,drugA,2.5,6,3,258.4762,
g0143,mutant,drugA,5,6,1,257.5077,
g0143,mutant,drugA,5,6,2,251.4368,
g0143,mutant,drugA,5,6,3,272.3309,
g0143,mutant,drugA,10,6,1,275.1392,
g0143,mutant,drugA,10,6,2,251.3825,
g0143,mutant,drugA,10,6,3,287.0546,
g0143,mutant,DMSO,0,6,1,204.7136,
g0143,mutant,DMSO,0,6,2,226.5044,
g0143,mutant,DMSO,0,6,3,230.2481,
g0143,mutant,drugA,2.5,24,1,236.5935,
g0143,mutant,drugA,2.5,24,2,293.4748,
g0143,mutant,drugA,2.5,24,3,244.0172,
g0143,mutant,drugA,5,24,1,254.6089,
g0143,mutant,drugA,5,24,2,285.29,
g0143,mutant,drugA,5,24,3,237.2357,
g0143,mutant,drugA,10,24,1,267.8084,
g0143,mutant,drugA,10,24,2,265.6344,
g0143,mutant,drugA,10,24,3,325.0094,
g0143,mutant,DMSO,0,24,1,281.8659,
g0143,mutant,DMSO,0,24,2,231.5576,
g0143,mutant,DMSO,0,24,3,241.5566,
g0144,WT,drugA,2.5,6,1,579.2757,
g0144,WT,drugA,2.5,6,2,574.2804,
g0144,WT,drugA,2.5,6,3,486.1354,
g0144,WT,drugA,5,6,1,570.5479,
g0144,WT,drugA,5,6,2,694.2061,
g0144,WT,drugA,5,6,3,614.9148,
g0144,WT,drugA,10,6,1,595.8953,
g0144,WT,drugA,10,6,2,620.1418,
g0144,WT,drugA,10,6,3,600.7201,
g0144,WT,DMSO,0,6,1,546.6926,
g0144,WT,DMSO,0,6,2,521.6842,
g0144,WT,DMSO,0,6,3,521.4383,
g0144,WT,drugA,2.5,24,1,546.5523,
g0144,WT,drugA,2.5,24,2,529.6329,
g0144,WT,drugA,2.5,24,3,551.1557,
g0144,WT,drugA,5,24,1,630.5728,
g0144,WT,drugA,5,24,2,535.8943,
g0144,WT,drugA,5,24,3,621.7814,
g0144,WT,drugA,10,24,1,547.8356,
g0144,WT,drugA,10,24,2,589.3595,
g0144,WT,drugA,10,24,3,622.3457,
g0144,WT,DMSO,0,24,1,624.3806,
g0144,WT,DMSO,0,24,2,456.1777,
g0144,WT,DMSO,0,24,3,655.1053,
g0144,mutant,drugA,2.5,6,1,630.8957,
g0144,mutant,drugA,2.5,6,2,600.5966,
g0144,mutant,drugA,2.5,6,3,532.2401,
g0144,mutant,drugA,5,6,1,533.9957,
g0144,mutant,drugA,5,6,2,648.6429,
g0144,mutant,drugA,5,6,3,564.8707,
g0144,mutant,drugA,10,6,1,508.8094,
g0144,mutant,drugA,10,6,2,485.2486,
g0144,mutant,drugA,10,6,3,564.7997,
g0144,mutant,DMSO,0,6,1,535.1626,
g0144,mutant,DMSO,0,6,2,572.9779,
g0144,mutant,DMSO,0,6,3,508.8116,
g0144,mutant,drugA,2.5,24,1,491.909,
g0144,mutant,drugA,2.5,24,2,496.7881,
g0144,mutant,drugA,2.5,24,3,680.4092,
g0144,mutant,drugA,5,24,1,586.4723,
g0144,mutant,drugA,5,24,2,596.6148,
g0144,mutant,drugA,5,24,3,811.2348,
g0144,mutant,drugA,10,24,1,584.7973,
g0144,mutant,drugA,10,24,2,494.8898,
g0144,mutant,drugA,10,24,3,511.469,
g0144,mutant,DMSO,0,24,1,642.3145,
g0144,mutant,DMSO,0,24,2,625.5989,
g0144,mutant,DMSO,0,24,3,521.5216,
g0145,WT,drugA,2.5,6,1,980.0861,
g0145,WT,drugA,2.5,6,2,959.8516,
g0145,WT,drugA,2.5,6,3,1083.6259,
g0145,WT,drugA,5,6,1,990.6212,
g0145,WT,drugA,5,6,2,1137.302,
g0145,WT,drugA,5,6,3,989.0007,
g0145,WT,drugA,10,6,1,982.1965,
g0145,WT,drugA,10,6,2,1081.0193,
g0145,WT,drugA,10,6,3,944.4515,
g0145,WT,DMSO,0,6,1,1210.466,
g0145,WT,DMSO,0,6,2,1063.9453,
g0145,WT,DMSO,0,6,3,953.9116,
g0145,WT,drugA,2.5,24,1,1190.6895,
g0145,WT,drugA,2.5,24,2,824.037,
g0145,WT,drugA,2.5,24,3,1256.2694,
g0145,WT,drugA,5,24,1,879.2836,
g0145,WT,drugA,5,24,2,1102.4372,
g0145,WT,drugA,5,24,3,1139.9978,
g0145,WT,drugA,10,24,1,1074.5646,
g0145,WT,drugA,10,24,2,1068.5527,
g0145,WT,drugA,10,24,3,881.5716,
g0145,WT,DMSO,0,24,1,906.5457,
g0145,WT,DMSO,0,24,2,945.5446,
g0145,WT,DMSO,0,24,3,966.4463,
g0145,mutant,drugA,2.5,6,1,881.7742,
g0145,mutant,drugA,2.5,6,2,1047.1837,
g0145,mutant,drugA,2.5,6,3,1273.2249,
g0145,mutant,drugA,5,6,1,1134.9213,
g0145,mutant,drugA,5,6,2,1100.7939,
g0145,mutant,drugA,5,6,3,993.0938,
g0145,mutant,drugA,10,6,1,1157.9801,
g0145,mutant,drugA,10,6,2,948.7899,
g0145,mutant,drugA,10,6,3,1000.3551,
g0145,mutant,DMSO,0,6,1,950.4587,
g0145,mutant,DMSO,0,6,2,1044.9644,
g0145,mutant,DMSO,0,6,3,1010.7288,
g0145,mutant,drugA,2.5,24,1,1060.4196,
g0145,mutant,drugA,2.5,24,2,971.493,
g0145,mutant,drugA,2.5,24,3,975.7783,
g0145,mutant,drugA,5,24,1,914.1867,
g0145,mutant,drugA,5,24,2,897.7542,
g0145,mutant,drugA,5,24,3,1040.0341,
g0145,mutant,drugA,10,24,2,943.465,
g0145,mutant,drugA,10,24,3,854.3308,
g0145,mutant,DMSO,0,24,1,1094.1393,
g0145,mutant,DMSO,0,24,2,995.8469,
g0145,mutant,DMSO,0,24,3,984.9571,
g0146,WT,drugA,2.5,6,1,710.3769,
g0146,WT,drugA,2.5,6,2,716.5533,
g0146,WT,drugA,2.5,6,3,515.0317,
g0146,WT,drugA,5,6,1,633.1963,
g0146,WT,drugA,5,6,2,666.7609,
g0146,WT,drugA,5,6,3,553.0856,
g0146,WT,drugA,10,6,1,513.3027,
g0146,WT,drugA,10,6,2,444.5629,
g0146,WT,drugA,10,6,3,447.2447,
g0146,WT,DMSO,0,6,1,711.8852,
g0146,WT,DMSO,0,6,2,848.3204,
g0146,WT,DMSO,0,6,3,795.8723,
g0146,WT,drugA,2.5,24,1,603.8196,
g0146,WT,drugA,2.5,24,2,497.741,
g0146,WT,drugA,2.5,24,3,649.4124,
g0146,WT,drugA,5,24,1,474.251,
g0146,WT,drugA,5,24,2,408.6227,
g0146,WT,drugA,5,24,3,536.5299,
g0146,WT,drugA,10,24,1,292.3284,
g0146,WT,drugA,10,24,2,290.6743,
g0146,WT,drugA,10,24,3,275.9424,
g0146,WT,DMSO,0,24,1,852.5349,
g0146,WT,DMSO,0,24,2,723.3897,
g0146,WT,DMSO,0,24,3,843.0981,
g0146,mutant,drugA,2.5,6,1,589.0053,
g0146,mutant,drugA,2.5,6,2,683.9228,
g0146,mutant,drugA,2.5,6,3,706.7674,
g0146,mutant,drugA,5,6,2,573.2143,
g0146,mutant,drugA,5,6,3,663.0615,
g0146,mutant,drugA,10,6,1,457.7551,
g0146,mutant,drugA,10,6,2,428.9372,
g0146,mutant,drugA,10,6,3,448.5502,
g0146,mutant,DMSO,0,6,1,964.0297,
g0146,mutant,DMSO,0,6,2,830.954,
g0146,mutant,DMSO,0,6,3,658.1787,
g0146,mutant,drugA,2.5,24,1,500.1575,
g0146,mutant,drugA,2.5,24,2,697.5419,
g0146,mutant,drugA,2.5,24,3,620.2771,
g0146,mutant,drugA,5,24,1,496.133,
g0146,mutant,drugA,5,24,2,535.0901,
g0146,mutant,drugA,5,24,3,496.9452,
g0146,mutant,drugA,10,24,1,290.1296,
g0146,mutant,drugA,10,24,2,274.3655,
g0146,mutant,drugA,10,24,3,266.9842,
g0146,mutant,DMSO,0,24,1,714.6165,
g0146,mutant,DMSO,0,24,2,678.5209,
g0146,mutant,DMSO,0,24,3,871.6495,
g0147,WT,drugA,2.5,6,1,1096.2801,
g0147,WT,drugA,2.5,6,2,1046.5824,
g0147,WT,drugA,2.5,6,3,1303.7258,
g0147,WT,drugA,5,6,1,1160.8034,
g0147,WT,drugA,5,6,2,1172.0921,
g0147,WT,drugA,5,6,3,1238.5263,
g0147,WT,drugA,10,6,1,1595.3947,
g0147,WT,drugA,10,6,2,1007.9174,
g0147,WT,drugA,10,6,3,1322.1757,
g0147,WT,DMSO,0,6,1,1029.5821,
g0147,WT,DMSO,0,6,2,1199.6971,
g0147,WT,DMSO,0,6,3,1247.7137,
g0147,WT,drugA,2.5,24,1,1129.8005,
g0147,WT,drugA,2.5,24,2,967.2161,
g0147,WT,drugA,2.5,24,3,1037.8651,
g0147,WT,drugA,5,24,1,988.0266,
g0147,WT,drugA,5,24,2,1258.845,
g0147,WT,drugA,5,24,3,1170.767,
g0147,WT,drugA,10,24,1,1184.6477,
g0147,WT,drugA,10,24,2,1359.4776,
g0147,WT,drugA,10,24,3,1099.4309,
g0147,WT,DMSO,0,24,1,1078.2107,
g0147,WT,DMSO,0,24,2,1301.4885,
g0147,WT,DMSO,0,24,3,1112.6177,
g0147,mutant,drugA,2.5,6,1,1129.6247,
g0147,mutant,drugA,2.5,6,2,1312.9992,
g0147,mutant,drugA,2.5,6,3,1090.9974,
g0147,mutant,drugA,5,6,1,1078.2571,
g0147,mutant,drugA,5,6,2,1134.1884,
g0147,mutant,drugA,5,6,3,1231.3029,
g0147,mutant,drugA,10,6,1,1049.8985,
g0147,mutant,drugA,10,6,2,1077.1844,
g0147,mutant,drugA,10,6,3,1194.6312,
g0147,mutant,DMSO,0,6,1,1258.6423,
g0147,mutant,DMSO,0,6,2,1229.731,
g0147,mutant,DMSO,0,6,3,1127.6825,
g0147,mutant,drugA,2.5,24,1,1247.9333,
g0147,mutant,drugA,2.5,24,2,1238.6858,
g0147,mutant,drugA,2.5,24,3,966.2316,
g0147,mutant,drugA,5,24,2,1263.0274,
g0147,mutant,drugA,5,24,3,1218.1076,
g0147,mutant,drugA,10,24,1,1235.7367,
g0147,mutant,drugA,10,24,2,1296.5316,
g0147,mutant,drugA,10,24,3,1175.3326,
g0147,mutant,DMSO,0,24,1,1401.6771,
g0147,mutant,DMSO,0,24,2,1408.6864,
g0147,mutant,DMSO,0,24,3,1144.9306,
g0148,WT,drugA,2.5,6,1,806.1766,
g0148,WT,drugA,2.5,6,2,767.1563,
g0148,WT,drugA,2.5,6,3,900.9656,
g0148,WT,drugA,5,6,1,818.8658,
g0148,WT,drugA,5,6,2,686.865,
g0148,WT,drugA,5,6,3,718.4522,
g0148,WT,drugA,10,6,1,762.4785,
g0148,WT,drugA,10,6,2,904.8663,
g0148,WT,drugA,10,6,3,762.8842,
g0148,WT,DMSO,0,6,2,859.6382,
g0148,WT,DMSO,0,6,3,667.3998,
g0148,WT,drugA,2.5,24,1,814.0776,
g0148,WT,drugA,2.5,24,2,833.4649,
g0148,WT,drugA,2.5,24,3,736.6481,
g0148,WT,drugA,5,24,1,737.2738,
g0148,WT,drugA,5,24,2,669.0508,
g0148,WT,drugA,5,24,3,881.2005,
g0148,WT,drugA,10,24,1,698.3646,
g0148,WT,drugA,10,24,2,916.8405,
g0148,WT,DMSO,0,24,1,961.0674,
g0148,WT,DMSO,0,24,2,872.478,
g0148,WT,DMSO,0,24,3,830.6645,
g0148,mutant,drugA,2.5,6,1,888.7586,
g0148,mutant,drugA,2.5,6,2,774.5817,
g0148,mutant,drugA,2.5,6,3,958.7714,
g0148,mutant,drugA,5,6,1,800.5524,
g0148,mutant,drugA,5,6,2,722.0043,
g0148,mutant,drugA,5,6,3,772.4101,
g0148,mutant,drugA,10,6,1,794.2308,
g0148,mutant,drugA,10,6,2,798.6966,
g0148,mutant,drugA,10,6,3,674.4097,
g0148,mutant,DMSO,0,6,1,759.7541,
g0148,mutant,DMSO,0,6,2,830.2232,
g0148,mutant,DMSO,0,6,3,711.6132,
g0148,mutant,drugA,2.5,24,1,807.833,
g0148,mutant,drugA,2.5,24,2,919.9548,
g0148,mutant,drugA,2.5,24,3,695.365,
g0148,mutant,drugA,5,24,1,696.1277,
g0148,mutant,drugA,5,24,2,791.803,
g0148,mutant,drugA,5,24,3,749.7043,
g0148,mutant,drugA,10,24,1,851.8045,
g0148,mutant,drugA,10,24,2,801.7093,
g0148,mutant,drugA,10,24,3,767.44,
g0148,mutant,DMSO,0,24,1,684.5789,
g0148,mutant,DMSO,0,24,2,827.0958,
g0148,mutant,DMSO,0,24,3,755.7716,
g0149,WT,drugA,2.5,6,1,2899.4953,
g0149,WT,drugA,2.5,6,2,2977.1605,
g0149,WT,drugA,2.5,6,3,2845.7598,
g0149,WT,drugA,5,6,1,2170.2919,
g0149,WT,drugA,5,6,2,2603.2535,
g0149,WT,drugA,5,6,3,2309.0423,
g0149,WT,drugA,10,6,1,1518.9479,
g0149,WT,drugA,10,6,2,1703.1198,
g0149,WT,drugA,10,6,3,1762.5294,
g0149,WT,DMSO,0,6,1,3245.7089,
g0149,WT,DMSO,0,6,2,3397.358,
g0149,WT,DMSO,0,6,3,3536.4211,
g0149,WT,drugA,2.5,24,1,2846.6131,
g0149,WT,drugA,2.5,24,2,2758.0587,
g0149,WT,drugA,2.5,24,3,2513.8155,
g0149,WT,drugA,5,24,2,1564.8092,
g0149,WT,drugA,5,24,3,1809.1684,
g0149,WT,drugA,10,24,1,726.5139,
g0149,WT,drugA,10,24,2,724.1394,
g0149,WT,drugA,10,24,3,798.8311,
g0149,WT,DMSO,0,24,1,3148.3125,
g0149,WT,DMSO,0,24,2,3245.3833,
g0149,WT,DMSO,0,24,3,4467.9614,
g0149,mutant,drugA,2.5,6,1,3743.7098,
g0149,mutant,drugA,2.5,6,2,2788.1795,
g0149,mutant,drugA,2.5,6,3,3438.9128,
g0149,mutant,drugA,5,6,2,2313.0608,
g0149,mutant,drugA,5,6,3,2505.2424,
g0149,mutant,drugA,10,6,1,1609.2991,
g0149,mutant,drugA,10,6,2,1511.9485,
g0149,mutant,drugA,10,6,3,1581.9286,
g0149,mutant,DMSO,0,6,1,3834.8123,
g0149,mutant,DMSO,0,6,2,4718.2582,
g0149,mutant,DMSO,0,6,3,3478.0156,
g0149,mutant,drugA,2.5,24,1,2439.0412,
g0149,mutant,drugA,2.5,24,2,2559.7314,
g0149,mutant,drugA,2.5,24,3,2748.4853,
g0149,mutant,drugA,5,24,1,1369.834,
g0149,mutant,drugA,5,24,2,1471.0337,
g0149,mutant,drugA,5,24,3,1625.6097,
g0149,mutant,drugA,10,24,1,662.811,
g0149,mutant,drugA,10,24,2,634.5279,
g0149,mutant,drugA,10,24,3,614.4794,
g0149,mutant,DMSO,0,24,1,3982.6708,
g0149,mutant,DMSO,0,24,2,4547.664,
g0149,mutant,DMSO,0,24,3,4444.151,
g0150,WT,drugA,2.5,6,1,995.6222,
g0150,WT,drugA,2.5,6,2,871.9426,
g0150,WT,drugA,2.5,6,3,808.5391,
g0150,WT,drugA,5,6,1,856.7405,
g0150,WT,drugA,5,6,2,1018.8078,
g0150,WT,drugA,5,6,3,766.5368,
g0150,WT,drugA,10,6,1,1146.6581,
g0150,WT,drugA,10,6,2,661.6426,
g0150,WT,drugA,10,6,3,738.1976,
g0150,WT,DMSO,0,6,1,711.2434,
g0150,WT,DMSO,0,6,2,1015.8369,
g0150,WT,DMSO,0,6,3,1017.6681,
g0150,WT,drugA,2.5,24,1,845.2402,
g0150,WT,drugA,2.5,24,2,1017.6171,
g0150,WT,drugA,2.5,24,3,913.9436,
g0150,WT,drugA,5,24,1,778.6305,
g0150,WT,drugA,5,24,2,934.969,
g0150,WT,drugA,5,24,3,744.5877,
g0150,WT,drugA,10,24,1,882.6925,
g0150,WT,drugA,10,24,2,917.2501,
g0150,WT,drugA,10,24,3,610.042,
g0150,WT,DMSO,0,24,1,882.1967,
g0150,WT,DMSO,0,24,2,956.4519,
g0150,WT,DMSO,0,24,3,906.3325,
g0150,mutant,drugA,2.5,6,1,842.8082,
g0150,mutant,drugA,2.5,6,2,742.5278,
g0150,mutant,drugA,2.5,6,3,793.9064,
g0150,mutant,drugA,5,6,1,901.0141,
g0150,mutant,drugA,5,6,2,867.5005,
g0150,mutant,drugA,5,6,3,760.7254,
g0150,mutant,drugA,10,6,1,976.286,
g0150,mutant,drugA,10,6,2,921.2948,
g0150,mutant,drugA,10,6,3,982.3974,
g0150,mutant,DMSO,0,6,1,806.0506,
g0150,mutant,DMSO,0,6,2,795.633,
g0150,mutant,DMSO,0,6,3,832.6391,
g0150,mutant,drugA,2.5,24,1,704.3505,
g0150,mutant,drugA,2.5,24,2,800.2936,
g0150,mutant,drugA,2.5,24,3,862.0573,
g0150,mutant,drugA,5,24,1,767.7474,
g0150,mutant,drugA,5,24,2,782.8103,
g0150,mutant,drugA,5,24,3,984.9339,
g0150,mutant,drugA,10,24,1,837.2635,
g0150,mutant,drugA,10,24,2,837.5465,
g0150,mutant,drugA,10,24,3,837.0226,
g0150,mutant,DMSO,0,24,1,858.6777,
g0150,mutant,DMSO,0,24,2,929.7584,
g0150,mutant,DMSO,0,24,3,807.8978,
g0151,WT,drugA,2.5,6,1,308.7141,
g0151,WT,drugA,2.5,6,2,282.06,
g0151,WT,drugA,5,6,1,252.9374,
g0151,WT,drugA,5,6,2,279.9359,
g0151,WT,drugA,5,6,3,257.9283,
g0151,WT,drugA,10,6,1,144.6715,
g0151,WT,drugA,10,6,2,139.33,
g0151,WT,drugA,10,6,3,208.6857,
g0151,WT,DMSO,0,6,1,336.5273,
g0151,WT,DMSO,0,6,2,396.0384,
g0151,WT,DMSO,0,6,3,351.0272,
g0151,WT,drugA,2.5,24,1,262.3202,
g0151,WT,drugA,2.5,24,2,207.0237,
g0151,WT,drugA,2.5,24,3,218.1638,
g0151,WT,drugA,5,24,1,173.4918,
g0151,WT,drugA,5,24,2,189.3882,
g0151,WT,drugA,5,24,3,161.5867,
g0151,WT,drugA,10,24,1,61.7016,
g0151,WT,drugA,10,24,2,60.8408,
g0151,WT,drugA,10,24,3,67.2905,
g0151,WT,DMSO,0,24,1,389.8805,
g0151,WT,DMSO,0,24,2,446.0634,
g0151,WT,DMSO,0,24,3,328.8003,
g0151,mutant,drugA,2.5,6,1,248.3549,
g0151,mutant,drugA,2.5,6,2,258.3963,
g0151,mutant,drugA,2.5,6,3,271.3591,
g0151,mutant,drugA,5,6,1,162.1073,
g0151,mutant,drugA,5,6,2,164.1774,
g0151,mutant,drugA,5,6,3,146.1368,
g0151,mutant,drugA,10,6,1,80.69,
g0151,mutant,drugA,10,6,2,75.2307,
g0151,mutant,drugA,10,6,3,79.9346,
g0151,mutant,DMSO,0,6,1,351.8933,
g0151,mutant,DMSO,0,6,2,409.2046,
g0151,mutant,DMSO,0,6,3,383.7749,
g0151,mutant,drugA,2.5,24,1,200.1131,
g0151,mutant,drugA,2.5,24,2,235.5893,
g0151,mutant,drugA,2.5,24,3,201.5845,
g0151,mutant,drugA,5,24,1,75.8554,
g0151,mutant,drugA,5,24,2,74.4548,
g0151,mutant,drugA,5,24,3,89.2813,
g0151,mutant,drugA,10,24,1,14.5784,
g0151,mutant,drugA,10,24,2,16.3727,
g0151,mutant,drugA,10,24,3,16.5868,
g0151,mutant,DMSO,0,24,1,390.4537,
g0151,mutant,DMSO,0,24,2,385.6118,
g0151,mutant,DMSO,0,24,3,389.3297,
g0152,WT,drugA,2.5,6,1,3250.9934,
g0152,WT,drugA,2.5,6,2,2868.2105,
g0152,WT,drugA,2.5,6,3,3267.8305,
g0152,WT,drugA,5,6,1,2718.0954,
g0152,WT,drugA,5,6,2,3281.8203,
g0152,WT,drugA,5,6,3,2974.4478,
g0152,WT,drugA,10,6,1,2070.2941,
g0152,WT,drugA,10,6,2,2416.229,
g0152,WT,drugA,10,6,3,2570.8577,
g0152,WT,DMSO,0,6,1,3850.6877,
g0152,WT,DMSO,0,6,2,3498.006,
g0152,WT,DMSO,0,6,3,3582.8884,
g0152,WT,drugA,2.5,24,1,2673.0933,
g0152,WT,drugA,2.5,24,2,3130.7568,
g0152,WT,drugA,2.5,24,3,2976.924,
g0152,WT,drugA,5,24,1,2385.1984,
g0152,WT,drugA,5,24,2,2352.5515,
g0152,WT,drugA,5,24,3,2391.3756,
g0152,WT,drugA,10,24,1,1996.6148,
g0152,WT,drugA,10,24,2,1806.3923,
g0152,WT,drugA,10,24,3,1944.883,
g0152,WT,DMSO,0,24,1,3623.0744,
g0152,WT,DMSO,0,24,2,3413.1935,
g0152,WT,DMSO,0,24,3,3217.5731,
g0152,mutant,drugA,2.5,6,1,3458.319,
g0152,mutant,drugA,2.5,6,2,2968.7978,
g0152,mutant,drugA,2.5,6,3,3243.969,
g0152,mutant,drugA,5,6,1,3733.1662,
g0152,mutant,drugA,5,6,2,3291.7851,
g0152,mutant,drugA,5,6,3,3032.5837,
g0152,mutant,drugA,10,6,1,2102.1033,
g0152,mutant,drugA,10,6,2,3189.1918,
g0152,mutant,drugA,10,6,3,2461.8172,
g0152,mutant,DMSO,0,6,1,3956.5729,
g0152,mutant,DMSO,0,6,2,3568.3527,
g0152,mutant,DMSO,0,6,3,3093.4074,
g0152,mutant,drugA,2.5,24,1,2774.9369,
g0152,mutant,drugA,2.5,24,3,3137.2893,
g0152,mutant,drugA,5,24,1,2735.633,
g0152,mutant,drugA,5,24,2,2596.3556,
g0152,mutant,drugA,5,24,3,2544.473,
g0152,mutant,drugA,10,24,1,1648.7623,
g0152,mutant,drugA,10,24,2,1594.0333,
g0152,mutant,drugA,10,24,3,2332.9125,
g0152,mutant,DMSO,0,24,1,3940.7869,
g0152,mutant,DMSO,0,24,2,3477.1077,
g0152,mutant,DMSO,0,24,3,3608.7717,
g0153,WT,drugA,2.5,6,1,641.0181,
g0153,WT,drugA,2.5,6,2,673.9369,
g0153,WT,drugA,2.5,6,3,597.6145,
g0153,WT,drugA,5,6,1,724.8954,
g0153,WT,drugA,5,6,2,821.646,
g0153,WT,drugA,5,6,3,982.177,
g0153,WT,drugA,10,6,1,1062.2117,
g0153,WT,drugA,10,6,2,1147.9282,
g0153,WT,drugA,10,6,3,1139.5123,
g0153,WT,DMSO,0,6,1,521.1704,
g0153,WT,DMSO,0,6,2,530.2859,
g0153,WT,DMSO,0,6,3,501.6306,
g0153,WT,drugA,2.5,24,1,724.7729,
g0153,WT,drugA,2.5,24,2,796.3486,
g0153,WT,drugA,2.5,24,3,805.2977,
g0153,WT,drugA,5,24,1,989.4837,
g0153,WT,drugA,5,24,2,1013.4597,
g0153,WT,drugA,5,24,3,1128.9941,
g0153,WT,drugA,10,24,1,2258.785,
g0153,WT,drugA,10,24,2,1980.4024,
g0153,WT,drugA,10,24,3,2142.5524,
g0153,WT,DMSO,0,24,1,554.4384,
g0153,WT,DMSO,0,24,2,417.3429,
g0153,WT,DMSO,0,24,3,512.9884,
g0153,mutant,drugA,2.5,6,1,606.2188,
g0153,mutant,drugA,2.5,6,2,689.2034,
g0153,mutant,drugA,2.5,6,3,663.6522,
g0153,mutant,drugA,5,6,1,727.151,
g0153,mutant,drugA,5,6,2,739.128,
g0153,mutant,drugA,5,6,3,847.8166,
g0153,mutant,drugA,10,6,1,1341.6186,
g0153,mutant,drugA,10,6,2,1078.3443,
g0153,mutant,DMSO,0,6,1,620.5472,
g0153,mutant,DMSO,0,6,2,546.3852,
g0153,mutant,DMSO,0,6,3,642.3125,
g0153,mutant,drugA,2.5,24,1,787.1633,
g0153,mutant,drugA,2.5,24,2,928.2583,
g0153,mutant,drugA,2.5,24,3,971.0197,
g0153,mutant,drugA,5,24,1,1204.8047,
g0153,mutant,drugA,5,24,2,921.2658,
g0153,mutant,drugA,5,24,3,1191.3279,
g0153,mutant,drugA,10,24,1,2410.7588,
g0153,mutant,drugA,10,24,2,2403.017,
g0153,mutant,drugA,10,24,3,2631.2323,
g0153,mutant,DMSO,0,24,1,569.865,
g0153,mutant,DMSO,0,24,2,490.7562,
g0153,mutant,DMSO,0,24,3,506.6135,
g0154,WT,drugA,2.5,6,1,296.3086,
g0154,WT,drugA,2.5,6,2,242.9834,
g0154,WT,drugA,2.5,6,3,299.408,
g0154,WT,drugA,5,6,1,270.8539,
g0154,WT,drugA,5,6,2,256.8077,
g0154,WT,drugA,5,6,3,260.2725,
g0154,WT,drugA,10,6,1,300.0735,
g0154,WT,drugA,10,6,2,242.1837,
g0154,WT,drugA,10,6,3,250.739,
g0154,WT,DMSO,0,6,1,266.065,
g0154,WT,DMSO,0,6,2,258.6492,
g0154,WT,DMSO,0,6,3,248.5804,
g0154,WT,drugA,2.5,24,1,324.593,
g0154,WT,drugA,2.5,24,2,264.6577,
g0154,WT,drugA,2.5,24,3,260.2901,
g0154,WT,drugA,5,24,1,298.1442,
g0154,WT,drugA,5,24,2,297.3416,
g0154,WT,drugA,5,24,3,239.7056,
g0154,WT,drugA,10,24,1,264.6853,
g0154,WT,drugA,10,24,2,261.5062,
g0154,WT,drugA,10,24,3,253.9653,
g0154,WT,DMSO,0,24,1,295.9641,
g0154,WT,DMSO,0,24,2,300.1832,
g0154,WT,DMSO,0,24,3,262.9754,
g0154,mutant,drugA,2.5,6,1,243.6382,
g0154,mutant,drugA,2.5,6,2,235.149,
g0154,mutant,drugA,2.5,6,3,306.9256,
g0154,mutant,drugA,5,6,1,260.3196,
g0154,mutant,drugA,5,6,2,316.9106,
g0154,mutant,drugA,5,6,3,294.5621,
g0154,mutant,drugA,10,6,1,242.3151,
g0154,mutant,drugA,10,6,2,276.8228,
g0154,mutant,drugA,10,6,3,255.1106,
g0154,mutant,DMSO,0,6,1,262.5143,
g0154,mutant,DMSO,0,6,2,266.3446,
g0154,mutant,DMSO,0,6,3,261.6429,
g0154,mutant,drugA,2.5,24,1,325.6347,
g0154,mutant,drugA,2.5,24,2,285.3889,
g0154,mutant,drugA,2.5,24,3,294.749,
g0154,mutant,drugA,5,24,1,284.6018,
g0154,mutant,drugA,5,24,2,267.9135,
g0154,mutant,drugA,5,24,3,264.8771,
g0154,mutant,drugA,10,24,1,337.6974,
g0154,mutant,drugA,10,24,2,327.5726,
g0154,mutant,drugA,10,24,3,304.9421,
g0154,mutant,DMSO,0,24,1,235.4056,
g0154,mutant,DMSO,0,24,2,303.3811,
g0154,mutant,DMSO,0,24,3,295.5471,
g0155,WT,drugA,2.5,6,1,167.2795,
g0155,WT,drugA,2.5,6,2,177.968,
g0155,WT,drugA,2.5,6,3,217.4403,
g0155,WT,drugA,5,6,1,236.3071,
g0155,WT,drugA,5,6,2,207.6166,
g0155,WT,drugA,5,6,3,205.0445,
g0155,WT,drugA,10,6,1,157.9475,
g0155,WT,drugA,10,6,2,211.2032,
g0155,WT,drugA,10,6,3,174.9769,
g0155,WT,DMSO,0,6,1,152.415,
g0155,WT,DMSO,0,6,2,174.0853,
g0155,WT,DMSO,0,6,3,157.4841,
g0155,WT,drugA,2.5,24,1,155.2707,
g0155,WT,drugA,2.5,24,3,195.8819,
g0155,WT,drugA,5,24,1,178.0975,
g0155,WT,drugA,5,24,2,179.7338,
g0155,WT,drugA,5,24,3,161.3868,
g0155,WT,drugA,10,24,1,180.1814,
g0155,WT,drugA,10,24,2,165.2218,
g0155,WT,drugA,10,24,3,156.8857,
g0155,WT,DMSO,0,24,1,185.3648,
g0155,WT,DMSO,0,24,2,209.351,
g0155,WT,DMSO,0,24,3,153.8662,
g0155,mutant,drugA,2.5,6,1,194.228,
g0155,mutant,drugA,2.5,6,3,202.5899,
g0155,mutant,drugA,5,6,1,173.2918,
g0155,mutant,drugA,5,6,2,194.9659,
g0155,mutant,drugA,5,6,3,170.0637,
g0155,mutant,drugA,10,6,1,188.0023,
g0155,mutant,drugA,10,6,2,188.4049,
g0155,mutant,drugA,10,6,3,205.3312,
g0155,mutant,DMSO,0,6,1,199.6968,
g0155,mutant,DMSO,0,6,2,196.9675,
g0155,mutant,DMSO,0,6,3,167.6999,
g0155,mutant,drugA,2.5,24,1,176.0714,
g0155,mutant,drugA,2.5,24,2,187.7814,
g0155,mutant,drugA,2.5,24,3,207.4157,
g0155,mutant,drugA,5,24,1,168.8159,
g0155,mutant,drugA,5,24,2,181.5511,
g0155,mutant,drugA,5,24,3,172.4715,
g0155,mutant,drugA,10,24,1,183.1047,
g0155,mutant,drugA,10,24,2,158.8805,
g0155,mutant,drugA,10,24,3,187.5792,
g0155,mutant,DMSO,0,24,1,188.6464,
g0155,mutant,DMSO,0,24,2,159.5467,
g0155,mutant,DMSO,0,24,3,150.1356,
g0156,WT,drugA,2.5,6,1,1709.8727,
g0156,WT,drugA,2.5,6,2,1917.9913,
g0156,WT,drugA,2.5,6,3,1971.4235,
g0156,WT,drugA,5,6,1,1678.8328,
g0156,WT,drugA,5,6,2,2026.1976,
g0156,WT,drugA,5,6,3,1826.7318,
g0156,WT,drugA,10,6,1,1586.0299,
g0156,WT,drugA,10,6,2,1812.667,
g0156,WT,drugA,10,6,3,1478.3838,
g0156,WT,DMSO,0,6,1,1480.4643,
g0156,WT,DMSO,0,6,2,1711.4758,
g0156,WT,DMSO,0,6,3,1842.8746,
g0156,WT,drugA,2.5,24,1,1701.472,
g0156,WT,drugA,2.5,24,2,1758.852,
g0156,WT,drugA,2.5,24,3,1873.6985,
g0156,WT,drugA,5,24,1,1556.9913,
g0156,WT,drugA,5,24,2,1828.3361,
g0156,WT,drugA,5,24,3,1716.9996,
g0156,WT,drugA,10,24,1,1707.0157,
g0156,WT,drugA,10,24,2,1625.1919,
g0156,WT,drugA,10,24,3,1808.4503,
g0156,WT,DMSO,0,24,1,1867.3908,
g0156,WT,DMSO,0,24,2,1849.0745,
g0156,WT,DMSO,0,24,3,1956.2911,
g0156,mutant,drugA,2.5,6,1,1647.7812,
g0156,mutant,drugA,2.5,6,3,1735.0093,
g0156,mutant,drugA,5,6,1,1736.2577,
g0156,mutant,drugA,5,6,2,1496.5838,
g0156,mutant,drugA,5,6,3,1769.7664,
g0156,mutant,drugA,10,6,1,1585.2977,
g0156,mutant,drugA,10,6,2,1637.2724,
g0156,mutant,drugA,10,6,3,1560.5425,
g0156,mutant,DMSO,0,6,1,1493.2358,
g0156,mutant,DMSO,0,6,2,1847.8581,
g0156,mutant,DMSO,0,6,3,2049.6071,
g0156,mutant,drugA,2.5,24,1,1793.5249,
g0156,mutant,drugA,2.5,24,2,1820.9052,
g0156,mutant,drugA,2.5,24,3,1495.2317,
g0156,mutant,drugA,5,24,1,1826.0593,
g0156,mutant,drugA,5,24,2,1795.8635,
g0156,mutant,drugA,5,24,3,1738.0058,
g0156,mutant,drugA,10,24,1,1718.9676,
g0156,mutant,drugA,10,24,2,1513.9084,
g0156,mutant,drugA,10,24,3,1637.7131,
g0156,mutant,DMSO,0,24,1,1548.8424,
g0156,mutant,DMSO,0,24,2,1546.482,
g0156,mutant,DMSO,0,24,3,2014.6273,
g0157,WT,drugA,2.5,6,1,890.62,
g0157,WT,drugA,2.5,6,2,747.149,
g0157,WT,drugA,2.5,6,3,806.0621,
g0157,WT,drugA,5,6,1,783.3948,
g0157,WT,drugA,5,6,2,738.4615,
g0157,WT,drugA,5,6,3,866.3186,
g0157,WT,drugA,10,6,1,839.6485,
g0157,WT,drugA,10,6,2,684.888,
g0157,WT,drugA,10,6,3,882.6341,
g0157,WT,DMSO,0,6,1,871.8107,
g0157,WT,DMSO,0,6,2,950.6185,
g0157,WT,DMSO,0,6,3,935.1647,
g0157,WT,drugA,2.5,24,1,814.1672,
g0157,WT,drugA,2.5,24,2,795.1793,
g0157,WT,drugA,2.5,24,3,796.0762,
g0157,WT,drugA,5,24,1,810.4514,
g0157,WT,drugA,5,24,2,888.6557,
g0157,WT,drugA,5,24,3,1028.918,
g0157,WT,drugA,10,24,1,890.8869,
g0157,WT,drugA,10,24,2,725.6495,
g0157,WT,drugA,10,24,3,933.7205,
g0157,WT,DMSO,0,24,1,974.8872,
g0157,WT,DMSO,0,24,2,829.5513,
g0157,WT,DMSO,0,24,3,861.7927,
g0157,mutant,drugA,2.5,6,1,861.2021,
g0157,mutant,drugA,2.5,6,2,934.3075,
g0157,mutant,drugA,5,6,1,932.0415,
g0157,mutant,drugA,5,6,2,899.5894,
g0157,mutant,drugA,5,6,3,811.8901,
g0157,mutant,drugA,10,6,1,746.5687,
g0157,mutant,drugA,10,6,2,895.922,
g0157,mutant,drugA,10,6,3,842.2797,
g0157,mutant,DMSO,0,6,1,916.2277,
g0157,mutant,DMSO,0,6,2,797.8553,
g0157,mutant,DMSO,0,6,3,795.7087,
g0157,mutant,drugA,2.5,24,1,787.2983,
g0157,mutant,drugA,2.5,24,2,897.1795,
g0157,mutant,drugA,2.5,24,3,799.9987,
g0157,mutant,drugA,5,24,1,817.6698,
g0157,mutant,drugA,5,24,3,753.13,
g0157,mutant,drugA,10,24,1,820.1237,
g0157,mutant,drugA,10,24,2,850.9966,
g0157,mutant,drugA,10,24,3,875.0897,
g0157,mutant,DMSO,0,24,1,741.4716,
g0157,mutant,DMSO,0,24,2,819.9708,
g0157,mutant,DMSO,0,24,3,842.3214,
g0158,WT,drugA,2.5,6,1,145.2312,
g0158,WT,drugA,2.5,6,2,146.0976,
g0158,WT,drugA,2.5,6,3,154.9345,
g0158,WT,drugA,5,6,1,154.4825,
g0158,WT,drugA,5,6,2,127.8926,
g0158,WT,drugA,5,6,3,149.9973,
g0158,WT,drugA,10,6,1,156.718,
g0158,WT,drugA,10,6,2,125.4484,
g0158,WT,drugA,10,6,3,155.8182,
g0158,WT,DMSO,0,6,1,150.8093,
g0158,WT,DMSO,0,6,2,147.5598,
g0158,WT,DMSO,0,6,3,124.6777,
g0158,WT,drugA,2.5,24,1,175.1978,
g0158,WT,drugA,2.5,24,2,137.7967,
g0158,WT,drugA,2.5,24,3,153.7887,
g0158,WT,drugA,5,24,1,140.8609,
g0158,WT,drugA,5,24,2,123.1518,
g0158,WT,drugA,5,24,3,161.2944,
g0158,WT,drugA,10,24,1,136.442,
g0158,WT,drugA,10,24,2,169.663,
g0158,WT,drugA,10,24,3,132.57,
g0158,WT,DMSO,0,24,1,137.3585,
g0158,WT,DMSO,0,24,2,150.1355,
g0158,WT,DMSO,0,24,3,132.6239,
g0158,mutant,drugA,2.5,6,1,134.2737,
g0158,mutant,drugA,2.5,6,2,114.9146,
g0158,mutant,drugA,2.5,6,3,124.3116,
g0158,mutant,drugA,5,6,1,138.8773,
g0158,mutant,drugA,5,6,2,139.5278,
g0158,mutant,drugA,5,6,3,133.7917,
g0158,mutant,drugA,10,6,1,147.0122,
g0158,mutant,drugA,10,6,2,140.6579,
g0158,mutant,drugA,10,6,3,150.709,
g0158,mutant,DMSO,0,6,1,123.0391,
g0158,mutant,DMSO,0,6,2,138.5704,
g0158,mutant,DMSO,0,6,3,169.0037,
g0158,mutant,drugA,2.5,24,1,144.3703,
g0158,mutant,drugA,2.5,24,2,142.6021,
g0158,mutant,drugA,2.5,24,3,134.0955,
g0158,mutant,drugA,5,24,1,131.8579,
g0158,mutant,drugA,5,24,2,151.6842,
g0158,mutant,drugA,5,24,3,131.1981,
g0158,mutant,drugA,10,24,1,136.7189,
g0158,mutant,drugA,10,24,2,173.7302,
g0158,mutant,drugA,10,24,3,154.7953,
g0158,mutant,DMSO,0,24,1,170.0113,
g0158,mutant,DMSO,0,24,2,149.5848,
g0158,mutant,DMSO,0,24,3,152.4645,
g0159,WT,drugA,2.5,6,1,135.2462,
g0159,WT,drugA,2.5,6,2,127.2053,
g0159,WT,drugA,2.5,6,3,122.8534,
g0159,WT,drugA,5,6,1,126.2337,
g0159,WT,drugA,5,6,2,133.3773,
g0159,WT,drugA,5,6,3,138.2893,
g0159,WT,drugA,10,6,1,128.8319,
g0159,WT,drugA,10,6,2,151.5519,
g0159,WT,drugA,10,6,3,143.3805,
g0159,WT,DMSO,0,6,1,135.2657,
g0159,WT,DMSO,0,6,2,178.9408,
g0159,WT,DMSO,0,6,3,143.9273,
g0159,WT,drugA,2.5,24,1,137.9835,
g0159,WT,drugA,2.5,24,2,146.541,
g0159,WT,drugA,2.5,24,3,149.9993,
g0159,WT,drugA,5,24,1,135.4011,
g0159,WT,drugA,5,24,2,144.8878,
g0159,WT,drugA,5,24,3,111.5397,
g0159,WT,drugA,10,24,1,157.2308,
g0159,WT,drugA,10,24,2,132.3857,
g0159,WT,drugA,10,24,3,141.8757,
g0159,WT,DMSO,0,24,1,139.3263,
g0159,WT,DMSO,0,24,2,135.4494,
g0159,WT,DMSO,0,24,3,116.8492,
g0159,mutant,drugA,2.5,6,1,138.6313,
g0159,mutant,drugA,2.5,6,2,160.2781,
g0159,mutant,drugA,2.5,6,3,129.4067,
g0159,mutant,drugA,5,6,1,125.5709,
g0159,mutant,drugA,5,6,2,126.0472,
g0159,mutant,drugA,5,6,3,123.0446,
g0159,mutant,drugA,10,6,1,133.1892,
g0159,mutant,drugA,10,6,2,128.1853,
g0159,mutant,drugA,10,6,3,132.358,
g0159,mutant,DMSO,0,6,1,133.5997,
g0159,mutant,DMSO,0,6,2,110.693,
g0159,mutant,DMSO,0,6,3,128.5614,
g0159,mutant,drugA,2.5,24,1,125.0249,
g0159,mutant,drugA,2.5,24,2,140.8941,
g0159,mutant,drugA,2.5,24,3,141.2174,
g0159,mutant,drugA,5,24,1,139.2813,
g0159,mutant,drugA,5,24,2,141.1654,
g0159,mutant,drugA,5,24,3,126.9611,
g0159,mutant,drugA,10,24,1,129.5218,
g0159,mutant,drugA,10,24,2,141.2814,
g0159,mutant,drugA,10,24,3,138.2726,
g0159,mutant,DMSO,0,24,1,114.4972,
g0159,mutant,DMSO,0,24,2,131.96,
g0159,mutant,DMSO,0,24,3,140.4319,
g0160,WT,drugA,2.5,6,1,21.6594,
g0160,WT,drugA,2.5,6,2,21.1183,
g0160,WT,drugA,2.5,6,3,26.0234,
g0160,WT,drugA,5,6,1,25.6887,
g0160,WT,drugA,5,6,2,18.933,
g0160,WT,drugA,5,6,3,21.4687,
g0160,WT,drugA,10,6,1,23.0749,
g0160,WT,drugA,10,6,2,21.3579,
g0160,WT,DMSO,0,6,1,21.1462,
g0160,WT,DMSO,0,6,2,18.0867,
g0160,WT,DMSO,0,6,3,22.7969,
g0160,WT,drugA,2.5,24,1,23.1083,
g0160,WT,drugA,2.5,24,2,18.6454,
g0160,WT,drugA,5,24,1,22.3102,
g0160,WT,drugA,5,24,2,20.5916,
g0160,WT,drugA,5,24,3,18.8642,
g0160,WT,drugA,10,24,1,23.5849,
g0160,WT,drugA,10,24,2,22.4606,
g0160,WT,drugA,10,24,3,19.6291,
g0160,WT,DMSO,0,24,1,20.911,
g0160,WT,DMSO,0,24,2,26.1783,
g0160,WT,DMSO,0,24,3,21.5192,
g0160,mutant,drugA,2.5,6,1,23.397,
g0160,mutant,drugA,2.5,6,2,23.8114,
g0160,mutant,drugA,2.5,6,3,21.9616,
g0160,mutant,drugA,5,6,1,20.8586,
g0160,mutant,drugA,5,6,2,20.4708,
g0160,mutant,drugA,5,6,3,19.8491,
g0160,mutant,drugA,10,6,1,21.9602,
g0160,mutant,drugA,10,6,2,21.9179,
g0160,mutant,drugA,10,6,3,19.3187,
g0160,mutant,DMSO,0,6,1,21.0505,
g0160,mutant,DMSO,0,6,2,19.8183,
g0160,mutant,DMSO,0,6,3,23.0364,
g0160,mutant,drugA,2.5,24,1,22.7235,
g0160,mutant,drugA,2.5,24,2,20.4496,
g0160,mutant,drugA,2.5,24,3,17.3522,
g0160,mutant,drugA,5,24,1,21.2395,
g0160,mutant,drugA,5,24,2,22.3091,
g0160,mutant,drugA,5,24,3,25.8894,
g0160,mutant,drugA,10,24,1,19.695,
g0160,mutant,drugA,10,24,2,24.4324,
g0160,mutant,drugA,10,24,3,17.1022,
g0160,mutant,DMSO,0,24,1,19.5017,
g0160,mutant,DMSO,0,24,2,23.6717,
g0160,mutant,DMSO,0,24,3,19.6401,
g0161,WT,drugA,2.5,6,1,156.6517,
g0161,WT,drugA,2.5,6,2,157.5269,
g0161,WT,drugA,2.5,6,3,141.9852,
g0161,WT,drugA,5,6,1,136.4668,
g0161,WT,drugA,5,6,2,131.3943,
g0161,WT,drugA,5,6,3,155.7186,
g0161,WT,drugA,10,6,1,120.9348,
g0161,WT,drugA,10,6,2,131.4545,
g0161,WT,drugA,10,6,3,137.4918,
g0161,WT,DMSO,0,6,1,167.1243,
g0161,WT,DMSO,0,6,2,153.1667,
g0161,WT,DMSO,0,6,3,150.8635,
g0161,WT,drugA,2.5,24,1,132.0537,
g0161,WT,drugA,2.5,24,2,147.0385,
g0161,WT,drugA,2.5,24,3,143.6233,
g0161,WT,drugA,5,24,1,120.6859,
g0161,WT,drugA,5,24,2,165.8875,
g0161,WT,drugA,5,24,3,150.9563,
g0161,WT,drugA,10,24,1,145.0581,
g0161,WT,drugA,10,24,2,118.9291,
g0161,WT,drugA,10,24,3,164.0294,
g0161,WT,DMSO,0,24,1,126.8374,
g0161,WT,DMSO,0,24,2,174.2993,
g0161,WT,DMSO,0,24,3,137.7223,
g0161,mutant,drugA,2.5,6,1,158.8321,
g0161,mutant,drugA,2.5,6,2,153.1568,
g0161,mutant,drugA,2.5,6,3,156.0433,
g0161,mutant,drugA,5,6,1,126.6082,
g0161,mutant,drugA,5,6,2,123.7439,
g0161,mutant,drugA,5,6,3,138.6589,
g0161,mutant,drugA,10,6,1,156.5715,
g0161,mutant,drugA,10,6,2,149.3401,
g0161,mutant,drugA,10,6,3,130.3043,
g0161,mutant,DMSO,0,6,1,165.7184,
g0161,mutant,DMSO,0,6,2,143.1612,
g0161,mutant,DMSO,0,6,3,135.41,
g0161,mutant,drugA,2.5,24,1,170.8927,
g0161,mutant,drugA,2.5,24,2,150.7762,
g0161,mutant,drugA,2.5,24,3,143.382,
g0161,mutant,drugA,5,24,1,144.2982,
g0161,mutant,drugA,5,24,2,171.8265,
g0161,mutant,drugA,5,24,3,113.6342,
g0161,mutant,drugA,10,24,1,165.6433,
g0161,mutant,drugA,10,24,2,119.4425,
g0161,mutant,drugA,10,24,3,122.5262,
g0161,mutant,DMSO,0,24,1,159.7464,
g0161,mutant,DMSO,0,24,2,136.9487,
g0161,mutant,DMSO,0,24,3,151.1891,
g0162,WT,drugA,2.5,6,1,178.7774,
g0162,WT,drugA,2.5,6,2,242.0411,
g0162,WT,drugA,2.5,6,3,190.9721,
g0162,WT,drugA,5,6,1,237.4796,
g0162,WT,drugA,5,6,2,255.2203,
g0162,WT,drugA,5,6,3,178.8719,
g0162,WT,drugA,10,6,1,184.9373,
g0162,WT,drugA,10,6,2,223.5474,
g0162,WT,drugA,10,6,3,268.6921,
g0162,WT,DMSO,0,6,1,226.5052,
g0162,WT,DMSO,0,6,2,227.9152,
g0162,WT,DMSO,0,6,3,217.5333,
g0162,WT,drugA,2.5,24,1,226.8277,
g0162,WT,drugA,2.5,24,2,227.2852,
g0162,WT,drugA,2.5,24,3,245.8216,
g0162,WT,drugA,5,24,1,214.9613,
g0162,WT,drugA,5,24,2,246.0448,
g0162,WT,drugA,5,24,3,197.9024,
g0162,WT,drugA,10,24,1,218.0259,
g0162,WT,drugA,10,24,2,213.6802,
g0162,WT,drugA,10,24,3,257.268,
g0162,WT,DMSO,0,24,1,245.2716,
g0162,WT,DMSO,0,24,2,219.955,
g0162,WT,DMSO,0,24,3,200.7918,
g0162,mutant,drugA,2.5,6,1,214.7719,
g0162,mutant,drugA,2.5,6,2,266.8337,
g0162,mutant,drugA,2.5,6,3,243.6741,
g0162,mutant,drugA,5,6,2,227.3328,
g0162,mutant,drugA,5,6,3,254.9314,
g0162,mutant,drugA,10,6,1,206.6036,
g0162,mutant,drugA,10,6,2,234.1105,
g0162,mutant,drugA,10,6,3,216.9047,
g0162,mutant,DMSO,0,6,1,226.5142,
g0162,mutant,DMSO,0,6,2,229.1869,
g0162,mutant,DMSO,0,6,3,240.716,
g0162,mutant,drugA,2.5,24,1,274.6813,
g0162,mutant,drugA,2.5,24,2,217.6908,
g0162,mutant,drugA,5,24,1,261.1064,
g0162,mutant,drugA,5,24,2,219.3907,
g0162,mutant,drugA,5,24,3,220.0277,
g0162,mutant,drugA,10,24,1,229.4944,
g0162,mutant,drugA,10,24,2,261.7336,
g0162,mutant,drugA,10,24,3,175.5521,
g0162,mutant,DMSO,0,24,1,214.4281,
g0162,mutant,DMSO,0,24,2,199.8242,
g0162,mutant,DMSO,0,24,3,209.1632,
g0163,WT,drugA,2.5,6,2,1451.6868,
g0163,WT,drugA,2.5,6,3,1627.0935,
g0163,WT,drugA,5,6,1,1603.765,
g0163,WT,drugA,5,6,2,1918.4197,
g0163,WT,drugA,5,6,3,1445.6543,
g0163,WT,drugA,10,6,1,1572.0213,
g0163,WT,drugA,10,6,2,1919.2738,
g0163,WT,drugA,10,6,3,1441.5594,
g0163,WT,DMSO,0,6,1,1402.6511,
g0163,WT,DMSO,0,6,2,1780.7389,
g0163,WT,DMSO,0,6,3,1508.321,
g0163,WT,drugA,2.5,24,1,1686.9375,
g0163,WT,drugA,2.5,24,2,1617.0971,
g0163,WT,drugA,2.5,24,3,1570.8656,
g0163,WT,drugA,5,24,1,1461.2414,
g0163,WT,drugA,5,24,2,1850.9958,
g0163,WT,drugA,5,24,3,1956.4619,
g0163,WT,drugA,10,24,1,1695.8402,
g0163,WT,drugA,10,24,2,1815.3361,
g0163,WT,drugA,10,24,3,1676.0786,
g0163,WT,DMSO,0,24,1,1439.627,
g0163,WT,DMSO,0,24,2,1364.5754,
g0163,WT,DMSO,0,24,3,1620.9564,
g0163,mutant,drugA,2.5,6,1,1368.3734,
g0163,mutant,drugA,2.5,6,2,2028.6938,
g0163,mutant,drugA,2.5,6,3,1543.1649,
g0163,mutant,drugA,5,6,1,1643.613,
g0163,mutant,drugA,5,6,2,1502.4341,
g0163,mutant,drugA,5,6,3,1274.7895,
g0163,mutant,drugA,10,6,1,1376.1413,
g0163,mutant,drugA,10,6,2,1487.9031,
g0163,mutant,drugA,10,6,3,1575.0049,
g0163,mutant,DMSO,0,6,1,1601.8316,
g0163,mutant,DMSO,0,6,2,1472.4566,
g0163,mutant,DMSO,0,6,3,1534.4446,
g0163,mutant,drugA,2.5,24,1,1696.3286,
g0163,mutant,drugA,2.5,24,2,1519.0563,
g0163,mutant,drugA,2.5,24,3,1476.5651,
g0163,mutant,drugA,5,24,1,1585.5082,
g0163,mutant,drugA,5,24,2,1537.5678,
g0163,mutant,drugA,5,24,3,1529.4702,
g0163,mutant,drugA,10,24,1,1392.2975,
g0163,mutant,drugA,10,24,2,1778.4702,
g0163,mutant,drugA,10,24,3,1720.6949,
g0163,mutant,DMSO,0,24,1,2149.178,
g0163,mutant,DMSO,0,24,2,1502.4269,
g0163,mutant,DMSO,0,24,3,1701.3333,
g0164,WT,drugA,2.5,6,1,659.8963,
g0164,WT,drugA,2.5,6,2,712.8526,
g0164,WT,drugA,2.5,6,3,652.5849,
g0164,WT,drugA,5,6,1,677.3442,
g0164,WT,drugA,5,6,2,700.9079,
g0164,WT,drugA,5,6,3,683.6139,
g0164,WT,drugA,10,6,1,713.7657,
g0164,WT,drugA,10,6,2,812.1685,
g0164,WT,drugA,10,6,3,759.9003,
g0164,WT,DMSO,0,6,1,665.5336,
g0164,WT,DMSO,0,6,2,692.028,
g0164,WT,DMSO,0,6,3,699.7603,
g0164,WT,drugA,2.5,24,1,780.8131,
g0164,WT,drugA,2.5,24,2,672.9454,
g0164,WT,drugA,2.5,24,3,703.5401,
g0164,WT,drugA,5,24,1,741.7273,
g0164,WT,drugA,5,24,2,700.5581,
g0164,WT,drugA,5,24,3,645.4902,
g0164,WT,drugA,10,24,1,815.6079,
g0164,WT,drugA,10,24,2,673.2052,
g0164,WT,drugA,10,24,3,666.5664,
g0164,WT,DMSO,0,24,1,636.4386,
g0164,WT,DMSO,0,24,2,792.8551,
g0164,WT,DMSO,0,24,3,552.3254,
g0164,mutant,drugA,2.5,6,1,677.1949,
g0164,mutant,drugA,2.5,6,2,686.5461,
g0164,mutant,drugA,2.5,6,3,643.0176,
g0164,mutant,drugA,5,6,1,669.8435,
g0164,mutant,drugA,5,6,2,732.84,
g0164,mutant,drugA,5,6,3,893.2398,
g0164,mutant,drugA,10,6,1,689.4406,
g0164,mutant,drugA,10,6,2,733.2298,
g0164,mutant,drugA,10,6,3,746.8975,
g0164,mutant,DMSO,0,6,1,650.5409,
g0164,mutant,DMSO,0,6,2,650.1768,
g0164,mutant,DMSO,0,6,3,835.2004,
g0164,mutant,drugA,2.5,24,1,705.6462,
g0164,mutant,drugA,2.5,24,2,668.1122,
g0164,mutant,drugA,2.5,24,3,619.5594,
g0164,mutant,drugA,5,24,1,724.482,
g0164,mutant,drugA,5,24,2,638.6985,
g0164,mutant,drugA,5,24,3,859.3473,
g0164,mutant,drugA,10,24,1,737.3329,
g0164,mutant,drugA,10,24,2,632.4769,
g0164,mutant,drugA,10,24,3,801.4028,
g0164,mutant,DMSO,0,24,1,698.6756,
g0164,mutant,DMSO,0,24,2,719.3953,
g0164,mutant,DMSO,0,24,3,729.8384,
g0165,WT,drugA,2.5,6,1,89.3251,
g0165,WT,drugA,2.5,6,2,78.0834,
g0165,WT,drugA,2.5,6,3,106.6642,
g0165,WT,drugA,5,6,1,70.2194,
g0165,WT,drugA,5,6,2,87.049,
g0165,WT,drugA,5,6,3,88.1271,
g0165,WT,drugA,10,6,1,56.8883,
g0165,WT,drugA,10,6,2,44.1855,
g0165,WT,drugA,10,6,3,47.4164,
g0165,WT,DMSO,0,6,1,111.4021,
g0165,WT,DMSO,0,6,2,104.9933,
g0165,WT,DMSO,0,6,3,117.4178,
g0165,WT,drugA,2.5,24,1,74.3626,
g0165,WT,drugA,2.5,24,2,67.6445,
g0165,WT,drugA,2.5,24,3,86.5298,
g0165,WT,drugA,5,24,1,54.6978,
g0165,WT,drugA,5,24,2,52.8681,
g0165,WT,drugA,5,24,3,60.4584,
g0165,WT,drugA,10,24,1,24.3021,
g0165,WT,drugA,10,24,2,24.0596,
g0165,WT,drugA,10,24,3,24.683,
g0165,WT,DMSO,0,24,1,121.6164,
g0165,WT,DMSO,0,24,2,100.9243,
g0165,WT,DMSO,0,24,3,100.7144,
g0165,mutant,drugA,2.5,6,1,81.7561,
g0165,mutant,drugA,2.5,6,2,83.9853,
g0165,mutant,drugA,2.5,6,3,89.4705,
g0165,mutant,drugA,5,6,1,54.3411,
g0165,mutant,drugA,5,6,2,56.4213,
g0165,mutant,drugA,5,6,3,66.7416,
g0165,mutant,drugA,10,6,1,27.7355,
g0165,mutant,drugA,10,6,2,28.4008,
g0165,mutant,drugA,10,6,3,30.4492,
g0165,mutant,DMSO,0,6,1,137.2317,
g0165,mutant,DMSO,0,6,2,133.1799,
g0165,mutant,DMSO,0,6,3,119.9461,
g0165,mutant,drugA,2.5,24,1,71.3116,
g0165,mutant,drugA,2.5,24,2,65.9077,
g0165,mutant,drugA,2.5,24,3,46.5623,
g0165,mutant,drugA,5,24,1,31.766,
g0165,mutant,drugA,5,24,2,30.2751,
g0165,mutant,drugA,5,24,3,29.4856,
g0165,mutant,drugA,10,24,1,7.4364,
g0165,mutant,drugA,10,24,2,6.5818,
g0165,mutant,drugA,10,24,3,6.216,
g0165,mutant,DMSO,0,24,1,112.8191,
g0165,mutant,DMSO,0,24,2,118.4064,
g0165,mutant,DMSO,0,24,3,119.7013,
g0166,WT,drugA,2.5,6,1,308.1032,
g0166,WT,drugA,2.5,6,2,320.6746,
g0166,WT,drugA,2.5,6,3,288.5749,
g0166,WT,drugA,5,6,1,310.5492,
g0166,WT,drugA,5,6,2,323.64,
g0166,WT,drugA,5,6,3,405.9659,
g0166,WT,drugA,10,6,1,303.7846,
g0166,WT,drugA,10,6,2,312.4369,
g0166,WT,drugA,10,6,3,256.7718,
g0166,WT,DMSO,0,6,1,293.333,
g0166,WT,DMSO,0,6,2,359.3644,
g0166,WT,DMSO,0,6,3,414.6645,
g0166,WT,drugA,2.5,24,1,308.5781,
g0166,WT,drugA,2.5,24,2,330.1233,
g0166,WT,drugA,2.5,24,3,266.6714,
g0166,WT,drugA,5,24,1,297.4715,
g0166,WT,drugA,5,24,2,331.0926,
g0166,WT,drugA,5,24,3,440.9731,
g0166,WT,drugA,10,24,1,330.0943,
g0166,WT,drugA,10,24,2,349.5037,
g0166,WT,drugA,10,24,3,331.1242,
g0166,WT,DMSO,0,24,1,303.9022,
g0166,WT,DMSO,0,24,2,303.0217,
g0166,WT,DMSO,0,24,3,290.5434,
g0166,mutant,drugA,2.5,6,1,298.748,
g0166,mutant,drugA,2.5,6,2,289.5925,
g0166,mutant,drugA,2.5,6,3,328.0235,
g0166,mutant,drugA,5,6,1,356.7273,
g0166,mutant,drugA,5,6,2,370.6048,
g0166,mutant,drugA,5,6,3,294.5832,
g0166,mutant,drugA,10,6,1,319.6343,
g0166,mutant,drugA,10,6,2,281.2135,
g0166,mutant,drugA,10,6,3,372.5815,
g0166,mutant,DMSO,0,6,1,342.8351,
g0166,mutant,DMSO,0,6,2,346.632,
g0166,mutant,DMSO,0,6,3,352.1242,
g0166,mutant,drugA,2.5,24,1,299.7094,
g0166,mutant,drugA,2.5,24,2,305.7079,
g0166,mutant,drugA,2.5,24,3,329.7725,
g0166,mutant,drugA,5,24,1,376.8182,
g0166,mutant,drugA,5,24,2,314.6776,
g0166,mutant,drugA,5,24,3,380.8563,
g0166,mutant,drugA,10,24,1,323.6614,
g0166,mutant,drugA,10,24,2,310.3183,
g0166,mutant,drugA,10,24,3,300.0662,
g0166,mutant,DMSO,0,24,1,333.249,
g0166,mutant,DMSO,0,24,2,350.3882,
g0166,mutant,DMSO,0,24,3,373.0605,
g0167,WT,drugA,2.5,6,1,61.5733,
g0167,WT,drugA,2.5,6,2,65.4652,
g0167,WT,drugA,2.5,6,3,68.6679,
g0167,WT,drugA,5,6,1,59.0823,
g0167,WT,drugA,5,6,2,68.7571,
g0167,WT,drugA,5,6,3,57.3324,
g0167,WT,drugA,10,6,1,56.3579,
g0167,WT,drugA,10,6,2,65.551,
g0167,WT,drugA,10,6,3,66.7153,
g0167,WT,DMSO,0,6,1,57.5941,
g0167,WT,DMSO,0,6,2,63.0974,
g0167,WT,DMSO,0,6,3,53.0533,
g0167,WT,drugA,2.5,24,1,70.1805,
g0167,WT,drugA,2.5,24,2,55.9998,
g0167,WT,drugA,5,24,1,67.8299,
g0167,WT,drugA,5,24,2,71.0379,
g0167,WT,drugA,5,24,3,71.1153,
g0167,WT,drugA,10,24,1,56.9256,
g0167,WT,drugA,10,24,2,53.6103,
g0167,WT,drugA,10,24,3,53.9668,
g0167,WT,DMSO,0,24,1,69.9881,
g0167,WT,DMSO,0,24,2,53.8515,
g0167,WT,DMSO,0,24,3,59.8964,
g0167,mutant,drugA,2.5,6,1,62.7064,
g0167,mutant,drugA,2.5,6,2,60.1656,
g0167,mutant,drugA,2.5,6,3,84.8675,
g0167,mutant,drugA,5,6,1,51.3263,
g0167,mutant,drugA,5,6,2,70.0058,
g0167,mutant,drugA,5,6,3,61.0562,
g0167,mutant,drugA,10,6,1,67.8159,
g0167,mutant,drugA,10,6,2,70.2926,
g0167,mutant,drugA,10,6,3,51.3664,
g0167,mutant,DMSO,0,6,1,55.2895,
g0167,mutant,DMSO,0,6,2,64.024,
g0167,mutant,DMSO,0,6,3,61.5993,
g0167,mutant,drugA,2.5,24,1,65.4577,
g0167,mutant,drugA,2.5,24,2,60.3957,
g0167,mutant,drugA,2.5,24,3,60.433,
g0167,mutant,drugA,5,24,1,50.5398,
g0167,mutant,drugA,5,24,2,58.6138,
g0167,mutant,drugA,5,24,3,68.0738,
g0167,mutant,drugA,10,24,1,69.1196,
g0167,mutant,drugA,10,24,2,56.7924,
g0167,mutant,drugA,10,24,3,73.2693,
g0167,mutant,DMSO,0,24,1,61.8126,
g0167,mutant,DMSO,0,24,2,77.9036,
g0167,mutant,DMSO,0,24,3,56.0203,
g0168,WT,drugA,2.5,6,1,320.204,
g0168,WT,drugA,2.5,6,2,256.0894,
g0168,WT,drugA,2.5,6,3,385.7753,
g0168,WT,drugA,5,6,1,321.8619,
g0168,WT,drugA,5,6,2,408.482,
g0168,WT,drugA,5,6,3,354.0621,
g0168,WT,drugA,10,6,1,322.0739,
g0168,WT,drugA,10,6,2,383.2724,
g0168,WT,drugA,10,6,3,351.5599,
g0168,WT,DMSO,0,6,1,334.2452,
g0168,WT,DMSO,0,6,2,304.6022,
g0168,WT,DMSO,0,6,3,312.2737,
g0168,WT,drugA,2.5,24,1,282.5003,
g0168,WT,drugA,2.5,24,2,319.5105,
g0168,WT,drugA,2.5,24,3,294.3496,
g0168,WT,drugA,5,24,1,342.4827,
g0168,WT,drugA,5,24,2,348.611,
g0168,WT,drugA,5,24,3,243.8022,
g0168,WT,drugA,10,24,1,268.6104,
g0168,WT,drugA,10,24,2,281.7934,
g0168,WT,drugA,10,24,3,381.1702,
g0168,WT,DMSO,0,24,1,344.0704,
g0168,WT,DMSO,0,24,2,335.7083,
g0168,WT,DMSO,0,24,3,365.0763,
g0168,mutant,drugA,2.5,6,1,336.0223,
g0168,mutant,drugA,2.5,6,2,324.069,
g0168,mutant,drugA,2.5,6,3,288.6268,
g0168,mutant,drugA,5,6,1,353.4693,
g0168,mutant,drugA,5,6,2,283.7918,
g0168,mutant,drugA,5,6,3,335.0789,
g0168,mutant,drugA,10,6,1,320.0469,
g0168,mutant,drugA,10,6,2,340.2735,
g0168,mutant,drugA,10,6,3,322.9993,
g0168,mutant,DMSO,0,6,1,331.4772,
g0168,mutant,DMSO,0,6,2,338.6114,
g0168,mutant,DMSO,0,6,3,345.9092,
g0168,mutant,drugA,2.5,24,1,381.7697,
g0168,mutant,drugA,2.5,24,2,366.113,
g0168,mutant,drugA,2.5,24,3,302.374,
g0168,mutant,drugA,5,24,1,326.033,
g0168,mutant,drugA,5,24,2,304.7041,
g0168,mutant,drugA,5,24,3,280.5648,
g0168,mutant,drugA,10,24,1,299.8865,
g0168,mutant,drugA,10,24,2,337.396,
g0168,mutant,drugA,10,24,3,382.8459,
g0168,mutant,DMSO,0,24,1,303.8566,
g0168,mutant,DMSO,0,24,2,355.3367,
g0168,mutant,DMSO,0,24,3,333.953,
g0169,WT,drugA,2.5,6,1,160.9828,
g0169,WT,drugA,2.5,6,2,153.1325,
g0169,WT,drugA,2.5,6,3,150.9532,
g0169,WT,drugA,5,6,1,151.1735,
g0169,WT,drugA,5,6,2,148.8047,
g0169,WT,drugA,5,6,3,153.6297,
g0169,WT,drugA,10,6,1,184.1154,
g0169,WT,drugA,10,6,2,147.7658,
g0169,WT,drugA,10,6,3,141.4143,
g0169,WT,DMSO,0,6,1,159.3382,
g0169,WT,DMSO,0,6,2,136.7066,
g0169,WT,DMSO,0,6,3,152.0395,
g0169,WT,drugA,2.5,24,1,166.752,
g0169,WT,drugA,2.5,24,2,162.9713,
g0169,WT,drugA,2.5,24,3,158.502,
g0169,WT,drugA,5,24,1,169.3965,
g0169,WT,drugA,5,24,2,158.0344,
g0169,WT,drugA,5,24,3,165.6709,
g0169,WT,drugA,10,24,1,186.8144,
g0169,WT,drugA,10,24,2,145.8476,
g0169,WT,drugA,10,24,3,184.9209,
g0169,WT,DMSO,0,24,1,160.4429,
g0169,WT,DMSO,0,24,2,148.1717,
g0169,WT,DMSO,0,24,3,188.2345,
g0169,mutant,drugA,2.5,6,1,161.7085,
g0169,mutant,drugA,2.5,6,2,176.1008,
g0169,mutant,drugA,2.5,6,3,175.881,
g0169,mutant,drugA,5,6,1,165.9006,
g0169,mutant,drugA,5,6,2,145.1866,
g0169,mutant,drugA,5,6,3,137.6264,
g0169,mutant,drugA,10,6,1,198.6628,
g0169,mutant,drugA,10,6,2,131.0433,
g0169,mutant,drugA,10,6,3,171.2356,
g0169,mutant,DMSO,0,6,1,133.5124,
g0169,mutant,DMSO,0,6,2,162.4699,
g0169,mutant,DMSO,0,6,3,153.4563,
g0169,mutant,drugA,2.5,24,1,163.1729,
g0169,mutant,drugA,2.5,24,2,155.2031,
g0169,mutant,drugA,2.5,24,3,188.956,
g0169,mutant,drugA,5,24,1,163.7015,
g0169,mutant,drugA,5,24,2,165.4565,
g0169,mutant,drugA,5,24,3,123.7656,
g0169,mutant,drugA,10,24,1,178.2438,
g0169,mutant,drugA,10,24,2,173.7941,
g0169,mutant,drugA,10,24,3,150.1377,
g0169,mutant,DMSO,0,24,1,153.0872,
g0169,mutant,DMSO,0,24,2,176.4471,
g0169,mutant,DMSO,0,24,3,153.418,
g0170,WT,drugA,2.5,6,2,215.8246,
g0170,WT,drugA,2.5,6,3,187.0632,
g0170,WT,drugA,5,6,1,211.956,
g0170,WT,drugA,5,6,2,235.4266,
g0170,WT,drugA,5,6,3,169.8025,
g0170,WT,drugA,10,6,1,184.0157,
g0170,WT,drugA,10,6,2,203.1858,
g0170,WT,drugA,10,6,3,209.4484,
g0170,WT,DMSO,0,6,1,189.009,
g0170,WT,DMSO,0,6,2,191.8654,
g0170,WT,DMSO,0,6,3,195.2827,
g0170,WT,drugA,2.5,24,1,200.6998,
g0170,WT,drugA,2.5,24,2,201.2811,
g0170,WT,drugA,2.5,24,3,250.8672,
g0170,WT,drugA,5,24,1,235.4915,
g0170,WT,drugA,5,24,2,228.3835,
g0170,WT,drugA,5,24,3,288.2076,
g0170,WT,drugA,10,24,1,199.3569,
g0170,WT,drugA,10,24,2,203.801,
g0170,WT,drugA,10,24,3,221.2176,
g0170,WT,DMSO,0,24,1,192.718,
g0170,WT,DMSO,0,24,2,180.0817,
g0170,WT,DMSO,0,24,3,206.0262,
g0170,mutant,drugA,2.5,6,1,243.4712,
g0170,mutant,drugA,2.5,6,2,195.8442,
g0170,mutant,drugA,2.5,6,3,213.9034,
g0170,mutant,drugA,5,6,1,219.563,
g0170,mutant,drugA,5,6,2,182.7538,
g0170,mutant,drugA,5,6,3,273.5524,
g0170,mutant,drugA,10,6,1,196.647,
g0170,mutant,drugA,10,6,2,200.9981,
g0170,mutant,drugA,10,6,3,234.7006,
g0170,mutant,DMSO,0,6,1,199.4288,
g0170,mutant,DMSO,0,6,2,196.4541,
g0170,mutant,DMSO,0,6,3,220.1275,
g0170,mutant,drugA,2.5,24,1,206.0003,
g0170,mutant,drugA,2.5,24,2,227.6101,
g0170,mutant,drugA,2.5,24,3,224.4649,
g0170,mutant,drugA,5,24,1,199.0539,
g0170,mutant,drugA,5,24,2,182.2201,
g0170,mutant,drugA,5,24,3,273.3113,
g0170,mutant,drugA,10,24,1,237.7312,
g0170,mutant,drugA,10,24,2,230.6201,
g0170,mutant,drugA,10,24,3,219.3247,
g0170,mutant,DMSO,0,24,1,235.8372,
g0170,mutant,DMSO,0,24,2,248.4225,
g0170,mutant,DMSO,0,24,3,213.4695,
g0171,WT,drugA,2.5,6,1,316.1649,
g0171,WT,drugA,2.5,6,2,265.6886,
g0171,WT,drugA,2.5,6,3,276.2743,
g0171,WT,drugA,5,6,1,315.4648,
g0171,WT,drugA,5,6,2,305.0231,
g0171,WT,drugA,5,6,3,335.8575,
g0171,WT,drugA,10,6,1,304.6445,
g0171,WT,drugA,10,6,2,283.4034,
g0171,WT,drugA,10,6,3,249.871,
g0171,WT,DMSO,0,6,1,301.0063,
g0171,WT,DMSO,0,6,2,316.0444,
g0171,WT,DMSO,0,6,3,245.0054,
g0171,WT,drugA,2.5,24,1,298.8956,
g0171,WT,drugA,2.5,24,2,257.1123,
g0171,WT,drugA,2.5,24,3,264.2147,
g0171,WT,drugA,5,24,1,285.9686,
g0171,WT,drugA,5,24,2,288.559,
g0171,WT,drugA,5,24,3,297.2993,
g0171,WT,drugA,10,24,1,354.6332,
g0171,WT,drugA,10,24,2,315.0942,
g0171,WT,drugA,10,24,3,294.3353,
g0171,WT,DMSO,0,24,1,274.3126,
g0171,WT,DMSO,0,24,2,317.6562,
g0171,WT,DMSO,0,24,3,263.8142,
g0171,mutant,drugA,2.5,6,1,264.9903,
g0171,mutant,drugA,2.5,6,2,198.1835,
g0171,mutant,drugA,2.5,6,3,276.8852,
g0171,mutant,drugA,5,6,1,290.147,
g0171,mutant,drugA,5,6,2,286.8063,
g0171,mutant,drugA,10,6,1,249.0951,
g0171,mutant,drugA,10,6,2,296.3606,
g0171,mutant,drugA,10,6,3,274.2025,
g0171,mutant,DMSO,0,6,1,323.9853,
g0171,mutant,DMSO,0,6,2,356.6371,
g0171,mutant,DMSO,0,6,3,284.8815,
g0171,mutant,drugA,2.5,24,1,215.4698,
g0171,mutant,drugA,2.5,24,2,268.3227,
g0171,mutant,drugA,2.5,24,3,257.0686,
g0171,mutant,drugA,5,24,1,266.2085,
g0171,mutant,drugA,5,24,2,297.0146,
g0171,mutant,drugA,5,24,3,349.07,
g0171,mutant,drugA,10,24,1,292.2491,
g0171,mutant,drugA,10,24,3,236.1728,
g0171,mutant,DMSO,0,24,1,261.8639,
g0171,mutant,DMSO,0,24,2,300.6012,
g0171,mutant,DMSO,0,24,3,252.5221,
g0172,WT,drugA,2.5,6,1,497.8346,
g0172,WT,drugA,2.5,6,2,586.5524,
g0172,WT,drugA,2.5,6,3,494.2556,
g0172,WT,drugA,5,6,1,418.7652,
g0172,WT,drugA,5,6,2,490.9903,
g0172,WT,drugA,5,6,3,483.0986,
g0172,WT,drugA,10,6,1,504.8211,
g0172,WT,drugA,10,6,2,530.6541,
g0172,WT,drugA,10,6,3,562.4231,
g0172,WT,DMSO,0,6,1,508.7297,
g0172,WT,DMSO,0,6,3,477.1202,
g0172,WT,drugA,2.5,24,1,453.8833,
g0172,WT,drugA,2.5,24,2,424.762,
g0172,WT,drugA,2.5,24,3,484.4893,
g0172,WT,drugA,5,24,1,493.0932,
g0172,WT,drugA,5,24,2,485.8011,
g0172,WT,drugA,5,24,3,435.9725,
g0172,WT,drugA,10,24,1,480.8427,
g0172,WT,drugA,10,24,2,501.3121,
g0172,WT,drugA,10,24,3,448.7175,
g0172,WT,DMSO,0,24,1,386.6936,
g0172,WT,DMSO,0,24,2,490.7513,
g0172,WT,DMSO,0,24,3,409.8359,
g0172,mutant,drugA,2.5,6,1,512.0084,
g0172,mutant,drugA,2.5,6,2,466.3837,
g0172,mutant,drugA,2.5,6,3,447.2147,
g0172,mutant,drugA,5,6,1,375.775,
g0172,mutant,drugA,5,6,2,440.3995,
g0172,mutant,drugA,5,6,3,502.1089,
g0172,mutant,drugA,10,6,1,498.8387,
g0172,mutant,drugA,10,6,2,360.8966,
g0172,mutant,drugA,10,6,3,461.9376,
g0172,mutant,DMSO,0,6,1,582.4953,
g0172,mutant,DMSO,0,6,2,455.2667,
g0172,mutant,DMSO,0,6,3,484.5412,
g0172,mutant,drugA,2.5,24,1,403.96,
g0172,mutant,drugA,2.5,24,2,426.3536,
g0172,mutant,drugA,2.5,24,3,457.826,
g0172,mutant,drugA,5,24,1,530.3989,
g0172,mutant,drugA,5,24,2,484.1353,
g0172,mutant,drugA,5,24,3,534.5754,
g0172,mutant,drugA,10,24,1,503.0228,
g0172,mutant,drugA,10,24,2,454.9383,
g0172,mutant,drugA,10,24,3,473.4337,
g0172,mutant,DMSO,0,24,1,491.9186,
g0172,mutant,DMSO,0,24,2,545.2323,
g0172,mutant,DMSO,0,24,3,435.377,
g0173,WT,drugA,2.5,6,1,351.147,
g0173,WT,drugA,2.5,6,2,362.7593,
g0173,WT,drugA,2.5,6,3,337.5314,
g0173,WT,drugA,5,6,1,315.6548,
g0173,WT,drugA,5,6,2,328.0713,
g0173,WT,drugA,5,6,3,389.7942,
g0173,WT,drugA,10,6,1,361.6066,
g0173,WT,drugA,10,6,2,321.2709,
g0173,WT,drugA,10,6,3,308.4835,
g0173,WT,DMSO,0,6,1,214.76,
g0173,WT,DMSO,0,6,2,337.5875,
g0173,WT,DMSO,0,6,3,323.0673,
g0173,WT,drugA,2.5,24,1,345.798,
g0173,WT,drugA,2.5,24,2,369.651,
g0173,WT,drugA,2.5,24,3,336.967,
g0173,WT,drugA,5,24,1,299.7126,
g0173,WT,drugA,5,24,2,330.3916,
g0173,WT,drugA,5,24,3,297.9743,
g0173,WT,drugA,10,24,1,335.4158,
g0173,WT,drugA,10,24,2,353.2998,
g0173,WT,drugA,10,24,3,313.9398,
g0173,WT,DMSO,0,24,1,391.6387,
g0173,WT,DMSO,0,24,2,344.8376,
g0173,WT,DMSO,0,24,3,289.4758,
g0173,mutant,drugA,2.5,6,1,361.544,
g0173,mutant,drugA,2.5,6,2,311.9906,
g0173,mutant,drugA,2.5,6,3,323.6678,
g0173,mutant,drugA,5,6,1,334.5625,
g0173,mutant,drugA,5,6,2,255.2561,
g0173,mutant,drugA,5,6,3,300.8892,
g0173,mutant,drugA,10,6,1,310.1362,
g0173,mutant,drugA,10,6,2,380.0331,
g0173,mutant,drugA,10,6,3,336.5967,
g0173,mutant,DMSO,0,6,1,343.2258,
g0173,mutant,DMSO,0,6,2,333.6948,
g0173,mutant,DMSO,0,6,3,357.2466,
g0173,mutant,drugA,2.5,24,1,303.7335,
g0173,mutant,drugA,2.5,24,2,341.8676,
g0173,mutant,drugA,2.5,24,3,331.3207,
g0173,mutant,drugA,5,24,1,340.6548,
g0173,mutant,drugA,5,24,2,318.3026,
g0173,mutant,drugA,5,24,3,377.5678,
g0173,mutant,drugA,10,24,2,325.8021,
g0173,mutant,drugA,10,24,3,283.206,
g0173,mutant,DMSO,0,24,1,302.5078,
g0173,mutant,DMSO,0,24,2,331.965,
g0173,mutant,DMSO,0,24,3,309.4361,
g0174,WT,drugA,2.5,6,1,188.1445,
g0174,WT,drugA,2.5,6,2,205.6832,
g0174,WT,drugA,2.5,6,3,177.5325,
g0174,WT,drugA,5,6,1,209.0261,
g0174,WT,drugA,5,6,2,209.1462,
g0174,WT,drugA,5,6,3,207.8806,
g0174,WT,drugA,10,6,1,219.1636,
g0174,WT,drugA,10,6,2,182.9856,
g0174,WT,drugA,10,6,3,238.6837,
g0174,WT,DMSO,0,6,1,215.2751,
g0174,WT,DMSO,0,6,2,208.0316,
g0174,WT,drugA,2.5,24,1,220.6229,
g0174,WT,drugA,2.5,24,2,219.1668,
g0174,WT,drugA,2.5,24,3,189.758,
g0174,WT,drugA,5,24,1,224.6955,
g0174,WT,drugA,5,24,2,222.9151,
g0174,WT,drugA,5,24,3,230.5982,
g0174,WT,drugA,10,24,1,335.8363,
g0174,WT,drugA,10,24,2,335.5417,
g0174,WT,drugA,10,24,3,313.2237,
g0174,WT,DMSO,0,24,1,177.8233,
g0174,WT,DMSO,0,24,2,158.0722,
g0174,WT,DMSO,0,24,3,179.4781,
g0174,mutant,drugA,2.5,6,1,182.8962,
g0174,mutant,drugA,2.5,6,2,187.2234,
g0174,mutant,drugA,2.5,6,3,216.9467,
g0174,mutant,drugA,5,6,1,230.667,
g0174,mutant,drugA,5,6,2,219.3893,
g0174,mutant,drugA,5,6,3,189.456,
g0174,mutant,drugA,10,6,1,244.8837,
g0174,mutant,drugA,10,6,2,207.0517,
g0174,mutant,drugA,10,6,3,271.6129,
g0174,mutant,DMSO,0,6,1,204.5821,
g0174,mutant,DMSO,0,6,2,176.104,
g0174,mutant,DMSO,0,6,3,168.5122,
g0174,mutant,drugA,2.5,24,1,214.219,
g0174,mutant,drugA,2.5,24,2,203.519,
g0174,mutant,drugA,2.5,24,3,183.0027,
g0174,mutant,drugA,5,24,1,236.8534,
g0174,mutant,drugA,5,24,2,252.5318,
g0174,mutant,drugA,5,24,3,265.3669,
g0174,mutant,drugA,10,24,1,293.9799,
g0174,mutant,drugA,10,24,2,355.8865,
g0174,mutant,drugA,10,24,3,324.5664,
g0174,mutant,DMSO,0,24,1,152.3182,
g0174,mutant,DMSO,0,24,2,183.4146,
g0174,mutant,DMSO,0,24,3,155.0624,
g0175,WT,drugA,2.5,6,1,1390.7891,
g0175,WT,drugA,2.5,6,2,1450.9852,
g0175,WT,drugA,2.5,6,3,1137.2492,
g0175,WT,drugA,5,6,1,1169.3718,
g0175,WT,drugA,5,6,2,1441.9959,
g0175,WT,drugA,5,6,3,1426.9654,
g0175,WT,drugA,10,6,1,1219.1736,
g0175,WT,drugA,10,6,2,1303.6747,
g0175,WT,drugA,10,6,3,1273.4489,
g0175,WT,DMSO,0,6,1,1095.23,
g0175,WT,DMSO,0,6,2,1093.9574,
g0175,WT,DMSO,0,6,3,1300.4661,
g0175,WT,drugA,2.5,24,1,1362.2017,
g0175,WT,drugA,2.5,24,2,1242.2471,
g0175,WT,drugA,2.5,24,3,1433.7254,
g0175,WT,drugA,5,24,1,1160.8093,
g0175,WT,drugA,5,24,2,1465.3768,
g0175,WT,drugA,5,24,3,1079.7118,
g0175,WT,drugA,10,24,1,1313.4065,
g0175,WT,drugA,10,24,2,1056.3863,
g0175,WT,drugA,10,24,3,1232.0007,
g0175,WT,DMSO,0,24,1,1159.3391,
g0175,WT,DMSO,0,24,2,1310.425,
g0175,WT,DMSO,0,24,3,1404.4467,
g0175,mutant,drugA,2.5,6,1,1391.2397,
g0175,mutant,drugA,2.5,6,2,1274.7564,
g0175,mutant,drugA,2.5,6,3,1191.9469,
g0175,mutant,drugA,5,6,1,1115.6569,
g0175,mutant,drugA,5,6,2,1288.6343,
g0175,mutant,drugA,5,6,3,1305.9459,
g0175,mutant,drugA,10,6,1,1426.1727,
g0175,mutant,drugA,10,6,2,1236.4715,
g0175,mutant,drugA,10,6,3,1409.9972,
g0175,mutant,DMSO,0,6,1,1190.0346,
g0175,mutant,DMSO,0,6,2,1150.1917,
g0175,mutant,DMSO,0,6,3,1076.7331,
g0175,mutant,drugA,2.5,24,1,1203.2313,
g0175,mutant,drugA,2.5,24,2,1303.3635,
g0175,mutant,drugA,2.5,24,3,1196.6723,
g0175,mutant,drugA,5,24,1,1197.1527,
g0175,mutant,drugA,5,24,2,1285.1505,
g0175,mutant,drugA,5,24,3,1152.1399,
g0175,mutant,drugA,10,24,1,1266.2873,
g0175,mutant,drugA,10,24,2,1408.8988,
g0175,mutant,drugA,10,24,3,1052.7829,
g0175,mutant,DMSO,0,24,1,896.861,
g0175,mutant,DMSO,0,24,2,1215.3732,
g0175,mutant,DMSO,0,24,3,1221.7596,
g0176,WT,drugA,2.5,6,1,114.2251,
g0176,WT,drugA,2.5,6,2,150.4381,
g0176,WT,drugA,2.5,6,3,150.8779,
g0176,WT,drugA,5,6,1,135.2352,
g0176,WT,drugA,5,6,2,132.6873,
g0176,WT,drugA,5,6,3,140.117,
g0176,WT,drugA,10,6,1,134.1391,
g0176,WT,drugA,10,6,2,135.6493,
g0176,WT,drugA,10,6,3,172.37,
g0176,WT,DMSO,0,6,1,166.0341,
g0176,WT,DMSO,0,6,2,139.1428,
g0176,WT,DMSO,0,6,3,158.0201,
g0176,WT,drugA,2.5,24,1,140.2343,
g0176,WT,drugA,2.5,24,2,132.812,
g0176,WT,drugA,2.5,24,3,137.6036,
g0176,WT,drugA,5,24,1,144.6274,
g0176,WT,drugA,5,24,2,147.5427,
g0176,WT,drugA,5,24,3,150.2424,
g0176,WT,drugA,10,24,1,149.728,
g0176,WT,drugA,10,24,2,153.9252,
g0176,WT,drugA,10,24,3,197.8874,
g0176,WT,DMSO,0,24,1,170.0616,
g0176,WT,DMSO,0,24,2,142.0157,
g0176,WT,DMSO,0,24,3,146.8353,
g0176,mutant,drugA,2.5,6,1,140.5184,
g0176,mutant,drugA,2.5,6,2,145.6997,
g0176,mutant,drugA,2.5,6,3,128.9749,
g0176,mutant,drugA,5,6,1,167.2361,
g0176,mutant,drugA,5,6,2,136.8428,
g0176,mutant,drugA,5,6,3,162.19,
g0176,mutant,drugA,10,6,1,157.2409,
g0176,mutant,drugA,10,6,2,113.303,
g0176,mutant,drugA,10,6,3,125.9485,
g0176,mutant,DMSO,0,6,1,131.4775,
g0176,mutant,DMSO,0,6,2,142.6656,
g0176,mutant,DMSO,0,6,3,137.4088,
g0176,mutant,drugA,2.5,24,1,162.7517,
g0176,mutant,drugA,2.5,24,2,135.8844,
g0176,mutant,drugA,2.5,24,3,143.2572,
g0176,mutant,drugA,5,24,1,132.7073,
g0176,mutant,drugA,5,24,2,151.748,
g0176,mutant,drugA,5,24,3,149.9977,
g0176,mutant,drugA,10,24,1,138.2474,
g0176,mutant,drugA,10,24,2,143.3842,
g0176,mutant,drugA,10,24,3,135.094,
g0176,mutant,DMSO,0,24,1,157.3231,
g0176,mutant,DMSO,0,24,2,147.0319,
g0176,mutant,DMSO,0,24,3,135.1716,
g0177,WT,drugA,2.5,6,1,4044.8459,
g0177,WT,drugA,2.5,6,2,4290.3671,
g0177,WT,drugA,2.5,6,3,4368.6329,
g0177,WT,drugA,5,6,1,4373.8782,
g0177,WT,drugA,5,6,2,3455.7798,
g0177,WT,drugA,5,6,3,4227.4781,
g0177,WT,drugA,10,6,1,3848.2682,
g0177,WT,drugA,10,6,2,4268.2749,
g0177,WT,drugA,10,6,3,4317.7168,
g0177,WT,DMSO,0,6,1,5087.9552,
g0177,WT,DMSO,0,6,2,4012.9712,
g0177,WT,DMSO,0,6,3,3953.5004,
g0177,WT,drugA,2.5,24,1,4291.1492,
g0177,WT,drugA,2.5,24,2,3880.0909,
g0177,WT,drugA,2.5,24,3,4189.8837,
g0177,WT,drugA,5,24,1,3836.1575,
g0177,WT,drugA,5,24,2,4029.2918,
g0177,WT,drugA,5,24,3,4505.9021,
g0177,WT,drugA,10,24,1,3825.0531,
g0177,WT,drugA,10,24,2,3852.6435,
g0177,WT,drugA,10,24,3,3517.7147,
g0177,WT,DMSO,0,24,1,4128.1803,
g0177,WT,DMSO,0,24,2,4068.5976,
g0177,WT,DMSO,0,24,3,3650.3615,
g0177,mutant,drugA,2.5,6,1,3983.3905,
g0177,mutant,drugA,2.5,6,2,4525.2911,
g0177,mutant,drugA,2.5,6,3,3834.5478,
g0177,mutant,drugA,5,6,1,2983.6724,
g0177,mutant,drugA,5,6,2,3590.4287,
g0177,mutant,drugA,5,6,3,4150.0276,
g0177,mutant,drugA,10,6,1,3636.9713,
g0177,mutant,drugA,10,6,2,3479.0196,
g0177,mutant,DMSO,0,6,1,4122.7702,
g0177,mutant,DMSO,0,6,2,4019.5206,
g0177,mutant,DMSO,0,6,3,3629.9675,
g0177,mutant,drugA,2.5,24,1,4034.0455,
g0177,mutant,drugA,2.5,24,2,3324.3616,
g0177,mutant,drugA,2.5,24,3,4415.4707,
g0177,mutant,drugA,5,24,1,3914.3647,
g0177,mutant,drugA,5,24,2,4182.9626,
g0177,mutant,drugA,5,24,3,3698.895,
g0177,mutant,drugA,10,24,1,4531.98,
g0177,mutant,drugA,10,24,2,3616.9469,
g0177,mutant,drugA,10,24,3,3574.9073,
g0177,mutant,DMSO,0,24,1,3405.2364,
g0177,mutant,DMSO,0,24,2,3779.007,
g0177,mutant,DMSO,0,24,3,3192.6689,
g0178,WT,drugA,2.5,6,1,266.7608,
g0178,WT,drugA,2.5,6,2,318.7839,
g0178,WT,drugA,2.5,6,3,286.9797,
g0178,WT,drugA,5,6,1,238.239,
g0178,WT,drugA,5,6,2,323.238,
g0178,WT,drugA,5,6,3,270.6819,
g0178,WT,drugA,10,6,1,201.3555,
g0178,WT,drugA,10,6,2,216.0545,
g0178,WT,drugA,10,6,3,188.9936,
g0178,WT,DMSO,0,6,1,457.2836,
g0178,WT,DMSO,0,6,2,379.1547,
g0178,WT,DMSO,0,6,3,412.5709,
g0178,WT,drugA,2.5,24,1,319.6393,
g0178,WT,drugA,2.5,24,2,300.4892,
g0178,WT,drugA,2.5,24,3,303.616,
g0178,WT,drugA,5,24,1,187.7131,
g0178,WT,drugA,5,24,2,237.7463,
g0178,WT,drugA,5,24,3,213.5112,
g0178,WT,drugA,10,24,1,135.8858,
g0178,WT,drugA,10,24,2,128.6415,
g0178,WT,drugA,10,24,3,123.6224,
g0178,WT,DMSO,0,24,1,363.7452,
g0178,WT,DMSO,0,24,2,392.7901,
g0178,WT,DMSO,0,24,3,325.7697,
g0178,mutant,drugA,2.5,6,1,319.1375,
g0178,mutant,drugA,2.5,6,2,392.2503,
g0178,mutant,drugA,2.5,6,3,310.5567,
g0178,mutant,drugA,5,6,1,290.4415,
g0178,mutant,drugA,5,6,2,242.6278,
g0178,mutant,drugA,5,6,3,310.9073,
g0178,mutant,drugA,10,6,1,212.5827,
g0178,mutant,drugA,10,6,2,217.3,
g0178,mutant,drugA,10,6,3,204.8696,
g0178,mutant,DMSO,0,6,1,399.445,
g0178,mutant,DMSO,0,6,2,419.0087,
g0178,mutant,DMSO,0,6,3,355.7065,
g0178,mutant,drugA,2.5,24,1,264.9297,
g0178,mutant,drugA,2.5,24,2,263.6827,
g0178,mutant,drugA,2.5,24,3,241.3305,
g0178,mutant,drugA,5,24,1,260.2204,
g0178,mutant,drugA,5,24,2,196.8058,
g0178,mutant,drugA,5,24,3,207.1135,
g0178,mutant,drugA,10,24,1,144.6115,
g0178,mutant,drugA,10,24,2,111.3559,
g0178,mutant,drugA,10,24,3,121.2858,
g0178,mutant,DMSO,0,24,1,329.4222,
g0178,mutant,DMSO,0,24,2,405.6084,
g0178,mutant,DMSO,0,24,3,456.6762,
g0179,WT,drugA,2.5,6,1,194.4269,
g0179,WT,drugA,2.5,6,2,189.554,
g0179,WT,drugA,2.5,6,3,200.8824,
g0179,WT,drugA,5,6,1,189.701,
g0179,WT,drugA,5,6,2,175.1449,
g0179,WT,drugA,5,6,3,174.0933,
g0179,WT,drugA,10,6,1,188.4187,
g0179,WT,drugA,10,6,2,202.621,
g0179,WT,drugA,10,6,3,177.7744,
g0179,WT,DMSO,0,6,1,208.3391,
g0179,WT,DMSO,0,6,2,198.554,
g0179,WT,DMSO,0,6,3,218.8379,
g0179,WT,drugA,2.5,24,1,184.6357,
g0179,WT,drugA,2.5,24,2,187.9315,
g0179,WT,drugA,2.5,24,3,171.9055,
g0179,WT,drugA,5,24,1,215.2762,
g0179,WT,drugA,5,24,2,174.5655,
g0179,WT,drugA,5,24,3,210.2602,
g0179,WT,drugA,10,24,1,189.7459,
g0179,WT,drugA,10,24,2,202.4405,
g0179,WT,drugA,10,24,3,200.1706,
g0179,WT,DMSO,0,24,1,209.5792,
g0179,WT,DMSO,0,24,2,209.0882,
g0179,WT,DMSO,0,24,3,162.5704,
g0179,mutant,drugA,2.5,6,1,164.5231,
g0179,mutant,drugA,2.5,6,2,214.3331,
g0179,mutant,drugA,2.5,6,3,175.5922,
g0179,mutant,drugA,5,6,1,161.5376,
g0179,mutant,drugA,5,6,2,199.8601,
g0179,mutant,drugA,5,6,3,189.2293,
g0179,mutant,drugA,10,6,1,205.4474,
g0179,mutant,drugA,10,6,2,184.3824,
g0179,mutant,drugA,10,6,3,185.7089,
g0179,mutant,DMSO,0,6,1,214.6748,
g0179,mutant,DMSO,0,6,2,214.1573,
g0179,mutant,DMSO,0,6,3,196.951,
g0179,mutant,drugA,2.5,24,2,189.9206,
g0179,mutant,drugA,2.5,24,3,162.1805,
g0179,mutant,drugA,5,24,1,229.139,
g0179,mutant,drugA,5,24,2,172.2297,
g0179,mutant,drugA,5,24,3,203.3812,
g0179,mutant,drugA,10,24,1,183.6165,
g0179,mutant,drugA,10,24,2,182.1122,
g0179,mutant,drugA,10,24,3,196.5019,
g0179,mutant,DMSO,0,24,1,235.1887,
g0179,mutant,DMSO,0,24,2,193.9728,
g0179,mutant,DMSO,0,24,3,172.2812,
g0180,WT,drugA,2.5,6,1,361.9544,
g0180,WT,drugA,2.5,6,2,343.9553,
g0180,WT,drugA,2.5,6,3,288.5011,
g0180,WT,drugA,5,6,1,294.5213,
g0180,WT,drugA,5,6,2,283.3799,
g0180,WT,drugA,5,6,3,291.3217,
g0180,WT,drugA,10,6,1,336.587,
g0180,WT,drugA,10,6,2,326.1193,
g0180,WT,drugA,10,6,3,351.6996,
g0180,WT,DMSO,0,6,1,347.7775,
g0180,WT,DMSO,0,6,2,335.7972,
g0180,WT,DMSO,0,6,3,318.832,
g0180,WT,drugA,2.5,24,1,353.7031,
g0180,WT,drugA,2.5,24,2,283.8449,
g0180,WT,drugA,2.5,24,3,317.3821,
g0180,WT,drugA,5,24,1,339.0365,
g0180,WT,drugA,5,24,2,352.9645,
g0180,WT,drugA,5,24,3,316.684,
g0180,WT,drugA,10,24,1,374.2698,
g0180,WT,drugA,10,24,2,345.0183,
g0180,WT,drugA,10,24,3,329.9486,
g0180,WT,DMSO,0,24,1,312.5237,
g0180,WT,DMSO,0,24,2,373.4121,
g0180,WT,DMSO,0,24,3,337.9601,
g0180,mutant,drugA,2.5,6,1,379.3307,
g0180,mutant,drugA,2.5,6,2,309.2016,
g0180,mutant,drugA,2.5,6,3,382.9721,
g0180,mutant,drugA,5,6,1,360.6835,
g0180,mutant,drugA,5,6,3,366.6346,
g0180,mutant,drugA,10,6,1,337.7178,
g0180,mutant,drugA,10,6,2,346.4522,
g0180,mutant,drugA,10,6,3,351.2077,
g0180,mutant,DMSO,0,6,1,384.0877,
g0180,mutant,DMSO,0,6,2,300.8852,
g0180,mutant,DMSO,0,6,3,261.0096,
g0180,mutant,drugA,2.5,24,1,355.2284,
g0180,mutant,drugA,2.5,24,2,343.9438,
g0180,mutant,drugA,2.5,24,3,359.7756,
g0180,mutant,drugA,5,24,1,428.2738,
g0180,mutant,drugA,5,24,2,362.2385,
g0180,mutant,drugA,5,24,3,370.6012,
g0180,mutant,drugA,10,24,1,348.2724,
g0180,mutant,drugA,10,24,2,351.9383,
g0180,mutant,drugA,10,24,3,329.7988,
g0180,mutant,DMSO,0,24,1,364.2243,
g0180,mutant,DMSO,0,24,2,292.3158,
g0180,mutant,DMSO,0,24,3,318.8936,
g0181,WT,drugA,2.5,6,1,125.8447,
g0181,WT,drugA,2.5,6,2,128.2679,
g0181,WT,drugA,2.5,6,3,175.6842,
g0181,WT,drugA,5,6,1,129.2632,
g0181,WT,drugA,5,6,2,163.1105,
g0181,WT,drugA,5,6,3,125.9724,
g0181,WT,drugA,10,6,1,158.3887,
g0181,WT,drugA,10,6,2,146.2468,
g0181,WT,drugA,10,6,3,140.294,
g0181,WT,DMSO,0,6,1,153.5675,
g0181,WT,DMSO,0,6,2,128.6899,
g0181,WT,DMSO,0,6,3,163.7627,
g0181,WT,drugA,2.5,24,1,154.2103,
g0181,WT,drugA,2.5,24,2,162.5255,
g0181,WT,drugA,2.5,24,3,131.1893,
g0181,WT,drugA,5,24,1,126.4229,
g0181,WT,drugA,5,24,2,168.687,
g0181,WT,drugA,5,24,3,130.6691,
g0181,WT,drugA,10,24,1,146.8897,
g0181,WT,drugA,10,24,2,114.8706,
g0181,WT,drugA,10,24,3,131.7418,
g0181,WT,DMSO,0,24,1,142.5274,
g0181,WT,DMSO,0,24,2,130.6647,
g0181,WT,DMSO,0,24,3,128.8948,
g0181,mutant,drugA,2.5,6,1,126.853,
g0181,mutant,drugA,2.5,6,2,126.2254,
g0181,mutant,drugA,2.5,6,3,123.8371,
g0181,mutant,drugA,5,6,1,152.3421,
g0181,mutant,drugA,5,6,2,123.6278,
g0181,mutant,drugA,5,6,3,141.36,
g0181,mutant,drugA,10,6,1,145.0511,
g0181,mutant,drugA,10,6,2,164.9908,
g0181,mutant,drugA,10,6,3,135.7226,
g0181,mutant,DMSO,0,6,1,140.9531,
g0181,mutant,DMSO,0,6,2,173.4694,
g0181,mutant,DMSO,0,6,3,141.7897,
g0181,mutant,drugA,2.5,24,1,130.8213,
g0181,mutant,drugA,2.5,24,2,135.6505,
g0181,mutant,drugA,2.5,24,3,151.0871,
g0181,mutant,drugA,5,24,1,131.4577,
g0181,mutant,drugA,5,24,2,122.7153,
g0181,mutant,drugA,5,24,3,144.8906,
g0181,mutant,drugA,10,24,1,132.7715,
g0181,mutant,drugA,10,24,2,145.0616,
g0181,mutant,drugA,10,24,3,171.5075,
g0181,mutant,DMSO,0,24,1,155.2815,
g0181,mutant,DMSO,0,24,2,132.9151,
g0181,mutant,DMSO,0,24,3,143.8148,
g0182,WT,drugA,2.5,6,1,3790.3518,
g0182,WT,drugA,2.5,6,2,3451.508,
g0182,WT,drugA,2.5,6,3,4087.6701,
g0182,WT,drugA,5,6,1,4402.4032,
g0182,WT,drugA,5,6,2,3624.4362,
g0182,WT,drugA,5,6,3,3460.5559,
g0182,WT,drugA,10,6,1,3905.3148,
g0182,WT,drugA,10,6,2,3984.604,
g0182,WT,drugA,10,6,3,4538.8738,
g0182,WT,DMSO,0,6,1,4081.9546,
g0182,WT,DMSO,0,6,2,3779.3622,
g0182,WT,DMSO,0,6,3,4325.6285,
g0182,WT,drugA,2.5,24,1,5140.3241,
g0182,WT,drugA,2.5,24,2,3901.335,
g0182,WT,drugA,2.5,24,3,4420.2899,
g0182,WT,drugA,5,24,1,3911.6363,
g0182,WT,drugA,5,24,2,4407.2044,
g0182,WT,drugA,5,24,3,3833.0339,
g0182,WT,drugA,10,24,1,3909.3568,
g0182,WT,drugA,10,24,2,4132.7585,
g0182,WT,drugA,10,24,3,3362.5654,
g0182,WT,DMSO,0,24,1,4287.5498,
g0182,WT,DMSO,0,24,2,4538.1764,
g0182,WT,DMSO,0,24,3,4459.0485,
g0182,mutant,drugA,2.5,6,1,4730.6962,
g0182,mutant,drugA,2.5,6,2,3657.1933,
g0182,mutant,drugA,2.5,6,3,4265.1855,
g0182,mutant,drugA,5,6,1,4889.9695,
g0182,mutant,drugA,5,6,2,4192.5511,
g0182,mutant,drugA,5,6,3,3742.4219,
g0182,mutant,drugA,10,6,1,4325.31,
g0182,mutant,drugA,10,6,3,4355.6743,
g0182,mutant,DMSO,0,6,1,4385.2243,
g0182,mutant,DMSO,0,6,2,3692.1808,
g0182,mutant,DMSO,0,6,3,3773.7392,
g0182,mutant,drugA,2.5,24,1,3876.0127,
g0182,mutant,drugA,2.5,24,2,4171.9907,
g0182,mutant,drugA,2.5,24,3,3561.7995,
g0182,mutant,drugA,5,24,1,4333.599,
g0182,mutant,drugA,5,24,2,3675.5228,
g0182,mutant,drugA,5,24,3,4124.0009,
g0182,mutant,drugA,10,24,1,3953.2066,
g0182,mutant,drugA,10,24,2,4467.4313,
g0182,mutant,drugA,10,24,3,4749.3783,
g0182,mutant,DMSO,0,24,1,3926.5168,
g0182,mutant,DMSO,0,24,2,4558.6982,
g0182,mutant,DMSO,0,24,3,3807.9095,
g0183,WT,drugA,2.5,6,1,1343.8555,
g0183,WT,drugA,2.5,6,2,1213.8689,
g0183,WT,drugA,2.5,6,3,1162.6056,
g0183,WT,drugA,5,6,1,1117.0152,
g0183,WT,drugA,5,6,2,1045.3609,
g0183,WT,drugA,5,6,3,1120.2974,
g0183,WT,drugA,10,6,1,1470.3365,
g0183,WT,drugA,10,6,2,1212.2415,
g0183,WT,drugA,10,6,3,1200.6245,
g0183,WT,DMSO,0,6,1,1205.676,
g0183,WT,DMSO,0,6,2,1122.8934,
g0183,WT,DMSO,0,6,3,1182.5027,
g0183,WT,drugA,2.5,24,1,1157.1844,
g0183,WT,drugA,2.5,24,2,1297.7446,
g0183,WT,drugA,2.5,24,3,1150.8438,
g0183,WT,drugA,5,24,1,1327.5312,
g0183,WT,drugA,5,24,2,1400.3223,
g0183,WT,drugA,5,24,3,1211.2917,
g0183,WT,drugA,10,24,1,1068.9529,
g0183,WT,drugA,10,24,2,1085.0848,
g0183,WT,drugA,10,24,3,1184.4554,
g0183,WT,DMSO,0,24,1,1168.6132,
g0183,WT,DMSO,0,24,2,1029.5989,
g0183,WT,DMSO,0,24,3,1094.2265,
g0183,mutant,drugA,2.5,6,1,1190.9262,
g0183,mutant,drugA,2.5,6,2,1371.5247,
g0183,mutant,drugA,2.5,6,3,1027.7863,
g0183,mutant,drugA,5,6,1,1395.0676,
g0183,mutant,drugA,5,6,2,1152.3063,
g0183,mutant,drugA,10,6,1,995.356,
g0183,mutant,drugA,10,6,2,1227.9513,
g0183,mutant,drugA,10,6,3,1325.3826,
g0183,mutant,DMSO,0,6,1,1069.3478,
g0183,mutant,DMSO,0,6,2,1386.462,
g0183,mutant,DMSO,0,6,3,1182.5714,
g0183,mutant,drugA,2.5,24,1,1387.7587,
g0183,mutant,drugA,2.5,24,2,1114.4133,
g0183,mutant,drugA,2.5,24,3,1285.268,
g0183,mutant,drugA,5,24,1,1130.5592,
g0183,mutant,drugA,5,24,2,1226.5822,
g0183,mutant,drugA,5,24,3,1151.8785,
g0183,mutant,drugA,10,24,1,1465.7566,
g0183,mutant,drugA,10,24,2,1089.5545,
g0183,mutant,drugA,10,24,3,1255.4964,
g0183,mutant,DMSO,0,24,1,1183.0443,
g0183,mutant,DMSO,0,24,2,1107.5167,
g0183,mutant,DMSO,0,24,3,1238.4679,
g0184,WT,drugA,2.5,6,1,510.249,
g0184,WT,drugA,2.5,6,2,422.7301,
g0184,WT,drugA,2.5,6,3,434.1138,
g0184,WT,drugA,5,6,1,425.5116,
g0184,WT,drugA,5,6,2,384.0468,
g0184,WT,drugA,5,6,3,467.8217,
g0184,WT,drugA,10,6,1,341.7874,
g0184,WT,drugA,10,6,2,304.9918,
g0184,WT,drugA,10,6,3,366.8728,
g0184,WT,DMSO,0,6,1,505.613,
g0184,WT,DMSO,0,6,2,446.6372,
g0184,WT,DMSO,0,6,3,475.3988,
g0184,WT,drugA,2.5,24,1,420.311,
g0184,WT,drugA,2.5,24,2,455.4054,
g0184,WT,drugA,2.5,24,3,420.9755,
g0184,WT,drugA,5,24,1,318.6423,
g0184,WT,drugA,5,24,2,303.5103,
g0184,WT,drugA,5,24,3,316.1645,
g0184,WT,drugA,10,24,1,145.8126,
g0184,WT,drugA,10,24,2,197.572,
g0184,WT,drugA,10,24,3,169.6578,
g0184,WT,DMSO,0,24,1,557.4029,
g0184,WT,DMSO,0,24,2,513.2523,
g0184,WT,DMSO,0,24,3,574.1187,
g0184,mutant,drugA,2.5,6,1,624.6234,
g0184,mutant,drugA,2.5,6,2,430.1622,
g0184,mutant,drugA,2.5,6,3,580.9094,
g0184,mutant,drugA,5,6,1,572.1525,
g0184,mutant,drugA,5,6,2,535.5229,
g0184,mutant,drugA,5,6,3,554.2934,
g0184,mutant,drugA,10,6,1,533.5313,
g0184,mutant,drugA,10,6,2,499.1258,
g0184,mutant,drugA,10,6,3,478.4567,
g0184,mutant,DMSO,0,6,1,643.5831,
g0184,mutant,DMSO,0,6,2,548.5335,
g0184,mutant,DMSO,0,6,3,576.7307,
g0184,mutant,drugA,2.5,24,1,461.8239,
g0184,mutant,drugA,2.5,24,2,539.9012,
g0184,mutant,drugA,2.5,24,3,644.2271,
g0184,mutant,drugA,5,24,1,486.8765,
g0184,mutant,drugA,5,24,2,492.6581,
g0184,mutant,drugA,5,24,3,532.7314,
g0184,mutant,drugA,10,24,1,453.3825,
g0184,mutant,drugA,10,24,2,473.3608,
g0184,mutant,drugA,10,24,3,525.2733,
g0184,mutant,DMSO,0,24,1,566.7,
g0184,mutant,DMSO,0,24,2,509.6686,
g0184,mutant,DMSO,0,24,3,451.1464,
g0185,WT,drugA,2.5,6,1,297.5276,
g0185,WT,drugA,2.5,6,2,266.377,
g0185,WT,drugA,2.5,6,3,262.7283,
g0185,WT,drugA,5,6,1,244.1731,
g0185,WT,drugA,5,6,2,282.9344,
g0185,WT,drugA,5,6,3,272.5361,
g0185,WT,drugA,10,6,1,264.9572,
g0185,WT,drugA,10,6,2,230.5133,
g0185,WT,drugA,10,6,3,322.4415,
g0185,WT,DMSO,0,6,1,345.7839,
g0185,WT,DMSO,0,6,2,319.3172,
g0185,WT,DMSO,0,6,3,228.1554,
g0185,WT,drugA,2.5,24,1,332.767,
g0185,WT,drugA,2.5,24,2,233.7347,
g0185,WT,drugA,2.5,24,3,273.0756,
g0185,WT,drugA,5,24,1,266.0713,
g0185,WT,drugA,5,24,3,260.7815,
g0185,WT,drugA,10,24,1,266.6498,
g0185,WT,drugA,10,24,2,365.1988,
g0185,WT,drugA,10,24,3,262.416,
g0185,WT,DMSO,0,24,1,251.8179,
g0185,WT,DMSO,0,24,2,261.9237,
g0185,WT,DMSO,0,24,3,365.4808,
g0185,mutant,drugA,2.5,6,1,209.4024,
g0185,mutant,drugA,2.5,6,2,281.2979,
g0185,mutant,drugA,2.5,6,3,236.5819,
g0185,mutant,drugA,5,6,1,324.9929,
g0185,mutant,drugA,5,6,2,313.6425,
g0185,mutant,drugA,5,6,3,248.705,
g0185,mutant,drugA,10,6,1,292.038,
g0185,mutant,drugA,10,6,2,248.6918,
g0185,mutant,drugA,10,6,3,287.8306,
g0185,mutant,DMSO,0,6,1,285.274,
g0185,mutant,DMSO,0,6,2,265.219,
g0185,mutant,DMSO,0,6,3,240.7967,
g0185,mutant,drugA,2.5,24,1,297.7201,
g0185,mutant,drugA,2.5,24,2,211.7205,
g0185,mutant,drugA,2.5,24,3,270.9177,
g0185,mutant,drugA,5,24,1,302.6807,
g0185,mutant,drugA,5,24,2,271.2322,
g0185,mutant,drugA,5,24,3,271.7258,
g0185,mutant,drugA,10,24,1,278.4297,
g0185,mutant,drugA,10,24,2,319.4832,
g0185,mutant,drugA,10,24,3,245.1428,
g0185,mutant,DMSO,0,24,1,274.3737,
g0185,mutant,DMSO,0,24,2,241.4425,
g0185,mutant,DMSO,0,24,3,289.8728,
g0186,WT,drugA,2.5,6,1,672.7774,
g0186,WT,drugA,2.5,6,2,583.4652,
g0186,WT,drugA,2.5,6,3,509.0071,
g0186,WT,drugA,5,6,1,684.8483,
g0186,WT,drugA,5,6,2,497.26,
g0186,WT,drugA,5,6,3,565.6417,
g0186,WT,drugA,10,6,1,641.8745,
g0186,WT,drugA,10,6,2,617.0653,
g0186,WT,drugA,10,6,3,561.4647,
g0186,WT,DMSO,0,6,1,668.8275,
g0186,WT,DMSO,0,6,2,571.4348,
g0186,WT,DMSO,0,6,3,560.7242,
g0186,WT,drugA,2.5,24,1,643.0832,
g0186,WT,drugA,2.5,24,2,749.4628,
g0186,WT,drugA,5,24,1,675.7132,
g0186,WT,drugA,5,24,2,648.3889,
g0186,WT,drugA,5,24,3,657.2607,
g0186,WT,drugA,10,24,1,564.301,
g0186,WT,drugA,10,24,2,796.7533,
g0186,WT,drugA,10,24,3,611.9682,
g0186,WT,DMSO,0,24,1,634.3439,
g0186,WT,DMSO,0,24,2,612.7449,
g0186,WT,DMSO,0,24,3,602.4629,
g0186,mutant,drugA,2.5,6,2,537.0617,
g0186,mutant,drugA,2.5,6,3,575.7852,
g0186,mutant,drugA,5,6,1,717.6825,
g0186,mutant,drugA,5,6,2,715.1847,
g0186,mutant,drugA,5,6,3,542.6563,
g0186,mutant,drugA,10,6,1,620.3091,
g0186,mutant,drugA,10,6,2,639.9662,
g0186,mutant,drugA,10,6,3,628.4315,
g0186,mutant,DMSO,0,6,1,658.2495,
g0186,mutant,DMSO,0,6,2,670.4255,
g0186,mutant,DMSO,0,6,3,634.5671,
g0186,mutant,drugA,2.5,24,1,664.9526,
g0186,mutant,drugA,2.5,24,2,574.9959,
g0186,mutant,drugA,2.5,24,3,691.1705,
g0186,mutant,drugA,5,24,1,647.3184,
g0186,mutant,drugA,5,24,2,554.3851,
g0186,mutant,drugA,5,24,3,595.8039,
g0186,mutant,drugA,10,24,1,681.0784,
g0186,mutant,drugA,10,24,2,590.5025,
g0186,mutant,drugA,10,24,3,587.0905,
g0186,mutant,DMSO,0,24,1,767.7691,
g0186,mutant,DMSO,0,24,2,577.4521,
g0186,mutant,DMSO,0,24,3,661.9154,
g0187,WT,drugA,2.5,6,1,33.9896,
g0187,WT,drugA,2.5,6,2,41.4443,
g0187,WT,drugA,2.5,6,3,42.2699,
g0187,WT,drugA,5,6,1,39.4148,
g0187,WT,drugA,5,6,2,37.5248,
g0187,WT,drugA,5,6,3,43.2113,
g0187,WT,drugA,10,6,1,31.5541,
g0187,WT,drugA,10,6,2,43.0511,
g0187,WT,drugA,10,6,3,38.559,
g0187,WT,DMSO,0,6,1,45.442,
g0187,WT,DMSO,0,6,3,43.599,
g0187,WT,drugA,2.5,24,1,47.4195,
g0187,WT,drugA,2.5,24,2,37.7211,
g0187,WT,drugA,2.5,24,3,37.015,
g0187,WT,drugA,5,24,1,38.6075,
g0187,WT,drugA,5,24,2,36.8812,
g0187,WT,drugA,5,24,3,39.5235,
g0187,WT,drugA,10,24,1,39.9396,
g0187,WT,drugA,10,24,2,36.2957,
g0187,WT,drugA,10,24,3,49.0325,
g0187,WT,DMSO,0,24,1,39.1543,
g0187,WT,DMSO,0,24,3,38.7314,
g0187,mutant,drugA,2.5,6,1,39.4104,
g0187,mutant,drugA,2.5,6,2,31.4911,
g0187,mutant,drugA,2.5,6,3,38.4369,
g0187,mutant,drugA,5,6,1,36.2843,
g0187,mutant,drugA,5,6,2,42.2863,
g0187,mutant,drugA,5,6,3,31.2564,
g0187,mutant,drugA,10,6,1,37.1407,
g0187,mutant,drugA,10,6,2,37.5141,
g0187,mutant,drugA,10,6,3,33.7043,
g0187,mutant,DMSO,0,6,1,41.4397,
g0187,mutant,DMSO,0,6,2,32.7025,
g0187,mutant,DMSO,0,6,3,39.472,
g0187,mutant,drugA,2.5,24,1,32.2626,
g0187,mutant,drugA,2.5,24,2,36.013,
g0187,mutant,drugA,2.5,24,3,34.1644,
g0187,mutant,drugA,5,24,1,38.7616,
g0187,mutant,drugA,5,24,2,31.6284,
g0187,mutant,drugA,5,24,3,29.5117,
g0187,mutant,drugA,10,24,1,36.7257,
g0187,mutant,drugA,10,24,2,32.5125,
g0187,mutant,drugA,10,24,3,40.3116,
g0187,mutant,DMSO,0,24,1,36.2914,
g0187,mutant,DMSO,0,24,2,32.3987,
g0187,mutant,DMSO,0,24,3,33.6859,
g0188,WT,drugA,2.5,6,1,168.832,
g0188,WT,drugA,2.5,6,2,154.3722,
g0188,WT,drugA,2.5,6,3,156.4483,
g0188,WT,drugA,5,6,1,146.942,
g0188,WT,drugA,5,6,2,170.5247,
g0188,WT,drugA,5,6,3,145.4823,
g0188,WT,drugA,10,6,1,146.7014,
g0188,WT,drugA,10,6,2,141.886,
g0188,WT,drugA,10,6,3,149.5837,
g0188,WT,DMSO,0,6,1,128.0536,
g0188,WT,DMSO,0,6,2,179.5187,
g0188,WT,DMSO,0,6,3,132.7601,
g0188,WT,drugA,2.5,24,1,167.2241,
g0188,WT,drugA,2.5,24,2,138.957,
g0188,WT,drugA,2.5,24,3,197.4509,
g0188,WT,drugA,5,24,1,147.2526,
g0188,WT,drugA,5,24,2,165.8615,
g0188,WT,drugA,5,24,3,156.6647,
g0188,WT,drugA,10,24,1,160.5979,
g0188,WT,drugA,10,24,2,151.7738,
g0188,WT,drugA,10,24,3,151.3179,
g0188,WT,DMSO,0,24,1,166.0974,
g0188,WT,DMSO,0,24,2,128.4086,
g0188,WT,DMSO,0,24,3,138.8697,
g0188,mutant,drugA,2.5,6,1,140.7339,
g0188,mutant,drugA,2.5,6,2,143.0245,
g0188,mutant,drugA,2.5,6,3,149.0567,
g0188,mutant,drugA,5,6,1,155.9109,
g0188,mutant,drugA,5,6,2,150.0021,
g0188,mutant,drugA,5,6,3,153.3795,
g0188,mutant,drugA,10,6,1,138.5456,
g0188,mutant,drugA,10,6,3,180.8361,
g0188,mutant,DMSO,0,6,1,164.4663,
g0188,mutant,DMSO,0,6,2,179.6037,
g0188,mutant,DMSO,0,6,3,141.1347,
g0188,mutant,drugA,2.5,24,1,166.2413,
g0188,mutant,drugA,2.5,24,2,149.2992,
g0188,mutant,drugA,2.5,24,3,143.6302,
g0188,mutant,drugA,5,24,1,163.3933,
g0188,mutant,drugA,5,24,3,163.4657,
g0188,mutant,drugA,10,24,1,181.0265,
g0188,mutant,drugA,10,24,2,179.1301,
g0188,mutant,drugA,10,24,3,149.2958,
g0188,mutant,DMSO,0,24,1,177.3668,
g0188,mutant,DMSO,0,24,2,164.1704,
g0188,mutant,DMSO,0,24,3,156.8385,
g0189,WT,drugA,2.5,6,1,285.3014,
g0189,WT,drugA,2.5,6,2,294.242,
g0189,WT,drugA,2.5,6,3,240.8509,
g0189,WT,drugA,5,6,1,237.1131,
g0189,WT,drugA,5,6,2,212.2429,
g0189,WT,drugA,5,6,3,238.9431,
g0189,WT,drugA,10,6,1,183.8436,
g0189,WT,drugA,10,6,2,162.5681,
g0189,WT,drugA,10,6,3,177.7553,
g0189,WT,DMSO,0,6,1,334.6235,
g0189,WT,DMSO,0,6,2,315.0454,
g0189,WT,DMSO,0,6,3,226.9704,
g0189,WT,drugA,2.5,24,1,244.0506,
g0189,WT,drugA,2.5,24,2,250.7754,
g0189,WT,drugA,2.5,24,3,259.6691,
g0189,WT,drugA,5,24,1,162.2804,
g0189,WT,drugA,5,24,2,198.4024,
g0189,WT,drugA,5,24,3,201.1579,
g0189,WT,drugA,10,24,1,109.4175,
g0189,WT,drugA,10,24,2,107.5549,
g0189,WT,drugA,10,24,3,102.2621,
g0189,WT,DMSO,0,24,1,271.6226,
g0189,WT,DMSO,0,24,2,309.5811,
g0189,WT,DMSO,0,24,3,290.9648,
g0189,mutant,drugA,2.5,6,1,240.538,
g0189,mutant,drugA,2.5,6,2,259.5203,
g0189,mutant,drugA,2.5,6,3,268.4616,
g0189,mutant,drugA,5,6,1,249.2455,
g0189,mutant,drugA,5,6,2,199.807,
g0189,mutant,drugA,10,6,1,125.8064,
g0189,mutant,drugA,10,6,2,201.177,
g0189,mutant,drugA,10,6,3,232.2138,
g0189,mutant,DMSO,0,6,2,291.0994,
g0189,mutant,DMSO,0,6,3,306.7272,
g0189,mutant,drugA,2.5,24,1,244.292,
g0189,mutant,drugA,2.5,24,2,230.7234,
g0189,mutant,drugA,2.5,24,3,200.9327,
g0189,mutant,drugA,5,24,1,156.2827,
g0189,mutant,drugA,5,24,2,190.4522,
g0189,mutant,drugA,5,24,3,204.6017,
g0189,mutant,drugA,10,24,1,112.2547,
g0189,mutant,drugA,10,24,2,103.7449,
g0189,mutant,drugA,10,24,3,86.826,
g0189,mutant,DMSO,0,24,1,326.4159,
g0189,mutant,DMSO,0,24,2,272.1611,
g0189,mutant,DMSO,0,24,3,354.376,
g0190,WT,drugA,2.5,6,1,347.9989,
g0190,WT,drugA,2.5,6,2,306.7052,
g0190,WT,drugA,2.5,6,3,308.8489,
g0190,WT,drugA,5,6,1,372.6096,
g0190,WT,drugA,5,6,2,332.5433,
g0190,WT,drugA,5,6,3,354.8804,
g0190,WT,drugA,10,6,1,333.0259,
g0190,WT,drugA,10,6,2,298.36,
g0190,WT,drugA,10,6,3,360.7813,
g0190,WT,DMSO,0,6,1,337.7524,
g0190,WT,DMSO,0,6,2,366.2018,
g0190,WT,DMSO,0,6,3,326.1577,
g0190,WT,drugA,2.5,24,1,311.5867,
g0190,WT,drugA,2.5,24,2,307.0413,
g0190,WT,drugA,2.5,24,3,341.2937,
g0190,WT,drugA,5,24,1,393.1469,
g0190,WT,drugA,5,24,2,354.1108,
g0190,WT,drugA,5,24,3,392.367,
g0190,WT,drugA,10,24,1,424.9376,
g0190,WT,drugA,10,24,2,273.8534,
g0190,WT,drugA,10,24,3,310.8901,
g0190,WT,DMSO,0,24,1,369.4088,
g0190,WT,DMSO,0,24,2,325.2479,
g0190,WT,DMSO,0,24,3,326.6228,
g0190,mutant,drugA,2.5,6,1,313.7664,
g0190,mutant,drugA,2.5,6,2,286.5565,
g0190,mutant,drugA,2.5,6,3,352.6284,
g0190,mutant,drugA,5,6,1,376.1102,
g0190,mutant,drugA,5,6,2,357.896,
g0190,mutant,drugA,5,6,3,298.5684,
g0190,mutant,drugA,10,6,2,332.4839,
g0190,mutant,drugA,10,6,3,264.4109,
g0190,mutant,DMSO,0,6,1,283.0199,
g0190,mutant,DMSO,0,6,3,325.5335,
g0190,mutant,drugA,2.5,24,1,357.5962,
g0190,mutant,drugA,2.5,24,2,323.7741,
g0190,mutant,drugA,2.5,24,3,334.8231,
g0190,mutant,drugA,5,24,1,287.7122,
g0190,mutant,drugA,5,24,2,333.3398,
g0190,mutant,drugA,5,24,3,347.6976,
g0190,mutant,drugA,10,24,1,304.4608,
g0190,mutant,drugA,10,24,2,313.6926,
g0190,mutant,drugA,10,24,3,332.5932,
g0190,mutant,DMSO,0,24,1,326.1405,
g0190,mutant,DMSO,0,24,2,331.7421,
g0190,mutant,DMSO,0,24,3,335.2229,
g0191,WT,drugA,2.5,6,1,980.4126,
g0191,WT,drugA,2.5,6,2,646.6489,
g0191,WT,drugA,2.5,6,3,784.3378,
g0191,WT,drugA,5,6,1,1100.7919,
g0191,WT,drugA,5,6,2,1026.5167,
g0191,WT,drugA,5,6,3,916.7446,
g0191,WT,drugA,10,6,1,1382.101,
g0191,WT,drugA,10,6,2,1516.11,
g0191,WT,drugA,10,6,3,1397.5881,
g0191,WT,DMSO,0,6,1,689.7874,
g0191,WT,DMSO,0,6,2,696.0437,
g0191,WT,DMSO,0,6,3,603.5339,
g0191,WT,drugA,2.5,24,1,984.8936,
g0191,WT,drugA,2.5,24,2,941.0065,
g0191,WT,drugA,2.5,24,3,1005.6205,
g0191,WT,drugA,5,24,1,1263.2221,
g0191,WT,drugA,5,24,2,1345.8012,
g0191,WT,drugA,5,24,3,1438.7923,
g0191,WT,drugA,10,24,1,2931.2628,
g0191,WT,drugA,10,24,2,3175.0928,
g0191,WT,drugA,10,24,3,2789.5276,
g0191,WT,DMSO,0,24,1,618.3238,
g0191,WT,DMSO,0,24,2,651.117,
g0191,WT,DMSO,0,24,3,609.0366,
g0191,mutant,drugA,2.5,6,1,744.6393,
g0191,mutant,drugA,2.5,6,2,771.8817,
g0191,mutant,drugA,2.5,6,3,666.3249,
g0191,mutant,drugA,5,6,1,756.7471,
g0191,mutant,drugA,5,6,2,787.424,
g0191,mutant,drugA,5,6,3,920.0439,
g0191,mutant,drugA,10,6,1,617.4043,
g0191,mutant,drugA,10,6,2,755.9225,
g0191,mutant,drugA,10,6,3,764.7251,
g0191,mutant,DMSO,0,6,1,788.7365,
g0191,mutant,DMSO,0,6,2,605.1422,
g0191,mutant,DMSO,0,6,3,600.1084,
g0191,mutant,drugA,2.5,24,1,725.8011,
g0191,mutant,drugA,2.5,24,2,687.0272,
g0191,mutant,drugA,2.5,24,3,806.1001,
g0191,mutant,drugA,5,24,1,916.8856,
g0191,mutant,drugA,5,24,2,703.42,
g0191,mutant,drugA,5,24,3,713.9958,
g0191,mutant,drugA,10,24,1,901.0578,
g0191,mutant,drugA,10,24,2,817.7307,
g0191,mutant,drugA,10,24,3,901.9976,
g0191,mutant,DMSO,0,24,1,672.6551,
g0191,mutant,DMSO,0,24,2,646.9702,
g0191,mutant,DMSO,0,24,3,622.3659,
g0192,WT,drugA,2.5,6,1,189.3959,
g0192,WT,drugA,2.5,6,2,187.1023,
g0192,WT,drugA,2.5,6,3,206.0625,
g0192,WT,drugA,5,6,1,147.9193,
g0192,WT,drugA,5,6,2,188.5313,
g0192,WT,drugA,5,6,3,192.5627,
g0192,WT,drugA,10,6,1,201.613,
g0192,WT,drugA,10,6,2,192.7515,
g0192,WT,drugA,10,6,3,178.8517,
g0192,WT,DMSO,0,6,1,167.9307,
g0192,WT,DMSO,0,6,2,215.8681,
g0192,WT,DMSO,0,6,3,212.2565,
g0192,WT,drugA,2.5,24,1,197.7941,
g0192,WT,drugA,2.5,24,2,157.667,
g0192,WT,drugA,2.5,24,3,209.3932,
g0192,WT,drugA,5,24,1,163.8682,
g0192,WT,drugA,5,24,2,185.7169,
g0192,WT,drugA,5,24,3,193.0272,
g0192,WT,drugA,10,24,1,207.5973,
g0192,WT,drugA,10,24,2,196.9412,
g0192,WT,drugA,10,24,3,209.6526,
g0192,WT,DMSO,0,24,1,192.1036,
g0192,WT,DMSO,0,24,2,215.8621,
g0192,WT,DMSO,0,24,3,212.0209,
g0192,mutant,drugA,2.5,6,1,230.0809,
g0192,mutant,drugA,2.5,6,2,174.025,
g0192,mutant,drugA,2.5,6,3,190.742,
g0192,mutant,drugA,5,6,1,198.4916,
g0192,mutant,drugA,5,6,2,178.8675,
g0192,mutant,drugA,5,6,3,219.9085,
g0192,mutant,drugA,10,6,1,221.5377,
g0192,mutant,drugA,10,6,2,198.0503,
g0192,mutant,drugA,10,6,3,177.0257,
g0192,mutant,DMSO,0,6,1,227.8374,
g0192,mutant,DMSO,0,6,2,192.7655,
g0192,mutant,DMSO,0,6,3,175.0046,
g0192,mutant,drugA,2.5,24,1,221.6817,
g0192,mutant,drugA,2.5,24,2,169.2451,
g0192,mutant,drugA,2.5,24,3,191.6815,
g0192,mutant,drugA,5,24,1,192.5834,
g0192,mutant,drugA,5,24,2,210.2098,
g0192,mutant,drugA,5,24,3,214.6001,
g0192,mutant,drugA,10,24,1,175.0251,
g0192,mutant,drugA,10,24,2,187.2007,
g0192,mutant,drugA,10,24,3,169.8539,
g0192,mutant,DMSO,0,24,1,196.6564,
g0192,mutant,DMSO,0,24,2,203.4213,
g0192,mutant,DMSO,0,24,3,184.5363,
g0193,WT,drugA,2.5,6,1,59.6593,
g0193,WT,drugA,2.5,6,2,49.2884,
g0193,WT,drugA,2.5,6,3,52.7589,
g0193,WT,drugA,5,6,1,60.0747,
g0193,WT,drugA,5,6,2,69.8345,
g0193,WT,drugA,5,6,3,52.8915,
g0193,WT,drugA,10,6,1,57.1339,
g0193,WT,drugA,10,6,2,68.3113,
g0193,WT,drugA,10,6,3,71.9663,
g0193,WT,DMSO,0,6,1,68.6409,
g0193,WT,DMSO,0,6,2,64.59,
g0193,WT,DMSO,0,6,3,75.3176,
g0193,WT,drugA,2.5,24,1,59.3355,
g0193,WT,drugA,2.5,24,2,55.9856,
g0193,WT,drugA,2.5,24,3,60.9518,
g0193,WT,drugA,5,24,1,57.7118,
g0193,WT,drugA,5,24,2,68.5982,
g0193,WT,drugA,5,24,3,50.8341,
g0193,WT,drugA,10,24,1,68.3415,
g0193,WT,drugA,10,24,2,64.8656,
g0193,WT,drugA,10,24,3,62.164,
g0193,WT,DMSO,0,24,1,51.3174,
g0193,WT,DMSO,0,24,2,56.2006,
g0193,WT,DMSO,0,24,3,62.8207,
g0193,mutant,drugA,2.5,6,1,64.4026,
g0193,mutant,drugA,2.5,6,2,50.0063,
g0193,mutant,drugA,2.5,6,3,55.0919,
g0193,mutant,drugA,5,6,1,70.3613,
g0193,mutant,drugA,5,6,2,57.1753,
g0193,mutant,drugA,5,6,3,58.5026,
g0193,mutant,drugA,10,6,1,55.1928,
g0193,mutant,drugA,10,6,2,47.9218,
g0193,mutant,drugA,10,6,3,63.5093,
g0193,mutant,DMSO,0,6,1,61.1291,
g0193,mutant,DMSO,0,6,2,55.988,
g0193,mutant,DMSO,0,6,3,66.7191,
g0193,mutant,drugA,2.5,24,1,62.219,
g0193,mutant,drugA,2.5,24,2,67.0396,
g0193,mutant,drugA,2.5,24,3,67.539,
g0193,mutant,drugA,5,24,1,57.091,
g0193,mutant,drugA,5,24,2,66.2003,
g0193,mutant,drugA,10,24,2,56.7897,
g0193,mutant,DMSO,0,24,1,59.6801,
g0193,mutant,DMSO,0,24,2,60.7208,
g0193,mutant,DMSO,0,24,3,61.6518,
g0194,WT,drugA,2.5,6,1,79.9783,
g0194,WT,drugA,2.5,6,2,74.1884,
g0194,WT,drugA,2.5,6,3,97.2941,
g0194,WT,drugA,5,6,1,70.4931,
g0194,WT,drugA,5,6,2,87.6393,
g0194,WT,drugA,5,6,3,90.9175,
g0194,WT,drugA,10,6,1,86.0679,
g0194,WT,drugA,10,6,2,104.4379,
g0194,WT,drugA,10,6,3,89.4639,
g0194,WT,DMSO,0,6,1,88.5107,
g0194,WT,DMSO,0,6,2,89.1548,
g0194,WT,DMSO,0,6,3,87.2123,
g0194,WT,drugA,2.5,24,1,82.4492,
g0194,WT,drugA,2.5,24,2,80.8419,
g0194,WT,drugA,2.5,24,3,79.014,
g0194,WT,drugA,5,24,1,100.699,
g0194,WT,drugA,5,24,2,80.3055,
g0194,WT,drugA,5,24,3,100.9514,
g0194,WT,drugA,10,24,1,79.168,
g0194,WT,drugA,10,24,2,88.9786,
g0194,WT,drugA,10,24,3,85.3236,
g0194,WT,DMSO,0,24,1,95.7138,
g0194,WT,DMSO,0,24,2,91.9007,
g0194,WT,DMSO,0,24,3,103.9465,
g0194,mutant,drugA,2.5,6,1,77.825,
g0194,mutant,drugA,2.5,6,2,90.9605,
g0194,mutant,drugA,2.5,6,3,100.2133,
g0194,mutant,drugA,5,6,1,79.9857,
g0194,mutant,drugA,5,6,2,102.1397,
g0194,mutant,drugA,5,6,3,80.2713,
g0194,mutant,drugA,10,6,1,91.0183,
g0194,mutant,drugA,10,6,2,74.3693,
g0194,mutant,drugA,10,6,3,71.9174,
g0194,mutant,DMSO,0,6,1,76.5568,
g0194,mutant,DMSO,0,6,2,74.857,
g0194,mutant,DMSO,0,6,3,80.4357,
g0194,mutant,drugA,2.5,24,1,88.5934,
g0194,mutant,drugA,2.5,24,2,79.0853,
g0194,mutant,drugA,2.5,24,3,75.0369,
g0194,mutant,drugA,5,24,1,84.1878,
g0194,mutant,drugA,5,24,2,83.2117,
g0194,mutant,drugA,5,24,3,96.1696,
g0194,mutant,drugA,10,24,1,89.8251,
g0194,mutant,drugA,10,24,2,88.911,
g0194,mutant,drugA,10,24,3,83.1788,
g0194,mutant,DMSO,0,24,1,99.3351,
g0194,mutant,DMSO,0,24,2,82.1446,
g0194,mutant,DMSO,0,24,3,93.2123,
g0195,WT,drugA,2.5,6,1,324.3857,
g0195,WT,drugA,2.5,6,2,297.7539,
g0195,WT,drugA,2.5,6,3,319.6007,
g0195,WT,drugA,5,6,1,325.8212,
g0195,WT,drugA,5,6,2,282.4612,
g0195,WT,drugA,5,6,3,253.2994,
g0195,WT,drugA,10,6,1,376.0993,
g0195,WT,drugA,10,6,3,322.6677,
g0195,WT,DMSO,0,6,1,264.8064,
g0195,WT,DMSO,0,6,2,383.2936,
g0195,WT,DMSO,0,6,3,295.4878,
g0195,WT,drugA,2.5,24,1,314.9122,
g0195,WT,drugA,2.5,24,2,301.0697,
g0195,WT,drugA,2.5,24,3,341.5595,
g0195,WT,drugA,5,24,1,277.9662,
g0195,WT,drugA,5,24,2,295.0094,
g0195,WT,drugA,5,24,3,303.7302,
g0195,WT,drugA,10,24,1,253.1457,
g0195,WT,drugA,10,24,2,326.3764,
g0195,WT,drugA,10,24,3,320.2969,
g0195,WT,DMSO,0,24,1,225.0508,
g0195,WT,DMSO,0,24,2,284.97,
g0195,WT,DMSO,0,24,3,257.9423,
g0195,mutant,drugA,2.5,6,1,360.5582,
g0195,mutant,drugA,2.5,6,2,344.9412,
g0195,mutant,drugA,2.5,6,3,320.3064,
g0195,mutant,drugA,5,6,1,291.2205,
g0195,mutant,drugA,5,6,2,319.8743,
g0195,mutant,drugA,5,6,3,361.6108,
g0195,mutant,drugA,10,6,1,309.7502,
g0195,mutant,drugA,10,6,2,312.4031,
g0195,mutant,drugA,10,6,3,276.6245,
g0195,mutant,DMSO,0,6,1,338.5665,
g0195,mutant,DMSO,0,6,2,346.3921,
g0195,mutant,DMSO,0,6,3,264.1998,
g0195,mutant,drugA,2.5,24,1,258.4493,
g0195,mutant,drugA,2.5,24,2,276.4839,
g0195,mutant,drugA,2.5,24,3,319.7414,
g0195,mutant,drugA,5,24,1,344.2839,
g0195,mutant,drugA,5,24,2,293.9108,
g0195,mutant,drugA,5,24,3,357.3908,
g0195,mutant,drugA,10,24,1,262.8043,
g0195,mutant,drugA,10,24,2,328.9351,
g0195,mutant,drugA,10,24,3,268.0293,
g0195,mutant,DMSO,0,24,1,246.073,
g0195,mutant,DMSO,0,24,2,267.2064,
g0195,mutant,DMSO,0,24,3,329.4276,
g0196,WT,drugA,2.5,6,1,314.1114,
g0196,WT,drugA,2.5,6,2,388.9695,
g0196,WT,drugA,2.5,6,3,420.9512,
g0196,WT,drugA,5,6,1,314.7314,
g0196,WT,drugA,5,6,2,324.7068,
g0196,WT,drugA,5,6,3,397.5641,
g0196,WT,drugA,10,6,1,214.412,
g0196,WT,drugA,10,6,2,224.2469,
g0196,WT,DMSO,0,6,1,384.1925,
g0196,WT,DMSO,0,6,2,448.4061,
g0196,WT,DMSO,0,6,3,366.98,
g0196,WT,drugA,2.5,24,1,351.0474,
g0196,WT,drugA,2.5,24,2,293.2934,
g0196,WT,drugA,2.5,24,3,299.8326,
g0196,WT,drugA,5,24,1,249.4069,
g0196,WT,drugA,5,24,2,242.1857,
g0196,WT,drugA,5,24,3,251.6161,
g0196,WT,drugA,10,24,1,166.3155,
g0196,WT,drugA,10,24,2,158.1572,
g0196,WT,drugA,10,24,3,171.2153,
g0196,WT,DMSO,0,24,1,403.7266,
g0196,WT,DMSO,0,24,2,359.1724,
g0196,WT,DMSO,0,24,3,409.4169,
g0196,mutant,drugA,2.5,6,1,412.7232,
g0196,mutant,drugA,2.5,6,2,497.1294,
g0196,mutant,drugA,2.5,6,3,423.0226,
g0196,mutant,drugA,5,6,1,379.4803,
g0196,mutant,drugA,5,6,2,398.3142,
g0196,mutant,drugA,5,6,3,440.1196,
g0196,mutant,drugA,10,6,1,370.5233,
g0196,mutant,drugA,10,6,2,362.3272,
g0196,mutant,drugA,10,6,3,393.3112,
g0196,mutant,DMSO,0,6,1,478.0636,
g0196,mutant,DMSO,0,6,2,430.5993,
g0196,mutant,DMSO,0,6,3,330.0704,
g0196,mutant,drugA,2.5,24,1,380.1954,
g0196,mutant,drugA,2.5,24,2,395.1239,
g0196,mutant,drugA,2.5,24,3,364.4272,
g0196,mutant,drugA,5,24,1,338.0308,
g0196,mutant,drugA,5,24,2,408.5324,
g0196,mutant,drugA,5,24,3,339.8031,
g0196,mutant,drugA,10,24,1,315.8592,
g0196,mutant,drugA,10,24,2,425.6747,
g0196,mutant,drugA,10,24,3,279.5878,
g0196,mutant,DMSO,0,24,1,475.3755,
g0196,mutant,DMSO,0,24,2,440.0985,
g0196,mutant,DMSO,0,24,3,384.2858,
g0197,WT,drugA,2.5,6,1,3950.1314,
g0197,WT,drugA,2.5,6,2,4471.2784,
g0197,WT,drugA,2.5,6,3,4484.1387,
g0197,WT,drugA,5,6,1,4459.164,
g0197,WT,drugA,5,6,2,4302.6196,
g0197,WT,drugA,5,6,3,4133.8274,
g0197,WT,drugA,10,6,1,4612.0822,
g0197,WT,drugA,10,6,2,4665.8008,
g0197,WT,drugA,10,6,3,5188.7043,
g0197,WT,DMSO,0,6,1,4673.3895,
g0197,WT,DMSO,0,6,2,4352.6577,
g0197,WT,DMSO,0,6,3,4666.5516,
g0197,WT,drugA,2.5,24,1,4095.5025,
g0197,WT,drugA,2.5,24,2,5039.5316,
g0197,WT,drugA,2.5,24,3,3793.46,
g0197,WT,drugA,5,24,1,3586.7863,
g0197,WT,drugA,5,24,2,4483.204,
g0197,WT,drugA,5,24,3,3846.0796,
g0197,WT,drugA,10,24,1,4493.8274,
g0197,WT,drugA,10,24,2,4181.0928,
g0197,WT,drugA,10,24,3,4785.0377,
g0197,WT,DMSO,0,24,1,4491.0113,
g0197,WT,DMSO,0,24,2,4011.2387,
g0197,WT,DMSO,0,24,3,4486.1589,
g0197,mutant,drugA,2.5,6,1,4031.8408,
g0197,mutant,drugA,2.5,6,2,3289.0713,
g0197,mutant,drugA,2.5,6,3,4225.0694,
g0197,mutant,drugA,5,6,1,3835.5567,
g0197,mutant,drugA,5,6,2,4484.8921,
g0197,mutant,drugA,5,6,3,4460.6536,
g0197,mutant,drugA,10,6,1,3870.4083,
g0197,mutant,drugA,10,6,2,4693.7305,
g0197,mutant,drugA,10,6,3,3895.7088,
g0197,mutant,DMSO,0,6,1,4217.6382,
g0197,mutant,DMSO,0,6,2,4140.7843,
g0197,mutant,DMSO,0,6,3,3787.4255,
g0197,mutant,drugA,2.5,24,1,3877.458,
g0197,mutant,drugA,2.5,24,2,4277.8707,
g0197,mutant,drugA,2.5,24,3,4491.1363,
g0197,mutant,drugA,5,24,1,4693.9689,
g0197,mutant,drugA,5,24,2,4637.9887,
g0197,mutant,drugA,5,24,3,4149.7259,
g0197,mutant,drugA,10,24,1,4421.1127,
g0197,mutant,drugA,10,24,2,4966.8059,
g0197,mutant,drugA,10,24,3,4351.0166,
g0197,mutant,DMSO,0,24,1,4502.7497,
g0197,mutant,DMSO,0,24,2,3953.8771,
g0197,mutant,DMSO,0,24,3,4673.0209,
g0198,WT,drugA,2.5,6,1,159.2331,
g0198,WT,drugA,2.5,6,2,139.8712,
g0198,WT,drugA,2.5,6,3,128.5674,
g0198,WT,drugA,5,6,1,173.2876,
g0198,WT,drugA,5,6,2,142.1866,
g0198,WT,drugA,5,6,3,152.8421,
g0198,WT,drugA,10,6,1,165.7229,
g0198,WT,drugA,10,6,2,114.2099,
g0198,WT,drugA,10,6,3,134.2174,
g0198,WT,DMSO,0,6,1,127.2378,
g0198,WT,DMSO,0,6,2,185.5912,
g0198,WT,DMSO,0,6,3,133.9104,
g0198,WT,drugA,2.5,24,1,135.8046,
g0198,WT,drugA,2.5,24,2,120.4222,
g0198,WT,drugA,2.5,24,3,118.6687,
g0198,WT,drugA,5,24,1,136.7037,
g0198,WT,drugA,5,24,2,138.0401,
g0198,WT,drugA,5,24,3,137.4159,
g0198,WT,drugA,10,24,1,134.8564,
g0198,WT,drugA,10,24,2,135.3715,
g0198,WT,drugA,10,24,3,148.2007,
g0198,WT,DMSO,0,24,1,176.8316,
g0198,WT,DMSO,0,24,2,158.6303,
g0198,WT,DMSO,0,24,3,139.4081,
g0198,mutant,drugA,2.5,6,1,153.4369,
g0198,mutant,drugA,2.5,6,2,149.2828,
g0198,mutant,drugA,2.5,6,3,143.1179,
g0198,mutant,drugA,5,6,1,135.82,
g0198,mutant,drugA,5,6,3,158.9518,
g0198,mutant,drugA,10,6,1,156.283,
g0198,mutant,drugA,10,6,2,177.074,
g0198,mutant,drugA,10,6,3,142.4877,
g0198,mutant,DMSO,0,6,1,158.716,
g0198,mutant,DMSO,0,6,2,144.2554,
g0198,mutant,DMSO,0,6,3,137.4405,
g0198,mutant,drugA,2.5,24,1,131.9092,
g0198,mutant,drugA,2.5,24,2,169.8014,
g0198,mutant,drugA,2.5,24,3,127.4414,
g0198,mutant,drugA,5,24,1,125.4316,
g0198,mutant,drugA,5,24,2,146.724,
g0198,mutant,drugA,10,24,1,159.241,
g0198,mutant,drugA,10,24,2,154.3049,
g0198,mutant,drugA,10,24,3,145.7308,
g0198,mutant,DMSO,0,24,1,133.3367,
g0198,mutant,DMSO,0,24,2,182.9938,
g0198,mutant,DMSO,0,24,3,149.1249,
g0199,WT,drugA,2.5,6,1,93.8296,
g0199,WT,drugA,2.5,6,2,91.0914,
g0199,WT,drugA,2.5,6,3,104.8591,
g0199,WT,drugA,5,6,1,83.7066,
g0199,WT,drugA,5,6,2,86.81,
g0199,WT,drugA,5,6,3,111.1856,
g0199,WT,drugA,10,6,1,111.3652,
g0199,WT,drugA,10,6,2,95.6426,
g0199,WT,drugA,10,6,3,97.6427,
g0199,WT,DMSO,0,6,1,115.3701,
g0199,WT,DMSO,0,6,2,102.4244,
g0199,WT,DMSO,0,6,3,98.2952,
g0199,WT,drugA,2.5,24,1,104.3594,
g0199,WT,drugA,2.5,24,2,89.4779,
g0199,WT,drugA,2.5,24,3,82.5384,
g0199,WT,drugA,5,24,1,101.9649,
g0199,WT,drugA,5,24,2,105.4434,
g0199,WT,drugA,5,24,3,103.3673,
g0199,WT,drugA,10,24,1,103.6293,
g0199,WT,drugA,10,24,2,93.3849,
g0199,WT,drugA,10,24,3,78.5567,
g0199,WT,DMSO,0,24,1,96.0218,
g0199,WT,DMSO,0,24,2,97.34,
g0199,WT,DMSO,0,24,3,97.2002,
g0199,mutant,drugA,2.5,6,1,93.6991,
g0199,mutant,drugA,2.5,6,2,87.3126,
g0199,mutant,drugA,2.5,6,3,101.6392,
g0199,mutant,drugA,5,6,1,102.233,
g0199,mutant,drugA,5,6,2,91.7371,
g0199,mutant,drugA,5,6,3,93.2276,
g0199,mutant,drugA,10,6,1,104.3018,
g0199,mutant,drugA,10,6,2,94.8162,
g0199,mutant,drugA,10,6,3,91.1653,
g0199,mutant,DMSO,0,6,1,98.66,
g0199,mutant,DMSO,0,6,2,101.2053,
g0199,mutant,DMSO,0,6,3,108.4207,
g0199,mutant,drugA,2.5,24,1,112.1323,
g0199,mutant,drugA,2.5,24,2,99.462,
g0199,mutant,drugA,2.5,24,3,85.8172,
g0199,mutant,drugA,5,24,1,96.9147,
g0199,mutant,drugA,5,24,2,98.1184,
g0199,mutant,drugA,5,24,3,108.0417,
g0199,mutant,drugA,10,24,1,91.5394,
g0199,mutant,drugA,10,24,2,86.22,
g0199,mutant,drugA,10,24,3,98.6944,
g0199,mutant,DMSO,0,24,1,91.9676,
g0199,mutant,DMSO,0,24,2,92.2165,
g0199,mutant,DMSO,0,24,3,99.5842,
g0200,WT,drugA,2.5,6,1,15.5816,
g0200,WT,drugA,2.5,6,2,13.8462,
g0200,WT,drugA,2.5,6,3,14.4321,
g0200,WT,drugA,5,6,1,15.4065,
g0200,WT,drugA,5,6,2,15.1508,
g0200,WT,drugA,5,6,3,15.584,
g0200,WT,drugA,10,6,1,13.3273,
g0200,WT,drugA,10,6,2,12.9917,
g0200,WT,drugA,10,6,3,13.944,
g0200,WT,DMSO,0,6,1,14.8234,
g0200,WT,DMSO,0,6,2,12.0819,
g0200,WT,DMSO,0,6,3,13.9157,
g0200,WT,drugA,2.5,24,1,13.7828,
g0200,WT,drugA,2.5,24,2,17.018,
g0200,WT,drugA,2.5,24,3,14.1652,
g0200,WT,drugA,5,24,1,14.5108,
g0200,WT,drugA,5,24,2,14.2406,
g0200,WT,drugA,5,24,3,12.9666,
g0200,WT,drugA,10,24,1,14.0473,
g0200,WT,drugA,10,24,2,15.2956,
g0200,WT,drugA,10,24,3,9.584,
g0200,WT,DMSO,0,24,1,15.3757,
g0200,WT,DMSO,0,24,2,14.979,
g0200,WT,DMSO,0,24,3,13.3046,
g0200,mutant,drugA,2.5,6,1,15.3462,
g0200,mutant,drugA,2.5,6,2,13.691,
g0200,mutant,drugA,2.5,6,3,13.8477,
g0200,mutant,drugA,5,6,1,13.9916,
g0200,mutant,drugA,5,6,2,13.5157,
g0200,mutant,drugA,5,6,3,15.6297,
g0200,mutant,drugA,10,6,1,13.9628,
g0200,mutant,drugA,10,6,2,15.1663,
g0200,mutant,drugA,10,6,3,14.9167,
g0200,mutant,DMSO,0,6,2,14.8196,
g0200,mutant,drugA,2.5,24,1,14.0736,
g0200,mutant,drugA,2.5,24,2,13.5802,
g0200,mutant,drugA,2.5,24,3,14.4117,
g0200,mutant,drugA,5,24,1,13.1817,
g0200,mutant,drugA,5,24,2,14.4535,
g0200,mutant,drugA,5,24,3,12.7413,
g0200,mutant,drugA,10,24,1,14.6061,
g0200,mutant,drugA,10,24,2,13.8075,
g0200,mutant,drugA,10,24,3,14.3024,
g0200,mutant,DMSO,0,24,1,13.781,
g0200,mutant,DMSO,0,24,2,17.1028,
g0200,mutant,DMSO,0,24,3,15.7176,
g0201,WT,drugA,2.5,6,1,954.0643,
g0201,WT,drugA,2.5,6,2,1156.0772,
g0201,WT,drugA,2.5,6,3,1106.4942,
g0201,WT,drugA,5,6,1,1131.1466,
g0201,WT,drugA,5,6,2,1205.1438,
g0201,WT,drugA,5,6,3,1025.0676,
g0201,WT,drugA,10,6,1,1217.6816,
g0201,WT,drugA,10,6,2,1421.333,
g0201,WT,drugA,10,6,3,1006.3433,
g0201,WT,DMSO,0,6,1,1292.3267,
g0201,WT,DMSO,0,6,2,929.7407,
g0201,WT,DMSO,0,6,3,1237.5897,
g0201,WT,drugA,2.5,24,1,978.5578,
g0201,WT,drugA,2.5,24,2,1090.5575,
g0201,WT,drugA,2.5,24,3,985.3607,
g0201,WT,drugA,5,24,1,1300.1899,
g0201,WT,drugA,5,24,2,927.3983,
g0201,WT,drugA,5,24,3,1225.1141,
g0201,WT,drugA,10,24,1,1284.2735,
g0201,WT,drugA,10,24,2,1033.4019,
g0201,WT,drugA,10,24,3,1049.2422,
g0201,WT,DMSO,0,24,1,1004.0526,
g0201,WT,DMSO,0,24,2,1029.2461,
g0201,WT,DMSO,0,24,3,958.262,
g0201,mutant,drugA,2.5,6,1,1266.5327,
g0201,mutant,drugA,2.5,6,2,1364.6119,
g0201,mutant,drugA,2.5,6,3,933.5926,
g0201,mutant,drugA,5,6,1,1045.2075,
g0201,mutant,drugA,5,6,2,1230.0576,
g0201,mutant,drugA,5,6,3,1362.3736,
g0201,mutant,drugA,10,6,1,1242.7932,
g0201,mutant,drugA,10,6,2,1186.2345,
g0201,mutant,DMSO,0,6,1,936.8696,
g0201,mutant,DMSO,0,6,2,883.5805,
g0201,mutant,DMSO,0,6,3,1234.2081,
g0201,mutant,drugA,2.5,24,1,1071.5535,
g0201,mutant,drugA,2.5,24,2,1424.3046,
g0201,mutant,drugA,2.5,24,3,1303.3163,
g0201,mutant,drugA,5,24,1,1266.4049,
g0201,mutant,drugA,5,24,2,1084.9857,
g0201,mutant,drugA,5,24,3,1285.6604,
g0201,mutant,drugA,10,24,1,1103.1689,
g0201,mutant,drugA,10,24,2,1158.7191,
g0201,mutant,drugA,10,24,3,963.4521,
g0201,mutant,DMSO,0,24,1,1206.7281,
g0201,mutant,DMSO,0,24,2,1077.6177,
g0201,mutant,DMSO,0,24,3,1080.867,
g0202,WT,drugA,2.5,6,1,3466.6529,
g0202,WT,drugA,2.5,6,2,3420.1767,
g0202,WT,drugA,2.5,6,3,3324.1811,
g0202,WT,drugA,5,6,1,4031.0113,
g0202,WT,drugA,5,6,2,4161.88,
g0202,WT,drugA,5,6,3,3573.2045,
g0202,WT,drugA,10,6,2,3546.6329,
g0202,WT,drugA,10,6,3,3720.5876,
g0202,WT,DMSO,0,6,1,3722.3285,
g0202,WT,DMSO,0,6,2,3503.6044,
g0202,WT,DMSO,0,6,3,3209.8857,
g0202,WT,drugA,2.5,24,1,3140.0781,
g0202,WT,drugA,2.5,24,2,4120.3157,
g0202,WT,drugA,2.5,24,3,3181.7879,
g0202,WT,drugA,5,24,1,3990.201,
g0202,WT,drugA,5,24,2,3158.9659,
g0202,WT,drugA,5,24,3,3537.3133,
g0202,WT,drugA,10,24,1,3869.2276,
g0202,WT,drugA,10,24,2,3405.5663,
g0202,WT,drugA,10,24,3,3404.9396,
g0202,WT,DMSO,0,24,1,4271.6189,
g0202,WT,DMSO,0,24,2,3302.5366,
g0202,WT,DMSO,0,24,3,2570.2,
g0202,mutant,drugA,2.5,6,1,3836.7216,
g0202,mutant,drugA,2.5,6,2,3758.1816,
g0202,mutant,drugA,2.5,6,3,3646.1865,
g0202,mutant,drugA,5,6,1,3285.0366,
g0202,mutant,drugA,5,6,2,3820.5635,
g0202,mutant,drugA,5,6,3,3176.7638,
g0202,mutant,drugA,10,6,1,3802.6114,
g0202,mutant,drugA,10,6,2,3588.6144,
g0202,mutant,drugA,10,6,3,4272.7846,
g0202,mutant,DMSO,0,6,1,3637.2361,
g0202,mutant,DMSO,0,6,2,3950.4382,
g0202,mutant,DMSO,0,6,3,3965.0384,
g0202,mutant,drugA,2.5,24,1,3260.5484,
g0202,mutant,drugA,2.5,24,2,4034.0473,
g0202,mutant,drugA,2.5,24,3,3711.7375,
g0202,mutant,drugA,5,24,1,3911.6954,
g0202,mutant,drugA,5,24,2,3735.0069,
g0202,mutant,drugA,5,24,3,3575.9121,
g0202,mutant,drugA,10,24,1,4297.7053,
g0202,mutant,drugA,10,24,2,3739.1547,
g0202,mutant,drugA,10,24,3,3578.3565,
g0202,mutant,DMSO,0,24,1,3253.9548,
g0202,mutant,DMSO,0,24,2,3548.8352,
g0202,mutant,DMSO,0,24,3,3455.0788,
g0203,WT,drugA,2.5,6,1,465.3319,
g0203,WT,drugA,2.5,6,2,507.6077,
g0203,WT,drugA,2.5,6,3,430.4726,
g0203,WT,drugA,5,6,1,367.9217,
g0203,WT,drugA,5,6,2,388.908,
g0203,WT,drugA,5,6,3,403.0944,
g0203,WT,drugA,10,6,1,417.0936,
g0203,WT,drugA,10,6,2,395.3309,
g0203,WT,drugA,10,6,3,391.3437,
g0203,WT,DMSO,0,6,1,466.5039,
g0203,WT,DMSO,0,6,2,413.4671,
g0203,WT,DMSO,0,6,3,515.6425,
g0203,WT,drugA,2.5,24,1,623.3798,
g0203,WT,drugA,2.5,24,2,479.3825,
g0203,WT,drugA,2.5,24,3,371.1209,
g0203,WT,drugA,5,24,1,419.1222,
g0203,WT,drugA,5,24,2,536.2801,
g0203,WT,drugA,5,24,3,507.9239,
g0203,WT,drugA,10,24,1,423.1615,
g0203,WT,drugA,10,24,2,443.4168,
g0203,WT,drugA,10,24,3,533.1167,
g0203,WT,DMSO,0,24,1,405.2661,
g0203,WT,DMSO,0,24,2,545.7898,
g0203,WT,DMSO,0,24,3,395.2586,
g0203,mutant,drugA,2.5,6,1,418.4978,
g0203,mutant,drugA,2.5,6,2,445.8543,
g0203,mutant,drugA,2.5,6,3,422.2152,
g0203,mutant,drugA,5,6,1,357.066,
g0203,mutant,drugA,5,6,2,430.7384,
g0203,mutant,drugA,5,6,3,367.805,
g0203,mutant,drugA,10,6,1,374.851,
g0203,mutant,drugA,10,6,2,503.7687,
g0203,mutant,drugA,10,6,3,412.135,
g0203,mutant,DMSO,0,6,1,449.4261,
g0203,mutant,DMSO,0,6,2,408.7093,
g0203,mutant,DMSO,0,6,3,453.2215,
g0203,mutant,drugA,2.5,24,1,401.4991,
g0203,mutant,drugA,2.5,24,2,400.2735,
g0203,mutant,drugA,2.5,24,3,456.3738,
g0203,mutant,drugA,5,24,1,501.2762,
g0203,mutant,drugA,5,24,2,457.8438,
g0203,mutant,drugA,5,24,3,441.0988,
g0203,mutant,drugA,10,24,1,438.8923,
g0203,mutant,drugA,10,24,2,416.3845,
g0203,mutant,drugA,10,24,3,412.2727,
g0203,mutant,DMSO,0,24,1,445.2765,
g0203,mutant,DMSO,0,24,2,469.7213,
g0203,mutant,DMSO,0,24,3,538.3881,
g0204,WT,drugA,2.5,6,1,317.605,
g0204,WT,drugA,2.5,6,2,329.8589,
g0204,WT,drugA,2.5,6,3,319.2389,
g0204,WT,drugA,5,6,1,330.003,
g0204,WT,drugA,5,6,2,414.4791,
g0204,WT,drugA,5,6,3,331.3746,
g0204,WT,drugA,10,6,1,348.7649,
g0204,WT,drugA,10,6,2,368.749,
g0204,WT,drugA,10,6,3,341.7324,
g0204,WT,DMSO,0,6,1,374.5498,
g0204,WT,DMSO,0,6,2,327.2599,
g0204,WT,DMSO,0,6,3,323.6656,
g0204,WT,drugA,2.5,24,1,268.2922,
g0204,WT,drugA,2.5,24,2,317.9398,
g0204,WT,drugA,2.5,24,3,316.0318,
g0204,WT,drugA,5,24,1,344.1343,
g0204,WT,drugA,5,24,2,415.3462,
g0204,WT,drugA,5,24,3,340.1327,
g0204,WT,drugA,10,24,1,296.5691,
g0204,WT,drugA,10,24,2,304.9129,
g0204,WT,drugA,10,24,3,303.5053,
g0204,WT,DMSO,0,24,1,319.6151,
g0204,WT,DMSO,0,24,2,297.1846,
g0204,WT,DMSO,0,24,3,334.5351,
g0204,mutant,drugA,2.5,6,1,339.0219,
g0204,mutant,drugA,2.5,6,2,344.7544,
g0204,mutant,drugA,2.5,6,3,336.7015,
g0204,mutant,drugA,5,6,1,295.652,
g0204,mutant,drugA,5,6,2,335.5364,
g0204,mutant,drugA,5,6,3,349.7917,
g0204,mutant,drugA,10,6,1,348.6648,
g0204,mutant,drugA,10,6,2,296.2371,
g0204,mutant,drugA,10,6,3,312.4578,
g0204,mutant,DMSO,0,6,1,341.6097,
g0204,mutant,DMSO,0,6,2,385.0937,
g0204,mutant,DMSO,0,6,3,354.6727,
g0204,mutant,drugA,2.5,24,1,379.5461,
g0204,mutant,drugA,2.5,24,2,320.0447,
g0204,mutant,drugA,2.5,24,3,346.4397,
g0204,mutant,drugA,5,24,1,379.291,
g0204,mutant,drugA,5,24,2,302.9019,
g0204,mutant,drugA,5,24,3,349.5544,
g0204,mutant,drugA,10,24,1,408.2809,
g0204,mutant,drugA,10,24,2,337.4894,
g0204,mutant,drugA,10,24,3,319.3475,
g0204,mutant,DMSO,0,24,1,317.0063,
g0204,mutant,DMSO,0,24,2,305.9613,
g0204,mutant,DMSO,0,24,3,331.8259,
g0205,WT,drugA,2.5,6,1,293.7921,
g0205,WT,drugA,2.5,6,2,252.3308,
g0205,WT,drugA,2.5,6,3,270.3783,
g0205,WT,drugA,5,6,1,278.9796,
g0205,WT,drugA,5,6,2,270.5097,
g0205,WT,drugA,5,6,3,280.1394,
g0205,WT,drugA,10,6,1,237.5208,
g0205,WT,drugA,10,6,2,281.285,
g0205,WT,drugA,10,6,3,238.4256,
g0205,WT,DMSO,0,6,1,241.117,
g0205,WT,DMSO,0,6,2,276.7721,
g0205,WT,DMSO,0,6,3,280.8521,
g0205,WT,drugA,2.5,24,1,297.7417,
g0205,WT,drugA,2.5,24,2,284.827,
g0205,WT,drugA,2.5,24,3,280.4981,
g0205,WT,drugA,5,24,1,277.4122,
g0205,WT,drugA,5,24,2,244.5335,
g0205,WT,drugA,5,24,3,302.9939,
g0205,WT,drugA,10,24,1,252.4247,
g0205,WT,drugA,10,24,3,294.4,
g0205,WT,DMSO,0,24,1,284.311,
g0205,WT,DMSO,0,24,2,252.0879,
g0205,WT,DMSO,0,24,3,280.2891,
g0205,mutant,drugA,2.5,6,1,302.9127,
g0205,mutant,drugA,2.5,6,2,252.3636,
g0205,mutant,drugA,2.5,6,3,295.9857,
g0205,mutant,drugA,5,6,1,293.7965,
g0205,mutant,drugA,5,6,2,243.2806,
g0205,mutant,drugA,5,6,3,274.2004,
g0205,mutant,drugA,10,6,1,262.105,
g0205,mutant,drugA,10,6,2,268.8903,
g0205,mutant,drugA,10,6,3,257.8898,
g0205,mutant,DMSO,0,6,1,369.3267,
g0205,mutant,DMSO,0,6,2,234.4161,
g0205,mutant,DMSO,0,6,3,265.6194,
g0205,mutant,drugA,2.5,24,1,282.3339,
g0205,mutant,drugA,2.5,24,2,249.3388,
g0205,mutant,drugA,2.5,24,3,274.9543,
g0205,mutant,drugA,5,24,1,299.2344,
g0205,mutant,drugA,5,24,2,300.8019,
g0205,mutant,drugA,5,24,3,281.5757,
g0205,mutant,drugA,10,24,1,306.375,
g0205,mutant,drugA,10,24,2,265.6728,
g0205,mutant,drugA,10,24,3,301.7646,
g0205,mutant,DMSO,0,24,1,302.0178,
g0205,mutant,DMSO,0,24,2,293.1349,
g0205,mutant,DMSO,0,24,3,295.1102,
g0206,WT,drugA,2.5,6,1,2348.1207,
g0206,WT,drugA,2.5,6,2,2048.8432,
g0206,WT,drugA,2.5,6,3,1879.3919,
g0206,WT,drugA,5,6,1,2083.1623,
g0206,WT,drugA,5,6,2,2088.8363,
g0206,WT,drugA,5,6,3,2018.2749,
g0206,WT,drugA,10,6,1,1241.6334,
g0206,WT,drugA,10,6,2,1378.7152,
g0206,WT,drugA,10,6,3,1750.2644,
g0206,WT,DMSO,0,6,1,2790.9024,
g0206,WT,DMSO,0,6,2,2888.4212,
g0206,WT,DMSO,0,6,3,2692.1018,
g0206,WT,drugA,2.5,24,1,2089.7717,
g0206,WT,drugA,2.5,24,2,1919.0005,
g0206,WT,drugA,2.5,24,3,1817.7773,
g0206,WT,drugA,5,24,1,1732.7765,
g0206,WT,drugA,5,24,2,1532.2836,
g0206,WT,drugA,5,24,3,1701.3121,
g0206,WT,drugA,10,24,1,1113.8778,
g0206,WT,drugA,10,24,2,1198.4703,
g0206,WT,drugA,10,24,3,1096.0226,
g0206,WT,DMSO,0,24,1,2655.0869,
g0206,WT,DMSO,0,24,2,2997.862,
g0206,WT,DMSO,0,24,3,2875.8015,
g0206,mutant,drugA,2.5,6,1,2047.2583,
g0206,mutant,drugA,2.5,6,2,2185.0742,
g0206,mutant,drugA,2.5,6,3,2296.3792,
g0206,mutant,drugA,5,6,1,2014.6394,
g0206,mutant,drugA,5,6,2,1660.5781,
g0206,mutant,drugA,5,6,3,2167.9867,
g0206,mutant,drugA,10,6,1,1153.6144,
g0206,mutant,drugA,10,6,2,1273.646,
g0206,mutant,drugA,10,6,3,1132.5362,
g0206,mutant,DMSO,0,6,1,2709.0474,
g0206,mutant,DMSO,0,6,2,2328.9618,
g0206,mutant,DMSO,0,6,3,2430.3018,
g0206,mutant,drugA,2.5,24,1,1654.9648,
g0206,mutant,drugA,2.5,24,2,1549.7792,
g0206,mutant,drugA,2.5,24,3,1373.7153,
g0206,mutant,drugA,5,24,1,1216.3008,
g0206,mutant,drugA,5,24,2,1255.6706,
g0206,mutant,drugA,5,24,3,1068.5764,
g0206,mutant,drugA,10,24,1,579.1561,
g0206,mutant,drugA,10,24,2,412.8212,
g0206,mutant,drugA,10,24,3,531.6781,
g0206,mutant,DMSO,0,24,1,2523.1668,
g0206,mutant,DMSO,0,24,2,2668.6826,
g0206,mutant,DMSO,0,24,3,3018.0965,
g0207,WT,drugA,2.5,6,1,91.3928,
g0207,WT,drugA,2.5,6,2,103.2147,
g0207,WT,drugA,2.5,6,3,112.806,
g0207,WT,drugA,5,6,1,93.645,
g0207,WT,drugA,5,6,2,92.8391,
g0207,WT,drugA,5,6,3,95.2934,
g0207,WT,drugA,10,6,1,54.6117,
g0207,WT,drugA,10,6,2,43.1985,
g0207,WT,drugA,10,6,3,55.115,
g0207,WT,DMSO,0,6,1,122.7579,
g0207,WT,DMSO,0,6,2,123.4675,
g0207,WT,DMSO,0,6,3,132.6628,
g0207,WT,drugA,2.5,24,1,77.3182,
g0207,WT,drugA,2.5,24,2,70.9193,
g0207,WT,drugA,2.5,24,3,80.5614,
g0207,WT,drugA,5,24,1,56.7692,
g0207,WT,drugA,5,24,2,59.2179,
g0207,WT,drugA,5,24,3,65.5372,
g0207,WT,drugA,10,24,1,37.4155,
g0207,WT,drugA,10,24,2,30.3206,
g0207,WT,drugA,10,24,3,29.0282,
g0207,WT,DMSO,0,24,1,119.3319,
g0207,WT,DMSO,0,24,2,117.5898,
g0207,WT,DMSO,0,24,3,148.8542,
g0207,mutant,drugA,2.5,6,1,76.1578,
g0207,mutant,drugA,2.5,6,2,95.4173,
g0207,mutant,drugA,2.5,6,3,100.3107,
g0207,mutant,drugA,5,6,1,87.4067,
g0207,mutant,drugA,5,6,2,96.7352,
g0207,mutant,drugA,5,6,3,79.8011,
g0207,mutant,drugA,10,6,1,53.683,
g0207,mutant,drugA,10,6,2,63.414,
g0207,mutant,drugA,10,6,3,48.9508,
g0207,mutant,DMSO,0,6,1,132.8983,
g0207,mutant,DMSO,0,6,2,133.3892,
g0207,mutant,DMSO,0,6,3,122.3987,
g0207,mutant,drugA,2.5,24,1,105.812,
g0207,mutant,drugA,2.5,24,2,75.7379,
g0207,mutant,drugA,2.5,24,3,98.1134,
g0207,mutant,drugA,5,24,1,56.1762,
g0207,mutant,drugA,5,24,2,62.1175,
g0207,mutant,drugA,5,24,3,54.2305,
g0207,mutant,drugA,10,24,1,28.1086,
g0207,mutant,drugA,10,24,2,24.8267,
g0207,mutant,drugA,10,24,3,28.5276,
g0207,mutant,DMSO,0,24,1,109.5893,
g0207,mutant,DMSO,0,24,2,110.3215,
g0207,mutant,DMSO,0,24,3,123.1457,
g0208,WT,drugA,2.5,6,1,3518.5715,
g0208,WT,drugA,2.5,6,2,3055.5113,
g0208,WT,drugA,2.5,6,3,2903.5869,
g0208,WT,drugA,5,6,1,3239.8658,
g0208,WT,drugA,5,6,2,2771.177,
g0208,WT,drugA,5,6,3,2492.536,
g0208,WT,drugA,10,6,1,2586.1741,
g0208,WT,drugA,10,6,2,3349.6318,
g0208,WT,drugA,10,6,3,2765.1352,
g0208,WT,DMSO,0,6,1,2302.7947,
g0208,WT,DMSO,0,6,2,2786.9095,
g0208,WT,DMSO,0,6,3,3081.5327,
g0208,WT,drugA,2.5,24,1,2673.158,
g0208,WT,drugA,2.5,24,2,2764.0435,
g0208,WT,drugA,2.5,24,3,2539.074,
g0208,WT,drugA,5,24,1,2806.7231,
g0208,WT,drugA,5,24,2,3460.1126,
g0208,WT,drugA,5,24,3,3698.9348,
g0208,WT,drugA,10,24,1,2965.5987,
g0208,WT,drugA,10,24,2,2549.5753,
g0208,WT,drugA,10,24,3,3203.2984,
g0208,WT,DMSO,0,24,1,3102.4388,
g0208,WT,DMSO,0,24,2,3282.957,
g0208,WT,DMSO,0,24,3,3430.1756,
g0208,mutant,drugA,2.5,6,1,2982.3127,
g0208,mutant,drugA,2.5,6,2,2593.4436,
g0208,mutant,drugA,2.5,6,3,3211.0929,
g0208,mutant,drugA,5,6,1,2689.41,
g0208,mutant,drugA,5,6,2,2830.6308,
g0208,mutant,drugA,5,6,3,3299.8844,
g0208,mutant,drugA,10,6,1,3147.7735,
g0208,mutant,drugA,10,6,2,3228.9265,
g0208,mutant,drugA,10,6,3,2810.4709,
g0208,mutant,DMSO,0,6,1,3025.6284,
g0208,mutant,DMSO,0,6,2,3005.3436,
g0208,mutant,DMSO,0,6,3,2778.159,
g0208,mutant,drugA,2.5,24,1,2833.2566,
g0208,mutant,drugA,2.5,24,2,2644.718,
g0208,mutant,drugA,2.5,24,3,3667.9818,
g0208,mutant,drugA,5,24,1,2918.387,
g0208,mutant,drugA,5,24,2,3156.3864,
g0208,mutant,drugA,5,24,3,2623.8563,
g0208,mutant,drugA,10,24,1,2732.7409,
g0208,mutant,drugA,10,24,2,3191.5934,
g0208,mutant,drugA,10,24,3,2877.435,
g0208,mutant,DMSO,0,24,1,2579.5411,
g0208,mutant,DMSO,0,24,2,2858.0414,
g0208,mutant,DMSO,0,24,3,2604.5088,
g0209,WT,drugA,2.5,6,1,1391.157,
g0209,WT,drugA,2.5,6,2,1129.2524,
g0209,WT,drugA,2.5,6,3,1356.919,
g0209,WT,drugA,5,6,1,1349.3505,
g0209,WT,drugA,5,6,2,1194.9592,
g0209,WT,drugA,5,6,3,1403.094,
g0209,WT,drugA,10,6,1,1394.9409,
g0209,WT,drugA,10,6,2,1280.1948,
g0209,WT,drugA,10,6,3,1430.1668,
g0209,WT,DMSO,0,6,1,1194.4908,
g0209,WT,DMSO,0,6,2,1398.5199,
g0209,WT,DMSO,0,6,3,1299.8827,
g0209,WT,drugA,2.5,24,1,1223.855,
g0209,WT,drugA,2.5,24,2,1440.7587,
g0209,WT,drugA,2.5,24,3,1231.8186,
g0209,WT,drugA,5,24,1,1318.6573,
g0209,WT,drugA,5,24,2,1579.6215,
g0209,WT,drugA,5,24,3,1588.5732,
g0209,WT,drugA,10,24,1,1426.3837,
g0209,WT,drugA,10,24,2,1095.0968,
g0209,WT,drugA,10,24,3,1180.0851,
g0209,WT,DMSO,0,24,1,1351.1823,
g0209,WT,DMSO,0,24,2,1266.7235,
g0209,WT,DMSO,0,24,3,1519.8814,
g0209,mutant,drugA,2.5,6,1,1402.9121,
g0209,mutant,drugA,2.5,6,2,1375.1083,
g0209,mutant,drugA,2.5,6,3,1186.617,
g0209,mutant,drugA,5,6,1,1283.0271,
g0209,mutant,drugA,5,6,2,1529.2075,
g0209,mutant,drugA,5,6,3,1223.2772,
g0209,mutant,drugA,10,6,1,1294.2057,
g0209,mutant,drugA,10,6,2,1300.2069,
g0209,mutant,drugA,10,6,3,1266.5616,
g0209,mutant,DMSO,0,6,1,1523.521,
g0209,mutant,DMSO,0,6,2,1358.7347,
g0209,mutant,DMSO,0,6,3,1409.1438,
g0209,mutant,drugA,2.5,24,1,1209.0244,
g0209,mutant,drugA,2.5,24,2,1417.9849,
g0209,mutant,drugA,2.5,24,3,1249.0508,
g0209,mutant,drugA,5,24,1,1213.8525,
g0209,mutant,drugA,5,24,2,1417.0107,
g0209,mutant,drugA,5,24,3,1246.1822,
g0209,mutant,drugA,10,24,1,1407.5829,
g0209,mutant,drugA,10,24,2,1193.5658,
g0209,mutant,drugA,10,24,3,1378.9354,
g0209,mutant,DMSO,0,24,1,1219.7407,
g0209,mutant,DMSO,0,24,2,1315.3057,
g0209,mutant,DMSO,0,24,3,1373.4955,
g0210,WT,drugA,2.5,6,1,1925.8508,
g0210,WT,drugA,2.5,6,2,1984.3509,
g0210,WT,drugA,2.5,6,3,2366.9331,
g0210,WT,drugA,5,6,1,2784.2354,
g0210,WT,drugA,5,6,2,2700.7048,
g0210,WT,drugA,5,6,3,3043.2343,
g0210,WT,drugA,10,6,1,4140.1735,
g0210,WT,drugA,10,6,2,4518.5385,
g0210,WT,drugA,10,6,3,4433.0509,
g0210,WT,DMSO,0,6,1,2050.9174,
g0210,WT,DMSO,0,6,2,1889.0229,
g0210,WT,DMSO,0,6,3,2043.926,
g0210,WT,drugA,2.5,24,1,2451.55,
g0210,WT,drugA,2.5,24,2,2555.1274,
g0210,WT,drugA,2.5,24,3,2989.6837,
g0210,WT,drugA,5,24,1,3401.8771,
g0210,WT,drugA,5,24,2,4595.0448,
g0210,WT,drugA,5,24,3,4181.98,
g0210,WT,drugA,10,24,1,8595.1758,
g0210,WT,drugA,10,24,3,8633.2055,
g0210,WT,DMSO,0,24,1,2004.6132,
g0210,WT,DMSO,0,24,2,2027.6874,
g0210,WT,DMSO,0,24,3,1629.9449,
g0210,mutant,drugA,2.5,6,1,2026.9185,
g0210,mutant,drugA,2.5,6,2,2224.2114,
g0210,mutant,drugA,2.5,6,3,2281.8731,
g0210,mutant,drugA,5,6,1,2672.4523,
g0210,mutant,drugA,5,6,2,2980.3223,
g0210,mutant,drugA,5,6,3,2580.2267,
g0210,mutant,drugA,10,6,1,4509.2712,
g0210,mutant,drugA,10,6,2,3813.4785,
g0210,mutant,drugA,10,6,3,3845.2199,
g0210,mutant,DMSO,0,6,1,1751.385,
g0210,mutant,DMSO,0,6,2,2075.918,
g0210,mutant,DMSO,0,6,3,1753.9256,
g0210,mutant,drugA,2.5,24,1,2666.1545,
g0210,mutant,drugA,2.5,24,2,2789.3701,
g0210,mutant,drugA,2.5,24,3,2838.5609,
g0210,mutant,drugA,5,24,1,3638.5934,
g0210,mutant,drugA,5,24,2,4694.0783,
g0210,mutant,drugA,5,24,3,4155.2524,
g0210,mutant,drugA,10,24,1,11227.6391,
g0210,mutant,drugA,10,24,2,11188.6076,
g0210,mutant,drugA,10,24,3,9701.5366,
g0210,mutant,DMSO,0,24,1,2065.272,
g0210,mutant,DMSO,0,24,2,1824.9898,
g0210,mutant,DMSO,0,24,3,1822.3654,
g0211,WT,drugA,2.5,6,1,182.765,
g0211,WT,drugA,2.5,6,2,200.9441,
g0211,WT,drugA,2.5,6,3,192.1753,
g0211,WT,drugA,5,6,1,217.1854,
g0211,WT,drugA,5,6,2,226.6455,
g0211,WT,drugA,5,6,3,172.2573,
g0211,WT,drugA,10,6,1,215.9355,
g0211,WT,drugA,10,6,2,188.7953,
g0211,WT,drugA,10,6,3,217.2484,
g0211,WT,DMSO,0,6,1,195.4689,
g0211,WT,DMSO,0,6,2,225.0598,
g0211,WT,DMSO,0,6,3,207.9103,
g0211,WT,drugA,2.5,24,1,234.7474,
g0211,WT,drugA,2.5,24,2,156.3503,
g0211,WT,drugA,2.5,24,3,224.285,
g0211,WT,drugA,5,24,1,262.0971,
g0211,WT,drugA,5,24,2,151.9392,
g0211,WT,drugA,5,24,3,169.1781,
g0211,WT,drugA,10,24,1,237.7482,
g0211,WT,drugA,10,24,2,190.0725,
g0211,WT,drugA,10,24,3,201.1194,
g0211,WT,DMSO,0,24,1,199.0157,
g0211,WT,DMSO,0,24,2,235.698,
g0211,WT,DMSO,0,24,3,182.7967,
g0211,mutant,drugA,2.5,6,1,192.4894,
g0211,mutant,drugA,2.5,6,2,208.61,
g0211,mutant,drugA,2.5,6,3,175.6108,
g0211,mutant,drugA,5,6,1,182.435,
g0211,mutant,drugA,5,6,2,208.5446,
g0211,mutant,drugA,5,6,3,186.2803,
g0211,mutant,drugA,10,6,1,200.4026,
g0211,mutant,drugA,10,6,2,203.7612,
g0211,mutant,drugA,10,6,3,189.5671,
g0211,mutant,DMSO,0,6,1,240.4566,
g0211,mutant,DMSO,0,6,2,187.6523,
g0211,mutant,DMSO,0,6,3,186.4593,
g0211,mutant,drugA,2.5,24,1,207.5324,
g0211,mutant,drugA,2.5,24,2,220.8931,
g0211,mutant,drugA,2.5,24,3,183.2364,
g0211,mutant,drugA,5,24,1,208.2013,
g0211,mutant,drugA,5,24,2,193.7355,
g0211,mutant,drugA,5,24,3,209.4149,
g0211,mutant,drugA,10,24,1,209.1963,
g0211,mutant,drugA,10,24,2,227.5361,
g0211,mutant,drugA,10,24,3,202.9126,
g0211,mutant,DMSO,0,24,1,253.8971,
g0211,mutant,DMSO,0,24,2,203.3996,
g0211,mutant,DMSO,0,24,3,203.2405,
g0212,WT,drugA,2.5,6,1,482.8548,
g0212,WT,drugA,2.5,6,2,498.971,
g0212,WT,drugA,2.5,6,3,456.0384,
g0212,WT,drugA,5,6,1,546.4895,
g0212,WT,drugA,5,6,2,539.392,
g0212,WT,drugA,5,6,3,498.337,
g0212,WT,drugA,10,6,1,604.5131,
g0212,WT,drugA,10,6,2,459.0842,
g0212,WT,drugA,10,6,3,515.7861,
g0212,WT,DMSO,0,6,1,549.2839,
g0212,WT,DMSO,0,6,2,569.6359,
g0212,WT,DMSO,0,6,3,465.0447,
g0212,WT,drugA,2.5,24,1,660.4722,
g0212,WT,drugA,2.5,24,2,503.3462,
g0212,WT,drugA,2.5,24,3,583.2589,
g0212,WT,drugA,5,24,1,421.2232,
g0212,WT,drugA,5,24,2,476.1734,
g0212,WT,drugA,5,24,3,403.417,
g0212,WT,drugA,10,24,1,596.2536,
g0212,WT,drugA,10,24,2,555.5322,
g0212,WT,drugA,10,24,3,507.2602,
g0212,WT,DMSO,0,24,1,526.4375,
g0212,WT,DMSO,0,24,2,451.9332,
g0212,WT,DMSO,0,24,3,447.0538,
g0212,mutant,drugA,2.5,6,1,460.06,
g0212,mutant,drugA,2.5,6,3,530.4004,
g0212,mutant,drugA,5,6,1,530.4271,
g0212,mutant,drugA,5,6,2,461.8828,
g0212,mutant,drugA,5,6,3,489.4286,
g0212,mutant,drugA,10,6,1,449.9806,
g0212,mutant,drugA,10,6,2,633.7043,
g0212,mutant,drugA,10,6,3,521.444,
g0212,mutant,DMSO,0,6,1,557.8833,
g0212,mutant,DMSO,0,6,2,584.2077,
g0212,mutant,DMSO,0,6,3,485.5714,
g0212,mutant,drugA,2.5,24,1,477.4651,
g0212,mutant,drugA,2.5,24,2,583.3417,
g0212,mutant,drugA,2.5,24,3,502.1755,
g0212,mutant,drugA,5,24,1,380.0789,
g0212,mutant,drugA,5,24,2,601.7101,
g0212,mutant,drugA,5,24,3,589.1545,
g0212,mutant,drugA,10,24,1,584.4884,
g0212,mutant,drugA,10,24,2,583.7357,
g0212,mutant,drugA,10,24,3,542.4034,
g0212,mutant,DMSO,0,24,1,562.369,
g0212,mutant,DMSO,0,24,2,572.4364,
g0212,mutant,DMSO,0,24,3,525.5528,
g0213,WT,drugA,2.5,6,1,102.0227,
g0213,WT,drugA,2.5,6,2,89.3066,
g0213,WT,drugA,2.5,6,3,102.2385,
g0213,WT,drugA,5,6,1,83.7071,
g0213,WT,drugA,5,6,2,83.3314,
g0213,WT,drugA,5,6,3,89.4561,
g0213,WT,drugA,10,6,1,100.9633,
g0213,WT,drugA,10,6,2,91.1777,
g0213,WT,drugA,10,6,3,75.1056,
g0213,WT,DMSO,0,6,1,85.8751,
g0213,WT,DMSO,0,6,2,89.1966,
g0213,WT,DMSO,0,6,3,99.5877,
g0213,WT,drugA,2.5,24,1,81.1058,
g0213,WT,drugA,2.5,24,2,101.4946,
g0213,WT,drugA,2.5,24,3,103.4338,
g0213,WT,drugA,5,24,1,108.6634,
g0213,WT,drugA,5,24,2,96.7216,
g0213,WT,drugA,5,24,3,92.6992,
g0213,WT,drugA,10,24,1,101.6436,
g0213,WT,drugA,10,24,2,116.3111,
g0213,WT,drugA,10,24,3,102.4579,
g0213,WT,DMSO,0,24,1,97.4396,
g0213,WT,DMSO,0,24,2,88.4105,
g0213,WT,DMSO,0,24,3,108.5374,
g0213,mutant,drugA,2.5,6,1,118.3331,
g0213,mutant,drugA,2.5,6,2,110.114,
g0213,mutant,drugA,2.5,6,3,98.2894,
g0213,mutant,drugA,5,6,1,101.431,
g0213,mutant,drugA,5,6,2,79.9358,
g0213,mutant,drugA,5,6,3,96.2327,
g0213,mutant,drugA,10,6,1,83.8072,
g0213,mutant,drugA,10,6,2,96.5333,
g0213,mutant,drugA,10,6,3,98.2772,
g0213,mutant,DMSO,0,6,1,94.9256,
g0213,mutant,DMSO,0,6,2,106.4943,
g0213,mutant,DMSO,0,6,3,91.1289,
g0213,mutant,drugA,2.5,24,1,105.0584,
g0213,mutant,drugA,2.5,24,2,86.6274,
g0213,mutant,drugA,2.5,24,3,82.2291,
g0213,mutant,drugA,5,24,1,113.3474,
g0213,mutant,drugA,5,24,2,109.5052,
g0213,mutant,drugA,5,24,3,101.0273,
g0213,mutant,drugA,10,24,1,85.9996,
g0213,mutant,drugA,10,24,2,90.5543,
g0213,mutant,drugA,10,24,3,110.5771,
g0213,mutant,DMSO,0,24,1,99.6268,
g0213,mutant,DMSO,0,24,2,97.1667,
g0213,mutant,DMSO,0,24,3,114.5774,
g0214,WT,drugA,2.5,6,1,74.5573,
g0214,WT,drugA,2.5,6,2,82.1485,
g0214,WT,drugA,2.5,6,3,78.9871,
g0214,WT,drugA,5,6,1,50.4768,
g0214,WT,drugA,5,6,2,67.6187,
g0214,WT,drugA,5,6,3,65.3966,
g0214,WT,drugA,10,6,1,37.4838,
g0214,WT,drugA,10,6,2,44.5594,
g0214,WT,drugA,10,6,3,45.856,
g0214,WT,DMSO,0,6,1,70.8355,
g0214,WT,DMSO,0,6,2,74.1056,
g0214,WT,DMSO,0,6,3,86.1744,
g0214,WT,drugA,2.5,24,1,58.6782,
g0214,WT,drugA,2.5,24,2,57.6813,
g0214,WT,drugA,2.5,24,3,59.0537,
g0214,WT,drugA,5,24,1,39.8062,
g0214,WT,drugA,5,24,2,42.1174,
g0214,WT,drugA,5,24,3,46.6378,
g0214,WT,drugA,10,24,1,16.5298,
g0214,WT,drugA,10,24,2,17.1732,
g0214,WT,drugA,10,24,3,18.5164,
g0214,WT,DMSO,0,24,1,83.1357,
g0214,WT,DMSO,0,24,2,85.2205,
g0214,WT,DMSO,0,24,3,86.9716,
g0214,mutant,drugA,2.5,6,1,61.9929,
g0214,mutant,drugA,2.5,6,2,71.9826,
g0214,mutant,drugA,2.5,6,3,58.7778,
g0214,mutant,drugA,5,6,1,36.8275,
g0214,mutant,drugA,5,6,2,37.9216,
g0214,mutant,drugA,5,6,3,46.1903,
g0214,mutant,drugA,10,6,1,24.7154,
g0214,mutant,drugA,10,6,3,22.1792,
g0214,mutant,DMSO,0,6,1,93.41,
g0214,mutant,DMSO,0,6,2,77.7621,
g0214,mutant,DMSO,0,6,3,80.6234,
g0214,mutant,drugA,2.5,24,1,46.8911,
g0214,mutant,drugA,2.5,24,2,43.1438,
g0214,mutant,drugA,2.5,24,3,41.2892,
g0214,mutant,drugA,5,24,1,22.8604,
g0214,mutant,drugA,5,24,2,23.0965,
g0214,mutant,drugA,5,24,3,25.3279,
g0214,mutant,drugA,10,24,1,6.1156,
g0214,mutant,drugA,10,24,3,5.3261,
g0214,mutant,DMSO,0,24,1,75.0107,
g0214,mutant,DMSO,0,24,2,83.2793,
g0214,mutant,DMSO,0,24,3,92.2634,
g0215,WT,drugA,2.5,6,1,181.5463,
g0215,WT,drugA,2.5,6,2,224.2116,
g0215,WT,drugA,2.5,6,3,196.909,
g0215,WT,drugA,5,6,1,197.5536,
g0215,WT,drugA,5,6,2,177.8916,
g0215,WT,drugA,5,6,3,157.3626,
g0215,WT,drugA,10,6,1,167.3879,
g0215,WT,drugA,10,6,2,189.9638,
g0215,WT,drugA,10,6,3,193.6545,
g0215,WT,DMSO,0,6,1,178.4993,
g0215,WT,DMSO,0,6,2,166.6652,
g0215,WT,DMSO,0,6,3,164.9216,
g0215,WT,drugA,2.5,24,1,176.4729,
g0215,WT,drugA,2.5,24,2,215.7217,
g0215,WT,drugA,5,24,1,188.392,
g0215,WT,drugA,5,24,2,194.7227,
g0215,WT,drugA,5,24,3,189.0407,
g0215,WT,drugA,10,24,1,162.6609,
g0215,WT,drugA,10,24,2,194.7632,
g0215,WT,drugA,10,24,3,173.2222,
g0215,WT,DMSO,0,24,1,183.8044,
g0215,WT,DMSO,0,24,2,195.1826,
g0215,WT,DMSO,0,24,3,199.6521,
g0215,mutant,drugA,2.5,6,1,185.2224,
g0215,mutant,drugA,2.5,6,2,182.3349,
g0215,mutant,drugA,2.5,6,3,203.3374,
g0215,mutant,drugA,5,6,1,167.5376,
g0215,mutant,drugA,5,6,2,209.586,
g0215,mutant,drugA,5,6,3,188.5788,
g0215,mutant,drugA,10,6,1,175.3676,
g0215,mutant,drugA,10,6,2,184.5905,
g0215,mutant,drugA,10,6,3,177.2633,
g0215,mutant,DMSO,0,6,1,218.0801,
g0215,mutant,DMSO,0,6,2,190.8543,
g0215,mutant,DMSO,0,6,3,197.4553,
g0215,mutant,drugA,2.5,24,1,175.7715,
g0215,mutant,drugA,2.5,24,2,169.3408,
g0215,mutant,drugA,2.5,24,3,196.2017,
g0215,mutant,drugA,5,24,1,183.924,
g0215,mutant,drugA,5,24,2,196.6899,
g0215,mutant,drugA,5,24,3,187.1667,
g0215,mutant,drugA,10,24,1,159.6516,
g0215,mutant,drugA,10,24,2,185.3088,
g0215,mutant,drugA,10,24,3,173.9155,
g0215,mutant,DMSO,0,24,1,191.0172,
g0215,mutant,DMSO,0,24,2,206.1646,
g0215,mutant,DMSO,0,24,3,164.0212,
g0216,WT,drugA,2.5,6,1,994.1359,
g0216,WT,drugA,2.5,6,2,878.099,
g0216,WT,drugA,2.5,6,3,934.5622,
g0216,WT,drugA,5,6,1,806.6665,
g0216,WT,drugA,5,6,2,825.7402,
g0216,WT,drugA,5,6,3,869.0783,
g0216,WT,drugA,10,6,1,766.9042,
g0216,WT,drugA,10,6,2,739.5821,
g0216,WT,drugA,10,6,3,838.7949,
g0216,WT,DMSO,0,6,1,929.2174,
g0216,WT,DMSO,0,6,2,797.5188,
g0216,WT,DMSO,0,6,3,898.0557,
g0216,WT,drugA,2.5,24,1,710.5876,
g0216,WT,drugA,2.5,24,2,888.1128,
g0216,WT,drugA,2.5,24,3,741.6724,
g0216,WT,drugA,5,24,1,852.1627,
g0216,WT,drugA,5,24,2,938.7024,
g0216,WT,drugA,5,24,3,864.4101,
g0216,WT,drugA,10,24,1,683.1643,
g0216,WT,drugA,10,24,3,825.9763,
g0216,WT,DMSO,0,24,2,846.5952,
g0216,WT,DMSO,0,24,3,881.3755,
g0216,mutant,drugA,2.5,6,1,778.8845,
g0216,mutant,drugA,2.5,6,2,874.8934,
g0216,mutant,drugA,2.5,6,3,756.0491,
g0216,mutant,drugA,5,6,1,838.7383,
g0216,mutant,drugA,5,6,2,796.9135,
g0216,mutant,drugA,5,6,3,825.6394,
g0216,mutant,drugA,10,6,1,807.2643,
g0216,mutant,drugA,10,6,2,712.5127,
g0216,mutant,drugA,10,6,3,865.6339,
g0216,mutant,DMSO,0,6,1,785.8466,
g0216,mutant,DMSO,0,6,2,775.6458,
g0216,mutant,DMSO,0,6,3,851.4845,
g0216,mutant,drugA,2.5,24,2,834.601,
g0216,mutant,drugA,2.5,24,3,855.0971,
g0216,mutant,drugA,5,24,1,717.5117,
g0216,mutant,drugA,5,24,2,807.3701,
g0216,mutant,drugA,5,24,3,768.1209,
g0216,mutant,drugA,10,24,1,778.5192,
g0216,mutant,drugA,10,24,2,1036.2371,
g0216,mutant,drugA,10,24,3,886.5488,
g0216,mutant,DMSO,0,24,1,952.92,
g0216,mutant,DMSO,0,24,2,848.0515,
g0216,mutant,DMSO,0,24,3,860.8658,
g0217,WT,drugA,2.5,6,1,2293.984,
g0217,WT,drugA,2.5,6,2,2407.7398,
g0217,WT,drugA,2.5,6,3,2330.6515,
g0217,WT,drugA,5,6,1,2457.5612,
g0217,WT,drugA,5,6,2,2620.3356,
g0217,WT,drugA,5,6,3,2346.2532,
g0217,WT,drugA,10,6,1,2939.7437,
g0217,WT,drugA,10,6,2,2297.0755,
g0217,WT,drugA,10,6,3,2538.3915,
g0217,WT,DMSO,0,6,1,3038.5043,
g0217,WT,DMSO,0,6,2,2472.0591,
g0217,WT,DMSO,0,6,3,2737.1849,
g0217,WT,drugA,2.5,24,1,2855.9126,
g0217,WT,drugA,2.5,24,2,2325.8458,
g0217,WT,drugA,2.5,24,3,2470.6853,
g0217,WT,drugA,5,24,1,2223.5836,
g0217,WT,drugA,5,24,2,2300.672,
g0217,WT,drugA,5,24,3,2734.7776,
g0217,WT,drugA,10,24,1,2272.1656,
g0217,WT,DMSO,0,24,1,2354.9353,
g0217,WT,DMSO,0,24,2,2504.0401,
g0217,WT,DMSO,0,24,3,2171.6016,
g0217,mutant,drugA,2.5,6,1,2557.1507,
g0217,mutant,drugA,2.5,6,2,2621.9213,
g0217,mutant,drugA,2.5,6,3,2263.4287,
g0217,mutant,drugA,5,6,1,2578.8412,
g0217,mutant,drugA,5,6,2,2508.9905,
g0217,mutant,drugA,5,6,3,2131.0866,
g0217,mutant,drugA,10,6,1,2607.2126,
g0217,mutant,drugA,10,6,2,2605.2736,
g0217,mutant,drugA,10,6,3,2644.1689,
g0217,mutant,DMSO,0,6,1,2162.5989,
g0217,mutant,DMSO,0,6,2,2795.9674,
g0217,mutant,DMSO,0,6,3,2447.9288,
g0217,mutant,drugA,2.5,24,1,2633.7541,
g0217,mutant,drugA,2.5,24,2,1991.3181,
g0217,mutant,drugA,2.5,24,3,2488.7738,
g0217,mutant,drugA,5,24,1,2156.507,
g0217,mutant,drugA,5,24,2,2743.5531,
g0217,mutant,drugA,5,24,3,2158.0688,
g0217,mutant,drugA,10,24,1,2718.1502,
g0217,mutant,drugA,10,24,2,2395.933,
g0217,mutant,drugA,10,24,3,2363.1559,
g0217,mutant,DMSO,0,24,1,1944.1822,
g0217,mutant,DMSO,0,24,2,2345.6735,
g0217,mutant,DMSO,0,24,3,3012.3632,
g0218,WT,drugA,2.5,6,1,98.7102,
g0218,WT,drugA,2.5,6,2,97.5926,
g0218,WT,drugA,2.5,6,3,99.167,
g0218,WT,drugA,5,6,1,122.1517,
g0218,WT,drugA,5,6,2,106.2715,
g0218,WT,drugA,5,6,3,114.1162,
g0218,WT,drugA,10,6,1,80.0278,
g0218,WT,drugA,10,6,2,120.8717,
g0218,WT,drugA,10,6,3,106.5473,
g0218,WT,DMSO,0,6,1,97.2734,
g0218,WT,DMSO,0,6,2,112.4781,
g0218,WT,DMSO,0,6,3,89.3743,
g0218,WT,drugA,2.5,24,1,120.257,
g0218,WT,drugA,2.5,24,2,102.0581,
g0218,WT,drugA,2.5,24,3,109.7427,
g0218,WT,drugA,5,24,1,127.8208,
g0218,WT,drugA,5,24,2,86.6383,
g0218,WT,drugA,5,24,3,80.9695,
g0218,WT,drugA,10,24,1,108.6707,
g0218,WT,drugA,10,24,2,98.0775,
g0218,WT,drugA,10,24,3,99.1761,
g0218,WT,DMSO,0,24,1,99.0434,
g0218,WT,DMSO,0,24,2,111.8263,
g0218,WT,DMSO,0,24,3,113.2417,
g0218,mutant,drugA,2.5,6,1,108.9316,
g0218,mutant,drugA,2.5,6,2,88.3065,
g0218,mutant,drugA,2.5,6,3,120.2964,
g0218,mutant,drugA,5,6,1,97.3769,
g0218,mutant,drugA,5,6,2,96.3514,
g0218,mutant,drugA,5,6,3,107.5635,
g0218,mutant,drugA,10,6,1,90.4875,
g0218,mutant,drugA,10,6,2,122.1753,
g0218,mutant,drugA,10,6,3,113.3139,
g0218,mutant,DMSO,0,6,1,91.2053,
g0218,mutant,DMSO,0,6,2,95.5999,
g0218,mutant,DMSO,0,6,3,112.0244,
g0218,mutant,drugA,2.5,24,1,109.7387,
g0218,mutant,drugA,2.5,24,2,101.0762,
g0218,mutant,drugA,2.5,24,3,117.8209,
g0218,mutant,drugA,5,24,1,81.544,
g0218,mutant,drugA,5,24,2,95.4503,
g0218,mutant,drugA,5,24,3,96.0824,
g0218,mutant,drugA,10,24,1,127.9709,
g0218,mutant,drugA,10,24,2,108.531,
g0218,mutant,drugA,10,24,3,106.9488,
g0218,mutant,DMSO,0,24,1,116.4611,
g0218,mutant,DMSO,0,24,2,97.1288,
g0218,mutant,DMSO,0,24,3,114.0934,
g0219,WT,drugA,2.5,6,1,106.6834,
g0219,WT,drugA,2.5,6,2,81.2644,
g0219,WT,drugA,2.5,6,3,75.4298,
g0219,WT,drugA,5,6,1,89.4736,
g0219,WT,drugA,5,6,2,98.3525,
g0219,WT,drugA,5,6,3,83.753,
g0219,WT,drugA,10,6,1,80.2112,
g0219,WT,drugA,10,6,2,83.6216,
g0219,WT,drugA,10,6,3,81.4889,
g0219,WT,DMSO,0,6,1,79.2611,
g0219,WT,DMSO,0,6,2,66.8363,
g0219,WT,DMSO,0,6,3,89.4295,
g0219,WT,drugA,2.5,24,1,78.232,
g0219,WT,drugA,2.5,24,2,76.0699,
g0219,WT,drugA,2.5,24,3,70.957,
g0219,WT,drugA,5,24,1,91.0123,
g0219,WT,drugA,5,24,2,88.9816,
g0219,WT,drugA,5,24,3,77.4536,
g0219,WT,drugA,10,24,1,93.7231,
g0219,WT,drugA,10,24,2,67.0754,
g0219,WT,drugA,10,24,3,84.6537,
g0219,WT,DMSO,0,24,1,83.244,
g0219,WT,DMSO,0,24,2,86.7586,
g0219,mutant,drugA,2.5,6,1,88.5086,
g0219,mutant,drugA,2.5,6,2,81.1544,
g0219,mutant,drugA,2.5,6,3,84.0889,
g0219,mutant,drugA,5,6,1,82.3934,
g0219,mutant,drugA,5,6,2,68.6013,
g0219,mutant,drugA,5,6,3,89.7456,
g0219,mutant,drugA,10,6,1,78.4441,
g0219,mutant,drugA,10,6,2,93.7238,
g0219,mutant,drugA,10,6,3,92.3257,
g0219,mutant,DMSO,0,6,1,79.6563,
g0219,mutant,DMSO,0,6,2,91.7521,
g0219,mutant,DMSO,0,6,3,83.4966,
g0219,mutant,drugA,2.5,24,1,71.5602,
g0219,mutant,drugA,2.5,24,2,65.5214,
g0219,mutant,drugA,2.5,24,3,87.792,
g0219,mutant,drugA,5,24,1,74.524,
g0219,mutant,drugA,5,24,2,87.0867,
g0219,mutant,drugA,5,24,3,68.4964,
g0219,mutant,drugA,10,24,1,89.8285,
g0219,mutant,drugA,10,24,3,70.28,
g0219,mutant,DMSO,0,24,1,84.3146,
g0219,mutant,DMSO,0,24,2,83.3848,
g0219,mutant,DMSO,0,24,3,80.6415,
g0220,WT,drugA,2.5,6,1,519.1808,
g0220,WT,drugA,2.5,6,2,809.0955,
g0220,WT,drugA,2.5,6,3,552.5245,
g0220,WT,drugA,5,6,1,536.6571,
g0220,WT,drugA,5,6,2,592.2244,
g0220,WT,drugA,5,6,3,652.6578,
g0220,WT,drugA,10,6,1,594.0852,
g0220,WT,drugA,10,6,2,675.4162,
g0220,WT,drugA,10,6,3,603.9661,
g0220,WT,DMSO,0,6,1,611.9805,
g0220,WT,DMSO,0,6,2,609.878,
g0220,WT,DMSO,0,6,3,724.2911,
g0220,WT,drugA,2.5,24,1,732.6237,
g0220,WT,drugA,2.5,24,2,658.5815,
g0220,WT,drugA,2.5,24,3,596.5694,
g0220,WT,drugA,5,24,1,630.1772,
g0220,WT,drugA,5,24,2,660.5908,
g0220,WT,drugA,5,24,3,753.1112,
g0220,WT,drugA,10,24,1,680.9744,
g0220,WT,drugA,10,24,2,563.8283,
g0220,WT,drugA,10,24,3,608.1484,
g0220,WT,DMSO,0,24,1,660.7903,
g0220,WT,DMSO,0,24,2,580.0646,
g0220,WT,DMSO,0,24,3,669.1811,
g0220,mutant,drugA,2.5,6,1,624.2875,
g0220,mutant,drugA,2.5,6,2,732.8199,
g0220,mutant,drugA,2.5,6,3,600.3634,
g0220,mutant,drugA,5,6,1,661.1348,
g0220,mutant,drugA,5,6,2,568.3818,
g0220,mutant,drugA,5,6,3,607.1985,
g0220,mutant,drugA,10,6,1,613.1402,
g0220,mutant,drugA,10,6,2,634.0371,
g0220,mutant,drugA,10,6,3,520.6026,
g0220,mutant,DMSO,0,6,1,682.2444,
g0220,mutant,DMSO,0,6,2,582.3351,
g0220,mutant,DMSO,0,6,3,720.1325,
g0220,mutant,drugA,2.5,24,1,658.7586,
g0220,mutant,drugA,2.5,24,2,658.495,
g0220,mutant,drugA,2.5,24,3,638.4931,
g0220,mutant,drugA,5,24,1,609.854,
g0220,mutant,drugA,5,24,2,641.8513,
g0220,mutant,drugA,5,24,3,562.4777,
g0220,mutant,drugA,10,24,1,552.4829,
g0220,mutant,drugA,10,24,2,586.0659,
g0220,mutant,drugA,10,24,3,594.0137,
g0220,mutant,DMSO,0,24,1,590.4869,
g0220,mutant,DMSO,0,24,2,586.2876,
g0220,mutant,DMSO,0,24,3,543.3969,
g0221,WT,drugA,2.5,6,1,541.7346,
g0221,WT,drugA,2.5,6,2,556.5016,
g0221,WT,drugA,2.5,6,3,483.7954,
g0221,WT,drugA,5,6,1,425.962,
g0221,WT,drugA,5,6,2,392.9822,
g0221,WT,drugA,5,6,3,565.7333,
g0221,WT,drugA,10,6,1,502.8977,
g0221,WT,drugA,10,6,2,527.4888,
g0221,WT,drugA,10,6,3,579.4082,
g0221,WT,DMSO,0,6,1,515.1719,
g0221,WT,DMSO,0,6,2,513.747,
g0221,WT,DMSO,0,6,3,453.9278,
g0221,WT,drugA,2.5,24,1,499.9193,
g0221,WT,drugA,2.5,24,2,522.0399,
g0221,WT,drugA,2.5,24,3,487.7119,
g0221,WT,drugA,5,24,1,530.0877,
g0221,WT,drugA,5,24,2,564.9556,
g0221,WT,drugA,5,24,3,459.7375,
g0221,WT,drugA,10,24,1,538.447,
g0221,WT,drugA,10,24,2,507.8977,
g0221,WT,drugA,10,24,3,492.6332,
g0221,WT,DMSO,0,24,1,550.2201,
g0221,WT,DMSO,0,24,2,478.967,
g0221,WT,DMSO,0,24,3,445.5953,
g0221,mutant,drugA,2.5,6,1,504.5014,
g0221,mutant,drugA,2.5,6,2,551.1646,
g0221,mutant,drugA,2.5,6,3,506.9994,
g0221,mutant,drugA,5,6,1,484.6904,
g0221,mutant,drugA,5,6,2,453.0057,
g0221,mutant,drugA,5,6,3,395.6706,
g0221,mutant,drugA,10,6,1,492.4924,
g0221,mutant,drugA,10,6,2,511.9071,
g0221,mutant,drugA,10,6,3,592.028,
g0221,mutant,DMSO,0,6,1,531.9466,
g0221,mutant,DMSO,0,6,2,453.7661,
g0221,mutant,DMSO,0,6,3,466.431,
g0221,mutant,drugA,2.5,24,1,449.4014,
g0221,mutant,drugA,2.5,24,2,459.828,
g0221,mutant,drugA,2.5,24,3,457.8827,
g0221,mutant,drugA,5,24,1,542.0305,
g0221,mutant,drugA,5,24,2,519.0971,
g0221,mutant,drugA,5,24,3,493.2172,
g0221,mutant,drugA,10,24,1,584.4948,
g0221,mutant,drugA,10,24,2,549.1999,
g0221,mutant,drugA,10,24,3,397.9573,
g0221,mutant,DMSO,0,24,1,443.0473,
g0221,mutant,DMSO,0,24,2,470.5199,
g0221,mutant,DMSO,0,24,3,595.4638,
g0222,WT,drugA,2.5,6,1,71.1457,
g0222,WT,drugA,2.5,6,2,77.8071,
g0222,WT,drugA,2.5,6,3,55.9255,
g0222,WT,drugA,5,6,1,73.8435,
g0222,WT,drugA,5,6,2,63.6496,
g0222,WT,drugA,5,6,3,75.0681,
g0222,WT,drugA,10,6,1,70.7004,
g0222,WT,drugA,10,6,2,58.1594,
g0222,WT,drugA,10,6,3,62.396,
g0222,WT,DMSO,0,6,1,70.3991,
g0222,WT,DMSO,0,6,2,62.0933,
g0222,WT,DMSO,0,6,3,59.4167,
g0222,WT,drugA,2.5,24,1,64.8723,
g0222,WT,drugA,2.5,24,2,64.1289,
g0222,WT,drugA,2.5,24,3,62.8559,
g0222,WT,drugA,5,24,1,55.0449,
g0222,WT,drugA,5,24,2,75.9654,
g0222,WT,drugA,5,24,3,73.7123,
g0222,WT,drugA,10,24,1,66.6146,
g0222,WT,drugA,10,24,2,72.1735,
g0222,WT,drugA,10,24,3,56.1517,
g0222,WT,DMSO,0,24,2,61.4483,
g0222,WT,DMSO,0,24,3,60.1643,
g0222,mutant,drugA,2.5,6,1,71.1176,
g0222,mutant,drugA,2.5,6,2,57.2227,
g0222,mutant,drugA,2.5,6,3,64.2601,
g0222,mutant,drugA,5,6,1,70.4869,
g0222,mutant,drugA,5,6,2,73.8969,
g0222,mutant,drugA,5,6,3,68.3954,
g0222,mutant,drugA,10,6,1,58.9079,
g0222,mutant,drugA,10,6,2,74.1106,
g0222,mutant,drugA,10,6,3,67.7577,
g0222,mutant,DMSO,0,6,1,55.024,
g0222,mutant,DMSO,0,6,2,70.2692,
g0222,mutant,DMSO,0,6,3,65.9292,
g0222,mutant,drugA,2.5,24,1,52.9587,
g0222,mutant,drugA,2.5,24,2,69.6138,
g0222,mutant,drugA,2.5,24,3,54.1905,
g0222,mutant,drugA,5,24,1,62.7998,
g0222,mutant,drugA,5,24,2,55.1943,
g0222,mutant,drugA,5,24,3,57.8263,
g0222,mutant,drugA,10,24,1,62.4995,
g0222,mutant,drugA,10,24,2,61.5781,
g0222,mutant,drugA,10,24,3,59.8156,
g0222,mutant,DMSO,0,24,1,54.8452,
g0222,mutant,DMSO,0,24,2,67.084,
g0222,mutant,DMSO,0,24,3,66.3877,
g0223,WT,drugA,2.5,6,1,966.2152,
g0223,WT,drugA,2.5,6,2,984.0534,
g0223,WT,drugA,2.5,6,3,1071.5415,
g0223,WT,drugA,5,6,1,992.4942,
g0223,WT,drugA,5,6,2,1079.7829,
g0223,WT,drugA,5,6,3,1169.5423,
g0223,WT,drugA,10,6,1,1187.8469,
g0223,WT,drugA,10,6,2,1203.5016,
g0223,WT,drugA,10,6,3,1144.8902,
g0223,WT,DMSO,0,6,1,1088.0961,
g0223,WT,DMSO,0,6,2,1303.8281,
g0223,WT,DMSO,0,6,3,1060.0428,
g0223,WT,drugA,2.5,24,2,983.2766,
g0223,WT,drugA,2.5,24,3,1193.4785,
g0223,WT,drugA,5,24,1,1197.0672,
g0223,WT,drugA,5,24,2,979.7441,
g0223,WT,drugA,5,24,3,1101.3935,
g0223,WT,drugA,10,24,1,973.1786,
g0223,WT,drugA,10,24,2,1142.8521,
g0223,WT,drugA,10,24,3,1268.0445,
g0223,WT,DMSO,0,24,2,1150.8888,
g0223,WT,DMSO,0,24,3,1189.3693,
g0223,mutant,drugA,2.5,6,1,1087.6993,
g0223,mutant,drugA,2.5,6,2,1224.1794,
g0223,mutant,drugA,2.5,6,3,900.9455,
g0223,mutant,drugA,5,6,1,1157.7315,
g0223,mutant,drugA,5,6,2,1074.8306,
g0223,mutant,drugA,5,6,3,968.0754,
g0223,mutant,drugA,10,6,1,1242.6263,
g0223,mutant,drugA,10,6,2,1130.0728,
g0223,mutant,drugA,10,6,3,1236.1251,
g0223,mutant,DMSO,0,6,1,1023.5075,
g0223,mutant,DMSO,0,6,2,1169.0111,
g0223,mutant,DMSO,0,6,3,1231.5958,
g0223,mutant,drugA,2.5,24,1,1104.8365,
g0223,mutant,drugA,2.5,24,2,1167.8329,
g0223,mutant,drugA,2.5,24,3,1044.8832,
g0223,mutant,drugA,5,24,1,980.4718,
g0223,mutant,drugA,5,24,2,910.5554,
g0223,mutant,drugA,5,24,3,1315.2187,
g0223,mutant,drugA,10,24,1,1047.267,
g0223,mutant,drugA,10,24,2,1175.4292,
g0223,mutant,drugA,10,24,3,1085.5825,
g0223,mutant,DMSO,0,24,1,867.4103,
g0223,mutant,DMSO,0,24,2,1027.4969,
g0223,mutant,DMSO,0,24,3,1114.3905,
g0224,WT,drugA,2.5,6,1,61.2488,
g0224,WT,drugA,2.5,6,2,63.9815,
g0224,WT,drugA,2.5,6,3,67.0803,
g0224,WT,drugA,5,6,1,54.8433,
g0224,WT,drugA,5,6,2,69.2813,
g0224,WT,drugA,5,6,3,51.5795,
g0224,WT,drugA,10,6,1,59.2935,
g0224,WT,drugA,10,6,2,60.4676,
g0224,WT,drugA,10,6,3,73.5716,
g0224,WT,DMSO,0,6,1,66.3881,
g0224,WT,DMSO,0,6,2,65.8239,
g0224,WT,DMSO,0,6,3,63.3822,
g0224,WT,drugA,2.5,24,1,58.0507,
g0224,WT,drugA,2.5,24,2,67.8903,
g0224,WT,drugA,2.5,24,3,78.8677,
g0224,WT,drugA,5,24,1,65.576,
g0224,WT,drugA,5,24,2,65.7304,
g0224,WT,drugA,5,24,3,71.957,
g0224,WT,drugA,10,24,1,64.3826,
g0224,WT,drugA,10,24,2,64.1457,
g0224,WT,drugA,10,24,3,58.3477,
g0224,WT,DMSO,0,24,1,67.3381,
g0224,WT,DMSO,0,24,2,84.9468,
g0224,WT,DMSO,0,24,3,60.7847,
g0224,mutant,drugA,2.5,6,1,62.6498,
g0224,mutant,drugA,2.5,6,2,67.1513,
g0224,mutant,drugA,2.5,6,3,56.4058,
g0224,mutant,drugA,5,6,1,70.5456,
g0224,mutant,drugA,5,6,2,78.0022,
g0224,mutant,drugA,5,6,3,64.5757,
g0224,mutant,drugA,10,6,1,72.3273,
g0224,mutant,drugA,10,6,2,64.0862,
g0224,mutant,drugA,10,6,3,64.7225,
g0224,mutant,DMSO,0,6,1,64.8725,
g0224,mutant,DMSO,0,6,2,61.2554,
g0224,mutant,DMSO,0,6,3,62.7737,
g0224,mutant,drugA,2.5,24,1,65.6566,
g0224,mutant,drugA,2.5,24,2,52.8292,
g0224,mutant,drugA,2.5,24,3,71.199,
g0224,mutant,drugA,5,24,1,54.9052,
g0224,mutant,drugA,5,24,2,70.6261,
g0224,mutant,drugA,5,24,3,72.6901,
g0224,mutant,drugA,10,24,1,81.6303,
g0224,mutant,drugA,10,24,2,61.7377,
g0224,mutant,drugA,10,24,3,66.894,
g0224,mutant,DMSO,0,24,1,73.9293,
g0224,mutant,DMSO,0,24,2,55.6241,
g0224,mutant,DMSO,0,24,3,70.1744,
g0225,WT,drugA,2.5,6,1,469.9076,
g0225,WT,drugA,2.5,6,2,409.2492,
g0225,WT,drugA,2.5,6,3,479.3678,
g0225,WT,drugA,5,6,1,395.5303,
g0225,WT,drugA,5,6,2,387.3818,
g0225,WT,drugA,5,6,3,390.153,
g0225,WT,drugA,10,6,1,402.3777,
g0225,WT,drugA,10,6,2,345.7606,
g0225,WT,drugA,10,6,3,492.6686,
g0225,WT,DMSO,0,6,1,396.1436,
g0225,WT,DMSO,0,6,2,425.9896,
g0225,WT,DMSO,0,6,3,456.0027,
g0225,WT,drugA,2.5,24,1,373.2739,
g0225,WT,drugA,2.5,24,2,412.1877,
g0225,WT,drugA,2.5,24,3,414.1194,
g0225,WT,drugA,5,24,1,436.7969,
g0225,WT,drugA,5,24,2,352.142,
g0225,WT,drugA,5,24,3,388.8743,
g0225,WT,drugA,10,24,1,434.1182,
g0225,WT,drugA,10,24,2,385.8165,
g0225,WT,drugA,10,24,3,426.3616,
g0225,WT,DMSO,0,24,1,453.87,
g0225,WT,DMSO,0,24,2,443.7372,
g0225,WT,DMSO,0,24,3,453.6548,
g0225,mutant,drugA,2.5,6,1,491.633,
g0225,mutant,drugA,2.5,6,2,410.6853,
g0225,mutant,drugA,2.5,6,3,445.5516,
g0225,mutant,drugA,5,6,1,349.7352,
g0225,mutant,drugA,5,6,2,455.3645,
g0225,mutant,drugA,5,6,3,382.4085,
g0225,mutant,drugA,10,6,1,388.2765,
g0225,mutant,drugA,10,6,3,411.4807,
g0225,mutant,DMSO,0,6,1,415.8824,
g0225,mutant,DMSO,0,6,2,400.0836,
g0225,mutant,DMSO,0,6,3,391.7155,
g0225,mutant,drugA,2.5,24,1,424.1776,
g0225,mutant,drugA,2.5,24,2,421.6491,
g0225,mutant,drugA,2.5,24,3,378.6703,
g0225,mutant,drugA,5,24,1,406.8777,
g0225,mutant,drugA,5,24,2,375.894,
g0225,mutant,drugA,5,24,3,494.07,
g0225,mutant,drugA,10,24,1,395.3952,
g0225,mutant,drugA,10,24,2,436.0396,
g0225,mutant,drugA,10,24,3,481.9999,
g0225,mutant,DMSO,0,24,1,463.6982,
g0225,mutant,DMSO,0,24,2,454.2347,
g0225,mutant,DMSO,0,24,3,407.4044,
g0226,WT,drugA,2.5,6,1,1154.4075,
g0226,WT,drugA,2.5,6,2,1095.2054,
g0226,WT,drugA,2.5,6,3,1228.7189,
g0226,WT,drugA,5,6,1,1102.0017,
g0226,WT,drugA,5,6,2,1156.8115,
g0226,WT,drugA,5,6,3,1112.1299,
g0226,WT,drugA,10,6,1,1009.7004,
g0226,WT,drugA,10,6,2,1034.3654,
g0226,WT,drugA,10,6,3,1122.2217,
g0226,WT,DMSO,0,6,1,1331.9656,
g0226,WT,DMSO,0,6,2,1251.2687,
g0226,WT,DMSO,0,6,3,1053.7232,
g0226,WT,drugA,2.5,24,1,1109.6706,
g0226,WT,drugA,2.5,24,2,1114.265,
g0226,WT,drugA,2.5,24,3,952.3967,
g0226,WT,drugA,5,24,1,1119.6119,
g0226,WT,drugA,5,24,2,986.0637,
g0226,WT,drugA,5,24,3,984.7064,
g0226,WT,drugA,10,24,1,1264.5169,
g0226,WT,drugA,10,24,2,941.0125,
g0226,WT,drugA,10,24,3,1003.2457,
g0226,WT,DMSO,0,24,1,1044.4181,
g0226,WT,DMSO,0,24,2,1089.1386,
g0226,WT,DMSO,0,24,3,1036.6647,
g0226,mutant,drugA,2.5,6,1,1007.2221,
g0226,mutant,drugA,2.5,6,2,1052.4895,
g0226,mutant,drugA,2.5,6,3,965.4352,
g0226,mutant,drugA,5,6,1,1011.6641,
g0226,mutant,drugA,5,6,2,1070.385,
g0226,mutant,drugA,5,6,3,1268.1251,
g0226,mutant,drugA,10,6,1,1222.7521,
g0226,mutant,drugA,10,6,2,1139.2276,
g0226,mutant,drugA,10,6,3,963.0597,
g0226,mutant,DMSO,0,6,1,1194.9465,
g0226,mutant,DMSO,0,6,2,948.2331,
g0226,mutant,DMSO,0,6,3,864.3772,
g0226,mutant,drugA,2.5,24,1,998.8359,
g0226,mutant,drugA,2.5,24,2,874.2561,
g0226,mutant,drugA,2.5,24,3,1035.0771,
g0226,mutant,drugA,5,24,1,1061.6256,
g0226,mutant,drugA,5,24,2,1183.5007,
g0226,mutant,drugA,5,24,3,958.179,
g0226,mutant,drugA,10,24,1,1080.9979,
g0226,mutant,drugA,10,24,2,890.4654,
g0226,mutant,drugA,10,24,3,1128.4211,
g0226,mutant,DMSO,0,24,1,934.0996,
g0226,mutant,DMSO,0,24,2,1107.2892,
g0226,mutant,DMSO,0,24,3,1146.4764,
g0227,WT,drugA,2.5,6,1,860.4552,
g0227,WT,drugA,2.5,6,2,939.3445,
g0227,WT,drugA,2.5,6,3,966.219,
g0227,WT,drugA,5,6,1,778.5756,
g0227,WT,drugA,5,6,2,912.4918,
g0227,WT,drugA,5,6,3,1216.2147,
g0227,WT,drugA,10,6,1,1066.7922,
g0227,WT,drugA,10,6,2,907.2954,
g0227,WT,drugA,10,6,3,1024.2641,
g0227,WT,DMSO,0,6,1,926.8781,
g0227,WT,DMSO,0,6,2,1046.621,
g0227,WT,DMSO,0,6,3,1134.8995,
g0227,WT,drugA,2.5,24,1,1053.007,
g0227,WT,drugA,2.5,24,2,904.7519,
g0227,WT,drugA,2.5,24,3,960.1466,
g0227,WT,drugA,5,24,1,980.3294,
g0227,WT,drugA,5,24,2,868.5653,
g0227,WT,drugA,5,24,3,1040.5957,
g0227,WT,drugA,10,24,1,982.0433,
g0227,WT,drugA,10,24,2,962.2007,
g0227,WT,drugA,10,24,3,806.6802,
g0227,WT,DMSO,0,24,1,1006.5972,
g0227,WT,DMSO,0,24,2,871.9698,
g0227,WT,DMSO,0,24,3,952.7974,
g0227,mutant,drugA,2.5,6,1,982.8401,
g0227,mutant,drugA,2.5,6,2,1113.0327,
g0227,mutant,drugA,2.5,6,3,1169.6485,
g0227,mutant,drugA,5,6,1,951.3184,
g0227,mutant,drugA,5,6,2,1124.9005,
g0227,mutant,drugA,5,6,3,1246.0964,
g0227,mutant,drugA,10,6,1,982.2882,
g0227,mutant,drugA,10,6,2,950.5361,
g0227,mutant,drugA,10,6,3,1038.3409,
g0227,mutant,DMSO,0,6,1,1163.4283,
g0227,mutant,DMSO,0,6,2,1054.0073,
g0227,mutant,DMSO,0,6,3,1069.5201,
g0227,mutant,drugA,2.5,24,1,917.3579,
g0227,mutant,drugA,2.5,24,2,1027.0665,
g0227,mutant,drugA,2.5,24,3,923.5996,
g0227,mutant,drugA,5,24,1,1055.7079,
g0227,mutant,drugA,5,24,2,1073.8998,
g0227,mutant,drugA,5,24,3,946.9341,
g0227,mutant,drugA,10,24,1,914.5488,
g0227,mutant,drugA,10,24,2,919.6695,
g0227,mutant,drugA,10,24,3,930.5486,
g0227,mutant,DMSO,0,24,1,1057.2202,
g0227,mutant,DMSO,0,24,2,1068.1562,
g0227,mutant,DMSO,0,24,3,1011.9136,
g0228,WT,drugA,2.5,6,1,195.9086,
g0228,WT,drugA,2.5,6,2,145.1563,
g0228,WT,drugA,2.5,6,3,103.7996,
g0228,WT,drugA,5,6,1,141.9686,
g0228,WT,drugA,5,6,2,110.6355,
g0228,WT,drugA,5,6,3,138.1029,
g0228,WT,drugA,10,6,1,152.2106,
g0228,WT,drugA,10,6,2,157.6469,
g0228,WT,drugA,10,6,3,137.1529,
g0228,WT,DMSO,0,6,1,154.7634,
g0228,WT,DMSO,0,6,2,138.0698,
g0228,WT,DMSO,0,6,3,144.5111,
g0228,WT,drugA,2.5,24,1,163.3957,
g0228,WT,drugA,2.5,24,2,112.1843,
g0228,WT,drugA,2.5,24,3,127.9102,
g0228,WT,drugA,5,24,1,128.2511,
g0228,WT,drugA,5,24,3,123.6201,
g0228,WT,drugA,10,24,1,168.3363,
g0228,WT,drugA,10,24,2,157.5178,
g0228,WT,drugA,10,24,3,168.7363,
g0228,WT,DMSO,0,24,1,113.6281,
g0228,WT,DMSO,0,24,2,142.6129,
g0228,WT,DMSO,0,24,3,146.2329,
g0228,mutant,drugA,2.5,6,1,158.5401,
g0228,mutant,drugA,2.5,6,2,141.3144,
g0228,mutant,drugA,2.5,6,3,144.8048,
g0228,mutant,drugA,5,6,1,178.61,
g0228,mutant,drugA,5,6,2,144.3086,
g0228,mutant,drugA,5,6,3,166.1839,
g0228,mutant,drugA,10,6,1,140.0913,
g0228,mutant,drugA,10,6,2,128.0432,
g0228,mutant,drugA,10,6,3,160.7161,
g0228,mutant,DMSO,0,6,1,145.1844,
g0228,mutant,DMSO,0,6,2,143.0409,
g0228,mutant,DMSO,0,6,3,106.2069,
g0228,mutant,drugA,2.5,24,1,146.5373,
g0228,mutant,drugA,2.5,24,2,126.3332,
g0228,mutant,drugA,2.5,24,3,136.8559,
g0228,mutant,drugA,5,24,1,162.7392,
g0228,mutant,drugA,5,24,2,147.3729,
g0228,mutant,drugA,5,24,3,161.7913,
g0228,mutant,drugA,10,24,1,131.1762,
g0228,mutant,drugA,10,24,2,144.4863,
g0228,mutant,drugA,10,24,3,138.5421,
g0228,mutant,DMSO,0,24,1,156.87,
g0228,mutant,DMSO,0,24,2,137.8182,
g0228,mutant,DMSO,0,24,3,142.3835,
g0229,WT,drugA,2.5,6,1,283.5598,
g0229,WT,drugA,2.5,6,3,288.0121,
g0229,WT,drugA,5,6,1,286.2216,
g0229,WT,drugA,5,6,2,225.0601,
g0229,WT,drugA,5,6,3,223.0746,
g0229,WT,drugA,10,6,1,182.9518,
g0229,WT,drugA,10,6,2,163.1756,
g0229,WT,drugA,10,6,3,162.227,
g0229,WT,DMSO,0,6,1,408.2617,
g0229,WT,DMSO,0,6,2,341.5533,
g0229,WT,DMSO,0,6,3,393.5936,
g0229,WT,drugA,2.5,24,1,233.1085,
g0229,WT,drugA,2.5,24,2,237.7617,
g0229,WT,drugA,2.5,24,3,243.9825,
g0229,WT,drugA,5,24,1,194.1718,
g0229,WT,drugA,5,24,2,185.0867,
g0229,WT,drugA,5,24,3,166.8095,
g0229,WT,drugA,10,24,1,93.1792,
g0229,WT,drugA,10,24,2,93.2297,
g0229,WT,drugA,10,24,3,85.7333,
g0229,WT,DMSO,0,24,1,373.2167,
g0229,WT,DMSO,0,24,2,353.2473,
g0229,WT,DMSO,0,24,3,323.3031,
g0229,mutant,drugA,2.5,6,1,318.509,
g0229,mutant,drugA,2.5,6,2,357.4809,
g0229,mutant,drugA,2.5,6,3,314.9118,
g0229,mutant,drugA,5,6,1,381.1309,
g0229,mutant,drugA,5,6,2,297.692,
g0229,mutant,drugA,5,6,3,361.8384,
g0229,mutant,drugA,10,6,1,295.712,
g0229,mutant,drugA,10,6,2,299.6285,
g0229,mutant,drugA,10,6,3,294.8418,
g0229,mutant,DMSO,0,6,1,324.5122,
g0229,mutant,DMSO,0,6,2,357.863,
g0229,mutant,DMSO,0,6,3,324.7322,
g0229,mutant,drugA,2.5,24,1,292.9164,
g0229,mutant,drugA,2.5,24,2,309.6203,
g0229,mutant,drugA,2.5,24,3,262.1517,
g0229,mutant,drugA,5,24,1,274.0951,
g0229,mutant,drugA,5,24,2,296.6335,
g0229,mutant,drugA,5,24,3,310.1743,
g0229,mutant,drugA,10,24,1,306.5734,
g0229,mutant,drugA,10,24,2,229.5142,
g0229,mutant,drugA,10,24,3,294.533,
g0229,mutant,DMSO,0,24,1,329.1404,
g0229,mutant,DMSO,0,24,2,388.5912,
g0229,mutant,DMSO,0,24,3,412.9532,
g0230,WT,drugA,2.5,6,1,1358.4068,
g0230,WT,drugA,2.5,6,2,1246.2668,
g0230,WT,drugA,2.5,6,3,1767.2312,
g0230,WT,drugA,5,6,1,1425.6114,
g0230,WT,drugA,5,6,2,1563.7166,
g0230,WT,drugA,5,6,3,1580.6788,
g0230,WT,drugA,10,6,1,1302.7038,
g0230,WT,drugA,10,6,2,1220.7853,
g0230,WT,drugA,10,6,3,1687.9205,
g0230,WT,DMSO,0,6,1,1496.8966,
g0230,WT,DMSO,0,6,2,1210.6698,
g0230,WT,DMSO,0,6,3,1369.6137,
g0230,WT,drugA,2.5,24,1,1405.7849,
g0230,WT,drugA,2.5,24,2,1607.0122,
g0230,WT,drugA,2.5,24,3,1512.6563,
g0230,WT,drugA,5,24,1,1462.775,
g0230,WT,drugA,5,24,2,1541.4641,
g0230,WT,drugA,5,24,3,1404.686,
g0230,WT,drugA,10,24,1,1318.7533,
g0230,WT,drugA,10,24,2,1606.7746,
g0230,WT,drugA,10,24,3,1465.6299,
g0230,WT,DMSO,0,24,1,1529.3117,
g0230,WT,DMSO,0,24,2,1335.1614,
g0230,WT,DMSO,0,24,3,1512.8337,
g0230,mutant,drugA,2.5,6,2,1171.9564,
g0230,mutant,drugA,2.5,6,3,1388.3514,
g0230,mutant,drugA,5,6,1,1462.7488,
g0230,mutant,drugA,5,6,2,1515.461,
g0230,mutant,drugA,5,6,3,1384.8112,
g0230,mutant,drugA,10,6,1,1495.9044,
g0230,mutant,drugA,10,6,2,1260.503,
g0230,mutant,drugA,10,6,3,1383.9099,
g0230,mutant,DMSO,0,6,1,1297.3315,
g0230,mutant,DMSO,0,6,2,1554.2178,
g0230,mutant,DMSO,0,6,3,1521.5586,
g0230,mutant,drugA,2.5,24,1,1663.2845,
g0230,mutant,drugA,2.5,24,2,1344.3736,
g0230,mutant,drugA,2.5,24,3,1417.9634,
g0230,mutant,drugA,5,24,1,1432.8699,
g0230,mutant,drugA,5,24,2,1276.8812,
g0230,mutant,drugA,5,24,3,1603.6922,
g0230,mutant,drugA,10,24,1,1406.6993,
g0230,mutant,drugA,10,24,2,1280.6884,
g0230,mutant,drugA,10,24,3,1268.7625,
g0230,mutant,DMSO,0,24,1,1580.1927,
g0230,mutant,DMSO,0,24,2,1547.5391,
g0230,mutant,DMSO,0,24,3,1292.6388,
g0231,WT,drugA,2.5,6,1,587.2921,
g0231,WT,drugA,2.5,6,2,653.4862,
g0231,WT,drugA,2.5,6,3,613.455,
g0231,WT,drugA,5,6,1,569.2008,
g0231,WT,drugA,5,6,2,572.6953,
g0231,WT,drugA,5,6,3,692.8144,
g0231,WT,drugA,10,6,1,693.7739,
g0231,WT,drugA,10,6,2,662.0075,
g0231,WT,drugA,10,6,3,605.4418,
g0231,WT,DMSO,0,6,1,625.332,
g0231,WT,DMSO,0,6,2,599.2237,
g0231,WT,DMSO,0,6,3,553.6003,
g0231,WT,drugA,2.5,24,1,647.573,
g0231,WT,drugA,2.5,24,2,773.15,
g0231,WT,drugA,2.5,24,3,566.4586,
g0231,WT,drugA,5,24,1,641.0732,
g0231,WT,drugA,5,24,2,549.1932,
g0231,WT,drugA,5,24,3,651.8332,
g0231,WT,drugA,10,24,1,680.0361,
g0231,WT,drugA,10,24,2,560.3143,
g0231,WT,drugA,10,24,3,590.7555,
g0231,WT,DMSO,0,24,1,569.7074,
g0231,WT,DMSO,0,24,2,596.7359,
g0231,WT,DMSO,0,24,3,692.2564,
g0231,mutant,drugA,2.5,6,1,636.5422,
g0231,mutant,drugA,2.5,6,2,735.2915,
g0231,mutant,drugA,2.5,6,3,570.7131,
g0231,mutant,drugA,5,6,1,565.9525,
g0231,mutant,drugA,5,6,2,571.7518,
g0231,mutant,drugA,5,6,3,610.1469,
g0231,mutant,drugA,10,6,1,647.026,
g0231,mutant,drugA,10,6,2,747.0326,
g0231,mutant,drugA,10,6,3,631.6679,
g0231,mutant,DMSO,0,6,1,671.44,
g0231,mutant,DMSO,0,6,2,517.8932,
g0231,mutant,drugA,2.5,24,1,620.8928,
g0231,mutant,drugA,2.5,24,2,661.2762,
g0231,mutant,drugA,5,24,1,719.867,
g0231,mutant,drugA,5,24,2,592.166,
g0231,mutant,drugA,5,24,3,730.3861,
g0231,mutant,drugA,10,24,1,754.0632,
g0231,mutant,drugA,10,24,2,751.4222,
g0231,mutant,drugA,10,24,3,671.122,
g0231,mutant,DMSO,0,24,1,599.2487,
g0231,mutant,DMSO,0,24,2,644.4462,
g0231,mutant,DMSO,0,24,3,651.8357,
g0232,WT,drugA,2.5,6,1,343.1651,
g0232,WT,drugA,2.5,6,2,373.8139,
g0232,WT,drugA,2.5,6,3,419.9374,
g0232,WT,drugA,5,6,1,325.3483,
g0232,WT,drugA,5,6,2,344.5213,
g0232,WT,drugA,5,6,3,325.0158,
g0232,WT,drugA,10,6,1,328.094,
g0232,WT,drugA,10,6,2,261.3682,
g0232,WT,drugA,10,6,3,337.4209,
g0232,WT,DMSO,0,6,1,484.2823,
g0232,WT,DMSO,0,6,2,361.8416,
g0232,WT,DMSO,0,6,3,387.1831,
g0232,WT,drugA,2.5,24,1,332.7842,
g0232,WT,drugA,2.5,24,2,329.6166,
g0232,WT,drugA,2.5,24,3,312.3289,
g0232,WT,drugA,5,24,1,286.6842,
g0232,WT,drugA,5,24,2,318.2657,
g0232,WT,drugA,5,24,3,295.9702,
g0232,WT,drugA,10,24,1,183.5117,
g0232,WT,drugA,10,24,2,253.5912,
g0232,WT,drugA,10,24,3,223.6405,
g0232,WT,DMSO,0,24,1,516.9343,
g0232,WT,DMSO,0,24,2,440.601,
g0232,WT,DMSO,0,24,3,412.1895,
g0232,mutant,drugA,2.5,6,1,433.5687,
g0232,mutant,drugA,2.5,6,2,394.5169,
g0232,mutant,drugA,2.5,6,3,318.7518,
g0232,mutant,drugA,5,6,1,370.8187,
g0232,mutant,drugA,5,6,2,362.9004,
g0232,mutant,drugA,5,6,3,408.0988,
g0232,mutant,drugA,10,6,1,280.9903,
g0232,mutant,drugA,10,6,2,245.4007,
g0232,mutant,drugA,10,6,3,250.9062,
g0232,mutant,DMSO,0,6,1,381.3111,
g0232,mutant,DMSO,0,6,2,413.4118,
g0232,mutant,DMSO,0,6,3,460.9896,
g0232,mutant,drugA,2.5,24,1,344.992,
g0232,mutant,drugA,2.5,24,2,357.2259,
g0232,mutant,drugA,2.5,24,3,284.3931,
g0232,mutant,drugA,5,24,1,290.2585,
g0232,mutant,drugA,5,24,2,295.6115,
g0232,mutant,drugA,5,24,3,276.008,
g0232,mutant,drugA,10,24,1,245.0036,
g0232,mutant,drugA,10,24,2,232.9791,
g0232,mutant,drugA,10,24,3,250.9715,
g0232,mutant,DMSO,0,24,1,385.1067,
g0232,mutant,DMSO,0,24,2,443.3028,
g0232,mutant,DMSO,0,24,3,435.4173,
g0233,WT,drugA,2.5,6,1,659.9558,
g0233,WT,drugA,2.5,6,2,700.5212,
g0233,WT,drugA,2.5,6,3,784.3961,
g0233,WT,drugA,5,6,1,766.8898,
g0233,WT,drugA,5,6,2,606.4515,
g0233,WT,drugA,5,6,3,656.3375,
g0233,WT,drugA,10,6,1,540.9645,
g0233,WT,drugA,10,6,2,768.9398,
g0233,WT,drugA,10,6,3,826.1727,
g0233,WT,DMSO,0,6,1,674.7373,
g0233,WT,DMSO,0,6,2,877.0992,
g0233,WT,DMSO,0,6,3,694.9928,
g0233,WT,drugA,2.5,24,1,637.6609,
g0233,WT,drugA,2.5,24,2,655.8942,
g0233,WT,drugA,2.5,24,3,635.9919,
g0233,WT,drugA,5,24,1,707.4039,
g0233,WT,drugA,5,24,2,729.9831,
g0233,WT,drugA,5,24,3,549.161,
g0233,WT,drugA,10,24,1,664.6764,
g0233,WT,drugA,10,24,2,801.4839,
g0233,WT,drugA,10,24,3,610.5185,
g0233,WT,DMSO,0,24,1,707.8515,
g0233,WT,DMSO,0,24,2,583.2611,
g0233,WT,DMSO,0,24,3,695.976,
g0233,mutant,drugA,2.5,6,1,611.7993,
g0233,mutant,drugA,2.5,6,2,747.5441,
g0233,mutant,drugA,2.5,6,3,760.9399,
g0233,mutant,drugA,5,6,1,789.586,
g0233,mutant,drugA,5,6,2,900.3973,
g0233,mutant,drugA,5,6,3,619.868,
g0233,mutant,drugA,10,6,1,660.2819,
g0233,mutant,drugA,10,6,2,752.1887,
g0233,mutant,drugA,10,6,3,718.8758,
g0233,mutant,DMSO,0,6,1,795.8334,
g0233,mutant,DMSO,0,6,2,779.8621,
g0233,mutant,DMSO,0,6,3,754.8198,
g0233,mutant,drugA,2.5,24,1,804.7408,
g0233,mutant,drugA,2.5,24,2,654.8096,
g0233,mutant,drugA,2.5,24,3,701.1994,
g0233,mutant,drugA,5,24,1,696.3218,
g0233,mutant,drugA,5,24,2,640.2989,
g0233,mutant,drugA,5,24,3,725.7536,
g0233,mutant,drugA,10,24,1,735.2819,
g0233,mutant,drugA,10,24,2,650.4822,
g0233,mutant,drugA,10,24,3,681.6634,
g0233,mutant,DMSO,0,24,1,657.0667,
g0233,mutant,DMSO,0,24,2,667.5317,
g0233,mutant,DMSO,0,24,3,653.7461,
g0234,WT,drugA,2.5,6,1,227.9358,
g0234,WT,drugA,2.5,6,2,195.8978,
g0234,WT,drugA,2.5,6,3,215.2922,
g0234,WT,drugA,5,6,1,238.1369,
g0234,WT,drugA,5,6,2,201.7326,
g0234,WT,drugA,5,6,3,204.2718,
g0234,WT,drugA,10,6,1,233.0684,
g0234,WT,drugA,10,6,2,270.6619,
g0234,WT,DMSO,0,6,1,203.3481,
g0234,WT,DMSO,0,6,2,226.4589,
g0234,WT,DMSO,0,6,3,194.8906,
g0234,WT,drugA,2.5,24,1,179.9486,
g0234,WT,drugA,2.5,24,2,232.889,
g0234,WT,drugA,2.5,24,3,198.2837,
g0234,WT,drugA,5,24,1,211.3758,
g0234,WT,drugA,5,24,2,213.3384,
g0234,WT,drugA,5,24,3,212.1892,
g0234,WT,drugA,10,24,1,230.369,
g0234,WT,drugA,10,24,2,192.0239,
g0234,WT,drugA,10,24,3,160.0143,
g0234,WT,DMSO,0,24,1,228.5423,
g0234,WT,DMSO,0,24,2,205.4256,
g0234,WT,DMSO,0,24,3,200.8845,
g0234,mutant,drugA,2.5,6,1,219.1003,
g0234,mutant,drugA,2.5,6,2,204.4514,
g0234,mutant,drugA,2.5,6,3,179.1519,
g0234,mutant,drugA,5,6,1,212.1413,
g0234,mutant,drugA,5,6,2,201.4826,
g0234,mutant,drugA,5,6,3,191.4454,
g0234,mutant,drugA,10,6,1,232.0773,
g0234,mutant,drugA,10,6,2,228.4852,
g0234,mutant,drugA,10,6,3,193.7559,
g0234,mutant,DMSO,0,6,1,185.7058,
g0234,mutant,DMSO,0,6,2,138.5531,
g0234,mutant,DMSO,0,6,3,209.8491,
g0234,mutant,drugA,2.5,24,1,194.6816,
g0234,mutant,drugA,2.5,24,2,235.8571,
g0234,mutant,drugA,2.5,24,3,187.7606,
g0234,mutant,drugA,5,24,1,212.8503,
g0234,mutant,drugA,5,24,2,223.8301,
g0234,mutant,drugA,5,24,3,214.0046,
g0234,mutant,drugA,10,24,1,233.2745,
g0234,mutant,drugA,10,24,2,222.3411,
g0234,mutant,drugA,10,24,3,198.3724,
g0234,mutant,DMSO,0,24,1,213.8674,
g0234,mutant,DMSO,0,24,2,198.3944,
g0234,mutant,DMSO,0,24,3,223.9607,
g0235,WT,drugA,2.5,6,1,1635.3993,
g0235,WT,drugA,2.5,6,2,1358.713,
g0235,WT,drugA,2.5,6,3,2020.8007,
g0235,WT,drugA,5,6,1,1667.5122,
g0235,WT,drugA,5,6,2,1617.3467,
g0235,WT,drugA,5,6,3,1819.4409,
g0235,WT,drugA,10,6,1,1476.0818,
g0235,WT,drugA,10,6,2,1803.9126,
g0235,WT,drugA,10,6,3,1765.2703,
g0235,WT,DMSO,0,6,1,1942.0797,
g0235,WT,DMSO,0,6,2,1780.6184,
g0235,WT,DMSO,0,6,3,1653.9457,
g0235,WT,drugA,2.5,24,1,2013.0111,
g0235,WT,drugA,2.5,24,2,1405.9994,
g0235,WT,drugA,2.5,24,3,1762.6414,
g0235,WT,drugA,5,24,1,1371.2244,
g0235,WT,drugA,5,24,2,1695.4972,
g0235,WT,drugA,5,24,3,1354.0103,
g0235,WT,drugA,10,24,1,1608.3933,
g0235,WT,drugA,10,24,2,1469.3701,
g0235,WT,drugA,10,24,3,1428.165,
g0235,WT,DMSO,0,24,1,1734.6433,
g0235,WT,DMSO,0,24,2,1949.2015,
g0235,WT,DMSO,0,24,3,1553.6008,
g0235,mutant,drugA,2.5,6,1,1725.6971,
g0235,mutant,drugA,2.5,6,2,1581.5904,
g0235,mutant,drugA,2.5,6,3,1596.3761,
g0235,mutant,drugA,5,6,1,1551.5576,
g0235,mutant,drugA,5,6,2,1709.3831,
g0235,mutant,drugA,5,6,3,1994.1739,
g0235,mutant,drugA,10,6,1,1521.076,
g0235,mutant,drugA,10,6,2,1899.6474,
g0235,mutant,drugA,10,6,3,1783.3994,
g0235,mutant,DMSO,0,6,1,1523.9516,
g0235,mutant,DMSO,0,6,2,1662.9894,
g0235,mutant,DMSO,0,6,3,1700.0344,
g0235,mutant,drugA,2.5,24,1,1805.8273,
g0235,mutant,drugA,2.5,24,2,1674.8127,
g0235,mutant,drugA,5,24,1,1731.9024,
g0235,mutant,drugA,5,24,2,1552.1086,
g0235,mutant,drugA,5,24,3,1574.2746,
g0235,mutant,drugA,10,24,1,1662.7372,
g0235,mutant,drugA,10,24,2,1599.3642,
g0235,mutant,drugA,10,24,3,1893.314,
g0235,mutant,DMSO,0,24,1,2052.6678,
g0235,mutant,DMSO,0,24,2,1523.6891,
g0235,mutant,DMSO,0,24,3,1738.1398,
g0236,WT,drugA,2.5,6,1,97.7891,
g0236,WT,drugA,2.5,6,2,108.0697,
g0236,WT,drugA,2.5,6,3,85.2328,
g0236,WT,drugA,5,6,1,98.6466,
g0236,WT,drugA,5,6,2,122.1651,
g0236,WT,drugA,5,6,3,103.9213,
g0236,WT,drugA,10,6,1,108.9497,
g0236,WT,drugA,10,6,2,104.0253,
g0236,WT,drugA,10,6,3,108.0299,
g0236,WT,DMSO,0,6,1,104.1499,
g0236,WT,DMSO,0,6,2,95.4616,
g0236,WT,DMSO,0,6,3,82.002,
g0236,WT,drugA,2.5,24,1,92.707,
g0236,WT,drugA,2.5,24,2,84.602,
g0236,WT,drugA,2.5,24,3,90.6014,
g0236,WT,drugA,5,24,1,84.2497,
g0236,WT,drugA,5,24,2,107.9501,
g0236,WT,drugA,5,24,3,114.5726,
g0236,WT,drugA,10,24,1,88.4276,
g0236,WT,drugA,10,24,2,97.0271,
g0236,WT,drugA,10,24,3,101.2362,
g0236,WT,DMSO,0,24,1,86.5878,
g0236,WT,DMSO,0,24,2,110.7864,
g0236,WT,DMSO,0,24,3,96.7979,
g0236,mutant,drugA,2.5,6,1,93.444,
g0236,mutant,drugA,2.5,6,2,114.6638,
g0236,mutant,drugA,2.5,6,3,81.5553,
g0236,mutant,drugA,5,6,1,87.9107,
g0236,mutant,drugA,5,6,2,80.5051,
g0236,mutant,drugA,5,6,3,89.5194,
g0236,mutant,drugA,10,6,1,97.8905,
g0236,mutant,drugA,10,6,2,88.57,
g0236,mutant,drugA,10,6,3,122.0053,
g0236,mutant,DMSO,0,6,1,94.6548,
g0236,mutant,DMSO,0,6,2,102.5137,
g0236,mutant,DMSO,0,6,3,83.0375,
g0236,mutant,drugA,2.5,24,1,98.8657,
g0236,mutant,drugA,2.5,24,2,102.5917,
g0236,mutant,drugA,2.5,24,3,81.7772,
g0236,mutant,drugA,5,24,1,91.9994,
g0236,mutant,drugA,5,24,2,102.286,
g0236,mutant,drugA,5,24,3,116.0387,
g0236,mutant,drugA,10,24,1,108.7648,
g0236,mutant,drugA,10,24,2,119.237,
g0236,mutant,drugA,10,24,3,116.6151,
g0236,mutant,DMSO,0,24,1,106.7759,
g0236,mutant,DMSO,0,24,2,94.3476,
g0236,mutant,DMSO,0,24,3,100.2473,
g0237,WT,drugA,2.5,6,1,256.6205,
g0237,WT,drugA,2.5,6,2,243.7133,
g0237,WT,drugA,2.5,6,3,319.9559,
g0237,WT,drugA,5,6,1,335.5454,
g0237,WT,drugA,5,6,2,282.5568,
g0237,WT,drugA,5,6,3,315.0915,
g0237,WT,drugA,10,6,1,523.3341,
g0237,WT,drugA,10,6,2,604.6608,
g0237,WT,drugA,10,6,3,575.9224,
g0237,WT,DMSO,0,6,1,247.7006,
g0237,WT,DMSO,0,6,2,223.1588,
g0237,WT,DMSO,0,6,3,199.5273,
g0237,WT,drugA,2.5,24,1,367.7535,
g0237,WT,drugA,2.5,24,2,334.232,
g0237,WT,drugA,2.5,24,3,390.871,
g0237,WT,drugA,5,24,1,480.9124,
g0237,WT,drugA,5,24,2,447.2727,
g0237,WT,drugA,5,24,3,500.9339,
g0237,WT,drugA,10,24,1,986.9056,
g0237,WT,drugA,10,24,2,1191.6866,
g0237,WT,drugA,10,24,3,1008.5516,
g0237,WT,DMSO,0,24,1,249.0261,
g0237,WT,DMSO,0,24,2,218.8239,
g0237,WT,DMSO,0,24,3,244.913,
g0237,mutant,drugA,2.5,6,1,377.7072,
g0237,mutant,drugA,2.5,6,2,331.5499,
g0237,mutant,drugA,2.5,6,3,280.1869,
g0237,mutant,drugA,5,6,1,473.4312,
g0237,mutant,drugA,5,6,2,370.1534,
g0237,mutant,drugA,5,6,3,470.5857,
g0237,mutant,drugA,10,6,1,1113.3885,
g0237,mutant,drugA,10,6,2,849.7662,
g0237,mutant,drugA,10,6,3,802.4197,
g0237,mutant,DMSO,0,6,1,255.5277,
g0237,mutant,DMSO,0,6,2,212.321,
g0237,mutant,DMSO,0,6,3,227.836,
g0237,mutant,drugA,2.5,24,1,456.921,
g0237,mutant,drugA,2.5,24,2,413.5293,
g0237,mutant,drugA,2.5,24,3,454.275,
g0237,mutant,drugA,5,24,1,869.4605,
g0237,mutant,drugA,5,24,2,1010.6875,
g0237,mutant,drugA,5,24,3,807.7098,
g0237,mutant,drugA,10,24,1,3305.5382,
g0237,mutant,drugA,10,24,2,3222.1095,
g0237,mutant,drugA,10,24,3,2766.7658,
g0237,mutant,DMSO,0,24,1,278.9988,
g0237,mutant,DMSO,0,24,2,245.0315,
g0237,mutant,DMSO,0,24,3,218.1544,
g0238,WT,drugA,2.5,6,1,175.0775,
g0238,WT,drugA,2.5,6,2,169.0738,
g0238,WT,drugA,2.5,6,3,166.4954,
g0238,WT,drugA,5,6,1,124.3229,
g0238,WT,drugA,5,6,2,125.6139,
g0238,WT,drugA,5,6,3,155.6407,
g0238,WT,drugA,10,6,1,175.4467,
g0238,WT,drugA,10,6,2,163.3061,
g0238,WT,drugA,10,6,3,186.6114,
g0238,WT,DMSO,0,6,1,201.4847,
g0238,WT,DMSO,0,6,2,167.8624,
g0238,WT,DMSO,0,6,3,158.0717,
g0238,WT,drugA,2.5,24,1,184.0234,
g0238,WT,drugA,2.5,24,2,178.2372,
g0238,WT,drugA,2.5,24,3,191.1798,
g0238,WT,drugA,5,24,1,193.945,
g0238,WT,drugA,5,24,2,190.6566,
g0238,WT,drugA,5,24,3,161.6987,
g0238,WT,drugA,10,24,1,152.0442,
g0238,WT,drugA,10,24,2,182.4697,
g0238,WT,drugA,10,24,3,161.8681,
g0238,WT,DMSO,0,24,1,185.108,
g0238,WT,DMSO,0,24,2,180.9652,
g0238,WT,DMSO,0,24,3,176.1105,
g0238,mutant,drugA,2.5,6,1,180.7199,
g0238,mutant,drugA,2.5,6,2,177.7261,
g0238,mutant,drugA,2.5,6,3,181.2033,
g0238,mutant,drugA,5,6,1,155.3142,
g0238,mutant,drugA,5,6,2,146.6396,
g0238,mutant,drugA,10,6,1,135.8734,
g0238,mutant,drugA,10,6,2,166.9692,
g0238,mutant,drugA,10,6,3,159.5729,
g0238,mutant,DMSO,0,6,1,175.7704,
g0238,mutant,DMSO,0,6,2,187.5674,
g0238,mutant,DMSO,0,6,3,165.616,
g0238,mutant,drugA,2.5,24,1,133.0116,
g0238,mutant,drugA,2.5,24,2,168.155,
g0238,mutant,drugA,2.5,24,3,196.2316,
g0238,mutant,drugA,5,24,1,181.256,
g0238,mutant,drugA,5,24,2,150.0797,
g0238,mutant,drugA,5,24,3,196.0901,
g0238,mutant,drugA,10,24,1,154.1378,
g0238,mutant,drugA,10,24,2,143.7958,
g0238,mutant,drugA,10,24,3,149.9858,
g0238,mutant,DMSO,0,24,1,174.93,
g0238,mutant,DMSO,0,24,2,157.3216,
g0238,mutant,DMSO,0,24,3,145.949,
g0239,WT,drugA,2.5,6,1,214.1666,
g0239,WT,drugA,2.5,6,2,266.0481,
g0239,WT,drugA,2.5,6,3,283.0223,
g0239,WT,drugA,5,6,1,253.8607,
g0239,WT,drugA,5,6,2,306.349,
g0239,WT,drugA,5,6,3,247.11,
g0239,WT,drugA,10,6,1,310.3894,
g0239,WT,drugA,10,6,2,240.4408,
g0239,WT,drugA,10,6,3,218.0163,
g0239,WT,DMSO,0,6,1,290.6613,
g0239,WT,DMSO,0,6,2,239.4261,
g0239,WT,DMSO,0,6,3,274.488,
g0239,WT,drugA,2.5,24,1,240.7256,
g0239,WT,drugA,2.5,24,2,268.6464,
g0239,WT,drugA,2.5,24,3,243.9224,
g0239,WT,drugA,5,24,1,282.583,
g0239,WT,drugA,5,24,2,303.2018,
g0239,WT,drugA,5,24,3,211.4912,
g0239,WT,drugA,10,24,1,292.1445,
g0239,WT,drugA,10,24,2,284.6648,
g0239,WT,drugA,10,24,3,282.7422,
g0239,WT,DMSO,0,24,1,230.1542,
g0239,WT,DMSO,0,24,2,291.1742,
g0239,WT,DMSO,0,24,3,228.1713,
g0239,mutant,drugA,2.5,6,1,298.5693,
g0239,mutant,drugA,2.5,6,2,313.5281,
g0239,mutant,drugA,2.5,6,3,267.5535,
g0239,mutant,drugA,5,6,1,239.6361,
g0239,mutant,drugA,5,6,2,272.8967,
g0239,mutant,drugA,5,6,3,231.023,
g0239,mutant,drugA,10,6,1,237.3613,
g0239,mutant,drugA,10,6,3,302.9171,
g0239,mutant,DMSO,0,6,1,200.1263,
g0239,mutant,DMSO,0,6,2,265.1897,
g0239,mutant,DMSO,0,6,3,221.5586,
g0239,mutant,drugA,2.5,24,1,288.714,
g0239,mutant,drugA,2.5,24,2,330.2233,
g0239,mutant,drugA,2.5,24,3,258.1904,
g0239,mutant,drugA,5,24,1,267.9938,
g0239,mutant,drugA,5,24,2,278.3976,
g0239,mutant,drugA,5,24,3,238.3858,
g0239,mutant,drugA,10,24,1,315.9078,
g0239,mutant,drugA,10,24,2,241.8054,
g0239,mutant,drugA,10,24,3,265.1832,
g0239,mutant,DMSO,0,24,1,284.09,
g0239,mutant,DMSO,0,24,2,243.0587,
g0239,mutant,DMSO,0,24,3,269.181,
g0240,WT,drugA,2.5,6,1,155.4567,
g0240,WT,drugA,2.5,6,2,156.7269,
g0240,WT,drugA,2.5,6,3,149.2182,
g0240,WT,drugA,5,6,1,197.1172,
g0240,WT,drugA,5,6,2,165.5218,
g0240,WT,drugA,5,6,3,158.671,
g0240,WT,drugA,10,6,1,190.0035,
g0240,WT,drugA,10,6,2,149.1455,
g0240,WT,drugA,10,6,3,175.5105,
g0240,WT,DMSO,0,6,1,158.9063,
g0240,WT,DMSO,0,6,2,185.785,
g0240,WT,DMSO,0,6,3,156.2492,
g0240,WT,drugA,2.5,24,1,155.4176,
g0240,WT,drugA,2.5,24,2,179.4902,
g0240,WT,drugA,2.5,24,3,133.9599,
g0240,WT,drugA,5,24,1,177.9746,
g0240,WT,drugA,5,24,2,167.9299,
g0240,WT,drugA,5,24,3,151.3598,
g0240,WT,drugA,10,24,1,143.0517,
g0240,WT,drugA,10,24,2,147.5725,
g0240,WT,drugA,10,24,3,151.3459,
g0240,WT,DMSO,0,24,1,150.9045,
g0240,WT,DMSO,0,24,2,143.2339,
g0240,WT,DMSO,0,24,3,155.9237,
g0240,mutant,drugA,2.5,6,1,127.9477,
g0240,mutant,drugA,2.5,6,2,152.9505,
g0240,mutant,drugA,2.5,6,3,174.6471,
g0240,mutant,drugA,5,6,1,123.9786,
g0240,mutant,drugA,5,6,2,164.3887,
g0240,mutant,drugA,5,6,3,146.1186,
g0240,mutant,drugA,10,6,1,157.5132,
g0240,mutant,drugA,10,6,2,163.2281,
g0240,mutant,drugA,10,6,3,165.0095,
g0240,mutant,DMSO,0,6,1,169.932,
g0240,mutant,DMSO,0,6,2,164.9253,
g0240,mutant,DMSO,0,6,3,167.1116,
g0240,mutant,drugA,2.5,24,2,136.6266,
g0240,mutant,drugA,2.5,24,3,144.0584,
g0240,mutant,drugA,5,24,1,152.1554,
g0240,mutant,drugA,5,24,2,175.7701,
g0240,mutant,drugA,5,24,3,195.9859,
g0240,mutant,drugA,10,24,1,136.3975,
g0240,mutant,drugA,10,24,2,158.6958,
g0240,mutant,drugA,10,24,3,174.6197,
g0240,mutant,DMSO,0,24,1,175.3167,
g0240,mutant,DMSO,0,24,3,150.8321,
g0241,WT,drugA,2.5,6,1,227.2584,
g0241,WT,drugA,2.5,6,2,281.0283,
g0241,WT,drugA,2.5,6,3,227.8796,
g0241,WT,drugA,5,6,1,219.8062,
g0241,WT,drugA,5,6,2,257.422,
g0241,WT,drugA,5,6,3,210.4345,
g0241,WT,drugA,10,6,1,245.8675,
g0241,WT,drugA,10,6,2,239.0509,
g0241,WT,drugA,10,6,3,210.6089,
g0241,WT,DMSO,0,6,1,261.7308,
g0241,WT,DMSO,0,6,2,245.9354,
g0241,WT,DMSO,0,6,3,235.1295,
g0241,WT,drugA,2.5,24,1,239.189,
g0241,WT,drugA,2.5,24,2,240.8238,
g0241,WT,drugA,2.5,24,3,224.3452,
g0241,WT,drugA,5,24,1,285.7236,
g0241,WT,drugA,5,24,2,252.2131,
g0241,WT,drugA,5,24,3,271.4233,
g0241,WT,drugA,10,24,2,263.3138,
g0241,WT,drugA,10,24,3,247.0845,
g0241,WT,DMSO,0,24,1,213.915,
g0241,WT,DMSO,0,24,2,210.1858,
g0241,WT,DMSO,0,24,3,246.4336,
g0241,mutant,drugA,2.5,6,1,264.5122,
g0241,mutant,drugA,2.5,6,2,218.1866,
g0241,mutant,drugA,2.5,6,3,238.6121,
g0241,mutant,drugA,5,6,1,263.457,
g0241,mutant,drugA,5,6,2,188.7248,
g0241,mutant,drugA,5,6,3,234.2957,
g0241,mutant,drugA,10,6,1,226.5985,
g0241,mutant,drugA,10,6,2,234.36,
g0241,mutant,drugA,10,6,3,194.1264,
g0241,mutant,DMSO,0,6,1,293.3896,
g0241,mutant,DMSO,0,6,2,245.4584,
g0241,mutant,DMSO,0,6,3,252.6335,
g0241,mutant,drugA,2.5,24,1,239.3412,
g0241,mutant,drugA,2.5,24,2,242.6388,
g0241,mutant,drugA,2.5,24,3,237.5985,
g0241,mutant,drugA,5,24,1,196.0276,
g0241,mutant,drugA,5,24,2,273.3495,
g0241,mutant,drugA,5,24,3,228.7474,
g0241,mutant,drugA,10,24,1,262.312,
g0241,mutant,drugA,10,24,2,233.6652,
g0241,mutant,drugA,10,24,3,225.9988,
g0241,mutant,DMSO,0,24,1,254.0905,
g0241,mutant,DMSO,0,24,2,228.4802,
g0241,mutant,DMSO,0,24,3,274.0404,
g0242,WT,drugA,2.5,6,1,1034.0419,
g0242,WT,drugA,2.5,6,2,1136.5879,
g0242,WT,drugA,2.5,6,3,1228.7065,
g0242,WT,drugA,5,6,1,1226.4522,
g0242,WT,drugA,5,6,2,1215.9422,
g0242,WT,drugA,10,6,1,1991.167,
g0242,WT,drugA,10,6,2,2519.3179,
g0242,WT,drugA,10,6,3,1971.3542,
g0242,WT,DMSO,0,6,1,827.7534,
g0242,WT,DMSO,0,6,2,889.8164,
g0242,WT,DMSO,0,6,3,845.4822,
g0242,WT,drugA,2.5,24,1,1345.8061,
g0242,WT,drugA,2.5,24,2,1228.7224,
g0242,WT,drugA,2.5,24,3,1525.2931,
g0242,WT,drugA,5,24,1,2467.6404,
g0242,WT,drugA,5,24,2,1891.5273,
g0242,WT,drugA,5,24,3,2171.6272,
g0242,WT,drugA,10,24,1,5743.6808,
g0242,WT,drugA,10,24,2,6065.8176,
g0242,WT,drugA,10,24,3,5075.4833,
g0242,WT,DMSO,0,24,1,931.294,
g0242,WT,DMSO,0,24,2,1009.8552,
g0242,WT,DMSO,0,24,3,864.4466,
g0242,mutant,drugA,2.5,6,1,956.4593,
g0242,mutant,drugA,2.5,6,2,867.4147,
g0242,mutant,drugA,2.5,6,3,733.6371,
g0242,mutant,drugA,5,6,1,886.636,
g0242,mutant,drugA,5,6,2,992.7904,
g0242,mutant,drugA,5,6,3,1043.4774,
g0242,mutant,drugA,10,6,1,986.9656,
g0242,mutant,drugA,10,6,2,1037.3915,
g0242,mutant,drugA,10,6,3,1053.6451,
g0242,mutant,DMSO,0,6,1,773.3934,
g0242,mutant,DMSO,0,6,2,920.1624,
g0242,mutant,DMSO,0,6,3,889.5334,
g0242,mutant,drugA,2.5,24,1,1010.1184,
g0242,mutant,drugA,2.5,24,2,1189.3529,
g0242,mutant,drugA,2.5,24,3,986.7967,
g0242,mutant,drugA,5,24,1,1111.6733,
g0242,mutant,drugA,5,24,2,1079.4838,
g0242,mutant,drugA,5,24,3,1082.9118,
g0242,mutant,drugA,10,24,1,1103.2166,
g0242,mutant,drugA,10,24,2,1172.262,
g0242,mutant,drugA,10,24,3,1228.3346,
g0242,mutant,DMSO,0,24,1,969.7194,
g0242,mutant,DMSO,0,24,2,861.8697,
g0242,mutant,DMSO,0,24,3,749.2617,
g0243,WT,drugA,2.5,6,1,227.3999,
g0243,WT,drugA,2.5,6,2,196.3128,
g0243,WT,drugA,5,6,1,175.1544,
g0243,WT,drugA,5,6,2,214.7787,
g0243,WT,drugA,5,6,3,225.3295,
g0243,WT,drugA,10,6,1,142.5557,
g0243,WT,drugA,10,6,2,150.0397,
g0243,WT,drugA,10,6,3,161.8142,
g0243,WT,DMSO,0,6,1,219.4983,
g0243,WT,DMSO,0,6,2,298.8545,
g0243,WT,DMSO,0,6,3,252.0991,
g0243,WT,drugA,2.5,24,1,214.6864,
g0243,WT,drugA,2.5,24,2,216.2618,
g0243,WT,drugA,2.5,24,3,181.828,
g0243,WT,drugA,5,24,1,161.8241,
g0243,WT,drugA,5,24,2,139.9424,
g0243,WT,drugA,5,24,3,151.3642,
g0243,WT,drugA,10,24,1,102.019,
g0243,WT,drugA,10,24,2,98.78,
g0243,WT,drugA,10,24,3,101.3781,
g0243,WT,DMSO,0,24,1,255.6377,
g0243,WT,DMSO,0,24,2,254.368,
g0243,WT,DMSO,0,24,3,200.9393,
g0243,mutant,drugA,2.5,6,1,274.4732,
g0243,mutant,drugA,2.5,6,2,204.6299,
g0243,mutant,drugA,2.5,6,3,225.9667,
g0243,mutant,drugA,5,6,1,210.0761,
g0243,mutant,drugA,5,6,2,223.8814,
g0243,mutant,drugA,5,6,3,188.1208,
g0243,mutant,drugA,10,6,1,157.7747,
g0243,mutant,drugA,10,6,2,161.5127,
g0243,mutant,drugA,10,6,3,171.8383,
g0243,mutant,DMSO,0,6,1,282.1051,
g0243,mutant,DMSO,0,6,2,246.6463,
g0243,mutant,DMSO,0,6,3,249.2906,
g0243,mutant,drugA,2.5,24,1,141.7586,
g0243,mutant,drugA,2.5,24,2,234.9284,
g0243,mutant,drugA,2.5,24,3,221.7181,
g0243,mutant,drugA,5,24,1,150.5286,
g0243,mutant,drugA,5,24,2,160.9955,
g0243,mutant,drugA,5,24,3,187.1683,
g0243,mutant,drugA,10,24,1,84.6196,
g0243,mutant,drugA,10,24,2,89.9835,
g0243,mutant,drugA,10,24,3,109.7493,
g0243,mutant,DMSO,0,24,1,246.4705,
g0243,mutant,DMSO,0,24,2,274.8811,
g0243,mutant,DMSO,0,24,3,219.9419,
g0244,WT,drugA,2.5,6,1,278.3537,
g0244,WT,drugA,2.5,6,2,264.6259,
g0244,WT,drugA,2.5,6,3,268.0512,
g0244,WT,drugA,5,6,1,251.8769,
g0244,WT,drugA,5,6,2,271.8938,
g0244,WT,drugA,5,6,3,231.2181,
g0244,WT,drugA,10,6,1,245.278,
g0244,WT,drugA,10,6,2,268.11,
g0244,WT,drugA,10,6,3,217.1437,
g0244,WT,DMSO,0,6,1,239.8131,
g0244,WT,DMSO,0,6,2,269.0903,
g0244,WT,DMSO,0,6,3,207.9788,
g0244,WT,drugA,2.5,24,1,243.213,
g0244,WT,drugA,2.5,24,2,298.2649,
g0244,WT,drugA,2.5,24,3,240.3714,
g0244,WT,drugA,5,24,1,257.4822,
g0244,WT,drugA,5,24,2,270.5874,
g0244,WT,drugA,5,24,3,306.5803,
g0244,WT,drugA,10,24,1,246.3903,
g0244,WT,drugA,10,24,2,311.8416,
g0244,WT,drugA,10,24,3,278.1803,
g0244,WT,DMSO,0,24,1,249.6643,
g0244,WT,DMSO,0,24,2,257.9406,
g0244,WT,DMSO,0,24,3,237.9518,
g0244,mutant,drugA,2.5,6,1,296.0424,
g0244,mutant,drugA,2.5,6,2,230.1912,
g0244,mutant,drugA,2.5,6,3,259.3732,
g0244,mutant,drugA,5,6,1,251.0609,
g0244,mutant,drugA,5,6,2,301.9272,
g0244,mutant,drugA,10,6,1,263.0675,
g0244,mutant,drugA,10,6,2,231.44,
g0244,mutant,drugA,10,6,3,260.289,
g0244,mutant,DMSO,0,6,1,303.5075,
g0244,mutant,DMSO,0,6,2,279.2755,
g0244,mutant,DMSO,0,6,3,221.5577,
g0244,mutant,drugA,2.5,24,1,268.5563,
g0244,mutant,drugA,2.5,24,2,254.7353,
g0244,mutant,drugA,5,24,1,247.1331,
g0244,mutant,drugA,5,24,2,271.2818,
g0244,mutant,drugA,5,24,3,242.3656,
g0244,mutant,drugA,10,24,1,251.6424,
g0244,mutant,drugA,10,24,2,236.8402,
g0244,mutant,drugA,10,24,3,295.8481,
g0244,mutant,DMSO,0,24,1,272.7015,
g0244,mutant,DMSO,0,24,2,251.8225,
g0244,mutant,DMSO,0,24,3,263.1787,
g0245,WT,drugA,2.5,6,2,270.8577,
g0245,WT,drugA,5,6,1,273.5677,
g0245,WT,drugA,5,6,2,288.384,
g0245,WT,drugA,5,6,3,257.2338,
g0245,WT,drugA,10,6,1,274.6629,
g0245,WT,drugA,10,6,2,253.0245,
g0245,WT,drugA,10,6,3,260.6852,
g0245,WT,DMSO,0,6,1,252.4446,
g0245,WT,DMSO,0,6,2,231.0923,
g0245,WT,DMSO,0,6,3,273.974,
g0245,WT,drugA,2.5,24,1,263.0059,
g0245,WT,drugA,2.5,24,2,260.9389,
g0245,WT,drugA,2.5,24,3,321.6316,
g0245,WT,drugA,5,24,1,268.4394,
g0245,WT,drugA,5,24,2,291.5151,
g0245,WT,drugA,5,24,3,233.1185,
g0245,WT,drugA,10,24,1,259.9323,
g0245,WT,drugA,10,24,2,249.4898,
g0245,WT,drugA,10,24,3,270.5509,
g0245,WT,DMSO,0,24,1,259.1567,
g0245,WT,DMSO,0,24,2,288.1094,
g0245,WT,DMSO,0,24,3,278.7081,
g0245,mutant,drugA,2.5,6,1,276.4515,
g0245,mutant,drugA,2.5,6,2,246.6993,
g0245,mutant,drugA,2.5,6,3,355.0536,
g0245,mutant,drugA,5,6,1,347.7566,
g0245,mutant,drugA,5,6,2,258.0957,
g0245,mutant,drugA,5,6,3,301.705,
g0245,mutant,drugA,10,6,1,220.0219,
g0245,mutant,drugA,10,6,2,251.5296,
g0245,mutant,drugA,10,6,3,224.7597,
g0245,mutant,DMSO,0,6,1,257.5485,
g0245,mutant,DMSO,0,6,2,261.6495,
g0245,mutant,DMSO,0,6,3,250.6958,
g0245,mutant,drugA,2.5,24,1,266.6324,
g0245,mutant,drugA,2.5,24,2,235.9133,
g0245,mutant,drugA,2.5,24,3,288.8388,
g0245,mutant,drugA,5,24,1,248.8857,
g0245,mutant,drugA,5,24,2,246.5087,
g0245,mutant,drugA,5,24,3,220.7165,
g0245,mutant,drugA,10,24,1,232.7149,
g0245,mutant,drugA,10,24,3,240.2634,
g0245,mutant,DMSO,0,24,1,253.6574,
g0245,mutant,DMSO,0,24,2,235.1741,
g0245,mutant,DMSO,0,24,3,275.1694,
g0246,WT,drugA,2.5,6,1,242.9864,
g0246,WT,drugA,2.5,6,2,248.7823,
g0246,WT,drugA,2.5,6,3,254.4046,
g0246,WT,drugA,5,6,1,282.6625,
g0246,WT,drugA,5,6,2,244.2036,
g0246,WT,drugA,5,6,3,343.2287,
g0246,WT,drugA,10,6,1,308.3697,
g0246,WT,drugA,10,6,2,260.2609,
g0246,WT,drugA,10,6,3,262.774,
g0246,WT,DMSO,0,6,1,266.0616,
g0246,WT,DMSO,0,6,2,262.9766,
g0246,WT,DMSO,0,6,3,339.7484,
g0246,WT,drugA,2.5,24,1,251.4427,
g0246,WT,drugA,2.5,24,2,220.5862,
g0246,WT,drugA,2.5,24,3,249.0156,
g0246,WT,drugA,5,24,1,281.0468,
g0246,WT,drugA,5,24,2,306.2547,
g0246,WT,drugA,5,24,3,250.9704,
g0246,WT,drugA,10,24,1,214.8971,
g0246,WT,drugA,10,24,2,282.3891,
g0246,WT,drugA,10,24,3,273.042,
g0246,WT,DMSO,0,24,1,256.7806,
g0246,WT,DMSO,0,24,2,218.3537,
g0246,WT,DMSO,0,24,3,270.9056,
g0246,mutant,drugA,2.5,6,1,257.0296,
g0246,mutant,drugA,2.5,6,2,260.6643,
g0246,mutant,drugA,2.5,6,3,246.0666,
g0246,mutant,drugA,5,6,1,316.8495,
g0246,mutant,drugA,5,6,2,283.4094,
g0246,mutant,drugA,5,6,3,218.9944,
g0246,mutant,drugA,10,6,1,250.6434,
g0246,mutant,drugA,10,6,2,253.8806,
g0246,mutant,drugA,10,6,3,240.2132,
g0246,mutant,DMSO,0,6,1,220.0495,
g0246,mutant,DMSO,0,6,2,220.8697,
g0246,mutant,DMSO,0,6,3,290.8276,
g0246,mutant,drugA,2.5,24,1,319.2928,
g0246,mutant,drugA,2.5,24,2,257.5268,
g0246,mutant,drugA,2.5,24,3,283.1574,
g0246,mutant,drugA,5,24,1,284.0161,
g0246,mutant,drugA,5,24,2,284.4531,
g0246,mutant,drugA,5,24,3,297.3943,
g0246,mutant,drugA,10,24,1,277.5902,
g0246,mutant,drugA,10,24,2,233.6589,
g0246,mutant,drugA,10,24,3,237.6858,
g0246,mutant,DMSO,0,24,1,286.3038,
g0246,mutant,DMSO,0,24,2,340.645,
g0246,mutant,DMSO,0,24,3,256.8551,
g0247,WT,drugA,2.5,6,1,1374.4573,
g0247,WT,drugA,2.5,6,2,1507.8546,
g0247,WT,drugA,2.5,6,3,1286.8498,
g0247,WT,drugA,5,6,1,1587.5257,
g0247,WT,drugA,5,6,2,1249.4544,
g0247,WT,drugA,5,6,3,1559.6064,
g0247,WT,drugA,10,6,1,1637.3655,
g0247,WT,drugA,10,6,2,1671.8032,
g0247,WT,drugA,10,6,3,1667.7521,
g0247,WT,DMSO,0,6,1,1653.7885,
g0247,WT,DMSO,0,6,2,1579.5825,
g0247,WT,DMSO,0,6,3,1279.6161,
g0247,WT,drugA,2.5,24,1,1513.0872,
g0247,WT,drugA,2.5,24,2,1231.8811,
g0247,WT,drugA,2.5,24,3,1326.1333,
g0247,WT,drugA,5,24,1,1518.4269,
g0247,WT,drugA,5,24,2,1734.2192,
g0247,WT,drugA,5,24,3,1286.8237,
g0247,WT,drugA,10,24,1,1504.5091,
g0247,WT,drugA,10,24,2,1455.1627,
g0247,WT,drugA,10,24,3,1817.9505,
g0247,WT,DMSO,0,24,1,1354.8986,
g0247,WT,DMSO,0,24,2,1375.4016,
g0247,WT,DMSO,0,24,3,1778.903,
g0247,mutant,drugA,2.5,6,1,1425.3417,
g0247,mutant,drugA,2.5,6,2,1233.4031,
g0247,mutant,drugA,2.5,6,3,1345.5307,
g0247,mutant,drugA,5,6,1,1608.8054,
g0247,mutant,drugA,5,6,2,1551.2933,
g0247,mutant,drugA,5,6,3,1640.8219,
g0247,mutant,drugA,10,6,1,1327.7878,
g0247,mutant,drugA,10,6,2,1396.0298,
g0247,mutant,drugA,10,6,3,1619.9036,
g0247,mutant,DMSO,0,6,1,1341.128,
g0247,mutant,DMSO,0,6,2,1539.6356,
g0247,mutant,DMSO,0,6,3,1293.134,
g0247,mutant,drugA,2.5,24,1,1341.2537,
g0247,mutant,drugA,2.5,24,2,1812.5837,
g0247,mutant,drugA,2.5,24,3,1533.0143,
g0247,mutant,drugA,5,24,1,1445.7317,
g0247,mutant,drugA,5,24,2,1665.7165,
g0247,mutant,drugA,10,24,1,1471.2848,
g0247,mutant,drugA,10,24,2,2024.5143,
g0247,mutant,drugA,10,24,3,1491.9906,
g0247,mutant,DMSO,0,24,1,1761.4581,
g0247,mutant,DMSO,0,24,2,1682.6802,
g0247,mutant,DMSO,0,24,3,1447.368,
g0248,WT,drugA,2.5,6,1,934.8218,
g0248,WT,drugA,2.5,6,2,981.577,
g0248,WT,drugA,2.5,6,3,1110.1387,
g0248,WT,drugA,5,6,1,951.616,
g0248,WT,drugA,5,6,2,1106.7469,
g0248,WT,drugA,5,6,3,1102.7216,
g0248,WT,drugA,10,6,1,798.2744,
g0248,WT,drugA,10,6,2,872.5553,
g0248,WT,drugA,10,6,3,939.8358,
g0248,WT,DMSO,0,6,1,1138.1438,
g0248,WT,DMSO,0,6,2,1022.7216,
g0248,WT,DMSO,0,6,3,1046.775,
g0248,WT,drugA,2.5,24,1,1150.2783,
g0248,WT,drugA,2.5,24,2,998.1547,
g0248,WT,drugA,2.5,24,3,1134.3341,
g0248,WT,drugA,5,24,1,1079.8217,
g0248,WT,drugA,5,24,2,971.8736,
g0248,WT,drugA,5,24,3,1004.5341,
g0248,WT,drugA,10,24,1,971.4571,
g0248,WT,drugA,10,24,2,1124.0875,
g0248,WT,drugA,10,24,3,889.2355,
g0248,WT,DMSO,0,24,1,896.0206,
g0248,WT,DMSO,0,24,2,929.1025,
g0248,WT,DMSO,0,24,3,1152.1313,
g0248,mutant,drugA,2.5,6,1,942.017,
g0248,mutant,drugA,2.5,6,2,931.9929,
g0248,mutant,drugA,2.5,6,3,1201.0148,
g0248,mutant,drugA,5,6,1,1038.4745,
g0248,mutant,drugA,5,6,2,1049.0363,
g0248,mutant,drugA,5,6,3,1097.8792,
g0248,mutant,drugA,10,6,1,1142.0635,
g0248,mutant,drugA,10,6,2,926.4802,
g0248,mutant,drugA,10,6,3,981.114,
g0248,mutant,DMSO,0,6,1,1165.9016,
g0248,mutant,DMSO,0,6,2,1175.9295,
g0248,mutant,DMSO,0,6,3,1072.2944,
g0248,mutant,drugA,2.5,24,1,876.5317,
g0248,mutant,drugA,2.5,24,2,1130.3813,
g0248,mutant,drugA,2.5,24,3,1009.7857,
g0248,mutant,drugA,5,24,1,1002.7386,
g0248,mutant,drugA,5,24,2,999.1242,
g0248,mutant,drugA,5,24,3,1096.917,
g0248,mutant,drugA,10,24,1,1166.6072,
g0248,mutant,drugA,10,24,2,1516.9316,
g0248,mutant,drugA,10,24,3,1008.7634,
g0248,mutant,DMSO,0,24,1,1144.1102,
g0248,mutant,DMSO,0,24,2,1110.213,
g0248,mutant,DMSO,0,24,3,1032.7377,
g0249,WT,drugA,2.5,6,1,478.6717,
g0249,WT,drugA,2.5,6,2,621.8567,
g0249,WT,drugA,2.5,6,3,584.3547,
g0249,WT,drugA,5,6,1,755.1329,
g0249,WT,drugA,5,6,2,551.0828,
g0249,WT,drugA,5,6,3,577.7644,
g0249,WT,drugA,10,6,1,661.0613,
g0249,WT,drugA,10,6,2,688.0219,
g0249,WT,drugA,10,6,3,591.7711,
g0249,WT,DMSO,0,6,1,675.7647,
g0249,WT,DMSO,0,6,2,649.647,
g0249,WT,DMSO,0,6,3,671.0043,
g0249,WT,drugA,2.5,24,1,605.9704,
g0249,WT,drugA,2.5,24,2,659.1933,
g0249,WT,drugA,2.5,24,3,561.4444,
g0249,WT,drugA,5,24,1,545.0379,
g0249,WT,drugA,5,24,2,567.48,
g0249,WT,drugA,5,24,3,518.3949,
g0249,WT,drugA,10,24,1,567.1109,
g0249,WT,drugA,10,24,2,678.7201,
g0249,WT,drugA,10,24,3,640.6495,
g0249,WT,DMSO,0,24,1,608.3838,
g0249,WT,DMSO,0,24,2,625.9017,
g0249,WT,DMSO,0,24,3,545.5069,
g0249,mutant,drugA,2.5,6,1,652.2545,
g0249,mutant,drugA,2.5,6,2,568.6058,
g0249,mutant,drugA,2.5,6,3,557.3802,
g0249,mutant,drugA,5,6,1,667.9006,
g0249,mutant,drugA,5,6,2,683.1483,
g0249,mutant,drugA,5,6,3,619.4283,
g0249,mutant,drugA,10,6,1,598.3653,
g0249,mutant,drugA,10,6,2,664.3519,
g0249,mutant,drugA,10,6,3,538.7661,
g0249,mutant,DMSO,0,6,1,644.9396,
g0249,mutant,DMSO,0,6,2,589.7594,
g0249,mutant,DMSO,0,6,3,504.9122,
g0249,mutant,drugA,2.5,24,2,658.9046,
g0249,mutant,drugA,2.5,24,3,704.7533,
g0249,mutant,drugA,5,24,1,535.489,
g0249,mutant,drugA,5,24,2,558.9927,
g0249,mutant,drugA,5,24,3,556.6451,
g0249,mutant,drugA,10,24,1,606.5565,
g0249,mutant,drugA,10,24,2,589.646,
g0249,mutant,drugA,10,24,3,615.7573,
g0249,mutant,DMSO,0,24,1,579.3836,
g0249,mutant,DMSO,0,24,2,571.018,
g0249,mutant,DMSO,0,24,3,676.2881,
g0250,WT,drugA,2.5,6,1,697.5763,
g0250,WT,drugA,2.5,6,2,719.8608,
g0250,WT,drugA,2.5,6,3,914.5734,
g0250,WT,drugA,5,6,1,845.7386,
g0250,WT,drugA,5,6,2,716.7812,
g0250,WT,drugA,5,6,3,730.1534,
g0250,WT,drugA,10,6,1,461.4403,
g0250,WT,drugA,10,6,2,379.4337,
g0250,WT,drugA,10,6,3,450.1769,
g0250,WT,DMSO,0,6,1,877.694,
g0250,WT,DMSO,0,6,2,1215.6563,
g0250,WT,DMSO,0,6,3,1150.6037,
g0250,WT,drugA,2.5,24,1,707.8208,
g0250,WT,drugA,2.5,24,2,747.1802,
g0250,WT,drugA,2.5,24,3,691.3744,
g0250,WT,drugA,5,24,1,449.3521,
g0250,WT,drugA,5,24,2,465.6829,
g0250,WT,drugA,5,24,3,554.0778,
g0250,WT,drugA,10,24,1,238.6788,
g0250,WT,drugA,10,24,2,260.9165,
g0250,WT,drugA,10,24,3,217.2376,
g0250,WT,DMSO,0,24,2,1100.7574,
g0250,WT,DMSO,0,24,3,1123.0148,
g0250,mutant,drugA,2.5,6,1,1025.0871,
g0250,mutant,drugA,2.5,6,2,1135.0698,
g0250,mutant,drugA,2.5,6,3,1026.3321,
g0250,mutant,drugA,5,6,1,874.9768,
g0250,mutant,drugA,5,6,2,1053.908,
g0250,mutant,drugA,5,6,3,906.1468,
g0250,mutant,drugA,10,6,1,882.7996,
g0250,mutant,drugA,10,6,2,763.2206,
g0250,mutant,drugA,10,6,3,987.6196,
g0250,mutant,DMSO,0,6,1,1066.8681,
g0250,mutant,DMSO,0,6,2,1136.9918,
g0250,mutant,DMSO,0,6,3,903.422,
g0250,mutant,drugA,2.5,24,1,855.624,
g0250,mutant,drugA,2.5,24,2,840.8151,
g0250,mutant,drugA,2.5,24,3,966.0874,
g0250,mutant,drugA,5,24,1,898.9948,
g0250,mutant,drugA,5,24,2,693.5133,
g0250,mutant,drugA,5,24,3,1064.0626,
g0250,mutant,drugA,10,24,1,645.5058,
g0250,mutant,drugA,10,24,2,811.4748,
g0250,mutant,drugA,10,24,3,730.3727,
g0250,mutant,DMSO,0,24,1,1014.7807,
g0250,mutant,DMSO,0,24,2,1037.8566,
g0250,mutant,DMSO,0,24,3,1077.6205,
g0251,WT,drugA,2.5,6,1,128.4672,
g0251,WT,drugA,2.5,6,2,99.117,
g0251,WT,drugA,2.5,6,3,111.073,
g0251,WT,drugA,5,6,1,132.2449,
g0251,WT,drugA,5,6,2,115.3923,
g0251,WT,drugA,5,6,3,122.53,
g0251,WT,drugA,10,6,2,127.274,
g0251,WT,drugA,10,6,3,104.3645,
g0251,WT,DMSO,0,6,1,124.558,
g0251,WT,DMSO,0,6,2,133.5741,
g0251,WT,DMSO,0,6,3,133.4377,
g0251,WT,drugA,2.5,24,1,123.9443,
g0251,WT,drugA,2.5,24,2,102.0612,
g0251,WT,drugA,2.5,24,3,126.8808,
g0251,WT,drugA,5,24,1,107.1322,
g0251,WT,drugA,5,24,2,158.9413,
g0251,WT,drugA,5,24,3,113.5577,
g0251,WT,drugA,10,24,1,131.4553,
g0251,WT,drugA,10,24,2,125.4968,
g0251,WT,drugA,10,24,3,114.2886,
g0251,WT,DMSO,0,24,1,130.3455,
g0251,WT,DMSO,0,24,3,126.7028,
g0251,mutant,drugA,2.5,6,1,128.5913,
g0251,mutant,drugA,2.5,6,2,102.1217,
g0251,mutant,drugA,2.5,6,3,116.692,
g0251,mutant,drugA,5,6,1,109.9446,
g0251,mutant,drugA,5,6,2,117.1567,
g0251,mutant,drugA,5,6,3,103.8031,
g0251,mutant,drugA,10,6,1,125.7276,
g0251,mutant,drugA,10,6,2,163.8633,
g0251,mutant,drugA,10,6,3,113.2443,
g0251,mutant,DMSO,0,6,1,104.9412,
g0251,mutant,DMSO,0,6,2,122.0761,
g0251,mutant,DMSO,0,6,3,110.4835,
g0251,mutant,drugA,2.5,24,1,115.4084,
g0251,mutant,drugA,2.5,24,2,124.4165,
g0251,mutant,drugA,2.5,24,3,135.7161,
g0251,mutant,drugA,5,24,1,109.2029,
g0251,mutant,drugA,5,24,2,124.2454,
g0251,mutant,drugA,5,24,3,102.0887,
g0251,mutant,drugA,10,24,1,115.1562,
g0251,mutant,drugA,10,24,2,100.9149,
g0251,mutant,drugA,10,24,3,119.9015,
g0251,mutant,DMSO,0,24,1,135.8886,
g0251,mutant,DMSO,0,24,2,104.7746,
g0251,mutant,DMSO,0,24,3,124.5915,
g0252,WT,drugA,2.5,6,1,33.595,
g0252,WT,drugA,2.5,6,2,30.0519,
g0252,WT,drugA,2.5,6,3,23.8263,
g0252,WT,drugA,5,6,1,28.974,
g0252,WT,drugA,5,6,2,28.3073,
g0252,WT,drugA,5,6,3,26.0969,
g0252,WT,drugA,10,6,1,35.3283,
g0252,WT,drugA,10,6,2,34.3636,
g0252,WT,drugA,10,6,3,31.7315,
g0252,WT,DMSO,0,6,1,27.9994,
g0252,WT,DMSO,0,6,2,29.1264,
g0252,WT,DMSO,0,6,3,28.6007,
g0252,WT,drugA,2.5,24,1,23.6177,
g0252,WT,drugA,2.5,24,2,31.0762,
g0252,WT,drugA,2.5,24,3,31.659,
g0252,WT,drugA,5,24,1,31.6842,
g0252,WT,drugA,5,24,2,27.394,
g0252,WT,drugA,5,24,3,35.2806,
g0252,WT,drugA,10,24,1,28.6992,
g0252,WT,drugA,10,24,2,27.7184,
g0252,WT,drugA,10,24,3,36.3212,
g0252,WT,DMSO,0,24,1,27.3247,
g0252,WT,DMSO,0,24,2,26.4127,
g0252,WT,DMSO,0,24,3,30.4309,
g0252,mutant,drugA,2.5,6,1,26.4361,
g0252,mutant,drugA,2.5,6,2,30.1259,
g0252,mutant,drugA,2.5,6,3,24.4866,
g0252,mutant,drugA,5,6,1,29.2215,
g0252,mutant,drugA,5,6,2,28.9013,
g0252,mutant,drugA,5,6,3,30.0194,
g0252,mutant,drugA,10,6,1,34.7793,
g0252,mutant,drugA,10,6,2,30.6625,
g0252,mutant,drugA,10,6,3,24.9163,
g0252,mutant,DMSO,0,6,1,29.7861,
g0252,mutant,DMSO,0,6,2,27.6428,
g0252,mutant,DMSO,0,6,3,29.1087,
g0252,mutant,drugA,2.5,24,1,25.0874,
g0252,mutant,drugA,2.5,24,2,35.8644,
g0252,mutant,drugA,2.5,24,3,25.6808,
g0252,mutant,drugA,5,24,1,32.2278,
g0252,mutant,drugA,5,24,2,28.0743,
g0252,mutant,drugA,5,24,3,28.8142,
g0252,mutant,drugA,10,24,2,31.488,
g0252,mutant,drugA,10,24,3,32.6155,
g0252,mutant,DMSO,0,24,1,30.6998,
g0252,mutant,DMSO,0,24,2,26.4967,
g0252,mutant,DMSO,0,24,3,28.5412,
g0253,WT,drugA,2.5,6,1,750.7276,
g0253,WT,drugA,2.5,6,2,727.0579,
g0253,WT,drugA,2.5,6,3,747.545,
g0253,WT,drugA,5,6,1,780.0024,
g0253,WT,drugA,5,6,2,769.3303,
g0253,WT,drugA,5,6,3,866.5114,
g0253,WT,drugA,10,6,1,657.5958,
g0253,WT,drugA,10,6,2,556.4717,
g0253,WT,drugA,10,6,3,761.2327,
g0253,WT,DMSO,0,6,1,829.2717,
g0253,WT,DMSO,0,6,2,726.3218,
g0253,WT,DMSO,0,6,3,733.0633,
g0253,WT,drugA,2.5,24,1,688.391,
g0253,WT,drugA,2.5,24,2,789.3407,
g0253,WT,drugA,2.5,24,3,700.6294,
g0253,WT,drugA,5,24,1,865.3485,
g0253,WT,drugA,5,24,2,615.5746,
g0253,WT,drugA,5,24,3,749.3717,
g0253,WT,drugA,10,24,1,687.961,
g0253,WT,drugA,10,24,2,729.1801,
g0253,WT,drugA,10,24,3,825.6007,
g0253,WT,DMSO,0,24,1,774.2937,
g0253,WT,DMSO,0,24,2,678.1545,
g0253,WT,DMSO,0,24,3,723.0408,
g0253,mutant,drugA,2.5,6,1,757.2105,
g0253,mutant,drugA,2.5,6,2,721.7893,
g0253,mutant,drugA,2.5,6,3,827.6168,
g0253,mutant,drugA,5,6,1,791.6268,
g0253,mutant,drugA,5,6,2,799.4075,
g0253,mutant,drugA,5,6,3,814.2455,
g0253,mutant,drugA,10,6,1,597.6103,
g0253,mutant,drugA,10,6,2,851.8488,
g0253,mutant,drugA,10,6,3,715.1245,
g0253,mutant,DMSO,0,6,1,570.8533,
g0253,mutant,DMSO,0,6,2,828.3782,
g0253,mutant,DMSO,0,6,3,689.1505,
g0253,mutant,drugA,2.5,24,1,853.6644,
g0253,mutant,drugA,2.5,24,2,738.2712,
g0253,mutant,drugA,2.5,24,3,882.6706,
g0253,mutant,drugA,5,24,1,802.4854,
g0253,mutant,drugA,5,24,2,681.6377,
g0253,mutant,drugA,5,24,3,646.8012,
g0253,mutant,drugA,10,24,1,749.6561,
g0253,mutant,drugA,10,24,2,686.9355,
g0253,mutant,drugA,10,24,3,629.5721,
g0253,mutant,DMSO,0,24,1,741.5188,
g0253,mutant,DMSO,0,24,2,775.3638,
g0253,mutant,DMSO,0,24,3,733.2687,
g0254,WT,drugA,2.5,6,1,788.9693,
g0254,WT,drugA,2.5,6,2,760.9173,
g0254,WT,drugA,2.5,6,3,837.3753,
g0254,WT,drugA,5,6,1,852.2128,
g0254,WT,drugA,5,6,2,819.3351,
g0254,WT,drugA,5,6,3,806.4215,
g0254,WT,drugA,10,6,1,728.249,
g0254,WT,drugA,10,6,2,681.0823,
g0254,WT,drugA,10,6,3,813.6049,
g0254,WT,DMSO,0,6,1,960.3577,
g0254,WT,DMSO,0,6,2,779.0594,
g0254,WT,DMSO,0,6,3,726.3172,
g0254,WT,drugA,2.5,24,1,853.9297,
g0254,WT,drugA,2.5,24,2,848.8396,
g0254,WT,drugA,2.5,24,3,918.2222,
g0254,WT,drugA,5,24,1,867.5299,
g0254,WT,drugA,5,24,2,1023.9565,
g0254,WT,drugA,5,24,3,589.3374,
g0254,WT,drugA,10,24,1,895.211,
g0254,WT,drugA,10,24,2,865.4144,
g0254,WT,drugA,10,24,3,759.8449,
g0254,WT,DMSO,0,24,1,678.2574,
g0254,WT,DMSO,0,24,2,803.2983,
g0254,WT,DMSO,0,24,3,850.6855,
g0254,mutant,drugA,2.5,6,1,755.5353,
g0254,mutant,drugA,2.5,6,2,764.6083,
g0254,mutant,drugA,2.5,6,3,777.095,
g0254,mutant,drugA,5,6,1,894.2751,
g0254,mutant,drugA,5,6,2,892.1518,
g0254,mutant,drugA,10,6,1,807.3873,
g0254,mutant,drugA,10,6,2,921.1527,
g0254,mutant,drugA,10,6,3,896.3257,
g0254,mutant,DMSO,0,6,1,800.3031,
g0254,mutant,DMSO,0,6,2,873.9513,
g0254,mutant,DMSO,0,6,3,916.9098,
g0254,mutant,drugA,2.5,24,1,853.4595,
g0254,mutant,drugA,2.5,24,2,808.8839,
g0254,mutant,drugA,2.5,24,3,731.7739,
g0254,mutant,drugA,5,24,1,849.0531,
g0254,mutant,drugA,5,24,2,926.2605,
g0254,mutant,drugA,5,24,3,831.0805,
g0254,mutant,drugA,10,24,1,648.4187,
g0254,mutant,drugA,10,24,2,728.6193,
g0254,mutant,drugA,10,24,3,827.8398,
g0254,mutant,DMSO,0,24,1,953.1385,
g0254,mutant,DMSO,0,24,2,851.9442,
g0254,mutant,DMSO,0,24,3,774.4582,
g0255,WT,drugA,2.5,6,1,224.1069,
g0255,WT,drugA,2.5,6,2,249.6851,
g0255,WT,drugA,2.5,6,3,222.6204,
g0255,WT,drugA,5,6,1,222.9959,
g0255,WT,drugA,5,6,2,239.5333,
g0255,WT,drugA,5,6,3,230.2232,
g0255,WT,drugA,10,6,1,176.3026,
g0255,WT,drugA,10,6,2,158.5316,
g0255,WT,drugA,10,6,3,201.5348,
g0255,WT,DMSO,0,6,1,272.0101,
g0255,WT,DMSO,0,6,2,239.1751,
g0255,WT,DMSO,0,6,3,253.1276,
g0255,WT,drugA,2.5,24,1,249.021,
g0255,WT,drugA,2.5,24,2,202.0788,
g0255,WT,drugA,2.5,24,3,233.0084,
g0255,WT,drugA,5,24,1,191.2504,
g0255,WT,drugA,5,24,2,193.1145,
g0255,WT,drugA,5,24,3,167.5261,
g0255,WT,drugA,10,24,1,136.979,
g0255,WT,drugA,10,24,2,129.9508,
g0255,WT,drugA,10,24,3,111.224,
g0255,WT,DMSO,0,24,1,239.2631,
g0255,WT,DMSO,0,24,2,227.2486,
g0255,WT,DMSO,0,24,3,234.622,
g0255,mutant,drugA,2.5,6,1,232.0465,
g0255,mutant,drugA,2.5,6,2,265.4446,
g0255,mutant,drugA,2.5,6,3,204.9577,
g0255,mutant,drugA,5,6,1,306.2243,
g0255,mutant,drugA,5,6,2,289.324,
g0255,mutant,drugA,10,6,1,249.4755,
g0255,mutant,drugA,10,6,2,209.6541,
g0255,mutant,drugA,10,6,3,287.8588,
g0255,mutant,DMSO,0,6,1,249.6102,
g0255,mutant,DMSO,0,6,2,240.2491,
g0255,mutant,DMSO,0,6,3,287.677,
g0255,mutant,drugA,2.5,24,1,246.7059,
g0255,mutant,drugA,2.5,24,2,259.4657,
g0255,mutant,drugA,2.5,24,3,282.6685,
g0255,mutant,drugA,5,24,1,258.3973,
g0255,mutant,drugA,5,24,2,300.1469,
g0255,mutant,drugA,5,24,3,267.3535,
g0255,mutant,drugA,10,24,1,258.0375,
g0255,mutant,drugA,10,24,2,243.8852,
g0255,mutant,drugA,10,24,3,228.2581,
g0255,mutant,DMSO,0,24,1,266.0241,
g0255,mutant,DMSO,0,24,2,288.3184,
g0255,mutant,DMSO,0,24,3,230.6845,
g0256,WT,drugA,2.5,6,1,456.041,
g0256,WT,drugA,2.5,6,2,529.5166,
g0256,WT,drugA,2.5,6,3,585.0833,
g0256,WT,drugA,5,6,1,506.0477,
g0256,WT,drugA,5,6,2,476.6792,
g0256,WT,drugA,5,6,3,629.112,
g0256,WT,drugA,10,6,1,533.7221,
g0256,WT,drugA,10,6,2,442.7797,
g0256,WT,drugA,10,6,3,592.1579,
g0256,WT,DMSO,0,6,1,612.2865,
g0256,WT,DMSO,0,6,2,517.815,
g0256,WT,DMSO,0,6,3,462.2636,
g0256,WT,drugA,2.5,24,1,530.075,
g0256,WT,drugA,2.5,24,2,484.8129,
g0256,WT,drugA,2.5,24,3,551.2294,
g0256,WT,drugA,5,24,1,474.6339,
g0256,WT,drugA,5,24,2,580.2592,
g0256,WT,drugA,5,24,3,515.9367,
g0256,WT,drugA,10,24,1,507.2034,
g0256,WT,drugA,10,24,2,461.04,
g0256,WT,drugA,10,24,3,605.4794,
g0256,WT,DMSO,0,24,1,566.8987,
g0256,WT,DMSO,0,24,2,459.8341,
g0256,WT,DMSO,0,24,3,487.5298,
g0256,mutant,drugA,2.5,6,1,444.4687,
g0256,mutant,drugA,2.5,6,2,460.7891,
g0256,mutant,drugA,2.5,6,3,652.1843,
g0256,mutant,drugA,5,6,1,613.7928,
g0256,mutant,drugA,5,6,2,509.5167,
g0256,mutant,drugA,5,6,3,545.7775,
g0256,mutant,drugA,10,6,1,442.6115,
g0256,mutant,drugA,10,6,2,556.149,
g0256,mutant,drugA,10,6,3,635.7786,
g0256,mutant,DMSO,0,6,1,402.7081,
g0256,mutant,DMSO,0,6,2,497.8908,
g0256,mutant,DMSO,0,6,3,456.8434,
g0256,mutant,drugA,2.5,24,1,527.7983,
g0256,mutant,drugA,2.5,24,2,644.7674,
g0256,mutant,drugA,2.5,24,3,530.0483,
g0256,mutant,drugA,5,24,1,600.5925,
g0256,mutant,drugA,5,24,2,554.9099,
g0256,mutant,drugA,5,24,3,483.8571,
g0256,mutant,drugA,10,24,1,471.4189,
g0256,mutant,drugA,10,24,2,493.1856,
g0256,mutant,drugA,10,24,3,446.1374,
g0256,mutant,DMSO,0,24,1,533.5426,
g0256,mutant,DMSO,0,24,2,522.6669,
g0256,mutant,DMSO,0,24,3,598.8736,
g0257,WT,drugA,2.5,6,1,71.9975,
g0257,WT,drugA,2.5,6,2,78.8885,
g0257,WT,drugA,2.5,6,3,86.8535,
g0257,WT,drugA,5,6,1,62.77,
g0257,WT,drugA,5,6,2,62.9297,
g0257,WT,drugA,5,6,3,58.0945,
g0257,WT,drugA,10,6,1,50.6866,
g0257,WT,drugA,10,6,2,46.2999,
g0257,WT,drugA,10,6,3,43.4495,
g0257,WT,DMSO,0,6,1,87.4264,
g0257,WT,DMSO,0,6,2,89.7366,
g0257,WT,DMSO,0,6,3,76.0478,
g0257,WT,drugA,2.5,24,1,66.4221,
g0257,WT,drugA,2.5,24,2,55.6375,
g0257,WT,drugA,2.5,24,3,65.9448,
g0257,WT,drugA,5,24,1,39.4435,
g0257,WT,drugA,5,24,2,43.7013,
g0257,WT,drugA,5,24,3,48.7764,
g0257,WT,drugA,10,24,1,24.0074,
g0257,WT,drugA,10,24,2,23.823,
g0257,WT,drugA,10,24,3,21.7486,
g0257,WT,DMSO,0,24,1,101.1648,
g0257,WT,DMSO,0,24,2,88.2452,
g0257,WT,DMSO,0,24,3,91.0411,
g0257,mutant,drugA,2.5,6,1,73.0259,
g0257,mutant,drugA,2.5,6,2,74.374,
g0257,mutant,drugA,2.5,6,3,71.818,
g0257,mutant,drugA,5,6,1,76.3808,
g0257,mutant,drugA,5,6,2,63.4703,
g0257,mutant,drugA,5,6,3,58.8386,
g0257,mutant,drugA,10,6,1,40.1363,
g0257,mutant,drugA,10,6,2,54.0496,
g0257,mutant,drugA,10,6,3,43.8538,
g0257,mutant,DMSO,0,6,1,81.1219,
g0257,mutant,DMSO,0,6,2,80.0856,
g0257,mutant,DMSO,0,6,3,97.1027,
g0257,mutant,drugA,2.5,24,1,60.0378,
g0257,mutant,drugA,2.5,24,2,60.9748,
g0257,mutant,drugA,2.5,24,3,71.7692,
g0257,mutant,drugA,5,24,1,48.0351,
g0257,mutant,drugA,5,24,2,44.4387,
g0257,mutant,drugA,5,24,3,49.0827,
g0257,mutant,drugA,10,24,1,20.1374,
g0257,mutant,drugA,10,24,2,23.766,
g0257,mutant,drugA,10,24,3,20.8003,
g0257,mutant,DMSO,0,24,1,76.3884,
g0257,mutant,DMSO,0,24,2,62.9422,
g0257,mutant,DMSO,0,24,3,81.195,
g0258,WT,drugA,2.5,6,1,59.5864,
g0258,WT,drugA,2.5,6,2,57.3114,
g0258,WT,drugA,2.5,6,3,46.9765,
g0258,WT,drugA,5,6,1,56.1792,
g0258,WT,drugA,5,6,2,57.3892,
g0258,WT,drugA,5,6,3,58.8164,
g0258,WT,drugA,10,6,1,50.964,
g0258,WT,drugA,10,6,2,44.915,
g0258,WT,drugA,10,6,3,52.0861,
g0258,WT,DMSO,0,6,1,43.1976,
g0258,WT,DMSO,0,6,2,52.2606,
g0258,WT,DMSO,0,6,3,55.6062,
g0258,WT,drugA,2.5,24,1,59.0182,
g0258,WT,drugA,2.5,24,2,60.7325,
g0258,WT,drugA,2.5,24,3,48.8739,
g0258,WT,drugA,5,24,1,57.4917,
g0258,WT,drugA,5,24,2,52.025,
g0258,WT,drugA,5,24,3,56.1237,
g0258,WT,drugA,10,24,1,56.9636,
g0258,WT,drugA,10,24,2,52.3375,
g0258,WT,drugA,10,24,3,50.8498,
g0258,WT,DMSO,0,24,1,64.1074,
g0258,WT,DMSO,0,24,2,53.5535,
g0258,WT,DMSO,0,24,3,56.6745,
g0258,mutant,drugA,2.5,6,1,45.1048,
g0258,mutant,drugA,2.5,6,2,50.1217,
g0258,mutant,drugA,2.5,6,3,59.9253,
g0258,mutant,drugA,5,6,1,61.2639,
g0258,mutant,drugA,5,6,2,50.221,
g0258,mutant,drugA,5,6,3,57.2512,
g0258,mutant,drugA,10,6,1,57.7699,
g0258,mutant,drugA,10,6,2,58.6412,
g0258,mutant,drugA,10,6,3,55.0393,
g0258,mutant,DMSO,0,6,1,47.3195,
g0258,mutant,DMSO,0,6,2,55.4479,
g0258,mutant,DMSO,0,6,3,53.0615,
g0258,mutant,drugA,2.5,24,1,57.6226,
g0258,mutant,drugA,2.5,24,2,58.671,
g0258,mutant,drugA,2.5,24,3,53.8303,
g0258,mutant,drugA,5,24,1,48.6112,
g0258,mutant,drugA,5,24,2,49.9355,
g0258,mutant,drugA,5,24,3,51.5134,
g0258,mutant,drugA,10,24,1,49.5149,
g0258,mutant,drugA,10,24,2,42.5948,
g0258,mutant,drugA,10,24,3,54.7349,
g0258,mutant,DMSO,0,24,1,65.6349,
g0258,mutant,DMSO,0,24,2,51.8934,
g0258,mutant,DMSO,0,24,3,49.7632,
g0259,WT,drugA,2.5,6,1,896.7061,
g0259,WT,drugA,2.5,6,2,834.8531,
g0259,WT,drugA,2.5,6,3,840.9186,
g0259,WT,drugA,5,6,1,869.1717,
g0259,WT,drugA,5,6,2,749.0224,
g0259,WT,drugA,5,6,3,719.027,
g0259,WT,drugA,10,6,1,1053.714,
g0259,WT,drugA,10,6,2,888.0518,
g0259,WT,drugA,10,6,3,668.9418,
g0259,WT,DMSO,0,6,1,804.4438,
g0259,WT,DMSO,0,6,2,917.7576,
g0259,WT,DMSO,0,6,3,735.3321,
g0259,WT,drugA,2.5,24,1,765.7986,
g0259,WT,drugA,2.5,24,2,1019.8656,
g0259,WT,drugA,2.5,24,3,787.8483,
g0259,WT,drugA,5,24,1,1021.8178,
g0259,WT,drugA,5,24,2,972.5482,
g0259,WT,drugA,5,24,3,896.7879,
g0259,WT,drugA,10,24,1,874.8083,
g0259,WT,drugA,10,24,2,878.3618,
g0259,WT,drugA,10,24,3,1009.0518,
g0259,WT,DMSO,0,24,1,812.9022,
g0259,WT,DMSO,0,24,2,833.0422,
g0259,WT,DMSO,0,24,3,969.6291,
g0259,mutant,drugA,2.5,6,1,880.0672,
g0259,mutant,drugA,2.5,6,2,851.3678,
g0259,mutant,drugA,2.5,6,3,776.3052,
g0259,mutant,drugA,5,6,1,909.8041,
g0259,mutant,drugA,5,6,2,781.053,
g0259,mutant,drugA,10,6,1,867.1872,
g0259,mutant,drugA,10,6,2,761.6572,
g0259,mutant,drugA,10,6,3,900.0844,
g0259,mutant,DMSO,0,6,1,920.7305,
g0259,mutant,DMSO,0,6,2,820.0108,
g0259,mutant,DMSO,0,6,3,1079.9035,
g0259,mutant,drugA,2.5,24,1,832.1684,
g0259,mutant,drugA,2.5,24,2,884.3355,
g0259,mutant,drugA,2.5,24,3,799.5379,
g0259,mutant,drugA,5,24,1,873.46,
g0259,mutant,drugA,5,24,2,806.3876,
g0259,mutant,drugA,5,24,3,916.2303,
g0259,mutant,drugA,10,24,1,828.1993,
g0259,mutant,drugA,10,24,2,1000.2851,
g0259,mutant,drugA,10,24,3,913.7134,
g0259,mutant,DMSO,0,24,1,922.4108,
g0259,mutant,DMSO,0,24,2,934.5901,
g0259,mutant,DMSO,0,24,3,980.0105,
g0260,WT,drugA,2.5,6,1,424.7223,
g0260,WT,drugA,2.5,6,2,391.5015,
g0260,WT,drugA,2.5,6,3,347.4824,
g0260,WT,drugA,5,6,1,343.4606,
g0260,WT,drugA,5,6,2,313.2146,
g0260,WT,drugA,5,6,3,348.0714,
g0260,WT,drugA,10,6,1,354.4898,
g0260,WT,drugA,10,6,2,345.3918,
g0260,WT,drugA,10,6,3,344.6668,
g0260,WT,DMSO,0,6,1,347.1917,
g0260,WT,DMSO,0,6,2,436.8669,
g0260,WT,DMSO,0,6,3,307.1343,
g0260,WT,drugA,2.5,24,1,331.3381,
g0260,WT,drugA,2.5,24,2,410.417,
g0260,WT,drugA,2.5,24,3,417.9293,
g0260,WT,drugA,5,24,1,372.542,
g0260,WT,drugA,5,24,2,361.5191,
g0260,WT,drugA,5,24,3,340.4761,
g0260,WT,drugA,10,24,1,365.9392,
g0260,WT,drugA,10,24,2,422.1679,
g0260,WT,drugA,10,24,3,349.8467,
g0260,WT,DMSO,0,24,1,369.5407,
g0260,WT,DMSO,0,24,2,355.0393,
g0260,WT,DMSO,0,24,3,345.903,
g0260,mutant,drugA,2.5,6,1,357.3002,
g0260,mutant,drugA,2.5,6,2,332.2496,
g0260,mutant,drugA,2.5,6,3,337.8925,
g0260,mutant,drugA,5,6,1,420.0474,
g0260,mutant,drugA,5,6,2,369.1872,
g0260,mutant,drugA,5,6,3,403.6409,
g0260,mutant,drugA,10,6,1,348.6638,
g0260,mutant,drugA,10,6,2,333.2288,
g0260,mutant,drugA,10,6,3,387.7504,
g0260,mutant,DMSO,0,6,1,429.6881,
g0260,mutant,DMSO,0,6,2,445.5006,
g0260,mutant,DMSO,0,6,3,408.7388,
g0260,mutant,drugA,2.5,24,1,351.3602,
g0260,mutant,drugA,2.5,24,2,327.9171,
g0260,mutant,drugA,2.5,24,3,339.5492,
g0260,mutant,drugA,5,24,1,314.3446,
g0260,mutant,drugA,5,24,2,331.5937,
g0260,mutant,drugA,5,24,3,395.4564,
g0260,mutant,drugA,10,24,1,422.0753,
g0260,mutant,drugA,10,24,2,393.2418,
g0260,mutant,drugA,10,24,3,342.8676,
g0260,mutant,DMSO,0,24,1,350.0638,
g0260,mutant,DMSO,0,24,2,354.5332,
g0260,mutant,DMSO,0,24,3,318.1612,
g0261,WT,drugA,2.5,6,1,316.1015,
g0261,WT,drugA,2.5,6,2,300.6701,
g0261,WT,drugA,2.5,6,3,294.2212,
g0261,WT,drugA,5,6,1,331.8306,
g0261,WT,drugA,5,6,2,323.8115,
g0261,WT,drugA,5,6,3,269.7928,
g0261,WT,drugA,10,6,1,298.9217,
g0261,WT,drugA,10,6,2,274.817,
g0261,WT,drugA,10,6,3,330.1933,
g0261,WT,DMSO,0,6,1,288.735,
g0261,WT,DMSO,0,6,2,279.5806,
g0261,WT,drugA,2.5,24,1,312.4265,
g0261,WT,drugA,2.5,24,2,337.2324,
g0261,WT,drugA,2.5,24,3,281.1631,
g0261,WT,drugA,5,24,1,337.5408,
g0261,WT,drugA,5,24,2,367.0709,
g0261,WT,drugA,5,24,3,287.6363,
g0261,WT,drugA,10,24,1,274.2342,
g0261,WT,drugA,10,24,2,257.6451,
g0261,WT,drugA,10,24,3,274.428,
g0261,WT,DMSO,0,24,1,342.674,
g0261,WT,DMSO,0,24,2,275.7769,
g0261,WT,DMSO,0,24,3,315.4852,
g0261,mutant,drugA,2.5,6,1,307.052,
g0261,mutant,drugA,2.5,6,2,330.5384,
g0261,mutant,drugA,2.5,6,3,280.6182,
g0261,mutant,drugA,5,6,1,313.3411,
g0261,mutant,drugA,5,6,2,348.8458,
g0261,mutant,drugA,5,6,3,318.8194,
g0261,mutant,drugA,10,6,1,341.2261,
g0261,mutant,drugA,10,6,2,286.6251,
g0261,mutant,drugA,10,6,3,322.2332,
g0261,mutant,DMSO,0,6,1,352.2156,
g0261,mutant,DMSO,0,6,2,320.8104,
g0261,mutant,DMSO,0,6,3,348.7441,
g0261,mutant,drugA,2.5,24,1,309.4641,
g0261,mutant,drugA,2.5,24,2,345.4244,
g0261,mutant,drugA,2.5,24,3,321.8203,
g0261,mutant,drugA,5,24,1,344.3205,
g0261,mutant,drugA,5,24,2,355.42,
g0261,mutant,drugA,5,24,3,320.4373,
g0261,mutant,drugA,10,24,1,293.4993,
g0261,mutant,drugA,10,24,2,250.6611,
g0261,mutant,drugA,10,24,3,257.9046,
g0261,mutant,DMSO,0,24,1,374.7316,
g0261,mutant,DMSO,0,24,2,356.4298,
g0261,mutant,DMSO,0,24,3,304.1314,
g0262,WT,drugA,2.5,6,1,294.1621,
g0262,WT,drugA,2.5,6,2,257.5828,
g0262,WT,drugA,2.5,6,3,304.1754,
g0262,WT,drugA,5,6,1,235.0857,
g0262,WT,drugA,5,6,2,287.2239,
g0262,WT,drugA,5,6,3,256.7971,
g0262,WT,drugA,10,6,1,237.6441,
g0262,WT,drugA,10,6,2,295.4688,
g0262,WT,drugA,10,6,3,257.3167,
g0262,WT,DMSO,0,6,1,230.8619,
g0262,WT,DMSO,0,6,2,270.6918,
g0262,WT,DMSO,0,6,3,249.8826,
g0262,WT,drugA,2.5,24,1,260.5484,
g0262,WT,drugA,2.5,24,2,221.1703,
g0262,WT,drugA,2.5,24,3,264.1284,
g0262,WT,drugA,5,24,1,250.5948,
g0262,WT,drugA,5,24,2,245.2411,
g0262,WT,drugA,5,24,3,275.2459,
g0262,WT,drugA,10,24,1,331.9473,
g0262,WT,drugA,10,24,2,199.1136,
g0262,WT,drugA,10,24,3,283.238,
g0262,WT,DMSO,0,24,1,236.0806,
g0262,WT,DMSO,0,24,2,329.044,
g0262,WT,DMSO,0,24,3,228.13,
g0262,mutant,drugA,2.5,6,1,298.3862,
g0262,mutant,drugA,2.5,6,2,246.8481,
g0262,mutant,drugA,2.5,6,3,235.1756,
g0262,mutant,drugA,5,6,1,238.6335,
g0262,mutant,drugA,5,6,2,274.1884,
g0262,mutant,drugA,5,6,3,225.3261,
g0262,mutant,drugA,10,6,1,257.4359,
g0262,mutant,drugA,10,6,2,278.8918,
g0262,mutant,drugA,10,6,3,267.5638,
g0262,mutant,DMSO,0,6,1,279.7303,
g0262,mutant,DMSO,0,6,2,265.694,
g0262,mutant,DMSO,0,6,3,291.8574,
g0262,mutant,drugA,2.5,24,1,276.461,
g0262,mutant,drugA,2.5,24,2,291.3095,
g0262,mutant,drugA,2.5,24,3,250.896,
g0262,mutant,drugA,5,24,1,253.1338,
g0262,mutant,drugA,5,24,2,285.5261,
g0262,mutant,drugA,5,24,3,247.7435,
g0262,mutant,drugA,10,24,1,267.9603,
g0262,mutant,drugA,10,24,2,290.7291,
g0262,mutant,drugA,10,24,3,206.5318,
g0262,mutant,DMSO,0,24,1,265.1194,
g0262,mutant,DMSO,0,24,2,235.6166,
g0262,mutant,DMSO,0,24,3,239.6112,
g0263,WT,drugA,2.5,6,1,289.3988,
g0263,WT,drugA,2.5,6,2,286.1887,
g0263,WT,drugA,2.5,6,3,320.1995,
g0263,WT,drugA,5,6,1,298.6446,
g0263,WT,drugA,5,6,2,294.2988,
g0263,WT,drugA,5,6,3,288.5346,
g0263,WT,drugA,10,6,1,283.9079,
g0263,WT,drugA,10,6,2,281.6656,
g0263,WT,drugA,10,6,3,266.0704,
g0263,WT,DMSO,0,6,1,265.3391,
g0263,WT,DMSO,0,6,2,256.9942,
g0263,WT,DMSO,0,6,3,307.5524,
g0263,WT,drugA,2.5,24,1,270.395,
g0263,WT,drugA,2.5,24,2,310.1987,
g0263,WT,drugA,2.5,24,3,264.7957,
g0263,WT,drugA,5,24,1,339.8266,
g0263,WT,drugA,5,24,2,322.463,
g0263,WT,drugA,5,24,3,313.7238,
g0263,WT,drugA,10,24,1,263.6245,
g0263,WT,drugA,10,24,2,313.8943,
g0263,WT,drugA,10,24,3,253.7586,
g0263,WT,DMSO,0,24,1,282.535,
g0263,WT,DMSO,0,24,2,255.2717,
g0263,WT,DMSO,0,24,3,276.9342,
g0263,mutant,drugA,2.5,6,1,283.9757,
g0263,mutant,drugA,2.5,6,2,331.9759,
g0263,mutant,drugA,2.5,6,3,286.1186,
g0263,mutant,drugA,5,6,1,307.0888,
g0263,mutant,drugA,5,6,2,295.7204,
g0263,mutant,drugA,5,6,3,262.7529,
g0263,mutant,drugA,10,6,1,274.1987,
g0263,mutant,drugA,10,6,2,269.8839,
g0263,mutant,drugA,10,6,3,303.2941,
g0263,mutant,DMSO,0,6,1,302.5986,
g0263,mutant,DMSO,0,6,2,319.2201,
g0263,mutant,DMSO,0,6,3,300.7771,
g0263,mutant,drugA,2.5,24,1,264.3207,
g0263,mutant,drugA,2.5,24,2,270.1155,
g0263,mutant,drugA,2.5,24,3,272.2602,
g0263,mutant,drugA,5,24,1,285.8837,
g0263,mutant,drugA,5,24,2,279.3872,
g0263,mutant,drugA,5,24,3,251.4568,
g0263,mutant,drugA,10,24,1,277.113,
g0263,mutant,drugA,10,24,2,255.6145,
g0263,mutant,drugA,10,24,3,216.9013,
g0263,mutant,DMSO,0,24,1,271.149,
g0263,mutant,DMSO,0,24,2,298.8909,
g0263,mutant,DMSO,0,24,3,294.1611,
g0264,WT,drugA,2.5,6,1,2194.0976,
g0264,WT,drugA,2.5,6,2,1852.2224,
g0264,WT,drugA,2.5,6,3,2139.5788,
g0264,WT,drugA,5,6,1,2052.5231,
g0264,WT,drugA,5,6,2,2361.9472,
g0264,WT,drugA,5,6,3,1928.3161,
g0264,WT,drugA,10,6,1,1793.1251,
g0264,WT,drugA,10,6,2,2034.6256,
g0264,WT,drugA,10,6,3,2300.1918,
g0264,WT,DMSO,0,6,1,2350.2145,
g0264,WT,DMSO,0,6,2,1990.5716,
g0264,WT,DMSO,0,6,3,2471.0741,
g0264,WT,drugA,2.5,24,1,2066.6964,
g0264,WT,drugA,2.5,24,2,2529.2121,
g0264,WT,drugA,2.5,24,3,1996.1967,
g0264,WT,drugA,5,24,1,2233.9588,
g0264,WT,drugA,5,24,2,1959.2798,
g0264,WT,drugA,5,24,3,2132.8778,
g0264,WT,drugA,10,24,1,2303.7002,
g0264,WT,drugA,10,24,2,2086.1229,
g0264,WT,drugA,10,24,3,2213.5989,
g0264,WT,DMSO,0,24,1,1788.258,
g0264,WT,DMSO,0,24,2,2210.7446,
g0264,WT,DMSO,0,24,3,2310.1993,
g0264,mutant,drugA,2.5,6,1,2021.0228,
g0264,mutant,drugA,2.5,6,2,2239.8635,
g0264,mutant,drugA,2.5,6,3,2164.0851,
g0264,mutant,drugA,5,6,1,2025.7434,
g0264,mutant,drugA,5,6,2,1910.5039,
g0264,mutant,drugA,5,6,3,2287.8887,
g0264,mutant,drugA,10,6,1,2053.3447,
g0264,mutant,drugA,10,6,2,2312.2966,
g0264,mutant,drugA,10,6,3,1971.4757,
g0264,mutant,DMSO,0,6,1,2247.3127,
g0264,mutant,DMSO,0,6,2,2398.8307,
g0264,mutant,DMSO,0,6,3,2441.3888,
g0264,mutant,drugA,2.5,24,1,2004.2827,
g0264,mutant,drugA,2.5,24,2,2283.2496,
g0264,mutant,drugA,2.5,24,3,1867.7544,
g0264,mutant,drugA,5,24,1,2259.9195,
g0264,mutant,drugA,5,24,2,1797.9889,
g0264,mutant,drugA,5,24,3,2154.8442,
g0264,mutant,drugA,10,24,1,2321.305,
g0264,mutant,drugA,10,24,2,2064.9255,
g0264,mutant,drugA,10,24,3,2801.158,
g0264,mutant,DMSO,0,24,1,2090.1612,
g0264,mutant,DMSO,0,24,2,2313.4968,
g0264,mutant,DMSO,0,24,3,1958.7542,
g0265,WT,drugA,2.5,6,1,647.8078,
g0265,WT,drugA,2.5,6,2,814.5767,
g0265,WT,drugA,2.5,6,3,592.3201,
g0265,WT,drugA,5,6,1,790.0414,
g0265,WT,drugA,5,6,2,681.9785,
g0265,WT,drugA,5,6,3,784.1139,
g0265,WT,drugA,10,6,1,704.4828,
g0265,WT,drugA,10,6,2,713.7944,
g0265,WT,drugA,10,6,3,646.4036,
g0265,WT,DMSO,0,6,1,736.1566,
g0265,WT,DMSO,0,6,2,633.4168,
g0265,WT,DMSO,0,6,3,648.3885,
g0265,WT,drugA,2.5,24,1,692.8711,
g0265,WT,drugA,2.5,24,2,602.7725,
g0265,WT,drugA,2.5,24,3,671.8742,
g0265,WT,drugA,5,24,1,672.7983,
g0265,WT,drugA,5,24,2,697.343,
g0265,WT,drugA,5,24,3,702.6169,
g0265,WT,drugA,10,24,1,687.9967,
g0265,WT,drugA,10,24,2,725.5771,
g0265,WT,drugA,10,24,3,727.8222,
g0265,WT,DMSO,0,24,1,671.4308,
g0265,WT,DMSO,0,24,2,546.9912,
g0265,WT,DMSO,0,24,3,727.0604,
g0265,mutant,drugA,2.5,6,1,648.5391,
g0265,mutant,drugA,2.5,6,2,564.6205,
g0265,mutant,drugA,5,6,1,591.4584,
g0265,mutant,drugA,5,6,2,600.6327,
g0265,mutant,drugA,5,6,3,577.7951,
g0265,mutant,drugA,10,6,1,674.2907,
g0265,mutant,drugA,10,6,2,676.8252,
g0265,mutant,drugA,10,6,3,698.8143,
g0265,mutant,DMSO,0,6,1,832.9872,
g0265,mutant,DMSO,0,6,2,826.5421,
g0265,mutant,DMSO,0,6,3,677.3616,
g0265,mutant,drugA,2.5,24,1,698.715,
g0265,mutant,drugA,2.5,24,2,608.1002,
g0265,mutant,drugA,2.5,24,3,666.736,
g0265,mutant,drugA,5,24,1,578.495,
g0265,mutant,drugA,5,24,2,621.5859,
g0265,mutant,drugA,5,24,3,650.5105,
g0265,mutant,drugA,10,24,1,705.8817,
g0265,mutant,drugA,10,24,2,668.0626,
g0265,mutant,drugA,10,24,3,695.5272,
g0265,mutant,DMSO,0,24,1,622.6942,
g0265,mutant,DMSO,0,24,2,640.1026,
g0265,mutant,DMSO,0,24,3,612.4709,
g0266,WT,drugA,2.5,6,1,8.4265,
g0266,WT,drugA,2.5,6,2,9.0869,
g0266,WT,drugA,2.5,6,3,10.28,
g0266,WT,drugA,5,6,1,10.0722,
g0266,WT,drugA,5,6,2,8.8751,
g0266,WT,drugA,5,6,3,11.0286,
g0266,WT,drugA,10,6,1,12.1425,
g0266,WT,drugA,10,6,2,10.0988,
g0266,WT,drugA,10,6,3,11.1796,
g0266,WT,DMSO,0,6,1,8.2985,
g0266,WT,DMSO,0,6,2,10.4394,
g0266,WT,DMSO,0,6,3,10.6426,
g0266,WT,drugA,2.5,24,1,9.5787,
g0266,WT,drugA,2.5,24,2,9.9373,
g0266,WT,drugA,2.5,24,3,10.2274,
g0266,WT,drugA,5,24,1,10.6416,
g0266,WT,drugA,5,24,2,10.4808,
g0266,WT,drugA,5,24,3,9.9322,
g0266,WT,drugA,10,24,1,10.2964,
g0266,WT,drugA,10,24,2,8.625,
g0266,WT,drugA,10,24,3,11.374,
g0266,WT,DMSO,0,24,1,10.0531,
g0266,WT,DMSO,0,24,3,10.7117,
g0266,mutant,drugA,2.5,6,1,9.135,
g0266,mutant,drugA,2.5,6,2,8.7461,
g0266,mutant,drugA,2.5,6,3,10.3156,
g0266,mutant,drugA,5,6,1,10.4592,
g0266,mutant,drugA,5,6,2,9.4177,
g0266,mutant,drugA,5,6,3,10.4886,
g0266,mutant,drugA,10,6,1,9.2016,
g0266,mutant,drugA,10,6,2,10.352,
g0266,mutant,drugA,10,6,3,9.6231,
g0266,mutant,DMSO,0,6,1,11.1507,
g0266,mutant,DMSO,0,6,2,9.1971,
g0266,mutant,DMSO,0,6,3,10.2472,
g0266,mutant,drugA,2.5,24,1,10.21,
g0266,mutant,drugA,2.5,24,2,9.6609,
g0266,mutant,drugA,2.5,24,3,8.5299,
g0266,mutant,drugA,5,24,1,11.2944,
g0266,mutant,drugA,5,24,2,10.2045,
g0266,mutant,drugA,5,24,3,9.2052,
g0266,mutant,drugA,10,24,1,9.3991,
g0266,mutant,drugA,10,24,2,9.956,
g0266,mutant,drugA,10,24,3,9.0335,
g0266,mutant,DMSO,0,24,1,11.2263,
g0266,mutant,DMSO,0,24,2,10.7301,
g0266,mutant,DMSO,0,24,3,10.6537,
g0267,WT,drugA,2.5,6,1,972.7304,
g0267,WT,drugA,2.5,6,2,721.336,
g0267,WT,drugA,2.5,6,3,945.8175,
g0267,WT,drugA,5,6,1,835.439,
g0267,WT,drugA,5,6,2,777.1543,
g0267,WT,drugA,5,6,3,993.5403,
g0267,WT,drugA,10,6,1,823.4846,
g0267,WT,drugA,10,6,2,767.4073,
g0267,WT,drugA,10,6,3,778.2149,
g0267,WT,DMSO,0,6,1,902.4607,
g0267,WT,DMSO,0,6,2,983.8926,
g0267,WT,DMSO,0,6,3,773.0438,
g0267,WT,drugA,2.5,24,1,966.783,
g0267,WT,drugA,2.5,24,2,802.8115,
g0267,WT,drugA,2.5,24,3,1007.4637,
g0267,WT,drugA,5,24,1,859.2494,
g0267,WT,drugA,5,24,2,895.4468,
g0267,WT,drugA,5,24,3,713.1732,
g0267,WT,drugA,10,24,1,746.6405,
g0267,WT,drugA,10,24,2,895.9143,
g0267,WT,drugA,10,24,3,707.2959,
g0267,WT,DMSO,0,24,1,783.6787,
g0267,WT,DMSO,0,24,2,932.6103,
g0267,WT,DMSO,0,24,3,764.6467,
g0267,mutant,drugA,2.5,6,1,972.736,
g0267,mutant,drugA,2.5,6,2,780.5559,
g0267,mutant,drugA,2.5,6,3,932.3553,
g0267,mutant,drugA,5,6,1,783.4057,
g0267,mutant,drugA,5,6,2,861.7674,
g0267,mutant,drugA,5,6,3,870.8604,
g0267,mutant,drugA,10,6,1,803.6694,
g0267,mutant,drugA,10,6,2,707.47,
g0267,mutant,drugA,10,6,3,989.3669,
g0267,mutant,DMSO,0,6,1,893.082,
g0267,mutant,DMSO,0,6,2,815.1947,
g0267,mutant,DMSO,0,6,3,788.2318,
g0267,mutant,drugA,2.5,24,1,703.6176,
g0267,mutant,drugA,2.5,24,2,823.1686,
g0267,mutant,drugA,2.5,24,3,723.1399,
g0267,mutant,drugA,5,24,1,747.1472,
g0267,mutant,drugA,5,24,2,815.5707,
g0267,mutant,drugA,5,24,3,774.7584,
g0267,mutant,drugA,10,24,1,1033.364,
g0267,mutant,drugA,10,24,2,721.7792,
g0267,mutant,drugA,10,24,3,849.9615,
g0267,mutant,DMSO,0,24,1,801.4417,
g0267,mutant,DMSO,0,24,2,1000.1151,
g0267,mutant,DMSO,0,24,3,681.8539,
g0268,WT,drugA,2.5,6,1,2574.4033,
g0268,WT,drugA,2.5,6,2,2735.3813,
g0268,WT,drugA,2.5,6,3,2657.9214,
g0268,WT,drugA,5,6,1,2327.1349,
g0268,WT,drugA,5,6,2,2095.2389,
g0268,WT,drugA,5,6,3,2128.2109,
g0268,WT,drugA,10,6,1,1367.2918,
g0268,WT,drugA,10,6,2,1615.6324,
g0268,WT,drugA,10,6,3,1535.4322,
g0268,WT,DMSO,0,6,1,3053.5667,
g0268,WT,DMSO,0,6,2,3244.9865,
g0268,WT,DMSO,0,6,3,3162.035,
g0268,WT,drugA,2.5,24,1,2334.9736,
g0268,WT,drugA,2.5,24,2,2449.5324,
g0268,WT,drugA,2.5,24,3,1801.8815,
g0268,WT,drugA,5,24,1,1478.4921,
g0268,WT,drugA,5,24,2,1481.3142,
g0268,WT,drugA,5,24,3,1431.332,
g0268,WT,drugA,10,24,1,738.9987,
g0268,WT,drugA,10,24,2,600.7302,
g0268,WT,drugA,10,24,3,619.634,
g0268,WT,DMSO,0,24,1,3214.1777,
g0268,WT,DMSO,0,24,2,3895.4151,
g0268,WT,DMSO,0,24,3,4143.4334,
g0268,mutant,drugA,2.5,6,1,2048.6139,
g0268,mutant,drugA,2.5,6,3,2778.569,
g0268,mutant,drugA,5,6,1,2335.4252,
g0268,mutant,drugA,5,6,2,1932.187,
g0268,mutant,drugA,5,6,3,2106.1041,
g0268,mutant,drugA,10,6,1,1442.2585,
g0268,mutant,drugA,10,6,2,1624.1821,
g0268,mutant,drugA,10,6,3,1370.2687,
g0268,mutant,DMSO,0,6,1,2701.6522,
g0268,mutant,DMSO,0,6,2,2975.3836,
g0268,mutant,DMSO,0,6,3,3124.5323,
g0268,mutant,drugA,2.5,24,1,2415.7227,
g0268,mutant,drugA,2.5,24,3,2040.8382,
g0268,mutant,drugA,5,24,1,1298.7063,
g0268,mutant,drugA,5,24,2,1837.433,
g0268,mutant,drugA,5,24,3,1272.1324,
g0268,mutant,drugA,10,24,1,711.3871,
g0268,mutant,drugA,10,24,2,624.7466,
g0268,mutant,drugA,10,24,3,775.8331,
g0268,mutant,DMSO,0,24,1,3744.8081,
g0268,mutant,DMSO,0,24,2,3201.9871,
g0268,mutant,DMSO,0,24,3,3475.7168,
g0269,WT,drugA,2.5,6,1,722.3103,
g0269,WT,drugA,2.5,6,2,927.7712,
g0269,WT,drugA,2.5,6,3,603.7381,
g0269,WT,drugA,5,6,1,640.9303,
g0269,WT,drugA,5,6,2,678.8427,
g0269,WT,drugA,5,6,3,707.9504,
g0269,WT,drugA,10,6,1,546.335,
g0269,WT,drugA,10,6,2,508.2277,
g0269,WT,drugA,10,6,3,574.0967,
g0269,WT,DMSO,0,6,1,774.2177,
g0269,WT,DMSO,0,6,2,883.3178,
g0269,WT,DMSO,0,6,3,934.9357,
g0269,WT,drugA,2.5,24,1,693.1367,
g0269,WT,drugA,2.5,24,2,618.9884,
g0269,WT,drugA,2.5,24,3,671.1987,
g0269,WT,drugA,5,24,1,387.1019,
g0269,WT,drugA,5,24,2,489.3992,
g0269,WT,drugA,5,24,3,468.3509,
g0269,WT,drugA,10,24,1,325.2109,
g0269,WT,drugA,10,24,2,259.221,
g0269,WT,drugA,10,24,3,331.183,
g0269,WT,DMSO,0,24,1,903.2909,
g0269,WT,DMSO,0,24,2,694.1653,
g0269,WT,DMSO,0,24,3,766.1938,
g0269,mutant,drugA,2.5,6,1,858.2789,
g0269,mutant,drugA,2.5,6,2,807.9364,
g0269,mutant,drugA,2.5,6,3,773.367,
g0269,mutant,drugA,5,6,1,665.8445,
g0269,mutant,drugA,5,6,2,623.8251,
g0269,mutant,drugA,5,6,3,549.5949,
g0269,mutant,drugA,10,6,1,456.1073,
g0269,mutant,drugA,10,6,2,501.822,
g0269,mutant,drugA,10,6,3,586.4691,
g0269,mutant,DMSO,0,6,1,1029.6326,
g0269,mutant,DMSO,0,6,2,948.078,
g0269,mutant,DMSO,0,6,3,979.594,
g0269,mutant,drugA,2.5,24,1,532.4138,
g0269,mutant,drugA,2.5,24,2,578.3808,
g0269,mutant,drugA,2.5,24,3,596.1934,
g0269,mutant,drugA,5,24,1,416.3667,
g0269,mutant,drugA,5,24,2,614.4769,
g0269,mutant,drugA,5,24,3,526.8026,
g0269,mutant,drugA,10,24,1,313.5245,
g0269,mutant,drugA,10,24,2,263.5869,
g0269,mutant,drugA,10,24,3,293.4302,
g0269,mutant,DMSO,0,24,1,879.2649,
g0269,mutant,DMSO,0,24,2,808.8315,
g0269,mutant,DMSO,0,24,3,793.4707,
g0270,WT,drugA,2.5,6,1,250.7253,
g0270,WT,drugA,2.5,6,2,282.6174,
g0270,WT,drugA,2.5,6,3,272.1105,
g0270,WT,drugA,5,6,1,253.6529,
g0270,WT,drugA,5,6,2,261.6205,
g0270,WT,drugA,5,6,3,277.244,
g0270,WT,drugA,10,6,1,227.0049,
g0270,WT,drugA,10,6,2,257.6621,
g0270,WT,drugA,10,6,3,265.0002,
g0270,WT,DMSO,0,6,1,250.004,
g0270,WT,DMSO,0,6,2,237.1204,
g0270,WT,DMSO,0,6,3,264.9164,
g0270,WT,drugA,2.5,24,1,300.0995,
g0270,WT,drugA,2.5,24,2,227.8542,
g0270,WT,drugA,2.5,24,3,264.4992,
g0270,WT,drugA,5,24,1,286.6207,
g0270,WT,drugA,5,24,2,282.9228,
g0270,WT,drugA,5,24,3,247.4985,
g0270,WT,drugA,10,24,1,250.7098,
g0270,WT,drugA,10,24,2,243.5337,
g0270,WT,drugA,10,24,3,241.9386,
g0270,WT,DMSO,0,24,1,267.5937,
g0270,WT,DMSO,0,24,2,260.1044,
g0270,WT,DMSO,0,24,3,233.8177,
g0270,mutant,drugA,2.5,6,1,268.1892,
g0270,mutant,drugA,2.5,6,2,269.1299,
g0270,mutant,drugA,2.5,6,3,255.2861,
g0270,mutant,drugA,5,6,1,247.4111,
g0270,mutant,drugA,5,6,2,255.6322,
g0270,mutant,drugA,5,6,3,331.1317,
g0270,mutant,drugA,10,6,1,255.5477,
g0270,mutant,drugA,10,6,2,255.0301,
g0270,mutant,drugA,10,6,3,233.7577,
g0270,mutant,DMSO,0,6,1,299.9541,
g0270,mutant,DMSO,0,6,2,256.1134,
g0270,mutant,DMSO,0,6,3,283.999,
g0270,mutant,drugA,2.5,24,1,303.4969,
g0270,mutant,drugA,2.5,24,2,244.0263,
g0270,mutant,drugA,2.5,24,3,272.8955,
g0270,mutant,drugA,5,24,1,282.559,
g0270,mutant,drugA,5,24,2,244.2044,
g0270,mutant,drugA,5,24,3,241.8388,
g0270,mutant,drugA,10,24,1,270.2115,
g0270,mutant,drugA,10,24,3,248.4062,
g0270,mutant,DMSO,0,24,1,258.7151,
g0270,mutant,DMSO,0,24,2,257.6451,
g0270,mutant,DMSO,0,24,3,216.2393,
g0271,WT,drugA,2.5,6,1,1237.2604,
g0271,WT,drugA,2.5,6,2,1270.944,
g0271,WT,drugA,2.5,6,3,1139.5247,
g0271,WT,drugA,5,6,1,1225.1041,
g0271,WT,drugA,5,6,2,1368.8046,
g0271,WT,drugA,5,6,3,1234.5369,
g0271,WT,drugA,10,6,1,2198.0611,
g0271,WT,drugA,10,6,3,2091.8824,
g0271,WT,DMSO,0,6,1,877.9302,
g0271,WT,DMSO,0,6,2,1039.3838,
g0271,WT,drugA,2.5,24,1,1612.4868,
g0271,WT,drugA,2.5,24,2,1113.6812,
g0271,WT,drugA,2.5,24,3,1532.4863,
g0271,WT,drugA,5,24,1,2065.8582,
g0271,WT,drugA,5,24,2,2202.4847,
g0271,WT,drugA,5,24,3,1867.0135,
g0271,WT,drugA,10,24,1,3675.4445,
g0271,WT,drugA,10,24,2,4785.0895,
g0271,WT,drugA,10,24,3,5213.5335,
g0271,WT,DMSO,0,24,1,943.8425,
g0271,WT,DMSO,0,24,2,917.9021,
g0271,WT,DMSO,0,24,3,961.0735,
g0271,mutant,drugA,2.5,6,1,1076.9656,
g0271,mutant,drugA,2.5,6,2,1164.0547,
g0271,mutant,drugA,2.5,6,3,1163.6561,
g0271,mutant,drugA,5,6,1,1387.8886,
g0271,mutant,drugA,5,6,2,1169.9096,
g0271,mutant,drugA,5,6,3,1521.5234,
g0271,mutant,drugA,10,6,1,2194.4441,
g0271,mutant,drugA,10,6,2,1712.3111,
g0271,mutant,drugA,10,6,3,1654.1247,
g0271,mutant,DMSO,0,6,1,1017.4186,
g0271,mutant,DMSO,0,6,2,872.8628,
g0271,mutant,DMSO,0,6,3,816.8479,
g0271,mutant,drugA,2.5,24,1,1369.2107,
g0271,mutant,drugA,2.5,24,2,1457.6862,
g0271,mutant,drugA,2.5,24,3,1304.6965,
g0271,mutant,drugA,5,24,1,2137.6143,
g0271,mutant,drugA,5,24,2,2002.5577,
g0271,mutant,drugA,5,24,3,1983.6611,
g0271,mutant,drugA,10,24,1,3375.5186,
g0271,mutant,drugA,10,24,2,5067.8631,
g0271,mutant,drugA,10,24,3,4422.9866,
g0271,mutant,DMSO,0,24,1,880.9855,
g0271,mutant,DMSO,0,24,2,924.2089,
g0271,mutant,DMSO,0,24,3,977.4844,
g0272,WT,drugA,2.5,6,1,417.8831,
g0272,WT,drugA,2.5,6,2,389.4617,
g0272,WT,drugA,2.5,6,3,400.1959,
g0272,WT,drugA,5,6,1,494.9179,
g0272,WT,drugA,5,6,2,598.6304,
g0272,WT,drugA,5,6,3,475.9479,
g0272,WT,drugA,10,6,1,991.5103,
g0272,WT,drugA,10,6,2,866.0697,
g0272,WT,drugA,10,6,3,805.3217,
g0272,WT,DMSO,0,6,1,311.5746,
g0272,WT,DMSO,0,6,2,358.3922,
g0272,WT,DMSO,0,6,3,380.8418,
g0272,WT,drugA,2.5,24,1,613.6428,
g0272,WT,drugA,2.5,24,2,518.5451,
g0272,WT,drugA,2.5,24,3,517.7131,
g0272,WT,drugA,5,24,1,853.2727,
g0272,WT,drugA,5,24,2,740.5792,
g0272,WT,drugA,5,24,3,768.1626,
g0272,WT,drugA,10,24,1,1956.4847,
g0272,WT,drugA,10,24,2,1702.8086,
g0272,WT,drugA,10,24,3,2040.5635,
g0272,WT,DMSO,0,24,1,329.4453,
g0272,WT,DMSO,0,24,2,298.8711,
g0272,WT,DMSO,0,24,3,328.005,
g0272,mutant,drugA,2.5,6,2,400.0225,
g0272,mutant,drugA,2.5,6,3,390.9294,
g0272,mutant,drugA,5,6,1,462.1892,
g0272,mutant,drugA,5,6,2,518.9941,
g0272,mutant,drugA,5,6,3,479.5929,
g0272,mutant,drugA,10,6,1,884.3973,
g0272,mutant,drugA,10,6,2,637.359,
g0272,mutant,drugA,10,6,3,929.969,
g0272,mutant,DMSO,0,6,1,378.2678,
g0272,mutant,DMSO,0,6,2,365.6183,
g0272,mutant,DMSO,0,6,3,337.5614,
g0272,mutant,drugA,2.5,24,1,642.1829,
g0272,mutant,drugA,2.5,24,2,458.1894,
g0272,mutant,drugA,2.5,24,3,522.2757,
g0272,mutant,drugA,5,24,1,742.8285,
g0272,mutant,drugA,5,24,2,778.2156,
g0272,mutant,drugA,5,24,3,767.9681,
g0272,mutant,drugA,10,24,1,1729.9647,
g0272,mutant,drugA,10,24,2,1913.5193,
g0272,mutant,drugA,10,24,3,1771.3026,
g0272,mutant,DMSO,0,24,1,255.6848,
g0272,mutant,DMSO,0,24,2,255.0233,
g0272,mutant,DMSO,0,24,3,359.5313,
g0273,WT,drugA,2.5,6,1,52.216,
g0273,WT,drugA,2.5,6,2,52.1452,
g0273,WT,drugA,2.5,6,3,65.3448,
g0273,WT,drugA,5,6,1,39.7076,
g0273,WT,drugA,5,6,2,42.4279,
g0273,WT,drugA,5,6,3,61.3766,
g0273,WT,drugA,10,6,1,51.0387,
g0273,WT,drugA,10,6,2,51.9671,
g0273,WT,drugA,10,6,3,56.3286,
g0273,WT,DMSO,0,6,1,55.1545,
g0273,WT,DMSO,0,6,2,52.3792,
g0273,WT,DMSO,0,6,3,52.7627,
g0273,WT,drugA,2.5,24,1,45.3038,
g0273,WT,drugA,2.5,24,2,57.696,
g0273,WT,drugA,2.5,24,3,56.2875,
g0273,WT,drugA,5,24,1,64.6478,
g0273,WT,drugA,5,24,2,58.4313,
g0273,WT,drugA,5,24,3,54.0819,
g0273,WT,drugA,10,24,1,57.4818,
g0273,WT,drugA,10,24,2,47.8174,
g0273,WT,drugA,10,24,3,51.9344,
g0273,WT,DMSO,0,24,1,46.6231,
g0273,WT,DMSO,0,24,2,55.5697,
g0273,WT,DMSO,0,24,3,46.3289,
g0273,mutant,drugA,2.5,6,1,57.281,
g0273,mutant,drugA,2.5,6,2,56.991,
g0273,mutant,drugA,2.5,6,3,47.7444,
g0273,mutant,drugA,5,6,1,64.3752,
g0273,mutant,drugA,5,6,2,52.7705,
g0273,mutant,drugA,5,6,3,58.502,
g0273,mutant,drugA,10,6,1,51.3624,
g0273,mutant,drugA,10,6,2,59.4084,
g0273,mutant,drugA,10,6,3,56.7452,
g0273,mutant,DMSO,0,6,1,62.6221,
g0273,mutant,DMSO,0,6,2,62.3799,
g0273,mutant,DMSO,0,6,3,47.9825,
g0273,mutant,drugA,2.5,24,1,50.0741,
g0273,mutant,drugA,2.5,24,2,55.1127,
g0273,mutant,drugA,5,24,1,58.5416,
g0273,mutant,drugA,5,24,2,59.3905,
g0273,mutant,drugA,5,24,3,55.0893,
g0273,mutant,drugA,10,24,1,50.5615,
g0273,mutant,drugA,10,24,2,57.1389,
g0273,mutant,drugA,10,24,3,56.1202,
g0273,mutant,DMSO,0,24,1,63.6475,
g0273,mutant,DMSO,0,24,2,38.2575,
g0273,mutant,DMSO,0,24,3,53.8794,
g0274,WT,drugA,2.5,6,1,628.42,
g0274,WT,drugA,2.5,6,2,608.7172,
g0274,WT,drugA,2.5,6,3,553.0457,
g0274,WT,drugA,5,6,1,466.3967,
g0274,WT,drugA,5,6,2,517.1271,
g0274,WT,drugA,5,6,3,481.9208,
g0274,WT,drugA,10,6,1,511.4002,
g0274,WT,drugA,10,6,2,623.1251,
g0274,WT,drugA,10,6,3,608.8836,
g0274,WT,DMSO,0,6,1,525.6824,
g0274,WT,DMSO,0,6,2,552.4633,
g0274,WT,DMSO,0,6,3,648.2967,
g0274,WT,drugA,2.5,24,1,570.22,
g0274,WT,drugA,2.5,24,2,607.852,
g0274,WT,drugA,2.5,24,3,543.7107,
g0274,WT,drugA,5,24,1,540.772,
g0274,WT,drugA,5,24,2,523.6866,
g0274,WT,drugA,5,24,3,566.0252,
g0274,WT,drugA,10,24,1,579.5932,
g0274,WT,drugA,10,24,2,587.9256,
g0274,WT,drugA,10,24,3,612.4689,
g0274,WT,DMSO,0,24,1,479.3464,
g0274,WT,DMSO,0,24,2,575.8069,
g0274,WT,DMSO,0,24,3,591.2435,
g0274,mutant,drugA,2.5,6,1,608.7234,
g0274,mutant,drugA,2.5,6,2,608.3898,
g0274,mutant,drugA,2.5,6,3,553.7214,
g0274,mutant,drugA,5,6,1,514.25,
g0274,mutant,drugA,5,6,2,487.4953,
g0274,mutant,drugA,5,6,3,529.2632,
g0274,mutant,drugA,10,6,1,469.4682,
g0274,mutant,drugA,10,6,2,497.2487,
g0274,mutant,drugA,10,6,3,529.7756,
g0274,mutant,DMSO,0,6,1,503.9528,
g0274,mutant,DMSO,0,6,2,506.7635,
g0274,mutant,DMSO,0,6,3,522.8488,
g0274,mutant,drugA,2.5,24,1,455.3607,
g0274,mutant,drugA,2.5,24,2,633.9038,
g0274,mutant,drugA,2.5,24,3,564.4722,
g0274,mutant,drugA,5,24,1,612.8294,
g0274,mutant,drugA,5,24,2,540.414,
g0274,mutant,drugA,5,24,3,664.6588,
g0274,mutant,drugA,10,24,1,621.1315,
g0274,mutant,drugA,10,24,2,517.6693,
g0274,mutant,drugA,10,24,3,487.8424,
g0274,mutant,DMSO,0,24,2,524.4541,
g0274,mutant,DMSO,0,24,3,560.5555,
g0275,WT,drugA,2.5,6,1,60.7605,
g0275,WT,drugA,2.5,6,2,55.0154,
g0275,WT,drugA,2.5,6,3,52.1923,
g0275,WT,drugA,5,6,1,61.0512,
g0275,WT,drugA,5,6,2,68.0235,
g0275,WT,drugA,5,6,3,64.9129,
g0275,WT,drugA,10,6,1,68.2436,
g0275,WT,drugA,10,6,2,67.0744,
g0275,WT,drugA,10,6,3,67.3262,
g0275,WT,DMSO,0,6,1,59.1419,
g0275,WT,DMSO,0,6,2,60.5937,
g0275,WT,DMSO,0,6,3,65.5248,
g0275,WT,drugA,2.5,24,1,52.9809,
g0275,WT,drugA,2.5,24,2,65.9011,
g0275,WT,drugA,2.5,24,3,53.6254,
g0275,WT,drugA,5,24,1,59.7744,
g0275,WT,drugA,5,24,2,59.7201,
g0275,WT,drugA,5,24,3,53.6966,
g0275,WT,drugA,10,24,1,79.4411,
g0275,WT,drugA,10,24,2,70.788,
g0275,WT,drugA,10,24,3,54.3737,
g0275,WT,DMSO,0,24,1,67.7132,
g0275,WT,DMSO,0,24,2,67.7299,
g0275,WT,DMSO,0,24,3,54.0127,
g0275,mutant,drugA,2.5,6,1,59.3934,
g0275,mutant,drugA,2.5,6,2,72.94,
g0275,mutant,drugA,2.5,6,3,61.3983,
g0275,mutant,drugA,5,6,1,52.3022,
g0275,mutant,drugA,5,6,2,59.1579,
g0275,mutant,drugA,5,6,3,53.1521,
g0275,mutant,drugA,10,6,1,53.596,
g0275,mutant,drugA,10,6,2,64.7492,
g0275,mutant,drugA,10,6,3,63.3441,
g0275,mutant,DMSO,0,6,1,59.2152,
g0275,mutant,DMSO,0,6,2,56.3501,
g0275,mutant,DMSO,0,6,3,61.092,
g0275,mutant,drugA,2.5,24,1,54.2563,
g0275,mutant,drugA,2.5,24,2,52.0542,
g0275,mutant,drugA,2.5,24,3,63.4341,
g0275,mutant,drugA,5,24,1,52.3211,
g0275,mutant,drugA,5,24,2,59.2893,
g0275,mutant,drugA,5,24,3,55.8407,
g0275,mutant,drugA,10,24,1,73.1593,
g0275,mutant,drugA,10,24,2,61.931,
g0275,mutant,drugA,10,24,3,64.7443,
g0275,mutant,DMSO,0,24,1,72.7079,
g0275,mutant,DMSO,0,24,2,67.761,
g0275,mutant,DMSO,0,24,3,61.4555,
g0276,WT,drugA,2.5,6,1,504.536,
g0276,WT,drugA,2.5,6,2,544.4401,
g0276,WT,drugA,2.5,6,3,558.8704,
g0276,WT,drugA,5,6,1,470.5484,
g0276,WT,drugA,5,6,2,425.9749,
g0276,WT,drugA,5,6,3,494.2399,
g0276,WT,drugA,10,6,1,504.7802,
g0276,WT,drugA,10,6,2,471.279,
g0276,WT,drugA,10,6,3,491.7837,
g0276,WT,DMSO,0,6,1,412.4571,
g0276,WT,DMSO,0,6,2,474.5381,
g0276,WT,DMSO,0,6,3,466.5992,
g0276,WT,drugA,2.5,24,1,476.1428,
g0276,WT,drugA,2.5,24,2,512.785,
g0276,WT,drugA,2.5,24,3,458.55,
g0276,WT,drugA,5,24,1,469.7705,
g0276,WT,drugA,5,24,2,555.1225,
g0276,WT,drugA,5,24,3,463.6073,
g0276,WT,drugA,10,24,1,369.827,
g0276,WT,drugA,10,24,2,448.692,
g0276,WT,drugA,10,24,3,518.6425,
g0276,WT,DMSO,0,24,1,411.8206,
g0276,WT,DMSO,0,24,2,425.4515,
g0276,WT,DMSO,0,24,3,404.8267,
g0276,mutant,drugA,2.5,6,2,418.4624,
g0276,mutant,drugA,2.5,6,3,453.6852,
g0276,mutant,drugA,5,6,1,414.1725,
g0276,mutant,drugA,5,6,2,464.5779,
g0276,mutant,drugA,5,6,3,440.4454,
g0276,mutant,drugA,10,6,1,355.2357,
g0276,mutant,drugA,10,6,2,457.2107,
g0276,mutant,drugA,10,6,3,570.2639,
g0276,mutant,DMSO,0,6,1,516.7073,
g0276,mutant,DMSO,0,6,2,511.7793,
g0276,mutant,DMSO,0,6,3,547.7176,
g0276,mutant,drugA,2.5,24,1,620.0787,
g0276,mutant,drugA,2.5,24,2,368.9456,
g0276,mutant,drugA,2.5,24,3,486.0877,
g0276,mutant,drugA,5,24,1,465.3093,
g0276,mutant,drugA,5,24,2,473.3187,
g0276,mutant,drugA,5,24,3,353.183,
g0276,mutant,drugA,10,24,1,472.0102,
g0276,mutant,drugA,10,24,2,486.3644,
g0276,mutant,drugA,10,24,3,445.748,
g0276,mutant,DMSO,0,24,1,451.2521,
g0276,mutant,DMSO,0,24,2,530.9275,
g0276,mutant,DMSO,0,24,3,449.0981,
g0277,WT,drugA,2.5,6,1,161.1586,
g0277,WT,drugA,2.5,6,2,194.643,
g0277,WT,drugA,2.5,6,3,185.1116,
g0277,WT,drugA,5,6,1,151.8799,
g0277,WT,drugA,5,6,2,170.3031,
g0277,WT,drugA,5,6,3,176.1008,
g0277,WT,drugA,10,6,1,154.4816,
g0277,WT,drugA,10,6,2,189.265,
g0277,WT,drugA,10,6,3,169.0369,
g0277,WT,DMSO,0,6,1,217.9617,
g0277,WT,DMSO,0,6,2,184.6335,
g0277,WT,DMSO,0,6,3,147.8205,
g0277,WT,drugA,2.5,24,1,178.4211,
g0277,WT,drugA,2.5,24,2,190.9784,
g0277,WT,drugA,2.5,24,3,171.1755,
g0277,WT,drugA,5,24,1,163.2744,
g0277,WT,drugA,5,24,2,195.7274,
g0277,WT,drugA,5,24,3,157.5433,
g0277,WT,drugA,10,24,1,187.9437,
g0277,WT,drugA,10,24,2,160.1787,
g0277,WT,drugA,10,24,3,134.9294,
g0277,WT,DMSO,0,24,1,206.2093,
g0277,WT,DMSO,0,24,2,168.5553,
g0277,WT,DMSO,0,24,3,142.4053,
g0277,mutant,drugA,2.5,6,1,185.9096,
g0277,mutant,drugA,2.5,6,2,196.0804,
g0277,mutant,drugA,2.5,6,3,188.7277,
g0277,mutant,drugA,5,6,1,171.4073,
g0277,mutant,drugA,5,6,2,168.611,
g0277,mutant,drugA,5,6,3,168.5288,
g0277,mutant,drugA,10,6,1,172.298,
g0277,mutant,drugA,10,6,2,134.6437,
g0277,mutant,drugA,10,6,3,168.8704,
g0277,mutant,DMSO,0,6,1,192.7916,
g0277,mutant,DMSO,0,6,2,197.077,
g0277,mutant,DMSO,0,6,3,188.392,
g0277,mutant,drugA,2.5,24,1,173.9909,
g0277,mutant,drugA,2.5,24,2,160.3812,
g0277,mutant,drugA,2.5,24,3,194.1138,
g0277,mutant,drugA,5,24,1,162.1589,
g0277,mutant,drugA,5,24,2,162.2726,
g0277,mutant,drugA,5,24,3,188.3514,
g0277,mutant,drugA,10,24,1,173.8948,
g0277,mutant,drugA,10,24,2,181.8316,
g0277,mutant,drugA,10,24,3,195.5492,
g0277,mutant,DMSO,0,24,1,178.4028,
g0277,mutant,DMSO,0,24,2,146.2738,
g0277,mutant,DMSO,0,24,3,175.7361,
g0278,WT,drugA,2.5,6,1,548.2573,
g0278,WT,drugA,2.5,6,2,731.4172,
g0278,WT,drugA,2.5,6,3,597.8534,
g0278,WT,drugA,5,6,1,847.2336,
g0278,WT,drugA,5,6,2,733.514,
g0278,WT,drugA,5,6,3,740.6111,
g0278,WT,drugA,10,6,1,921.543,
g0278,WT,drugA,10,6,2,831.1875,
g0278,WT,drugA,10,6,3,833.7609,
g0278,WT,DMSO,0,6,1,658.0487,
g0278,WT,DMSO,0,6,2,752.1429,
g0278,WT,DMSO,0,6,3,695.1278,
g0278,WT,drugA,2.5,24,1,625.5646,
g0278,WT,drugA,2.5,24,2,787.1274,
g0278,WT,drugA,2.5,24,3,757.2473,
g0278,WT,drugA,5,24,1,962.7641,
g0278,WT,drugA,5,24,2,875.9271,
g0278,WT,drugA,5,24,3,755.4634,
g0278,WT,drugA,10,24,1,1193.1456,
g0278,WT,drugA,10,24,2,1118.987,
g0278,WT,drugA,10,24,3,1144.6569,
g0278,WT,DMSO,0,24,1,541.8844,
g0278,WT,DMSO,0,24,2,632.5252,
g0278,WT,DMSO,0,24,3,692.6586,
g0278,mutant,drugA,2.5,6,1,740.0258,
g0278,mutant,drugA,2.5,6,2,715.3282,
g0278,mutant,drugA,2.5,6,3,759.184,
g0278,mutant,drugA,5,6,1,918.0782,
g0278,mutant,drugA,5,6,2,856.7477,
g0278,mutant,drugA,5,6,3,859.5451,
g0278,mutant,drugA,10,6,1,1179.5729,
g0278,mutant,drugA,10,6,2,977.9701,
g0278,mutant,drugA,10,6,3,1127.0337,
g0278,mutant,DMSO,0,6,1,549.5467,
g0278,mutant,DMSO,0,6,2,595.6351,
g0278,mutant,DMSO,0,6,3,663.9905,
g0278,mutant,drugA,2.5,24,1,796.6851,
g0278,mutant,drugA,2.5,24,2,954.245,
g0278,mutant,drugA,2.5,24,3,878.0464,
g0278,mutant,drugA,5,24,1,1205.8274,
g0278,mutant,drugA,5,24,2,1082.51,
g0278,mutant,drugA,5,24,3,1114.7434,
g0278,mutant,drugA,10,24,1,1923.6404,
g0278,mutant,drugA,10,24,2,2161.2271,
g0278,mutant,drugA,10,24,3,2058.6396,
g0278,mutant,DMSO,0,24,1,714.0874,
g0278,mutant,DMSO,0,24,2,546.9928,
g0278,mutant,DMSO,0,24,3,646.2327,
g0279,WT,drugA,2.5,6,1,1040.0309,
g0279,WT,drugA,2.5,6,2,1048.6908,
g0279,WT,drugA,2.5,6,3,1023.2295,
g0279,WT,drugA,5,6,1,914.8168,
g0279,WT,drugA,5,6,2,941.8088,
g0279,WT,drugA,5,6,3,920.0103,
g0279,WT,drugA,10,6,1,1049.1635,
g0279,WT,drugA,10,6,2,1200.7225,
g0279,WT,drugA,10,6,3,913.5184,
g0279,WT,DMSO,0,6,1,1043.6926,
g0279,WT,DMSO,0,6,2,1080.7705,
g0279,WT,DMSO,0,6,3,1012.1412,
g0279,WT,drugA,2.5,24,1,1001.5358,
g0279,WT,drugA,2.5,24,2,1184.8586,
g0279,WT,drugA,2.5,24,3,1026.9622,
g0279,WT,drugA,5,24,1,1065.1098,
g0279,WT,drugA,5,24,2,1001.5363,
g0279,WT,drugA,5,24,3,1083.4061,
g0279,WT,drugA,10,24,1,986.9248,
g0279,WT,drugA,10,24,2,956.3969,
g0279,WT,drugA,10,24,3,1042.4582,
g0279,WT,DMSO,0,24,1,1008.6779,
g0279,WT,DMSO,0,24,2,954.0154,
g0279,mutant,drugA,2.5,6,1,923.5049,
g0279,mutant,drugA,2.5,6,2,1023.2106,
g0279,mutant,drugA,2.5,6,3,1073.5362,
g0279,mutant,drugA,5,6,1,936.1588,
g0279,mutant,drugA,5,6,2,968.4673,
g0279,mutant,drugA,5,6,3,1122.6063,
g0279,mutant,drugA,10,6,1,990.8482,
g0279,mutant,drugA,10,6,2,1049.2178,
g0279,mutant,drugA,10,6,3,1008.5795,
g0279,mutant,DMSO,0,6,1,1003.9481,
g0279,mutant,DMSO,0,6,2,892.7954,
g0279,mutant,DMSO,0,6,3,915.5323,
g0279,mutant,drugA,2.5,24,1,1149.3057,
g0279,mutant,drugA,2.5,24,2,1150.2373,
g0279,mutant,drugA,2.5,24,3,1082.8192,
g0279,mutant,drugA,5,24,1,867.3711,
g0279,mutant,drugA,5,24,2,936.64,
g0279,mutant,drugA,5,24,3,1215.2447,
g0279,mutant,drugA,10,24,1,1004.4793,
g0279,mutant,drugA,10,24,2,879.9596,
g0279,mutant,drugA,10,24,3,1135.0296,
g0279,mutant,DMSO,0,24,1,1049.5412,
g0279,mutant,DMSO,0,24,2,855.6798,
g0279,mutant,DMSO,0,24,3,969.5065,
g0280,WT,drugA,2.5,6,1,65.43,
g0280,WT,drugA,2.5,6,2,76.074,
g0280,WT,drugA,2.5,6,3,72.9924,
g0280,WT,drugA,5,6,1,72.3273,
g0280,WT,drugA,5,6,2,63.3392,
g0280,WT,drugA,5,6,3,60.0813,
g0280,WT,drugA,10,6,1,67.122,
g0280,WT,drugA,10,6,2,65.3046,
g0280,WT,drugA,10,6,3,73.5858,
g0280,WT,DMSO,0,6,1,67.3512,
g0280,WT,DMSO,0,6,2,78.2783,
g0280,WT,DMSO,0,6,3,68.9475,
g0280,WT,drugA,2.5,24,2,72.9182,
g0280,WT,drugA,2.5,24,3,70.2593,
g0280,WT,drugA,5,24,1,63.6381,
g0280,WT,drugA,5,24,2,53.3546,
g0280,WT,drugA,5,24,3,64.7449,
g0280,WT,drugA,10,24,1,64.6948,
g0280,WT,drugA,10,24,2,64.6546,
g0280,WT,drugA,10,24,3,74.4599,
g0280,WT,DMSO,0,24,1,75.2481,
g0280,WT,DMSO,0,24,2,62.3692,
g0280,WT,DMSO,0,24,3,68.9553,
g0280,mutant,drugA,2.5,6,1,74.951,
g0280,mutant,drugA,2.5,6,2,76.7693,
g0280,mutant,drugA,2.5,6,3,63.1692,
g0280,mutant,drugA,5,6,1,61.7286,
g0280,mutant,drugA,5,6,2,60.9553,
g0280,mutant,drugA,5,6,3,81.9936,
g0280,mutant,drugA,10,6,1,63.687,
g0280,mutant,drugA,10,6,2,68.1835,
g0280,mutant,drugA,10,6,3,63.3391,
g0280,mutant,DMSO,0,6,1,60.6903,
g0280,mutant,DMSO,0,6,2,58.7602,
g0280,mutant,DMSO,0,6,3,63.6177,
g0280,mutant,drugA,2.5,24,1,73.5493,
g0280,mutant,drugA,2.5,24,2,67.6931,
g0280,mutant,drugA,2.5,24,3,70.2311,
g0280,mutant,drugA,5,24,1,71.962,
g0280,mutant,drugA,5,24,2,60.947,
g0280,mutant,drugA,5,24,3,69.3693,
g0280,mutant,drugA,10,24,1,72.761,
g0280,mutant,drugA,10,24,2,71.5588,
g0280,mutant,drugA,10,24,3,69.9662,
g0280,mutant,DMSO,0,24,1,57.7195,
g0280,mutant,DMSO,0,24,2,64.4114,
g0280,mutant,DMSO,0,24,3,74.148,
g0281,WT,drugA,2.5,6,1,117.6918,
g0281,WT,drugA,2.5,6,2,116.508,
g0281,WT,drugA,2.5,6,3,177.3276,
g0281,WT,drugA,5,6,1,134.6296,
g0281,WT,drugA,5,6,2,142.1452,
g0281,WT,drugA,5,6,3,157.2214,
g0281,WT,drugA,10,6,1,132.1341,
g0281,WT,drugA,10,6,2,130.6651,
g0281,WT,DMSO,0,6,1,133.932,
g0281,WT,DMSO,0,6,2,118.8369,
g0281,WT,DMSO,0,6,3,125.9207,
g0281,WT,drugA,2.5,24,1,146.7521,
g0281,WT,drugA,2.5,24,2,138.1298,
g0281,WT,drugA,2.5,24,3,116.9561,
g0281,WT,drugA,5,24,1,121.8262,
g0281,WT,drugA,5,24,2,138.3594,
g0281,WT,drugA,5,24,3,123.3146,
g0281,WT,drugA,10,24,1,132.1715,
g0281,WT,drugA,10,24,3,133.0224,
g0281,WT,DMSO,0,24,1,130.3001,
g0281,WT,DMSO,0,24,2,142.1557,
g0281,WT,DMSO,0,24,3,123.0712,
g0281,mutant,drugA,2.5,6,1,120.5918,
g0281,mutant,drugA,2.5,6,2,123.4618,
g0281,mutant,drugA,2.5,6,3,135.386,
g0281,mutant,drugA,5,6,1,130.8192,
g0281,mutant,drugA,5,6,2,120.5159,
g0281,mutant,drugA,5,6,3,118.1174,
g0281,mutant,drugA,10,6,1,149.1264,
g0281,mutant,drugA,10,6,2,138.513,
g0281,mutant,drugA,10,6,3,134.5397,
g0281,mutant,DMSO,0,6,1,148.2052,
g0281,mutant,DMSO,0,6,2,127.5102,
g0281,mutant,DMSO,0,6,3,120.0176,
g0281,mutant,drugA,2.5,24,1,127.1717,
g0281,mutant,drugA,2.5,24,2,136.3517,
g0281,mutant,drugA,2.5,24,3,121.7409,
g0281,mutant,drugA,5,24,1,115.915,
g0281,mutant,drugA,5,24,2,125.1981,
g0281,mutant,drugA,5,24,3,129.6529,
g0281,mutant,drugA,10,24,1,120.6078,
g0281,mutant,drugA,10,24,2,132.0104,
g0281,mutant,drugA,10,24,3,126.8122,
g0281,mutant,DMSO,0,24,1,131.9263,
g0281,mutant,DMSO,0,24,2,143.8165,
g0281,mutant,DMSO,0,24,3,146.1908,
g0282,WT,drugA,2.5,6,1,308.0372,
g0282,WT,drugA,2.5,6,2,223.3212,
g0282,WT,drugA,2.5,6,3,275.5095,
g0282,WT,drugA,5,6,1,265.9317,
g0282,WT,drugA,5,6,2,259.2732,
g0282,WT,drugA,5,6,3,328.4734,
g0282,WT,drugA,10,6,1,257.4323,
g0282,WT,drugA,10,6,2,275.2962,
g0282,WT,drugA,10,6,3,299.1616,
g0282,WT,DMSO,0,6,1,277.9374,
g0282,WT,DMSO,0,6,2,280.5899,
g0282,WT,DMSO,0,6,3,278.701,
g0282,WT,drugA,2.5,24,1,295.234,
g0282,WT,drugA,2.5,24,2,260.9962,
g0282,WT,drugA,2.5,24,3,265.8393,
g0282,WT,drugA,5,24,1,287.357,
g0282,WT,drugA,5,24,2,283.795,
g0282,WT,drugA,5,24,3,263.6228,
g0282,WT,drugA,10,24,1,257.9882,
g0282,WT,drugA,10,24,2,294.112,
g0282,WT,drugA,10,24,3,291.3193,
g0282,WT,DMSO,0,24,1,257.6481,
g0282,WT,DMSO,0,24,2,298.5138,
g0282,WT,DMSO,0,24,3,332.2424,
g0282,mutant,drugA,2.5,6,1,333.7815,
g0282,mutant,drugA,2.5,6,2,276.5732,
g0282,mutant,drugA,2.5,6,3,292.0664,
g0282,mutant,drugA,5,6,1,293.2841,
g0282,mutant,drugA,5,6,2,257.1375,
g0282,mutant,drugA,5,6,3,266.8534,
g0282,mutant,drugA,10,6,1,333.2019,
g0282,mutant,drugA,10,6,2,244.354,
g0282,mutant,drugA,10,6,3,295.0693,
g0282,mutant,DMSO,0,6,1,307.4877,
g0282,mutant,DMSO,0,6,2,288.5392,
g0282,mutant,DMSO,0,6,3,332.898,
g0282,mutant,drugA,2.5,24,1,286.2431,
g0282,mutant,drugA,2.5,24,2,285.2533,
g0282,mutant,drugA,2.5,24,3,311.8945,
g0282,mutant,drugA,5,24,1,300.0249,
g0282,mutant,drugA,5,24,2,291.5638,
g0282,mutant,drugA,5,24,3,300.9426,
g0282,mutant,drugA,10,24,1,349.0534,
g0282,mutant,drugA,10,24,3,349.9653,
g0282,mutant,DMSO,0,24,1,306.3026,
g0282,mutant,DMSO,0,24,2,266.1986,
g0282,mutant,DMSO,0,24,3,284.7215,
g0283,WT,drugA,2.5,6,1,368.1273,
g0283,WT,drugA,2.5,6,2,362.8055,
g0283,WT,drugA,2.5,6,3,336.2961,
g0283,WT,drugA,5,6,1,333.1169,
g0283,WT,drugA,5,6,2,315.4012,
g0283,WT,drugA,5,6,3,272.1634,
g0283,WT,drugA,10,6,1,269.7835,
g0283,WT,drugA,10,6,2,280.1817,
g0283,WT,drugA,10,6,3,307.4736,
g0283,WT,DMSO,0,6,1,339.6685,
g0283,WT,DMSO,0,6,2,311.9615,
g0283,WT,DMSO,0,6,3,360.8143,
g0283,WT,drugA,2.5,24,1,351.8381,
g0283,WT,drugA,2.5,24,2,316.1984,
g0283,WT,drugA,2.5,24,3,310.2916,
g0283,WT,drugA,5,24,1,270.1995,
g0283,WT,drugA,5,24,2,335.5697,
g0283,WT,drugA,5,24,3,434.5447,
g0283,WT,drugA,10,24,1,285.3571,
g0283,WT,drugA,10,24,3,286.928,
g0283,WT,DMSO,0,24,1,372.2097,
g0283,WT,DMSO,0,24,2,351.544,
g0283,WT,DMSO,0,24,3,292.7763,
g0283,mutant,drugA,2.5,6,1,279.1476,
g0283,mutant,drugA,2.5,6,2,349.6533,
g0283,mutant,drugA,2.5,6,3,340.2595,
g0283,mutant,drugA,5,6,1,296.1481,
g0283,mutant,drugA,5,6,2,270.3741,
g0283,mutant,drugA,5,6,3,305.9172,
g0283,mutant,drugA,10,6,1,271.3264,
g0283,mutant,drugA,10,6,2,318.012,
g0283,mutant,drugA,10,6,3,322.4301,
g0283,mutant,DMSO,0,6,1,333.8263,
g0283,mutant,DMSO,0,6,2,287.5755,
g0283,mutant,DMSO,0,6,3,337.6456,
g0283,mutant,drugA,2.5,24,1,322.3592,
g0283,mutant,drugA,2.5,24,2,310.4886,
g0283,mutant,drugA,2.5,24,3,359.2202,
g0283,mutant,drugA,5,24,1,300.926,
g0283,mutant,drugA,10,24,1,320.5464,
g0283,mutant,drugA,10,24,2,294.9921,
g0283,mutant,drugA,10,24,3,260.5773,
g0283,mutant,DMSO,0,24,1,330.7842,
g0283,mutant,DMSO,0,24,2,335.2392,
g0283,mutant,DMSO,0,24,3,319.1679,
g0284,WT,drugA,2.5,6,1,118.8727,
g0284,WT,drugA,2.5,6,2,117.7527,
g0284,WT,drugA,2.5,6,3,107.1449,
g0284,WT,drugA,5,6,1,110.8355,
g0284,WT,drugA,5,6,2,112.0644,
g0284,WT,drugA,5,6,3,111.4647,
g0284,WT,drugA,10,6,1,94.055,
g0284,WT,drugA,10,6,2,100.5805,
g0284,WT,drugA,10,6,3,92.0908,
g0284,WT,DMSO,0,6,1,108.2761,
g0284,WT,DMSO,0,6,2,109.8001,
g0284,WT,DMSO,0,6,3,130.6893,
g0284,WT,drugA,2.5,24,1,106.425,
g0284,WT,drugA,2.5,24,2,97.832,
g0284,WT,drugA,2.5,24,3,122.2304,
g0284,WT,drugA,5,24,1,95.8445,
g0284,WT,drugA,5,24,2,86.5486,
g0284,WT,drugA,5,24,3,89.8572,
g0284,WT,drugA,10,24,1,72.6438,
g0284,WT,drugA,10,24,2,71.5642,
g0284,WT,drugA,10,24,3,66.8488,
g0284,WT,DMSO,0,24,1,131.2677,
g0284,WT,DMSO,0,24,2,119.5654,
g0284,WT,DMSO,0,24,3,116.7289,
g0284,mutant,drugA,2.5,6,1,97.1818,
g0284,mutant,drugA,2.5,6,2,137.1578,
g0284,mutant,drugA,2.5,6,3,109.0021,
g0284,mutant,drugA,5,6,1,92.5936,
g0284,mutant,drugA,5,6,2,119.4802,
g0284,mutant,drugA,5,6,3,112.8495,
g0284,mutant,drugA,10,6,2,60.595,
g0284,mutant,drugA,10,6,3,91.8828,
g0284,mutant,DMSO,0,6,1,121.4067,
g0284,mutant,DMSO,0,6,2,100.47,
g0284,mutant,DMSO,0,6,3,125.8577,
g0284,mutant,drugA,2.5,24,1,115.6466,
g0284,mutant,drugA,2.5,24,2,101.4375,
g0284,mutant,drugA,2.5,24,3,109.0642,
g0284,mutant,drugA,5,24,1,110.3222,
g0284,mutant,drugA,5,24,2,85.218,
g0284,mutant,drugA,5,24,3,78.799,
g0284,mutant,drugA,10,24,1,62.1737,
g0284,mutant,drugA,10,24,2,77.3558,
g0284,mutant,drugA,10,24,3,64.3575,
g0284,mutant,DMSO,0,24,1,117.3342,
g0284,mutant,DMSO,0,24,2,121.6244,
g0284,mutant,DMSO,0,24,3,118.9149,
g0285,WT,drugA,2.5,6,1,125.3693,
g0285,WT,drugA,2.5,6,2,119.8768,
g0285,WT,drugA,2.5,6,3,151.2977,
g0285,WT,drugA,5,6,1,117.2054,
g0285,WT,drugA,5,6,2,124.4448,
g0285,WT,drugA,5,6,3,131.9534,
g0285,WT,drugA,10,6,1,115.9387,
g0285,WT,drugA,10,6,2,114.34,
g0285,WT,drugA,10,6,3,142.8226,
g0285,WT,DMSO,0,6,1,117.273,
g0285,WT,DMSO,0,6,2,143.43,
g0285,WT,DMSO,0,6,3,134.182,
g0285,WT,drugA,2.5,24,1,141.0042,
g0285,WT,drugA,2.5,24,2,136.3062,
g0285,WT,drugA,2.5,24,3,128.0464,
g0285,WT,drugA,5,24,1,148.3317,
g0285,WT,drugA,5,24,2,133.8053,
g0285,WT,drugA,5,24,3,131.2413,
g0285,WT,drugA,10,24,1,113.4121,
g0285,WT,drugA,10,24,2,154.0721,
g0285,WT,drugA,10,24,3,127.8256,
g0285,WT,DMSO,0,24,1,142.815,
g0285,WT,DMSO,0,24,2,160.2781,
g0285,WT,DMSO,0,24,3,105.606,
g0285,mutant,drugA,2.5,6,1,128.4257,
g0285,mutant,drugA,2.5,6,2,142.9253,
g0285,mutant,drugA,2.5,6,3,116.7531,
g0285,mutant,drugA,5,6,1,147.8285,
g0285,mutant,drugA,5,6,2,135.3832,
g0285,mutant,drugA,5,6,3,123.6996,
g0285,mutant,drugA,10,6,1,126.4258,
g0285,mutant,drugA,10,6,2,147.8709,
g0285,mutant,drugA,10,6,3,145.9842,
g0285,mutant,DMSO,0,6,1,149.3676,
g0285,mutant,DMSO,0,6,2,122.4798,
g0285,mutant,DMSO,0,6,3,141.8198,
g0285,mutant,drugA,2.5,24,1,119.026,
g0285,mutant,drugA,2.5,24,2,113.1873,
g0285,mutant,drugA,2.5,24,3,142.9504,
g0285,mutant,drugA,5,24,1,158.5663,
g0285,mutant,drugA,5,24,2,135.7377,
g0285,mutant,drugA,5,24,3,148.443,
g0285,mutant,drugA,10,24,1,113.2113,
g0285,mutant,drugA,10,24,2,143.0734,
g0285,mutant,drugA,10,24,3,120.8006,
g0285,mutant,DMSO,0,24,1,123.2477,
g0285,mutant,DMSO,0,24,2,149.3594,
g0285,mutant,DMSO,0,24,3,149.9576,
g0286,WT,drugA,2.5,6,1,486.0874,
g0286,WT,drugA,2.5,6,2,387.5737,
g0286,WT,drugA,2.5,6,3,463.276,
g0286,WT,drugA,5,6,1,459.0666,
g0286,WT,drugA,5,6,2,490.5353,
g0286,WT,drugA,5,6,3,455.1124,
g0286,WT,drugA,10,6,1,491.9806,
g0286,WT,drugA,10,6,2,480.0492,
g0286,WT,drugA,10,6,3,491.8246,
g0286,WT,DMSO,0,6,1,469.4599,
g0286,WT,DMSO,0,6,2,439.7548,
g0286,WT,DMSO,0,6,3,492.6975,
g0286,WT,drugA,2.5,24,1,516.5274,
g0286,WT,drugA,2.5,24,2,515.7208,
g0286,WT,drugA,2.5,24,3,470.2437,
g0286,WT,drugA,5,24,1,468.0391,
g0286,WT,drugA,5,24,2,459.037,
g0286,WT,drugA,5,24,3,563.1099,
g0286,WT,drugA,10,24,1,549.9859,
g0286,WT,drugA,10,24,2,554.976,
g0286,WT,drugA,10,24,3,541.432,
g0286,WT,DMSO,0,24,2,553.3022,
g0286,WT,DMSO,0,24,3,481.462,
g0286,mutant,drugA,2.5,6,1,481.3293,
g0286,mutant,drugA,2.5,6,2,508.2111,
g0286,mutant,drugA,2.5,6,3,522.3191,
g0286,mutant,drugA,5,6,1,449.8551,
g0286,mutant,drugA,5,6,2,523.708,
g0286,mutant,drugA,5,6,3,631.3771,
g0286,mutant,drugA,10,6,1,608.2025,
g0286,mutant,drugA,10,6,2,501.6278,
g0286,mutant,drugA,10,6,3,604.9722,
g0286,mutant,DMSO,0,6,1,466.7955,
g0286,mutant,DMSO,0,6,2,511.0531,
g0286,mutant,DMSO,0,6,3,659.7657,
g0286,mutant,drugA,2.5,24,1,447.4303,
g0286,mutant,drugA,2.5,24,2,450.9751,
g0286,mutant,drugA,2.5,24,3,549.826,
g0286,mutant,drugA,5,24,1,429.9135,
g0286,mutant,drugA,5,24,2,528.9743,
g0286,mutant,drugA,5,24,3,469.9574,
g0286,mutant,drugA,10,24,1,596.8133,
g0286,mutant,drugA,10,24,2,487.1152,
g0286,mutant,drugA,10,24,3,373.4946,
g0286,mutant,DMSO,0,24,1,498.0475,
g0286,mutant,DMSO,0,24,2,445.3047,
g0286,mutant,DMSO,0,24,3,497.8591,
g0287,WT,drugA,2.5,6,1,257.6486,
g0287,WT,drugA,2.5,6,2,241.7821,
g0287,WT,drugA,2.5,6,3,253.8288,
g0287,WT,drugA,5,6,1,254.012,
g0287,WT,drugA,5,6,2,256.1814,
g0287,WT,drugA,5,6,3,244.1911,
g0287,WT,drugA,10,6,1,266.2565,
g0287,WT,drugA,10,6,2,282.788,
g0287,WT,drugA,10,6,3,247.2413,
g0287,WT,DMSO,0,6,1,253.9952,
g0287,WT,DMSO,0,6,2,187.5412,
g0287,WT,DMSO,0,6,3,254.0568,
g0287,WT,drugA,2.5,24,1,211.8642,
g0287,WT,drugA,2.5,24,2,258.9613,
g0287,WT,drugA,2.5,24,3,260.4954,
g0287,WT,drugA,5,24,1,238.6663,
g0287,WT,drugA,5,24,2,218.5491,
g0287,WT,drugA,5,24,3,240.7362,
g0287,WT,drugA,10,24,1,212.079,
g0287,WT,drugA,10,24,2,228.5571,
g0287,WT,drugA,10,24,3,254.2513,
g0287,WT,DMSO,0,24,1,307.9729,
g0287,WT,DMSO,0,24,3,295.0648,
g0287,mutant,drugA,2.5,6,1,249.9973,
g0287,mutant,drugA,2.5,6,2,293.9654,
g0287,mutant,drugA,2.5,6,3,280.1641,
g0287,mutant,drugA,5,6,1,276.8272,
g0287,mutant,drugA,5,6,2,301.5328,
g0287,mutant,drugA,5,6,3,285.6431,
g0287,mutant,drugA,10,6,1,242.1004,
g0287,mutant,drugA,10,6,2,223.6749,
g0287,mutant,drugA,10,6,3,248.0528,
g0287,mutant,DMSO,0,6,1,289.2235,
g0287,mutant,DMSO,0,6,2,234.2101,
g0287,mutant,DMSO,0,6,3,261.9336,
g0287,mutant,drugA,2.5,24,1,286.6166,
g0287,mutant,drugA,2.5,24,2,241.9859,
g0287,mutant,drugA,2.5,24,3,288.2562,
g0287,mutant,drugA,5,24,1,294.2228,
g0287,mutant,drugA,5,24,2,230.5472,
g0287,mutant,drugA,5,24,3,304.1309,
g0287,mutant,drugA,10,24,1,233.7212,
g0287,mutant,drugA,10,24,2,280.9056,
g0287,mutant,drugA,10,24,3,231.4888,
g0287,mutant,DMSO,0,24,1,258.0644,
g0287,mutant,DMSO,0,24,2,250.6865,
g0287,mutant,DMSO,0,24,3,225.1147,
g0288,WT,drugA,2.5,6,1,128.2966,
g0288,WT,drugA,2.5,6,2,156.3985,
g0288,WT,drugA,2.5,6,3,165.4425,
g0288,WT,drugA,5,6,1,134.2276,
g0288,WT,drugA,5,6,2,152.3649,
g0288,WT,drugA,5,6,3,149.8829,
g0288,WT,drugA,10,6,1,158.3731,
g0288,WT,drugA,10,6,2,149.1046,
g0288,WT,drugA,10,6,3,142.0239,
g0288,WT,DMSO,0,6,1,179.277,
g0288,WT,DMSO,0,6,2,175.4025,
g0288,WT,DMSO,0,6,3,151.4021,
g0288,WT,drugA,2.5,24,1,179.0558,
g0288,WT,drugA,2.5,24,2,150.059,
g0288,WT,drugA,2.5,24,3,140.7969,
g0288,WT,drugA,5,24,1,149.8065,
g0288,WT,drugA,5,24,2,164.4059,
g0288,WT,drugA,5,24,3,138.7443,
g0288,WT,drugA,10,24,1,161.5366,
g0288,WT,drugA,10,24,2,163.7038,
g0288,WT,drugA,10,24,3,126.0086,
g0288,WT,DMSO,0,24,1,184.0092,
g0288,WT,DMSO,0,24,2,155.6411,
g0288,WT,DMSO,0,24,3,146.4933,
g0288,mutant,drugA,2.5,6,1,162.1084,
g0288,mutant,drugA,2.5,6,2,157.9921,
g0288,mutant,drugA,2.5,6,3,153.6465,
g0288,mutant,drugA,5,6,1,152.6719,
g0288,mutant,drugA,5,6,2,149.0774,
g0288,mutant,drugA,5,6,3,135.4044,
g0288,mutant,drugA,10,6,1,158.9232,
g0288,mutant,drugA,10,6,2,179.2258,
g0288,mutant,drugA,10,6,3,147.4075,
g0288,mutant,DMSO,0,6,1,144.5581,
g0288,mutant,DMSO,0,6,2,154.4406,
g0288,mutant,DMSO,0,6,3,157.5076,
g0288,mutant,drugA,2.5,24,1,158.7281,
g0288,mutant,drugA,2.5,24,2,136.4832,
g0288,mutant,drugA,2.5,24,3,125.7662,
g0288,mutant,drugA,5,24,1,152.1595,
g0288,mutant,drugA,5,24,2,159.5746,
g0288,mutant,drugA,5,24,3,155.242,
g0288,mutant,drugA,10,24,1,140.8726,
g0288,mutant,drugA,10,24,2,157.6869,
g0288,mutant,drugA,10,24,3,171.3672,
g0288,mutant,DMSO,0,24,1,171.0908,
g0288,mutant,DMSO,0,24,2,151.7539,
g0288,mutant,DMSO,0,24,3,131.7693,
g0289,WT,drugA,2.5,6,1,214.9271,
g0289,WT,drugA,2.5,6,2,238.1363,
g0289,WT,drugA,2.5,6,3,211.3142,
g0289,WT,drugA,5,6,1,231.592,
g0289,WT,drugA,5,6,2,218.3934,
g0289,WT,drugA,5,6,3,214.9008,
g0289,WT,drugA,10,6,1,196.1441,
g0289,WT,drugA,10,6,2,220.952,
g0289,WT,drugA,10,6,3,210.0502,
g0289,WT,DMSO,0,6,1,260.8164,
g0289,WT,DMSO,0,6,2,200.7513,
g0289,WT,DMSO,0,6,3,242.517,
g0289,WT,drugA,2.5,24,1,288.6657,
g0289,WT,drugA,2.5,24,2,238.6711,
g0289,WT,drugA,2.5,24,3,189.1931,
g0289,WT,drugA,5,24,1,186.2331,
g0289,WT,drugA,5,24,2,239.4794,
g0289,WT,drugA,5,24,3,254.7097,
g0289,WT,drugA,10,24,1,222.0913,
g0289,WT,drugA,10,24,2,253.5029,
g0289,WT,drugA,10,24,3,265.3742,
g0289,WT,DMSO,0,24,1,215.5226,
g0289,WT,DMSO,0,24,2,268.2635,
g0289,WT,DMSO,0,24,3,179.9129,
g0289,mutant,drugA,2.5,6,1,221.2065,
g0289,mutant,drugA,2.5,6,2,246.0164,
g0289,mutant,drugA,2.5,6,3,211.2522,
g0289,mutant,drugA,5,6,1,204.1652,
g0289,mutant,drugA,5,6,2,215.7443,
g0289,mutant,drugA,5,6,3,228.2601,
g0289,mutant,drugA,10,6,1,243.1647,
g0289,mutant,drugA,10,6,2,201.2936,
g0289,mutant,drugA,10,6,3,202.7415,
g0289,mutant,DMSO,0,6,1,193.5355,
g0289,mutant,DMSO,0,6,2,250.293,
g0289,mutant,DMSO,0,6,3,235.8253,
g0289,mutant,drugA,2.5,24,1,224.5055,
g0289,mutant,drugA,2.5,24,2,234.367,
g0289,mutant,drugA,2.5,24,3,234.8559,
g0289,mutant,drugA,5,24,1,229.5582,
g0289,mutant,drugA,5,24,2,191.5409,
g0289,mutant,drugA,5,24,3,221.5728,
g0289,mutant,drugA,10,24,1,245.5543,
g0289,mutant,drugA,10,24,2,219.2722,
g0289,mutant,drugA,10,24,3,203.9892,
g0289,mutant,DMSO,0,24,1,197.5257,
g0289,mutant,DMSO,0,24,2,236.186,
g0289,mutant,DMSO,0,24,3,210.2695,
g0290,WT,drugA,2.5,6,1,3489.5626,
g0290,WT,drugA,2.5,6,2,3938.5185,
g0290,WT,drugA,2.5,6,3,3441.593,
g0290,WT,drugA,5,6,1,3173.1316,
g0290,WT,drugA,5,6,2,4209.1751,
g0290,WT,drugA,5,6,3,3829.2592,
g0290,WT,drugA,10,6,1,3852.659,
g0290,WT,drugA,10,6,2,4100.9221,
g0290,WT,drugA,10,6,3,3450.0015,
g0290,WT,DMSO,0,6,1,3600.6125,
g0290,WT,DMSO,0,6,2,3708.9769,
g0290,WT,DMSO,0,6,3,3473.5847,
g0290,WT,drugA,2.5,24,1,4219.0193,
g0290,WT,drugA,2.5,24,2,3755.9777,
g0290,WT,drugA,2.5,24,3,3874.887,
g0290,WT,drugA,5,24,1,3500.1392,
g0290,WT,drugA,5,24,2,4342.5367,
g0290,WT,drugA,5,24,3,3604.7186,
g0290,WT,drugA,10,24,1,3986.2296,
g0290,WT,drugA,10,24,2,3459.7401,
g0290,WT,drugA,10,24,3,3458.8622,
g0290,WT,DMSO,0,24,1,3841.9134,
g0290,WT,DMSO,0,24,2,3674.6221,
g0290,WT,DMSO,0,24,3,3750.927,
g0290,mutant,drugA,2.5,6,1,3334.2836,
g0290,mutant,drugA,2.5,6,2,4748.6783,
g0290,mutant,drugA,2.5,6,3,3327.7835,
g0290,mutant,drugA,5,6,1,3235.1136,
g0290,mutant,drugA,5,6,2,3291.4086,
g0290,mutant,drugA,5,6,3,3402.5775,
g0290,mutant,drugA,10,6,1,3566.4785,
g0290,mutant,drugA,10,6,2,4108.9989,
g0290,mutant,drugA,10,6,3,3485.2811,
g0290,mutant,DMSO,0,6,1,3473.8397,
g0290,mutant,DMSO,0,6,2,3919.9587,
g0290,mutant,DMSO,0,6,3,3289.5036,
g0290,mutant,drugA,2.5,24,1,3347.8654,
g0290,mutant,drugA,2.5,24,2,3881.4841,
g0290,mutant,drugA,2.5,24,3,3526.4484,
g0290,mutant,drugA,5,24,1,3496.2338,
g0290,mutant,drugA,5,24,2,3416.1015,
g0290,mutant,drugA,5,24,3,3034.3238,
g0290,mutant,drugA,10,24,1,4140.4574,
g0290,mutant,drugA,10,24,2,2747.1707,
g0290,mutant,drugA,10,24,3,3297.2938,
g0290,mutant,DMSO,0,24,1,3859.4469,
g0290,mutant,DMSO,0,24,2,3618.5956,
g0290,mutant,DMSO,0,24,3,3936.7976,
g0291,WT,drugA,2.5,6,1,216.4551,
g0291,WT,drugA,2.5,6,2,189.5704,
g0291,WT,drugA,2.5,6,3,174.7187,
g0291,WT,drugA,5,6,1,181.0874,
g0291,WT,drugA,5,6,2,192.9149,
g0291,WT,drugA,5,6,3,209.5999,
g0291,WT,drugA,10,6,1,202.0676,
g0291,WT,drugA,10,6,2,201.4802,
g0291,WT,drugA,10,6,3,269.5526,
g0291,WT,DMSO,0,6,1,186.9879,
g0291,WT,DMSO,0,6,2,178.1914,
g0291,WT,DMSO,0,6,3,187.5724,
g0291,WT,drugA,2.5,24,1,174.9205,
g0291,WT,drugA,2.5,24,2,220.6048,
g0291,WT,drugA,2.5,24,3,184.0362,
g0291,WT,drugA,5,24,1,189.2407,
g0291,WT,drugA,5,24,2,238.8482,
g0291,WT,drugA,5,24,3,169.1021,
g0291,WT,drugA,10,24,1,207.6223,
g0291,WT,drugA,10,24,2,218.5987,
g0291,WT,drugA,10,24,3,178.6078,
g0291,WT,DMSO,0,24,1,198.6764,
g0291,WT,DMSO,0,24,2,191.1131,
g0291,WT,DMSO,0,24,3,185.6459,
g0291,mutant,drugA,2.5,6,1,225.95,
g0291,mutant,drugA,2.5,6,2,203.6205,
g0291,mutant,drugA,2.5,6,3,211.6242,
g0291,mutant,drugA,5,6,1,176.1567,
g0291,mutant,drugA,5,6,2,217.767,
g0291,mutant,drugA,5,6,3,199.4691,
g0291,mutant,drugA,10,6,1,174.1012,
g0291,mutant,drugA,10,6,2,206.2623,
g0291,mutant,drugA,10,6,3,187.7103,
g0291,mutant,DMSO,0,6,1,212.4474,
g0291,mutant,DMSO,0,6,2,194.208,
g0291,mutant,DMSO,0,6,3,171.223,
g0291,mutant,drugA,2.5,24,1,177.6993,
g0291,mutant,drugA,2.5,24,2,207.8842,
g0291,mutant,drugA,2.5,24,3,195.3025,
g0291,mutant,drugA,5,24,1,240.7337,
g0291,mutant,drugA,5,24,2,173.9687,
g0291,mutant,drugA,5,24,3,227.8291,
g0291,mutant,drugA,10,24,1,212.8666,
g0291,mutant,drugA,10,24,2,177.898,
g0291,mutant,drugA,10,24,3,200.8008,
g0291,mutant,DMSO,0,24,1,230.3853,
g0291,mutant,DMSO,0,24,2,224.2961,
g0291,mutant,DMSO,0,24,3,199.4477,
g0292,WT,drugA,2.5,6,1,662.488,
g0292,WT,drugA,2.5,6,2,637.6401,
g0292,WT,drugA,2.5,6,3,607.0376,
g0292,WT,drugA,5,6,1,589.4554,
g0292,WT,drugA,5,6,2,567.9333,
g0292,WT,drugA,5,6,3,603.4188,
g0292,WT,drugA,10,6,1,643.9592,
g0292,WT,drugA,10,6,2,822.8672,
g0292,WT,drugA,10,6,3,665.9093,
g0292,WT,DMSO,0,6,1,547.0711,
g0292,WT,DMSO,0,6,2,695.0721,
g0292,WT,DMSO,0,6,3,681.1162,
g0292,WT,drugA,2.5,24,1,459.4049,
g0292,WT,drugA,2.5,24,2,645.9247,
g0292,WT,drugA,2.5,24,3,624.8706,
g0292,WT,drugA,5,24,1,612.9005,
g0292,WT,drugA,5,24,2,612.5467,
g0292,WT,drugA,5,24,3,595.1027,
g0292,WT,drugA,10,24,1,625.1295,
g0292,WT,drugA,10,24,2,477.6338,
g0292,WT,drugA,10,24,3,584.3836,
g0292,WT,DMSO,0,24,1,668.8135,
g0292,WT,DMSO,0,24,2,576.9328,
g0292,WT,DMSO,0,24,3,691.9817,
g0292,mutant,drugA,2.5,6,1,565.0854,
g0292,mutant,drugA,2.5,6,2,582.1302,
g0292,mutant,drugA,2.5,6,3,552.4039,
g0292,mutant,drugA,5,6,1,611.5341,
g0292,mutant,drugA,5,6,2,685.663,
g0292,mutant,drugA,5,6,3,645.7266,
g0292,mutant,drugA,10,6,1,604.3716,
g0292,mutant,drugA,10,6,2,743.5114,
g0292,mutant,drugA,10,6,3,564.4698,
g0292,mutant,DMSO,0,6,1,630.7018,
g0292,mutant,DMSO,0,6,2,599.6841,
g0292,mutant,drugA,2.5,24,1,585.2367,
g0292,mutant,drugA,2.5,24,2,641.2983,
g0292,mutant,drugA,2.5,24,3,719.2213,
g0292,mutant,drugA,5,24,1,616.5641,
g0292,mutant,drugA,5,24,2,647.7487,
g0292,mutant,drugA,5,24,3,556.8376,
g0292,mutant,drugA,10,24,1,675.0205,
g0292,mutant,drugA,10,24,2,679.3504,
g0292,mutant,drugA,10,24,3,693.0448,
g0292,mutant,DMSO,0,24,1,685.8684,
g0292,mutant,DMSO,0,24,2,602.5719,
g0292,mutant,DMSO,0,24,3,569.6082,
g0293,WT,drugA,2.5,6,1,1145.5463,
g0293,WT,drugA,2.5,6,2,1103.8658,
g0293,WT,drugA,2.5,6,3,974.829,
g0293,WT,drugA,5,6,1,880.2528,
g0293,WT,drugA,5,6,2,834.4494,
g0293,WT,drugA,5,6,3,943.2527,
g0293,WT,drugA,10,6,1,869.8997,
g0293,WT,drugA,10,6,2,860.9553,
g0293,WT,drugA,10,6,3,833.1731,
g0293,WT,DMSO,0,6,1,1179.4172,
g0293,WT,DMSO,0,6,2,1111.9156,
g0293,WT,DMSO,0,6,3,1166.2845,
g0293,WT,drugA,2.5,24,1,941.8723,
g0293,WT,drugA,2.5,24,2,863.9438,
g0293,WT,drugA,2.5,24,3,876.3597,
g0293,WT,drugA,5,24,1,701.0292,
g0293,WT,drugA,5,24,2,703.9909,
g0293,WT,drugA,5,24,3,824.2472,
g0293,WT,drugA,10,24,1,461.1777,
g0293,WT,drugA,10,24,2,510.3206,
g0293,WT,drugA,10,24,3,466.2968,
g0293,WT,DMSO,0,24,1,1342.4334,
g0293,WT,DMSO,0,24,2,1310.8065,
g0293,WT,DMSO,0,24,3,1201.3466,
g0293,mutant,drugA,2.5,6,1,1044.8705,
g0293,mutant,drugA,2.5,6,2,1162.7513,
g0293,mutant,drugA,2.5,6,3,999.9711,
g0293,mutant,drugA,5,6,1,839.6117,
g0293,mutant,drugA,5,6,2,870.3174,
g0293,mutant,drugA,5,6,3,897.6148,
g0293,mutant,drugA,10,6,1,748.1964,
g0293,mutant,drugA,10,6,2,769.065,
g0293,mutant,drugA,10,6,3,792.9997,
g0293,mutant,DMSO,0,6,1,1160.9805,
g0293,mutant,DMSO,0,6,2,1086.9688,
g0293,mutant,DMSO,0,6,3,1171.4809,
g0293,mutant,drugA,2.5,24,1,940.9656,
g0293,mutant,drugA,2.5,24,2,1111.2418,
g0293,mutant,drugA,2.5,24,3,816.7502,
g0293,mutant,drugA,5,24,1,679.1094,
g0293,mutant,drugA,5,24,2,696.1641,
g0293,mutant,drugA,5,24,3,716.0107,
g0293,mutant,drugA,10,24,1,521.9173,
g0293,mutant,drugA,10,24,2,466.2491,
g0293,mutant,drugA,10,24,3,516.5138,
g0293,mutant,DMSO,0,24,1,1238.2486,
g0293,mutant,DMSO,0,24,2,1315.3027,
g0293,mutant,DMSO,0,24,3,1189.6953,
g0294,WT,drugA,2.5,6,1,367.3424,
g0294,WT,drugA,2.5,6,2,411.9387,
g0294,WT,drugA,2.5,6,3,370.1748,
g0294,WT,drugA,5,6,1,315.4424,
g0294,WT,drugA,5,6,2,297.2493,
g0294,WT,drugA,5,6,3,277.319,
g0294,WT,drugA,10,6,1,257.8141,
g0294,WT,drugA,10,6,2,234.1855,
g0294,WT,drugA,10,6,3,220.9743,
g0294,WT,DMSO,0,6,1,370.3485,
g0294,WT,DMSO,0,6,2,383.9553,
g0294,WT,DMSO,0,6,3,387.1294,
g0294,WT,drugA,2.5,24,1,298.7749,
g0294,WT,drugA,2.5,24,2,280.9115,
g0294,WT,drugA,2.5,24,3,283.7783,
g0294,WT,drugA,5,24,1,289.2223,
g0294,WT,drugA,5,24,2,238.7649,
g0294,WT,drugA,5,24,3,257.4988,
g0294,WT,drugA,10,24,1,131.4958,
g0294,WT,drugA,10,24,2,133.9732,
g0294,WT,drugA,10,24,3,123.7763,
g0294,WT,DMSO,0,24,1,385.322,
g0294,WT,DMSO,0,24,2,390.9934,
g0294,WT,DMSO,0,24,3,374.9905,
g0294,mutant,drugA,2.5,6,1,321.8495,
g0294,mutant,drugA,2.5,6,2,357.6064,
g0294,mutant,drugA,2.5,6,3,378.1173,
g0294,mutant,drugA,5,6,1,287.2695,
g0294,mutant,drugA,5,6,2,302.8538,
g0294,mutant,drugA,5,6,3,294.0002,
g0294,mutant,drugA,10,6,1,249.5955,
g0294,mutant,drugA,10,6,2,255.9901,
g0294,mutant,drugA,10,6,3,272.1613,
g0294,mutant,DMSO,0,6,1,371.6858,
g0294,mutant,DMSO,0,6,2,366.7601,
g0294,mutant,DMSO,0,6,3,352.3283,
g0294,mutant,drugA,2.5,24,1,298.0493,
g0294,mutant,drugA,2.5,24,2,359.4447,
g0294,mutant,drugA,2.5,24,3,326.2061,
g0294,mutant,drugA,5,24,1,235.4646,
g0294,mutant,drugA,5,24,2,200.9603,
g0294,mutant,drugA,5,24,3,291.2415,
g0294,mutant,drugA,10,24,1,158.0532,
g0294,mutant,drugA,10,24,2,141.63,
g0294,mutant,drugA,10,24,3,152.1303,
g0294,mutant,DMSO,0,24,1,394.315,
g0294,mutant,DMSO,0,24,2,409.6067,
g0294,mutant,DMSO,0,24,3,410.3797,
g0295,WT,drugA,2.5,6,1,143.1596,
g0295,WT,drugA,2.5,6,2,177.4628,
g0295,WT,drugA,2.5,6,3,139.7542,
g0295,WT,drugA,5,6,1,170.0308,
g0295,WT,drugA,5,6,2,164.679,
g0295,WT,drugA,5,6,3,152.3747,
g0295,WT,drugA,10,6,1,158.5072,
g0295,WT,drugA,10,6,2,155.5415,
g0295,WT,drugA,10,6,3,153.5277,
g0295,WT,DMSO,0,6,1,127.7518,
g0295,WT,DMSO,0,6,2,170.8374,
g0295,WT,DMSO,0,6,3,194.9214,
g0295,WT,drugA,2.5,24,1,153.0525,
g0295,WT,drugA,2.5,24,2,187.3981,
g0295,WT,drugA,2.5,24,3,155.6868,
g0295,WT,drugA,5,24,1,153.5395,
g0295,WT,drugA,5,24,2,186.2932,
g0295,WT,drugA,5,24,3,184.8327,
g0295,WT,drugA,10,24,1,137.8259,
g0295,WT,drugA,10,24,2,146.9154,
g0295,WT,drugA,10,24,3,161.203,
g0295,WT,DMSO,0,24,1,170.6773,
g0295,WT,DMSO,0,24,2,138.2311,
g0295,WT,DMSO,0,24,3,144.2453,
g0295,mutant,drugA,2.5,6,1,145.2774,
g0295,mutant,drugA,2.5,6,2,155.3412,
g0295,mutant,drugA,2.5,6,3,162.98,
g0295,mutant,drugA,5,6,1,113.6252,
g0295,mutant,drugA,5,6,2,128.117,
g0295,mutant,drugA,5,6,3,149.7432,
g0295,mutant,drugA,10,6,1,176.856,
g0295,mutant,drugA,10,6,2,141.0513,
g0295,mutant,drugA,10,6,3,132.1639,
g0295,mutant,DMSO,0,6,1,153.5478,
g0295,mutant,DMSO,0,6,2,157.8545,
g0295,mutant,DMSO,0,6,3,150.9957,
g0295,mutant,drugA,2.5,24,1,168.012,
g0295,mutant,drugA,2.5,24,2,183.9042,
g0295,mutant,drugA,2.5,24,3,151.6279,
g0295,mutant,drugA,5,24,1,154.1821,
g0295,mutant,drugA,5,24,2,168.2212,
g0295,mutant,drugA,5,24,3,138.5781,
g0295,mutant,drugA,10,24,1,142.6901,
g0295,mutant,drugA,10,24,2,176.7793,
g0295,mutant,drugA,10,24,3,157.795,
g0295,mutant,DMSO,0,24,1,126.1946,
g0295,mutant,DMSO,0,24,2,162.9413,
g0295,mutant,DMSO,0,24,3,168.9344,
g0296,WT,drugA,2.5,6,1,395.2382,
g0296,WT,drugA,2.5,6,2,452.4443,
g0296,WT,drugA,2.5,6,3,396.5506,
g0296,WT,drugA,5,6,1,451.5183,
g0296,WT,drugA,5,6,2,319.165,
g0296,WT,drugA,5,6,3,363.1083,
g0296,WT,drugA,10,6,1,397.9668,
g0296,WT,drugA,10,6,2,394.5461,
g0296,WT,drugA,10,6,3,431.723,
g0296,WT,DMSO,0,6,1,397.4255,
g0296,WT,DMSO,0,6,2,434.2245,
g0296,WT,DMSO,0,6,3,437.454,
g0296,WT,drugA,2.5,24,1,406.5556,
g0296,WT,drugA,2.5,24,2,372.1047,
g0296,WT,drugA,2.5,24,3,334.9596,
g0296,WT,drugA,5,24,1,353.0621,
g0296,WT,drugA,5,24,2,361.39,
g0296,WT,drugA,5,24,3,418.4214,
g0296,WT,drugA,10,24,1,476.9618,
g0296,WT,drugA,10,24,2,348.6734,
g0296,WT,drugA,10,24,3,290.0355,
g0296,WT,DMSO,0,24,1,407.5286,
g0296,WT,DMSO,0,24,2,335.9564,
g0296,WT,DMSO,0,24,3,404.5543,
g0296,mutant,drugA,2.5,6,1,476.6441,
g0296,mutant,drugA,2.5,6,2,396.1686,
g0296,mutant,drugA,2.5,6,3,409.1313,
g0296,mutant,drugA,5,6,1,329.7727,
g0296,mutant,drugA,5,6,2,424.4184,
g0296,mutant,drugA,5,6,3,346.9474,
g0296,mutant,drugA,10,6,1,335.957,
g0296,mutant,drugA,10,6,2,407.8601,
g0296,mutant,drugA,10,6,3,383.9963,
g0296,mutant,DMSO,0,6,1,455.9811,
g0296,mutant,DMSO,0,6,2,379.492,
g0296,mutant,DMSO,0,6,3,391.8121,
g0296,mutant,drugA,2.5,24,1,386.1085,
g0296,mutant,drugA,2.5,24,2,472.7217,
g0296,mutant,drugA,2.5,24,3,382.761,
g0296,mutant,drugA,5,24,1,398.777,
g0296,mutant,drugA,5,24,2,372.1668,
g0296,mutant,drugA,5,24,3,401.9918,
g0296,mutant,drugA,10,24,1,456.0936,
g0296,mutant,drugA,10,24,2,407.429,
g0296,mutant,drugA,10,24,3,426.3733,
g0296,mutant,DMSO,0,24,1,423.1253,
g0296,mutant,DMSO,0,24,2,395.9389,
g0296,mutant,DMSO,0,24,3,408.1619,
g0297,WT,drugA,2.5,6,1,698.3814,
g0297,WT,drugA,2.5,6,2,982.8353,
g0297,WT,drugA,2.5,6,3,878.27,
g0297,WT,drugA,5,6,1,777.1414,
g0297,WT,drugA,5,6,2,850.0015,
g0297,WT,drugA,5,6,3,748.8282,
g0297,WT,drugA,10,6,1,743.0229,
g0297,WT,drugA,10,6,2,802.7742,
g0297,WT,drugA,10,6,3,853.0965,
g0297,WT,DMSO,0,6,1,713.0994,
g0297,WT,DMSO,0,6,2,844.8681,
g0297,WT,DMSO,0,6,3,868.7123,
g0297,WT,drugA,2.5,24,1,896.6618,
g0297,WT,drugA,2.5,24,2,791.5141,
g0297,WT,drugA,2.5,24,3,790.7998,
g0297,WT,drugA,5,24,1,980.7399,
g0297,WT,drugA,5,24,2,701.0019,
g0297,WT,drugA,5,24,3,904.7122,
g0297,WT,drugA,10,24,1,804.9985,
g0297,WT,drugA,10,24,2,911.2178,
g0297,WT,drugA,10,24,3,830.0854,
g0297,WT,DMSO,0,24,1,1052.7072,
g0297,WT,DMSO,0,24,2,755.9748,
g0297,WT,DMSO,0,24,3,971.6265,
g0297,mutant,drugA,2.5,6,1,895.274,
g0297,mutant,drugA,2.5,6,2,855.1264,
g0297,mutant,drugA,2.5,6,3,791.8356,
g0297,mutant,drugA,5,6,1,948.6371,
g0297,mutant,drugA,5,6,2,899.9371,
g0297,mutant,drugA,5,6,3,928.29,
g0297,mutant,drugA,10,6,1,837.068,
g0297,mutant,drugA,10,6,2,786.0995,
g0297,mutant,drugA,10,6,3,921.1119,
g0297,mutant,DMSO,0,6,1,817.0258,
g0297,mutant,DMSO,0,6,2,924.6146,
g0297,mutant,DMSO,0,6,3,877.6822,
g0297,mutant,drugA,2.5,24,1,1083.8791,
g0297,mutant,drugA,2.5,24,2,1001.7483,
g0297,mutant,drugA,2.5,24,3,720.0733,
g0297,mutant,drugA,5,24,1,877.7864,
g0297,mutant,drugA,5,24,2,826.0195,
g0297,mutant,drugA,5,24,3,808.0941,
g0297,mutant,drugA,10,24,1,884.6535,
g0297,mutant,drugA,10,24,2,905.745,
g0297,mutant,drugA,10,24,3,776.6397,
g0297,mutant,DMSO,0,24,1,718.9975,
g0297,mutant,DMSO,0,24,2,789.3339,
g0297,mutant,DMSO,0,24,3,839.8436,
g0298,WT,drugA,2.5,6,1,627.6662,
g0298,WT,drugA,2.5,6,2,637.1987,
g0298,WT,drugA,2.5,6,3,680.758,
g0298,WT,drugA,5,6,1,672.0912,
g0298,WT,drugA,5,6,2,713.9473,
g0298,WT,drugA,5,6,3,606.6986,
g0298,WT,drugA,10,6,1,627.7317,
g0298,WT,drugA,10,6,2,586.0297,
g0298,WT,drugA,10,6,3,737.1611,
g0298,WT,DMSO,0,6,1,612.0167,
g0298,WT,DMSO,0,6,2,691.2387,
g0298,WT,DMSO,0,6,3,752.5216,
g0298,WT,drugA,2.5,24,1,716.271,
g0298,WT,drugA,2.5,24,2,618.7064,
g0298,WT,drugA,2.5,24,3,624.9242,
g0298,WT,drugA,5,24,1,686.5532,
g0298,WT,drugA,5,24,2,570.0271,
g0298,WT,drugA,5,24,3,666.8289,
g0298,WT,drugA,10,24,1,707.3563,
g0298,WT,drugA,10,24,2,612.2182,
g0298,WT,drugA,10,24,3,691.3279,
g0298,WT,DMSO,0,24,1,803.9645,
g0298,WT,DMSO,0,24,2,585.951,
g0298,WT,DMSO,0,24,3,657.7846,
g0298,mutant,drugA,2.5,6,1,673.7506,
g0298,mutant,drugA,2.5,6,2,585.2064,
g0298,mutant,drugA,2.5,6,3,605.242,
g0298,mutant,drugA,5,6,1,721.0627,
g0298,mutant,drugA,5,6,2,671.8725,
g0298,mutant,drugA,5,6,3,578.9146,
g0298,mutant,drugA,10,6,1,554.7758,
g0298,mutant,drugA,10,6,2,711.0668,
g0298,mutant,drugA,10,6,3,688.9523,
g0298,mutant,DMSO,0,6,1,688.3417,
g0298,mutant,DMSO,0,6,2,621.7165,
g0298,mutant,DMSO,0,6,3,795.1236,
g0298,mutant,drugA,2.5,24,1,619.2939,
g0298,mutant,drugA,2.5,24,2,591.3652,
g0298,mutant,drugA,2.5,24,3,694.3103,
g0298,mutant,drugA,5,24,1,540.4766,
g0298,mutant,drugA,5,24,2,581.0868,
g0298,mutant,drugA,5,24,3,635.7545,
g0298,mutant,drugA,10,24,1,637.7652,
g0298,mutant,drugA,10,24,2,653.8028,
g0298,mutant,drugA,10,24,3,729.9496,
g0298,mutant,DMSO,0,24,1,695.2802,
g0298,mutant,DMSO,0,24,2,710.922,
g0298,mutant,DMSO,0,24,3,646.9169,
g0299,WT,drugA,2.5,6,1,482.1176,
g0299,WT,drugA,2.5,6,2,560.6054,
g0299,WT,drugA,2.5,6,3,534.3122,
g0299,WT,drugA,5,6,1,507.0832,
g0299,WT,drugA,5,6,2,518.8187,
g0299,WT,drugA,5,6,3,518.414,
g0299,WT,drugA,10,6,1,514.2849,
g0299,WT,drugA,10,6,2,526.8866,
g0299,WT,drugA,10,6,3,472.8624,
g0299,WT,DMSO,0,6,1,580.249,
g0299,WT,DMSO,0,6,2,476.6703,
g0299,WT,DMSO,0,6,3,555.2407,
g0299,WT,drugA,2.5,24,1,637.7338,
g0299,WT,drugA,2.5,24,2,578.5077,
g0299,WT,drugA,2.5,24,3,492.9436,
g0299,WT,drugA,5,24,1,545.7733,
g0299,WT,drugA,5,24,2,503.1142,
g0299,WT,drugA,5,24,3,524.6064,
g0299,WT,drugA,10,24,1,592.8159,
g0299,WT,drugA,10,24,2,495.5901,
g0299,WT,drugA,10,24,3,486.1333,
g0299,WT,DMSO,0,24,1,494.1798,
g0299,WT,DMSO,0,24,2,519.1468,
g0299,WT,DMSO,0,24,3,508.5852,
g0299,mutant,drugA,2.5,6,1,504.3169,
g0299,mutant,drugA,2.5,6,2,529.6434,
g0299,mutant,drugA,2.5,6,3,595.0957,
g0299,mutant,drugA,5,6,1,455.1186,
g0299,mutant,drugA,5,6,2,535.9435,
g0299,mutant,drugA,5,6,3,588.0933,
g0299,mutant,drugA,10,6,1,518.5617,
g0299,mutant,drugA,10,6,2,521.0946,
g0299,mutant,drugA,10,6,3,584.2049,
g0299,mutant,DMSO,0,6,1,487.1583,
g0299,mutant,DMSO,0,6,2,551.5229,
g0299,mutant,DMSO,0,6,3,601.3158,
g0299,mutant,drugA,2.5,24,1,416.3605,
g0299,mutant,drugA,2.5,24,2,416.8348,
g0299,mutant,drugA,2.5,24,3,467.3567,
g0299,mutant,drugA,5,24,1,466.0404,
g0299,mutant,drugA,5,24,2,463.0568,
g0299,mutant,drugA,5,24,3,570.2897,
g0299,mutant,drugA,10,24,1,567.9287,
g0299,mutant,drugA,10,24,2,489.6028,
g0299,mutant,drugA,10,24,3,511.8722,
g0299,mutant,DMSO,0,24,1,454.0614,
g0299,mutant,DMSO,0,24,2,409.4863,
g0299,mutant,DMSO,0,24,3,443.0001,
g0300,WT,drugA,2.5,6,1,302.655,
g0300,WT,drugA,2.5,6,2,335.266,
g0300,WT,drugA,2.5,6,3,343.3855,
g0300,WT,drugA,5,6,1,365.3585,
g0300,WT,drugA,5,6,2,434.9027,
g0300,WT,drugA,5,6,3,314.9726,
g0300,WT,drugA,10,6,1,340.5563,
g0300,WT,drugA,10,6,2,330.6919,
g0300,WT,drugA,10,6,3,297.1921,
g0300,WT,DMSO,0,6,1,368.5805,
g0300,WT,DMSO,0,6,2,424.5514,
g0300,WT,DMSO,0,6,3,341.5696,
g0300,WT,drugA,2.5,24,1,372.4634,
g0300,WT,drugA,2.5,24,2,440.7299,
g0300,WT,drugA,2.5,24,3,365.2836,
g0300,WT,drugA,5,24,1,350.0343,
g0300,WT,drugA,5,24,2,319.4244,
g0300,WT,drugA,5,24,3,311.3131,
g0300,WT,drugA,10,24,1,372.1638,
g0300,WT,drugA,10,24,2,423.8883,
g0300,WT,drugA,10,24,3,348.4481,
g0300,WT,DMSO,0,24,2,332.0695,
g0300,WT,DMSO,0,24,3,335.985,
g0300,mutant,drugA,2.5,6,1,333.8757,
g0300,mutant,drugA,2.5,6,2,349.9801,
g0300,mutant,drugA,2.5,6,3,322.5888,
g0300,mutant,drugA,5,6,1,403.5784,
g0300,mutant,drugA,5,6,2,442.0186,
g0300,mutant,drugA,5,6,3,431.2012,
g0300,mutant,drugA,10,6,1,354.9875,
g0300,mutant,drugA,10,6,2,352.1211,
g0300,mutant,drugA,10,6,3,440.1878,
g0300,mutant,DMSO,0,6,1,365.9666,
g0300,mutant,DMSO,0,6,2,391.6785,
g0300,mutant,DMSO,0,6,3,394.9524,
g0300,mutant,drugA,2.5,24,1,395.6073,
g0300,mutant,drugA,2.5,24,2,379.8317,
g0300,mutant,drugA,2.5,24,3,421.1173,
g0300,mutant,drugA,5,24,1,341.4671,
g0300,mutant,drugA,5,24,2,377.2806,
g0300,mutant,drugA,5,24,3,288.2196,
g0300,mutant,drugA,10,24,1,348.0881,
g0300,mutant,drugA,10,24,2,384.1658,
g0300,mutant,drugA,10,24,3,467.955,
g0300,mutant,DMSO,0,24,1,324.1346,
g0300,mutant,DMSO,0,24,2,285.4249,
g0300,mutant,DMSO,0,24,3,402.4938,
g0301,WT,drugA,2.5,6,1,184.0572,
g0301,WT,drugA,2.5,6,2,172.0085,
g0301,WT,drugA,2.5,6,3,222.0092,
g0301,WT,drugA,5,6,1,216.9783,
g0301,WT,drugA,5,6,2,204.7252,
g0301,WT,drugA,5,6,3,191.9718,
g0301,WT,drugA,10,6,1,202.3787,
g0301,WT,drugA,10,6,2,214.4355,
g0301,WT,drugA,10,6,3,186.677,
g0301,WT,DMSO,0,6,1,224.4144,
g0301,WT,DMSO,0,6,2,180.3439,
g0301,WT,DMSO,0,6,3,177.7832,
g0301,WT,drugA,2.5,24,1,223.0887,
g0301,WT,drugA,2.5,24,2,223.3009,
g0301,WT,drugA,2.5,24,3,205.9254,
g0301,WT,drugA,5,24,1,186.7022,
g0301,WT,drugA,5,24,2,211.2115,
g0301,WT,drugA,5,24,3,193.8943,
g0301,WT,drugA,10,24,1,265.3923,
g0301,WT,drugA,10,24,2,220.0824,
g0301,WT,drugA,10,24,3,220.4462,
g0301,WT,DMSO,0,24,1,182.547,
g0301,WT,DMSO,0,24,2,181.9917,
g0301,WT,DMSO,0,24,3,191.9844,
g0301,mutant,drugA,2.5,6,1,229.2791,
g0301,mutant,drugA,2.5,6,2,170.3966,
g0301,mutant,drugA,2.5,6,3,195.4088,
g0301,mutant,drugA,5,6,1,177.7179,
g0301,mutant,drugA,5,6,2,195.4643,
g0301,mutant,drugA,5,6,3,193.6555,
g0301,mutant,drugA,10,6,1,154.0575,
g0301,mutant,drugA,10,6,2,173.7346,
g0301,mutant,drugA,10,6,3,210.1827,
g0301,mutant,DMSO,0,6,1,175.5715,
g0301,mutant,DMSO,0,6,2,192.9235,
g0301,mutant,DMSO,0,6,3,205.7657,
g0301,mutant,drugA,2.5,24,1,197.8531,
g0301,mutant,drugA,2.5,24,2,240.4435,
g0301,mutant,drugA,2.5,24,3,205.0782,
g0301,mutant,drugA,5,24,1,219.6234,
g0301,mutant,drugA,5,24,2,228.0353,
g0301,mutant,drugA,5,24,3,165.4743,
g0301,mutant,drugA,10,24,1,221.5971,
g0301,mutant,drugA,10,24,2,213.5843,
g0301,mutant,drugA,10,24,3,184.875,
g0301,mutant,DMSO,0,24,1,206.3891,
g0301,mutant,DMSO,0,24,2,223.8417,
g0301,mutant,DMSO,0,24,3,208.3573,
g0302,WT,drugA,2.5,6,1,135.9152,
g0302,WT,drugA,2.5,6,2,141.7797,
g0302,WT,drugA,2.5,6,3,161.6701,
g0302,WT,drugA,5,6,1,163.293,
g0302,WT,drugA,5,6,2,145.7921,
g0302,WT,drugA,5,6,3,131.0738,
g0302,WT,drugA,10,6,1,138.008,
g0302,WT,drugA,10,6,2,142.922,
g0302,WT,drugA,10,6,3,146.812,
g0302,WT,DMSO,0,6,1,152.2743,
g0302,WT,DMSO,0,6,2,148.0055,
g0302,WT,DMSO,0,6,3,144.8621,
g0302,WT,drugA,2.5,24,1,138.1127,
g0302,WT,drugA,2.5,24,2,165.6993,
g0302,WT,drugA,2.5,24,3,143.3636,
g0302,WT,drugA,5,24,1,149.6278,
g0302,WT,drugA,5,24,2,152.0602,
g0302,WT,drugA,5,24,3,149.8221,
g0302,WT,drugA,10,24,1,163.8125,
g0302,WT,drugA,10,24,2,119.0788,
g0302,WT,drugA,10,24,3,163.9728,
g0302,WT,DMSO,0,24,1,154.7543,
g0302,WT,DMSO,0,24,2,146.9357,
g0302,WT,DMSO,0,24,3,123.5228,
g0302,mutant,drugA,2.5,6,1,150.716,
g0302,mutant,drugA,2.5,6,2,156.5735,
g0302,mutant,drugA,2.5,6,3,149.1159,
g0302,mutant,drugA,5,6,1,166.386,
g0302,mutant,drugA,5,6,2,148.6913,
g0302,mutant,drugA,5,6,3,150.783,
g0302,mutant,drugA,10,6,1,172.755,
g0302,mutant,drugA,10,6,2,142.986,
g0302,mutant,drugA,10,6,3,131.7049,
g0302,mutant,DMSO,0,6,1,175.6389,
g0302,mutant,DMSO,0,6,2,149.8925,
g0302,mutant,DMSO,0,6,3,150.2169,
g0302,mutant,drugA,2.5,24,1,143.097,
g0302,mutant,drugA,2.5,24,2,127.3717,
g0302,mutant,drugA,2.5,24,3,137.8511,
g0302,mutant,drugA,5,24,1,134.319,
g0302,mutant,drugA,5,24,2,129.8479,
g0302,mutant,drugA,5,24,3,131.2863,
g0302,mutant,drugA,10,24,1,157.711,
g0302,mutant,drugA,10,24,2,153.5335,
g0302,mutant,DMSO,0,24,1,125.4607,
g0302,mutant,DMSO,0,24,2,142.3052,
g0302,mutant,DMSO,0,24,3,120.8402,
g0303,WT,drugA,2.5,6,1,103.4087,
g0303,WT,drugA,2.5,6,2,81.4657,
g0303,WT,drugA,5,6,1,89.7012,
g0303,WT,drugA,5,6,2,95.2607,
g0303,WT,drugA,5,6,3,68.7193,
g0303,WT,drugA,10,6,1,101.3145,
g0303,WT,drugA,10,6,2,93.5888,
g0303,WT,drugA,10,6,3,87.5534,
g0303,WT,DMSO,0,6,1,95.5921,
g0303,WT,DMSO,0,6,2,89.9418,
g0303,WT,DMSO,0,6,3,80.924,
g0303,WT,drugA,2.5,24,1,97.2523,
g0303,WT,drugA,2.5,24,2,108.2591,
g0303,WT,drugA,2.5,24,3,91.2072,
g0303,WT,drugA,5,24,1,103.1816,
g0303,WT,drugA,5,24,2,109.8881,
g0303,WT,drugA,5,24,3,70.397,
g0303,WT,drugA,10,24,1,91.0887,
g0303,WT,drugA,10,24,2,100.7543,
g0303,WT,drugA,10,24,3,101.2591,
g0303,WT,DMSO,0,24,1,100.4744,
g0303,WT,DMSO,0,24,2,101.8404,
g0303,WT,DMSO,0,24,3,92.3236,
g0303,mutant,drugA,2.5,6,1,107.8619,
g0303,mutant,drugA,2.5,6,2,88.5648,
g0303,mutant,drugA,2.5,6,3,103.0929,
g0303,mutant,drugA,5,6,1,102.8347,
g0303,mutant,drugA,5,6,2,86.5376,
g0303,mutant,drugA,5,6,3,92.014,
g0303,mutant,drugA,10,6,1,102.1198,
g0303,mutant,drugA,10,6,2,95.7727,
g0303,mutant,drugA,10,6,3,108.129,
g0303,mutant,DMSO,0,6,1,114.3983,
g0303,mutant,DMSO,0,6,2,94.9755,
g0303,mutant,DMSO,0,6,3,82.0111,
g0303,mutant,drugA,2.5,24,1,81.4598,
g0303,mutant,drugA,2.5,24,2,89.1802,
g0303,mutant,drugA,2.5,24,3,87.4695,
g0303,mutant,drugA,5,24,1,100.1239,
g0303,mutant,drugA,5,24,2,98.6133,
g0303,mutant,drugA,5,24,3,89.0046,
g0303,mutant,drugA,10,24,1,87.4836,
g0303,mutant,drugA,10,24,2,79.5575,
g0303,mutant,drugA,10,24,3,85.5525,
g0303,mutant,DMSO,0,24,1,92.433,
g0303,mutant,DMSO,0,24,2,93.2221,
g0303,mutant,DMSO,0,24,3,102.2484,
g0304,WT,drugA,2.5,6,1,236.3532,
g0304,WT,drugA,2.5,6,2,210.669,
g0304,WT,drugA,2.5,6,3,230.4338,
g0304,WT,drugA,5,6,1,217.0653,
g0304,WT,drugA,5,6,2,228.2415,
g0304,WT,drugA,5,6,3,223.7381,
g0304,WT,drugA,10,6,1,246.6606,
g0304,WT,drugA,10,6,2,245.4236,
g0304,WT,drugA,10,6,3,199.9837,
g0304,WT,DMSO,0,6,1,190.1385,
g0304,WT,DMSO,0,6,2,235.1027,
g0304,WT,DMSO,0,6,3,273.2085,
g0304,WT,drugA,2.5,24,1,222.3461,
g0304,WT,drugA,2.5,24,2,218.4717,
g0304,WT,drugA,2.5,24,3,231.3875,
g0304,WT,drugA,5,24,1,189.8626,
g0304,WT,drugA,5,24,2,255.9861,
g0304,WT,drugA,5,24,3,234.6627,
g0304,WT,drugA,10,24,1,221.092,
g0304,WT,drugA,10,24,2,257.903,
g0304,WT,drugA,10,24,3,208.1287,
g0304,WT,DMSO,0,24,1,231.8147,
g0304,WT,DMSO,0,24,2,237.7314,
g0304,WT,DMSO,0,24,3,192.2303,
g0304,mutant,drugA,2.5,6,1,226.629,
g0304,mutant,drugA,2.5,6,2,249.1417,
g0304,mutant,drugA,2.5,6,3,234.4761,
g0304,mutant,drugA,5,6,1,220.9571,
g0304,mutant,drugA,5,6,2,204.3969,
g0304,mutant,drugA,5,6,3,211.2485,
g0304,mutant,drugA,10,6,1,216.6288,
g0304,mutant,drugA,10,6,2,207.3867,
g0304,mutant,drugA,10,6,3,221.4312,
g0304,mutant,DMSO,0,6,1,188.7296,
g0304,mutant,DMSO,0,6,2,219.2551,
g0304,mutant,DMSO,0,6,3,189.3743,
g0304,mutant,drugA,2.5,24,1,210.9164,
g0304,mutant,drugA,2.5,24,2,289.8809,
g0304,mutant,drugA,2.5,24,3,234.8941,
g0304,mutant,drugA,5,24,1,228.1658,
g0304,mutant,drugA,5,24,2,269.0022,
g0304,mutant,drugA,5,24,3,229.3508,
g0304,mutant,drugA,10,24,1,218.1733,
g0304,mutant,drugA,10,24,2,211.1435,
g0304,mutant,drugA,10,24,3,214.7435,
g0304,mutant,DMSO,0,24,1,245.0652,
g0304,mutant,DMSO,0,24,2,258.983,
g0304,mutant,DMSO,0,24,3,192.2107,
g0305,WT,drugA,2.5,6,1,1310.4258,
g0305,WT,drugA,2.5,6,2,1239.5278,
g0305,WT,drugA,2.5,6,3,1452.3025,
g0305,WT,drugA,5,6,1,1730.1412,
g0305,WT,drugA,5,6,2,1432.2768,
g0305,WT,drugA,5,6,3,1142.7735,
g0305,WT,drugA,10,6,1,1447.6315,
g0305,WT,drugA,10,6,2,1469.686,
g0305,WT,drugA,10,6,3,1367.1632,
g0305,WT,DMSO,0,6,1,1194.6417,
g0305,WT,DMSO,0,6,2,1512.032,
g0305,WT,DMSO,0,6,3,1431.5887,
g0305,WT,drugA,2.5,24,1,1513.432,
g0305,WT,drugA,2.5,24,2,1514.0064,
g0305,WT,drugA,2.5,24,3,1345.2649,
g0305,WT,drugA,5,24,1,1431.682,
g0305,WT,drugA,5,24,2,1413.5347,
g0305,WT,drugA,5,24,3,1432.1694,
g0305,WT,drugA,10,24,1,1572.5691,
g0305,WT,drugA,10,24,2,1266.3843,
g0305,WT,drugA,10,24,3,1331.0511,
g0305,WT,DMSO,0,24,1,1374.5497,
g0305,WT,DMSO,0,24,2,1299.5001,
g0305,WT,DMSO,0,24,3,1323.3526,
g0305,mutant,drugA,2.5,6,1,1381.4644,
g0305,mutant,drugA,2.5,6,2,1760.9115,
g0305,mutant,drugA,2.5,6,3,1093.1507,
g0305,mutant,drugA,5,6,1,1309.5607,
g0305,mutant,drugA,5,6,2,1379.572,
g0305,mutant,drugA,5,6,3,1325.3343,
g0305,mutant,drugA,10,6,1,1370.4603,
g0305,mutant,drugA,10,6,2,1481.6157,
g0305,mutant,drugA,10,6,3,1278.5726,
g0305,mutant,DMSO,0,6,1,1223.1277,
g0305,mutant,DMSO,0,6,2,1240.7129,
g0305,mutant,DMSO,0,6,3,1242.8581,
g0305,mutant,drugA,2.5,24,1,1418.5752,
g0305,mutant,drugA,2.5,24,2,1629.0989,
g0305,mutant,drugA,2.5,24,3,1408.9268,
g0305,mutant,drugA,5,24,1,1234.3857,
g0305,mutant,drugA,5,24,2,1099.9308,
g0305,mutant,drugA,5,24,3,1302.9048,
g0305,mutant,drugA,10,24,1,1238.9903,
g0305,mutant,drugA,10,24,2,1110.5291,
g0305,mutant,drugA,10,24,3,1372.5473,
g0305,mutant,DMSO,0,24,1,1574.9985,
g0305,mutant,DMSO,0,24,2,1436.1285,
g0305,mutant,DMSO,0,24,3,1120.6025,
g0306,WT,drugA,2.5,6,1,65.6759,
g0306,WT,drugA,2.5,6,2,86.3032,
g0306,WT,drugA,2.5,6,3,74.0198,
g0306,WT,drugA,5,6,1,75.2451,
g0306,WT,drugA,5,6,2,65.7264,
g0306,WT,drugA,5,6,3,71.1173,
g0306,WT,drugA,10,6,1,67.8494,
g0306,WT,drugA,10,6,2,67.7531,
g0306,WT,drugA,10,6,3,65.5398,
g0306,WT,DMSO,0,6,1,66.0348,
g0306,WT,DMSO,0,6,2,56.5111,
g0306,WT,DMSO,0,6,3,70.0709,
g0306,WT,drugA,2.5,24,1,64.1738,
g0306,WT,drugA,2.5,24,2,74.2864,
g0306,WT,drugA,2.5,24,3,79.689,
g0306,WT,drugA,5,24,1,73.7791,
g0306,WT,drugA,5,24,3,61.1966,
g0306,WT,drugA,10,24,1,61.2669,
g0306,WT,drugA,10,24,2,83.2093,
g0306,WT,drugA,10,24,3,58.3541,
g0306,WT,DMSO,0,24,1,65.4267,
g0306,WT,DMSO,0,24,2,71.2213,
g0306,WT,DMSO,0,24,3,71.2742,
g0306,mutant,drugA,2.5,6,1,71.3691,
g0306,mutant,drugA,2.5,6,2,73.4265,
g0306,mutant,drugA,2.5,6,3,64.0897,
g0306,mutant,drugA,5,6,1,85.0636,
g0306,mutant,drugA,5,6,2,69.9784,
g0306,mutant,drugA,5,6,3,69.9657,
g0306,mutant,drugA,10,6,1,70.3101,
g0306,mutant,drugA,10,6,2,73.954,
g0306,mutant,drugA,10,6,3,65.7875,
g0306,mutant,DMSO,0,6,1,74.5414,
g0306,mutant,DMSO,0,6,2,63.591,
g0306,mutant,DMSO,0,6,3,60.2833,
g0306,mutant,drugA,2.5,24,1,65.7641,
g0306,mutant,drugA,2.5,24,2,68.7049,
g0306,mutant,drugA,2.5,24,3,90.2967,
g0306,mutant,drugA,5,24,1,62.659,
g0306,mutant,drugA,5,24,2,62.2211,
g0306,mutant,drugA,5,24,3,60.0796,
g0306,mutant,drugA,10,24,1,68.6723,
g0306,mutant,drugA,10,24,2,85.1682,
g0306,mutant,drugA,10,24,3,74.032,
g0306,mutant,DMSO,0,24,1,92.5538,
g0306,mutant,DMSO,0,24,2,66.8098,
g0306,mutant,DMSO,0,24,3,69.8376,
g0307,WT,drugA,2.5,6,1,820.6566,
g0307,WT,drugA,2.5,6,2,723.2084,
g0307,WT,drugA,2.5,6,3,900.9503,
g0307,WT,drugA,5,6,1,985.5731,
g0307,WT,drugA,5,6,2,866.7688,
g0307,WT,drugA,5,6,3,870.539,
g0307,WT,drugA,10,6,1,1248.2742,
g0307,WT,drugA,10,6,2,1282.6132,
g0307,WT,drugA,10,6,3,1309.6296,
g0307,WT,DMSO,0,6,1,574.2597,
g0307,WT,DMSO,0,6,2,547.9266,
g0307,WT,DMSO,0,6,3,601.346,
g0307,WT,drugA,2.5,24,1,832.8574,
g0307,WT,drugA,2.5,24,2,696.6964,
g0307,WT,drugA,2.5,24,3,843.8831,
g0307,WT,drugA,5,24,1,1282.2083,
g0307,WT,drugA,5,24,2,1093.4215,
g0307,WT,drugA,5,24,3,1082.5741,
g0307,WT,drugA,10,24,1,2702.851,
g0307,WT,drugA,10,24,2,2488.0878,
g0307,WT,drugA,10,24,3,2922.8953,
g0307,WT,DMSO,0,24,1,505.1388,
g0307,WT,DMSO,0,24,2,610.4788,
g0307,WT,DMSO,0,24,3,498.4676,
g0307,mutant,drugA,2.5,6,1,714.9039,
g0307,mutant,drugA,2.5,6,2,792.6841,
g0307,mutant,drugA,2.5,6,3,871.9188,
g0307,mutant,drugA,5,6,1,797.2635,
g0307,mutant,drugA,5,6,2,772.3452,
g0307,mutant,drugA,5,6,3,768.0106,
g0307,mutant,drugA,10,6,1,1262.0206,
g0307,mutant,drugA,10,6,2,1357.6715,
g0307,mutant,drugA,10,6,3,1341.6867,
g0307,mutant,DMSO,0,6,1,567.218,
g0307,mutant,DMSO,0,6,2,520.3969,
g0307,mutant,DMSO,0,6,3,607.653,
g0307,mutant,drugA,2.5,24,1,1015.9717,
g0307,mutant,drugA,2.5,24,2,836.3616,
g0307,mutant,drugA,2.5,24,3,854.8867,
g0307,mutant,drugA,5,24,1,1374.3403,
g0307,mutant,drugA,5,24,2,1401.2422,
g0307,mutant,drugA,5,24,3,1226.867,
g0307,mutant,drugA,10,24,1,2300.8743,
g0307,mutant,drugA,10,24,2,2415.6394,
g0307,mutant,drugA,10,24,3,2703.7863,
g0307,mutant,DMSO,0,24,3,542.0379,
g0308,WT,drugA,2.5,6,1,469.5144,
g0308,WT,drugA,2.5,6,2,453.2148,
g0308,WT,drugA,2.5,6,3,396.7794,
g0308,WT,drugA,5,6,1,370.9197,
g0308,WT,drugA,5,6,2,399.0801,
g0308,WT,drugA,5,6,3,396.8521,
g0308,WT,drugA,10,6,1,365.9337,
g0308,WT,drugA,10,6,2,420.7001,
g0308,WT,drugA,10,6,3,396.4039,
g0308,WT,DMSO,0,6,1,433.3682,
g0308,WT,DMSO,0,6,2,381.8039,
g0308,WT,DMSO,0,6,3,395.6293,
g0308,WT,drugA,2.5,24,1,434.6966,
g0308,WT,drugA,2.5,24,2,416.863,
g0308,WT,drugA,2.5,24,3,347.2899,
g0308,WT,drugA,5,24,1,433.723,
g0308,WT,drugA,5,24,2,387.025,
g0308,WT,drugA,5,24,3,404.0944,
g0308,WT,drugA,10,24,1,470.2814,
g0308,WT,drugA,10,24,2,516.8047,
g0308,WT,drugA,10,24,3,388.6067,
g0308,WT,DMSO,0,24,1,461.7721,
g0308,WT,DMSO,0,24,2,304.7531,
g0308,WT,DMSO,0,24,3,498.6624,
g0308,mutant,drugA,2.5,6,1,368.4803,
g0308,mutant,drugA,2.5,6,2,423.0595,
g0308,mutant,drugA,2.5,6,3,421.8214,
g0308,mutant,drugA,5,6,1,356.9197,
g0308,mutant,drugA,5,6,2,370.8823,
g0308,mutant,drugA,5,6,3,462.138,
g0308,mutant,drugA,10,6,1,454.1783,
g0308,mutant,drugA,10,6,2,397.89,
g0308,mutant,drugA,10,6,3,399.0864,
g0308,mutant,DMSO,0,6,1,417.6073,
g0308,mutant,DMSO,0,6,2,436.4476,
g0308,mutant,DMSO,0,6,3,581.2005,
g0308,mutant,drugA,2.5,24,1,416.2841,
g0308,mutant,drugA,2.5,24,2,332.3147,
g0308,mutant,drugA,2.5,24,3,439.8387,
g0308,mutant,drugA,5,24,1,395.032,
g0308,mutant,drugA,5,24,2,438.0097,
g0308,mutant,drugA,5,24,3,372.3352,
g0308,mutant,drugA,10,24,1,416.0996,
g0308,mutant,drugA,10,24,2,359.5318,
g0308,mutant,drugA,10,24,3,335.5413,
g0308,mutant,DMSO,0,24,1,422.4968,
g0308,mutant,DMSO,0,24,2,395.9045,
g0308,mutant,DMSO,0,24,3,402.9239,
g0309,WT,drugA,2.5,6,1,347.9809,
g0309,WT,drugA,2.5,6,2,385.6404,
g0309,WT,drugA,2.5,6,3,412.6786,
g0309,WT,drugA,5,6,1,385.891,
g0309,WT,drugA,5,6,2,357.8486,
g0309,WT,drugA,5,6,3,368.0321,
g0309,WT,drugA,10,6,1,346.6006,
g0309,WT,drugA,10,6,2,344.2573,
g0309,WT,drugA,10,6,3,413.3562,
g0309,WT,DMSO,0,6,1,351.5966,
g0309,WT,DMSO,0,6,3,327.5787,
g0309,WT,drugA,2.5,24,1,423.6296,
g0309,WT,drugA,2.5,24,2,403.8116,
g0309,WT,drugA,2.5,24,3,345.6605,
g0309,WT,drugA,5,24,1,375.4928,
g0309,WT,drugA,5,24,2,379.2491,
g0309,WT,drugA,5,24,3,393.0917,
g0309,WT,drugA,10,24,1,358.5204,
g0309,WT,drugA,10,24,2,323.5591,
g0309,WT,drugA,10,24,3,466.6669,
g0309,WT,DMSO,0,24,1,430.5063,
g0309,WT,DMSO,0,24,2,359.0204,
g0309,WT,DMSO,0,24,3,336.7001,
g0309,mutant,drugA,2.5,6,1,390.3205,
g0309,mutant,drugA,2.5,6,2,393.8263,
g0309,mutant,drugA,2.5,6,3,410.9553,
g0309,mutant,drugA,5,6,1,390.1591,
g0309,mutant,drugA,5,6,2,378.7999,
g0309,mutant,drugA,5,6,3,378.564,
g0309,mutant,drugA,10,6,1,400.2602,
g0309,mutant,drugA,10,6,2,367.0199,
g0309,mutant,drugA,10,6,3,334.4117,
g0309,mutant,DMSO,0,6,1,359.1175,
g0309,mutant,DMSO,0,6,2,330.0908,
g0309,mutant,DMSO,0,6,3,368.6041,
g0309,mutant,drugA,2.5,24,1,422.773,
g0309,mutant,drugA,2.5,24,2,381.7151,
g0309,mutant,drugA,2.5,24,3,384.4361,
g0309,mutant,drugA,5,24,1,490.3703,
g0309,mutant,drugA,5,24,2,370.3427,
g0309,mutant,drugA,5,24,3,369.1302,
g0309,mutant,drugA,10,24,1,299.4115,
g0309,mutant,drugA,10,24,2,358.9748,
g0309,mutant,drugA,10,24,3,351.9837,
g0309,mutant,DMSO,0,24,1,447.9253,
g0309,mutant,DMSO,0,24,2,407.369,
g0310,WT,drugA,2.5,6,1,1520.3953,
g0310,WT,drugA,2.5,6,2,1357.8028,
g0310,WT,drugA,2.5,6,3,1130.0546,
g0310,WT,drugA,5,6,1,1350.2638,
g0310,WT,drugA,5,6,2,1199.4874,
g0310,WT,drugA,5,6,3,1198.1472,
g0310,WT,drugA,10,6,1,1069.6584,
g0310,WT,drugA,10,6,2,1207.6678,
g0310,WT,drugA,10,6,3,1399.634,
g0310,WT,DMSO,0,6,1,1183.9117,
g0310,WT,DMSO,0,6,2,1207.7284,
g0310,WT,DMSO,0,6,3,1093.1379,
g0310,WT,drugA,2.5,24,1,1336.1749,
g0310,WT,drugA,2.5,24,2,1082.4854,
g0310,WT,drugA,2.5,24,3,1176.9863,
g0310,WT,drugA,5,24,1,1106.1973,
g0310,WT,drugA,5,24,2,1289.6648,
g0310,WT,drugA,5,24,3,1148.0151,
g0310,WT,drugA,10,24,1,1238.9282,
g0310,WT,drugA,10,24,2,1242.7872,
g0310,WT,drugA,10,24,3,1294.2755,
g0310,WT,DMSO,0,24,1,1266.6379,
g0310,WT,DMSO,0,24,2,1356.4085,
g0310,WT,DMSO,0,24,3,1264.0578,
g0310,mutant,drugA,2.5,6,1,923.0275,
g0310,mutant,drugA,2.5,6,2,1053.8959,
g0310,mutant,drugA,2.5,6,3,1294.9016,
g0310,mutant,drugA,5,6,1,1251.319,
g0310,mutant,drugA,5,6,2,1143.3569,
g0310,mutant,drugA,5,6,3,1394.8889,
g0310,mutant,drugA,10,6,1,1332.1975,
g0310,mutant,drugA,10,6,2,989.945,
g0310,mutant,drugA,10,6,3,1194.7776,
g0310,mutant,DMSO,0,6,1,1105.5515,
g0310,mutant,DMSO,0,6,2,1200.2552,
g0310,mutant,DMSO,0,6,3,1284.4372,
g0310,mutant,drugA,2.5,24,1,1206.7039,
g0310,mutant,drugA,2.5,24,2,1247.1206,
g0310,mutant,drugA,2.5,24,3,1031.3432,
g0310,mutant,drugA,5,24,1,1411.7621,
g0310,mutant,drugA,5,24,2,1062.0674,
g0310,mutant,drugA,5,24,3,1105.2536,
g0310,mutant,drugA,10,24,1,1224.503,
g0310,mutant,drugA,10,24,2,1308.7015,
g0310,mutant,drugA,10,24,3,1477.9856,
g0310,mutant,DMSO,0,24,1,1490.8476,
g0310,mutant,DMSO,0,24,2,1130.417,
g0310,mutant,DMSO,0,24,3,1314.4299,
g0311,WT,drugA,2.5,6,1,1187.7976,
g0311,WT,drugA,2.5,6,2,1051.5464,
g0311,WT,drugA,2.5,6,3,1163.3922,
g0311,WT,drugA,5,6,1,913.553,
g0311,WT,drugA,5,6,2,845.533,
g0311,WT,drugA,5,6,3,889.0021,
g0311,WT,drugA,10,6,1,684.4653,
g0311,WT,drugA,10,6,2,772.5671,
g0311,WT,drugA,10,6,3,607.3724,
g0311,WT,DMSO,0,6,1,1310.5935,
g0311,WT,DMSO,0,6,2,1437.1984,
g0311,WT,DMSO,0,6,3,1215.8013,
g0311,WT,drugA,2.5,24,1,968.9101,
g0311,WT,drugA,2.5,24,2,1023.9131,
g0311,WT,drugA,2.5,24,3,823.8223,
g0311,WT,drugA,5,24,1,610.882,
g0311,WT,drugA,5,24,2,611.1563,
g0311,WT,drugA,5,24,3,594.3607,
g0311,WT,drugA,10,24,1,419.1431,
g0311,WT,drugA,10,24,2,362.2838,
g0311,WT,drugA,10,24,3,299.8888,
g0311,WT,DMSO,0,24,1,1308.0542,
g0311,WT,DMSO,0,24,2,1324.8242,
g0311,WT,DMSO,0,24,3,1530.5956,
g0311,mutant,drugA,2.5,6,1,1063.6254,
g0311,mutant,drugA,2.5,6,2,1146.3408,
g0311,mutant,drugA,2.5,6,3,1024.0583,
g0311,mutant,drugA,5,6,1,764.0262,
g0311,mutant,drugA,5,6,2,923.1641,
g0311,mutant,drugA,5,6,3,892.0792,
g0311,mutant,drugA,10,6,1,670.3839,
g0311,mutant,drugA,10,6,2,775.98,
g0311,mutant,drugA,10,6,3,646.2399,
g0311,mutant,DMSO,0,6,1,1105.7664,
g0311,mutant,DMSO,0,6,2,1123.5523,
g0311,mutant,DMSO,0,6,3,1358.1422,
g0311,mutant,drugA,2.5,24,1,949.2259,
g0311,mutant,drugA,2.5,24,2,914.2012,
g0311,mutant,drugA,2.5,24,3,811.2198,
g0311,mutant,drugA,5,24,1,537.3999,
g0311,mutant,drugA,5,24,2,661.9553,
g0311,mutant,drugA,5,24,3,599.0601,
g0311,mutant,drugA,10,24,1,353.1556,
g0311,mutant,drugA,10,24,2,358.1868,
g0311,mutant,drugA,10,24,3,326.1889,
g0311,mutant,DMSO,0,24,1,1303.2397,
g0311,mutant,DMSO,0,24,2,1260.2364,
g0311,mutant,DMSO,0,24,3,1330.5591,
g0312,WT,drugA,2.5,6,1,172.7368,
g0312,WT,drugA,2.5,6,2,190.0182,
g0312,WT,drugA,2.5,6,3,151.8657,
g0312,WT,drugA,5,6,1,187.0299,
g0312,WT,drugA,5,6,2,165.955,
g0312,WT,drugA,5,6,3,170.8374,
g0312,WT,drugA,10,6,1,123.4186,
g0312,WT,drugA,10,6,2,140.2725,
g0312,WT,drugA,10,6,3,158.266,
g0312,WT,DMSO,0,6,1,216.6065,
g0312,WT,DMSO,0,6,2,164.6429,
g0312,WT,DMSO,0,6,3,172.4901,
g0312,WT,drugA,2.5,24,1,134.907,
g0312,WT,drugA,2.5,24,2,143.9535,
g0312,WT,drugA,2.5,24,3,154.3553,
g0312,WT,drugA,5,24,1,138.303,
g0312,WT,drugA,5,24,2,130.4122,
g0312,WT,drugA,5,24,3,115.6734,
g0312,WT,drugA,10,24,1,116.1233,
g0312,WT,drugA,10,24,2,104.7673,
g0312,WT,drugA,10,24,3,83.5179,
g0312,WT,DMSO,0,24,1,213.4184,
g0312,WT,DMSO,0,24,2,168.4383,
g0312,WT,DMSO,0,24,3,230.631,
g0312,mutant,drugA,2.5,6,1,203.3702,
g0312,mutant,drugA,2.5,6,2,140.6232,
g0312,mutant,drugA,2.5,6,3,194.1013,
g0312,mutant,drugA,5,6,1,156.4216,
g0312,mutant,drugA,5,6,2,167.6992,
g0312,mutant,drugA,5,6,3,159.1469,
g0312,mutant,drugA,10,6,1,129.0397,
g0312,mutant,drugA,10,6,2,135.6937,
g0312,mutant,drugA,10,6,3,109.0866,
g0312,mutant,DMSO,0,6,1,154.2614,
g0312,mutant,DMSO,0,6,2,158.9875,
g0312,mutant,DMSO,0,6,3,193.7444,
g0312,mutant,drugA,2.5,24,1,147.7183,
g0312,mutant,drugA,2.5,24,2,144.1062,
g0312,mutant,drugA,2.5,24,3,160.19,
g0312,mutant,drugA,5,24,1,123.9536,
g0312,mutant,drugA,5,24,2,149.6246,
g0312,mutant,drugA,5,24,3,118.6134,
g0312,mutant,drugA,10,24,1,95.4145,
g0312,mutant,drugA,10,24,2,99.2523,
g0312,mutant,drugA,10,24,3,98.7717,
g0312,mutant,DMSO,0,24,1,200.3026,
g0312,mutant,DMSO,0,24,2,154.9756,
g0312,mutant,DMSO,0,24,3,189.7665,
g0313,WT,drugA,2.5,6,1,3755.0159,
g0313,WT,drugA,2.5,6,2,2772.5732,
g0313,WT,drugA,2.5,6,3,3657.4099,
g0313,WT,drugA,5,6,1,3673.4278,
g0313,WT,drugA,5,6,2,4290.3864,
g0313,WT,drugA,5,6,3,4810.5621,
g0313,WT,drugA,10,6,1,5938.3275,
g0313,WT,drugA,10,6,2,6117.483,
g0313,WT,drugA,10,6,3,6367.3233,
g0313,WT,DMSO,0,6,1,2458.8429,
g0313,WT,DMSO,0,6,2,2847.0366,
g0313,WT,DMSO,0,6,3,3275.1378,
g0313,WT,drugA,2.5,24,1,4375.5215,
g0313,WT,drugA,2.5,24,2,3960.0347,
g0313,WT,drugA,2.5,24,3,4409.0037,
g0313,WT,drugA,5,24,1,5737.6428,
g0313,WT,drugA,5,24,2,6409.8247,
g0313,WT,drugA,5,24,3,5114.5337,
g0313,WT,drugA,10,24,1,11491.3019,
g0313,WT,drugA,10,24,2,12577.9108,
g0313,WT,drugA,10,24,3,11143.237,
g0313,WT,DMSO,0,24,1,2892.1811,
g0313,WT,DMSO,0,24,2,2648.905,
g0313,WT,DMSO,0,24,3,2723.8156,
g0313,mutant,drugA,2.5,6,1,3389.2435,
g0313,mutant,drugA,2.5,6,2,3595.9349,
g0313,mutant,drugA,2.5,6,3,2883.6751,
g0313,mutant,drugA,5,6,1,3662.1368,
g0313,mutant,drugA,5,6,2,4596.7141,
g0313,mutant,drugA,5,6,3,4183.181,
g0313,mutant,drugA,10,6,1,5942.0326,
g0313,mutant,drugA,10,6,2,5801.7032,
g0313,mutant,drugA,10,6,3,5897.475,
g0313,mutant,DMSO,0,6,1,2795.3581,
g0313,mutant,DMSO,0,6,2,2944.82,
g0313,mutant,DMSO,0,6,3,2705.7769,
g0313,mutant,drugA,2.5,24,1,3589.9562,
g0313,mutant,drugA,2.5,24,2,4360.0073,
g0313,mutant,drugA,2.5,24,3,3526.1576,
g0313,mutant,drugA,5,24,1,5891.4742,
g0313,mutant,drugA,5,24,2,5631.2253,
g0313,mutant,drugA,5,24,3,5613.505,
g0313,mutant,drugA,10,24,1,10191.276,
g0313,mutant,drugA,10,24,2,11196.4162,
g0313,mutant,drugA,10,24,3,11190.7158,
g0313,mutant,DMSO,0,24,1,2322.303,
g0313,mutant,DMSO,0,24,2,2923.3431,
g0313,mutant,DMSO,0,24,3,2828.712,
g0314,WT,drugA,2.5,6,1,5771.7519,
g0314,WT,drugA,2.5,6,2,6701.8484,
g0314,WT,drugA,2.5,6,3,5691.5726,
g0314,WT,drugA,5,6,1,5643.587,
g0314,WT,drugA,5,6,2,5903.5356,
g0314,WT,drugA,5,6,3,5999.1804,
g0314,WT,drugA,10,6,1,5551.3531,
g0314,WT,drugA,10,6,2,7241.036,
g0314,WT,drugA,10,6,3,5940.9215,
g0314,WT,DMSO,0,6,1,5936.8307,
g0314,WT,DMSO,0,6,2,5352.8748,
g0314,WT,DMSO,0,6,3,6746.9984,
g0314,WT,drugA,2.5,24,1,6192.6483,
g0314,WT,drugA,2.5,24,2,6201.9088,
g0314,WT,drugA,2.5,24,3,6152.4703,
g0314,WT,drugA,5,24,1,6348.8311,
g0314,WT,drugA,5,24,2,6149.4321,
g0314,WT,drugA,5,24,3,5959.3664,
g0314,WT,drugA,10,24,1,5642.3893,
g0314,WT,drugA,10,24,2,5962.4995,
g0314,WT,drugA,10,24,3,6234.3911,
g0314,WT,DMSO,0,24,1,6218.4959,
g0314,WT,DMSO,0,24,2,5488.4632,
g0314,WT,DMSO,0,24,3,7022.1856,
g0314,mutant,drugA,2.5,6,1,5432.8445,
g0314,mutant,drugA,2.5,6,2,6927.7394,
g0314,mutant,drugA,2.5,6,3,4738.1881,
g0314,mutant,drugA,5,6,1,8136.7263,
g0314,mutant,drugA,5,6,2,4791.1973,
g0314,mutant,drugA,5,6,3,5592.6486,
g0314,mutant,drugA,10,6,1,5369.3824,
g0314,mutant,drugA,10,6,2,7096.1517,
g0314,mutant,drugA,10,6,3,5203.8152,
g0314,mutant,DMSO,0,6,1,5983.3245,
g0314,mutant,DMSO,0,6,2,5978.4145,
g0314,mutant,DMSO,0,6,3,5413.3497,
g0314,mutant,drugA,2.5,24,1,5841.2285,
g0314,mutant,drugA,2.5,24,2,5576.6555,
g0314,mutant,drugA,2.5,24,3,5960.7703,
g0314,mutant,drugA,5,24,1,6181.0047,
g0314,mutant,drugA,5,24,2,6405.9224,
g0314,mutant,drugA,5,24,3,5321.8789,
g0314,mutant,drugA,10,24,1,5635.3125,
g0314,mutant,drugA,10,24,2,6539.0439,
g0314,mutant,drugA,10,24,3,6371.3878,
g0314,mutant,DMSO,0,24,1,6565.2873,
g0314,mutant,DMSO,0,24,2,5256.6764,
g0314,mutant,DMSO,0,24,3,7607.0679,
g0315,WT,drugA,2.5,6,1,376.8603,
g0315,WT,drugA,2.5,6,2,378.3876,
g0315,WT,drugA,2.5,6,3,362.6941,
g0315,WT,drugA,5,6,1,308.8371,
g0315,WT,drugA,5,6,2,442.5131,
g0315,WT,drugA,5,6,3,352.3792,
g0315,WT,drugA,10,6,1,348.2523,
g0315,WT,drugA,10,6,2,306.534,
g0315,WT,drugA,10,6,3,388.9471,
g0315,WT,DMSO,0,6,1,281.7362,
g0315,WT,DMSO,0,6,2,360.8024,
g0315,WT,DMSO,0,6,3,336.3983,
g0315,WT,drugA,2.5,24,1,355.6222,
g0315,WT,drugA,2.5,24,2,289.8075,
g0315,WT,drugA,2.5,24,3,338.0277,
g0315,WT,drugA,5,24,1,408.8652,
g0315,WT,drugA,5,24,2,361.6018,
g0315,WT,drugA,5,24,3,324.4293,
g0315,WT,drugA,10,24,1,386.0069,
g0315,WT,drugA,10,24,2,367.6185,
g0315,WT,drugA,10,24,3,411.3242,
g0315,WT,DMSO,0,24,1,365.8644,
g0315,WT,DMSO,0,24,2,401.1821,
g0315,WT,DMSO,0,24,3,349.3252,
g0315,mutant,drugA,2.5,6,1,366.4587,
g0315,mutant,drugA,2.5,6,2,386.5672,
g0315,mutant,drugA,2.5,6,3,387.0478,
g0315,mutant,drugA,5,6,1,390.5298,
g0315,mutant,drugA,5,6,2,367.3558,
g0315,mutant,drugA,5,6,3,329.9477,
g0315,mutant,drugA,10,6,1,400.1657,
g0315,mutant,drugA,10,6,2,402.5533,
g0315,mutant,drugA,10,6,3,379.6658,
g0315,mutant,DMSO,0,6,1,405.1819,
g0315,mutant,DMSO,0,6,2,309.67,
g0315,mutant,DMSO,0,6,3,421.2375,
g0315,mutant,drugA,2.5,24,1,389.0074,
g0315,mutant,drugA,2.5,24,2,347.4211,
g0315,mutant,drugA,2.5,24,3,357.7881,
g0315,mutant,drugA,5,24,1,335.0106,
g0315,mutant,drugA,5,24,2,386.7184,
g0315,mutant,drugA,5,24,3,346.727,
g0315,mutant,drugA,10,24,1,306.2883,
g0315,mutant,drugA,10,24,2,349.6506,
g0315,mutant,drugA,10,24,3,348.9959,
g0315,mutant,DMSO,0,24,1,330.1762,
g0315,mutant,DMSO,0,24,2,357.9755,
g0315,mutant,DMSO,0,24,3,387.6068,
g0316,WT,drugA,2.5,6,1,202.3595,
g0316,WT,drugA,2.5,6,2,247.4303,
g0316,WT,drugA,2.5,6,3,210.5169,
g0316,WT,drugA,5,6,1,248.2412,
g0316,WT,drugA,5,6,3,215.0176,
g0316,WT,drugA,10,6,1,187.0237,
g0316,WT,drugA,10,6,2,243.8816,
g0316,WT,drugA,10,6,3,203.9111,
g0316,WT,DMSO,0,6,1,263.8258,
g0316,WT,DMSO,0,6,2,208.4209,
g0316,WT,DMSO,0,6,3,260.525,
g0316,WT,drugA,2.5,24,1,238.1902,
g0316,WT,drugA,2.5,24,2,206.7717,
g0316,WT,drugA,2.5,24,3,233.0825,
g0316,WT,drugA,5,24,1,240.354,
g0316,WT,drugA,5,24,2,234.781,
g0316,WT,drugA,5,24,3,222.2323,
g0316,WT,drugA,10,24,1,219.3301,
g0316,WT,drugA,10,24,2,217.3801,
g0316,WT,drugA,10,24,3,234.9997,
g0316,WT,DMSO,0,24,1,268.2523,
g0316,WT,DMSO,0,24,2,250.8548,
g0316,WT,DMSO,0,24,3,220.0476,
g0316,mutant,drugA,2.5,6,1,199.8715,
g0316,mutant,drugA,2.5,6,2,211.1053,
g0316,mutant,drugA,2.5,6,3,252.2666,
g0316,mutant,drugA,5,6,1,201.2523,
g0316,mutant,drugA,5,6,2,238.1852,
g0316,mutant,drugA,5,6,3,215.3298,
g0316,mutant,drugA,10,6,1,299.9633,
g0316,mutant,drugA,10,6,2,266.7321,
g0316,mutant,drugA,10,6,3,265.4579,
g0316,mutant,DMSO,0,6,1,251.7093,
g0316,mutant,DMSO,0,6,3,204.5268,
g0316,mutant,drugA,2.5,24,1,215.7011,
g0316,mutant,drugA,2.5,24,2,227.8588,
g0316,mutant,drugA,2.5,24,3,224.1499,
g0316,mutant,drugA,5,24,1,210.9785,
g0316,mutant,drugA,5,24,2,228.8912,
g0316,mutant,drugA,10,24,1,225.7851,
g0316,mutant,drugA,10,24,2,226.2163,
g0316,mutant,drugA,10,24,3,223.9938,
g0316,mutant,DMSO,0,24,1,200.6018,
g0316,mutant,DMSO,0,24,2,238.4297,
g0316,mutant,DMSO,0,24,3,210.8265,
g0317,WT,drugA,2.5,6,1,595.3417,
g0317,WT,drugA,2.5,6,2,732.502,
g0317,WT,drugA,2.5,6,3,753.2437,
g0317,WT,drugA,5,6,1,629.8646,
g0317,WT,drugA,5,6,2,589.2565,
g0317,WT,drugA,5,6,3,572.0227,
g0317,WT,drugA,10,6,1,611.5966,
g0317,WT,drugA,10,6,2,587.0353,
g0317,WT,drugA,10,6,3,644.2847,
g0317,WT,DMSO,0,6,1,683.9659,
g0317,WT,DMSO,0,6,2,557.7713,
g0317,WT,DMSO,0,6,3,501.1771,
g0317,WT,drugA,2.5,24,1,562.451,
g0317,WT,drugA,2.5,24,2,538.1133,
g0317,WT,drugA,2.5,24,3,731.8425,
g0317,WT,drugA,5,24,1,628.8557,
g0317,WT,drugA,5,24,2,574.9359,
g0317,WT,drugA,5,24,3,673.2789,
g0317,WT,drugA,10,24,1,621.8806,
g0317,WT,drugA,10,24,2,606.2251,
g0317,WT,drugA,10,24,3,658.4786,
g0317,WT,DMSO,0,24,1,509.2958,
g0317,WT,DMSO,0,24,2,562.8563,
g0317,WT,DMSO,0,24,3,558.0357,
g0317,mutant,drugA,2.5,6,1,632.8855,
g0317,mutant,drugA,2.5,6,2,647.997,
g0317,mutant,drugA,2.5,6,3,624.2285,
g0317,mutant,drugA,5,6,1,610.1033,
g0317,mutant,drugA,5,6,2,650.3128,
g0317,mutant,drugA,5,6,3,522.9466,
g0317,mutant,drugA,10,6,2,674.4026,
g0317,mutant,drugA,10,6,3,557.4602,
g0317,mutant,DMSO,0,6,1,607.7946,
g0317,mutant,DMSO,0,6,2,606.2127,
g0317,mutant,drugA,2.5,24,1,743.7511,
g0317,mutant,drugA,2.5,24,2,601.2417,
g0317,mutant,drugA,5,24,1,637.2506,
g0317,mutant,drugA,5,24,2,478.6879,
g0317,mutant,drugA,5,24,3,642.5949,
g0317,mutant,drugA,10,24,1,482.4235,
g0317,mutant,drugA,10,24,2,576.549,
g0317,mutant,drugA,10,24,3,716.1171,
g0317,mutant,DMSO,0,24,1,547.284,
g0317,mutant,DMSO,0,24,2,540.6323,
g0317,mutant,DMSO,0,24,3,671.0977,
g0318,WT,drugA,2.5,6,1,1443.0104,
g0318,WT,drugA,2.5,6,2,1666.1316,
g0318,WT,drugA,2.5,6,3,1626.859,
g0318,WT,drugA,5,6,2,1087.8412,
g0318,WT,drugA,5,6,3,1181.7811,
g0318,WT,drugA,10,6,1,818.7979,
g0318,WT,drugA,10,6,2,801.0523,
g0318,WT,drugA,10,6,3,862.273,
g0318,WT,DMSO,0,6,2,1620.2059,
g0318,WT,DMSO,0,6,3,1730.9341,
g0318,WT,drugA,2.5,24,1,1410.5134,
g0318,WT,drugA,2.5,24,2,1126.3375,
g0318,WT,drugA,2.5,24,3,1435.443,
g0318,WT,drugA,5,24,1,785.4476,
g0318,WT,drugA,5,24,2,843.9713,
g0318,WT,drugA,5,24,3,767.2862,
g0318,WT,drugA,10,24,1,353.2544,
g0318,WT,drugA,10,24,2,326.4117,
g0318,WT,drugA,10,24,3,371.5803,
g0318,WT,DMSO,0,24,1,2221.3932,
g0318,WT,DMSO,0,24,2,1998.031,
g0318,WT,DMSO,0,24,3,1862.1962,
g0318,mutant,drugA,2.5,6,1,1571.8551,
g0318,mutant,drugA,2.5,6,2,1335.2992,
g0318,mutant,drugA,2.5,6,3,1474.6547,
g0318,mutant,drugA,5,6,1,1106.7633,
g0318,mutant,drugA,5,6,2,1095.2425,
g0318,mutant,drugA,5,6,3,1342.9819,
g0318,mutant,drugA,10,6,1,730.9324,
g0318,mutant,drugA,10,6,2,741.0453,
g0318,mutant,drugA,10,6,3,991.2338,
g0318,mutant,DMSO,0,6,1,1790.1831,
g0318,mutant,DMSO,0,6,2,1923.4517,
g0318,mutant,DMSO,0,6,3,1795.6606,
g0318,mutant,drugA,2.5,24,1,1056.8353,
g0318,mutant,drugA,2.5,24,2,1342.8354,
g0318,mutant,drugA,2.5,24,3,1346.3356,
g0318,mutant,drugA,5,24,1,996.1033,
g0318,mutant,drugA,5,24,2,886.9524,
g0318,mutant,drugA,5,24,3,915.6672,
g0318,mutant,drugA,10,24,1,269.1399,
g0318,mutant,drugA,10,24,3,347.8599,
g0318,mutant,DMSO,0,24,1,2010.3961,
g0318,mutant,DMSO,0,24,2,2017.812,
g0318,mutant,DMSO,0,24,3,1944.8055,
g0319,WT,drugA,2.5,6,1,1065.9429,
g0319,WT,drugA,2.5,6,2,966.0276,
g0319,WT,drugA,2.5,6,3,1055.5609,
g0319,WT,drugA,5,6,1,1146.2451,
g0319,WT,drugA,5,6,2,1007.2053,
g0319,WT,drugA,5,6,3,1017.3656,
g0319,WT,drugA,10,6,1,966.3375,
g0319,WT,drugA,10,6,2,1114.3325,
g0319,WT,drugA,10,6,3,904.9689,
g0319,WT,DMSO,0,6,1,898.8168,
g0319,WT,DMSO,0,6,2,989.9561,
g0319,WT,DMSO,0,6,3,1046.9834,
g0319,WT,drugA,2.5,24,1,930.4452,
g0319,WT,drugA,2.5,24,2,898.9493,
g0319,WT,drugA,2.5,24,3,910.0552,
g0319,WT,drugA,5,24,1,899.8251,
g0319,WT,drugA,5,24,2,1021.4072,
g0319,WT,drugA,5,24,3,1063.1172,
g0319,WT,drugA,10,24,1,903.5457,
g0319,WT,drugA,10,24,2,1261.0375,
g0319,WT,drugA,10,24,3,1149.2023,
g0319,WT,DMSO,0,24,1,1115.7401,
g0319,WT,DMSO,0,24,2,944.3582,
g0319,WT,DMSO,0,24,3,1028.7197,
g0319,mutant,drugA,2.5,6,1,1104.608,
g0319,mutant,drugA,2.5,6,2,988.7679,
g0319,mutant,drugA,2.5,6,3,889.6393,
g0319,mutant,drugA,5,6,1,1040.3004,
g0319,mutant,drugA,5,6,2,1154.931,
g0319,mutant,drugA,5,6,3,969.958,
g0319,mutant,drugA,10,6,1,1189.4539,
g0319,mutant,drugA,10,6,2,901.9256,
g0319,mutant,drugA,10,6,3,1091.8113,
g0319,mutant,DMSO,0,6,1,931.8588,
g0319,mutant,DMSO,0,6,2,1237.0073,
g0319,mutant,drugA,2.5,24,1,876.5037,
g0319,mutant,drugA,2.5,24,2,1085.8956,
g0319,mutant,drugA,2.5,24,3,978.8731,
g0319,mutant,drugA,5,24,1,781.3023,
g0319,mutant,drugA,5,24,2,995.4184,
g0319,mutant,drugA,5,24,3,1199.4729,
g0319,mutant,drugA,10,24,1,982.1762,
g0319,mutant,drugA,10,24,2,994.8077,
g0319,mutant,drugA,10,24,3,1091.0671,
g0319,mutant,DMSO,0,24,1,997.4707,
g0319,mutant,DMSO,0,24,2,1025.6855,
g0319,mutant,DMSO,0,24,3,870.6393,
g0320,WT,drugA,2.5,6,1,58.5214,
g0320,WT,drugA,2.5,6,2,55.4713,
g0320,WT,drugA,2.5,6,3,56.7301,
g0320,WT,drugA,5,6,1,54.2335,
g0320,WT,drugA,5,6,2,52.9012,
g0320,WT,drugA,5,6,3,49.2502,
g0320,WT,drugA,10,6,1,48.9143,
g0320,WT,drugA,10,6,2,40.7925,
g0320,WT,drugA,10,6,3,43.2936,
g0320,WT,DMSO,0,6,1,55.8349,
g0320,WT,DMSO,0,6,2,55.7064,
g0320,WT,DMSO,0,6,3,58.1461,
g0320,WT,drugA,2.5,24,1,46.8735,
g0320,WT,drugA,2.5,24,2,50.6005,
g0320,WT,drugA,2.5,24,3,51.2851,
g0320,WT,drugA,5,24,1,43.0632,
g0320,WT,drugA,5,24,2,36.79,
g0320,WT,drugA,5,24,3,44.3507,
g0320,WT,drugA,10,24,1,32.4287,
g0320,WT,drugA,10,24,2,36.115,
g0320,WT,drugA,10,24,3,27.3891,
g0320,WT,DMSO,0,24,1,56.4047,
g0320,WT,DMSO,0,24,2,58.8623,
g0320,WT,DMSO,0,24,3,62.8967,
g0320,mutant,drugA,2.5,6,1,51.3201,
g0320,mutant,drugA,2.5,6,2,49.3048,
g0320,mutant,drugA,2.5,6,3,53.4116,
g0320,mutant,drugA,5,6,1,41.7044,
g0320,mutant,drugA,5,6,2,34.9865,
g0320,mutant,drugA,5,6,3,38.7927,
g0320,mutant,drugA,10,6,1,30.6444,
g0320,mutant,drugA,10,6,2,29.7472,
g0320,mutant,drugA,10,6,3,32.1244,
g0320,mutant,DMSO,0,6,1,67.9965,
g0320,mutant,DMSO,0,6,2,61.7122,
g0320,mutant,DMSO,0,6,3,69.3673,
g0320,mutant,drugA,2.5,24,1,48.6362,
g0320,mutant,drugA,2.5,24,2,45.4258,
g0320,mutant,drugA,2.5,24,3,58.7724,
g0320,mutant,drugA,5,24,1,31.1051,
g0320,mutant,drugA,5,24,2,33.9061,
g0320,mutant,drugA,5,24,3,29.2526,
g0320,mutant,drugA,10,24,1,21.6339,
g0320,mutant,drugA,10,24,2,17.2855,
g0320,mutant,drugA,10,24,3,20.4146,
g0320,mutant,DMSO,0,24,1,66.4646,
g0320,mutant,DMSO,0,24,2,60.7763,
g0320,mutant,DMSO,0,24,3,47.5905,
g0321,WT,drugA,2.5,6,1,152.4642,
g0321,WT,drugA,2.5,6,2,146.892,
g0321,WT,drugA,2.5,6,3,128.0968,
g0321,WT,drugA,5,6,1,151.0884,
g0321,WT,drugA,5,6,2,175.9042,
g0321,WT,drugA,5,6,3,122.5024,
g0321,WT,drugA,10,6,1,167.3333,
g0321,WT,drugA,10,6,2,169.0014,
g0321,WT,drugA,10,6,3,146.0022,
g0321,WT,DMSO,0,6,1,152.4132,
g0321,WT,DMSO,0,6,2,137.9455,
g0321,WT,DMSO,0,6,3,130.295,
g0321,WT,drugA,2.5,24,1,153.2061,
g0321,WT,drugA,2.5,24,2,156.7293,
g0321,WT,drugA,2.5,24,3,154.6237,
g0321,WT,drugA,5,24,1,172.8368,
g0321,WT,drugA,5,24,2,187.725,
g0321,WT,drugA,5,24,3,186.965,
g0321,WT,drugA,10,24,1,212.0729,
g0321,WT,drugA,10,24,2,221.0157,
g0321,WT,drugA,10,24,3,188.2632,
g0321,WT,DMSO,0,24,1,124.6229,
g0321,WT,DMSO,0,24,2,143.1807,
g0321,WT,DMSO,0,24,3,162.8104,
g0321,mutant,drugA,2.5,6,1,172.272,
g0321,mutant,drugA,2.5,6,2,131.8519,
g0321,mutant,drugA,2.5,6,3,148.7727,
g0321,mutant,drugA,5,6,1,148.6851,
g0321,mutant,drugA,5,6,2,174.7727,
g0321,mutant,drugA,5,6,3,166.0019,
g0321,mutant,drugA,10,6,1,167.7826,
g0321,mutant,drugA,10,6,2,164.3589,
g0321,mutant,drugA,10,6,3,152.7292,
g0321,mutant,DMSO,0,6,1,161.8015,
g0321,mutant,DMSO,0,6,2,134.6495,
g0321,mutant,DMSO,0,6,3,131.1042,
g0321,mutant,drugA,2.5,24,1,161.4869,
g0321,mutant,drugA,2.5,24,3,180.5184,
g0321,mutant,drugA,5,24,1,232.1041,
g0321,mutant,drugA,5,24,2,159.8393,
g0321,mutant,drugA,5,24,3,164.1852,
g0321,mutant,drugA,10,24,1,197.0182,
g0321,mutant,drugA,10,24,2,187.3175,
g0321,mutant,drugA,10,24,3,250.5156,
g0321,mutant,DMSO,0,24,1,141.064,
g0321,mutant,DMSO,0,24,2,125.0983,
g0321,mutant,DMSO,0,24,3,134.6578,
g0322,WT,drugA,2.5,6,1,1126.1869,
g0322,WT,drugA,2.5,6,2,1487.3106,
g0322,WT,drugA,2.5,6,3,1039.5458,
g0322,WT,drugA,5,6,1,1243.0774,
g0322,WT,drugA,5,6,2,1263.4817,
g0322,WT,drugA,5,6,3,1177.3569,
g0322,WT,drugA,10,6,1,1272.8149,
g0322,WT,drugA,10,6,2,1154.5044,
g0322,WT,drugA,10,6,3,916.3602,
g0322,WT,DMSO,0,6,1,1200.2862,
g0322,WT,DMSO,0,6,2,1214.1611,
g0322,WT,DMSO,0,6,3,1011.5042,
g0322,WT,drugA,2.5,24,1,1115.3157,
g0322,WT,drugA,2.5,24,2,1111.1215,
g0322,WT,drugA,2.5,24,3,1313.3536,
g0322,WT,drugA,5,24,1,1116.57,
g0322,WT,drugA,5,24,2,1240.0265,
g0322,WT,drugA,5,24,3,1076.9977,
g0322,WT,drugA,10,24,1,1244.4044,
g0322,WT,drugA,10,24,2,1096.1059,
g0322,WT,drugA,10,24,3,1112.4256,
g0322,WT,DMSO,0,24,1,1143.922,
g0322,WT,DMSO,0,24,2,1172.383,
g0322,WT,DMSO,0,24,3,1080.6253,
g0322,mutant,drugA,2.5,6,1,1062.1751,
g0322,mutant,drugA,2.5,6,2,1064.4229,
g0322,mutant,drugA,2.5,6,3,1060.0113,
g0322,mutant,drugA,5,6,1,1201.8348,
g0322,mutant,drugA,5,6,2,1154.8594,
g0322,mutant,drugA,5,6,3,1027.8771,
g0322,mutant,drugA,10,6,1,1305.9506,
g0322,mutant,drugA,10,6,2,1299.9849,
g0322,mutant,drugA,10,6,3,1125.5696,
g0322,mutant,DMSO,0,6,1,1073.7143,
g0322,mutant,DMSO,0,6,2,941.2787,
g0322,mutant,DMSO,0,6,3,1091.6592,
g0322,mutant,drugA,2.5,24,1,1326.4083,
g0322,mutant,drugA,2.5,24,2,1216.0049,
g0322,mutant,drugA,2.5,24,3,1280.3783,
g0322,mutant,drugA,5,24,1,1295.0877,
g0322,mutant,drugA,5,24,2,1417.0441,
g0322,mutant,drugA,5,24,3,1139.5733,
g0322,mutant,drugA,10,24,1,1201.2371,
g0322,mutant,drugA,10,24,2,1141.0332,
g0322,mutant,drugA,10,24,3,1030.3941,
g0322,mutant,DMSO,0,24,1,1260.7198,
g0322,mutant,DMSO,0,24,2,1280.0761,
g0322,mutant,DMSO,0,24,3,985.7499,
g0323,WT,drugA,2.5,6,1,394.9567,
g0323,WT,drugA,2.5,6,2,384.7092,
g0323,WT,drugA,2.5,6,3,400.5066,
g0323,WT,drugA,5,6,1,497.7838,
g0323,WT,drugA,5,6,2,387.7296,
g0323,WT,drugA,5,6,3,391.6757,
g0323,WT,drugA,10,6,1,584.2812,
g0323,WT,drugA,10,6,2,515.3023,
g0323,WT,drugA,10,6,3,540.5449,
g0323,WT,DMSO,0,6,1,346.1823,
g0323,WT,DMSO,0,6,2,327.2263,
g0323,WT,DMSO,0,6,3,311.4108,
g0323,WT,drugA,2.5,24,1,380.9262,
g0323,WT,drugA,2.5,24,2,405.496,
g0323,WT,drugA,2.5,24,3,491.3861,
g0323,WT,drugA,5,24,1,481.2323,
g0323,WT,drugA,5,24,2,481.6873,
g0323,WT,drugA,5,24,3,466.3245,
g0323,WT,drugA,10,24,1,573.6279,
g0323,WT,drugA,10,24,2,624.0252,
g0323,WT,drugA,10,24,3,606.5371,
g0323,WT,DMSO,0,24,1,431.9729,
g0323,WT,DMSO,0,24,2,380.385,
g0323,WT,DMSO,0,24,3,459.3366,
g0323,mutant,drugA,2.5,6,1,416.2937,
g0323,mutant,drugA,2.5,6,2,417.5065,
g0323,mutant,drugA,2.5,6,3,456.8972,
g0323,mutant,drugA,5,6,1,471.8925,
g0323,mutant,drugA,5,6,2,477.5149,
g0323,mutant,drugA,5,6,3,437.8562,
g0323,mutant,drugA,10,6,1,578.4588,
g0323,mutant,drugA,10,6,2,494.4141,
g0323,mutant,drugA,10,6,3,410.7288,
g0323,mutant,DMSO,0,6,1,348.323,
g0323,mutant,DMSO,0,6,2,348.8447,
g0323,mutant,DMSO,0,6,3,366.8585,
g0323,mutant,drugA,2.5,24,1,462.0128,
g0323,mutant,drugA,2.5,24,2,418.6785,
g0323,mutant,drugA,2.5,24,3,414.3009,
g0323,mutant,drugA,5,24,1,503.7154,
g0323,mutant,drugA,5,24,2,482.8125,
g0323,mutant,drugA,5,24,3,528.0389,
g0323,mutant,drugA,10,24,1,593.1923,
g0323,mutant,drugA,10,24,2,690.5154,
g0323,mutant,drugA,10,24,3,607.6182,
g0323,mutant,DMSO,0,24,1,398.3524,
g0323,mutant,DMSO,0,24,2,348.8335,
g0323,mutant,DMSO,0,24,3,366.1712,
g0324,WT,drugA,2.5,6,1,71.4914,
g0324,WT,drugA,2.5,6,2,70.4484,
g0324,WT,drugA,2.5,6,3,67.0797,
g0324,WT,drugA,5,6,1,81.7962,
g0324,WT,drugA,5,6,2,63.5685,
g0324,WT,drugA,5,6,3,74.0811,
g0324,WT,drugA,10,6,1,78.6851,
g0324,WT,drugA,10,6,2,68.7894,
g0324,WT,drugA,10,6,3,80.7798,
g0324,WT,DMSO,0,6,1,62.5969,
g0324,WT,DMSO,0,6,2,79.072,
g0324,WT,DMSO,0,6,3,59.2215,
g0324,WT,drugA,2.5,24,1,62.1076,
g0324,WT,drugA,2.5,24,2,75.3497,
g0324,WT,drugA,2.5,24,3,59.5041,
g0324,WT,drugA,5,24,1,81.4694,
g0324,WT,drugA,5,24,2,67.9449,
g0324,WT,drugA,5,24,3,74.7742,
g0324,WT,drugA,10,24,1,59.5941,
g0324,WT,drugA,10,24,2,66.0188,
g0324,WT,drugA,10,24,3,72.7539,
g0324,WT,DMSO,0,24,1,67.3567,
g0324,WT,DMSO,0,24,2,61.1983,
g0324,WT,DMSO,0,24,3,71.2309,
g0324,mutant,drugA,2.5,6,1,71.419,
g0324,mutant,drugA,2.5,6,2,68.3704,
g0324,mutant,drugA,2.5,6,3,65.5831,
g0324,mutant,drugA,5,6,1,75.1272,
g0324,mutant,drugA,5,6,2,75.5953,
g0324,mutant,drugA,5,6,3,72.2233,
g0324,mutant,drugA,10,6,1,75.5351,
g0324,mutant,drugA,10,6,2,83.5297,
g0324,mutant,drugA,10,6,3,72.5171,
g0324,mutant,DMSO,0,6,2,82.1799,
g0324,mutant,DMSO,0,6,3,63.1587,
g0324,mutant,drugA,2.5,24,2,75.825,
g0324,mutant,drugA,2.5,24,3,68.0211,
g0324,mutant,drugA,5,24,1,74.7673,
g0324,mutant,drugA,5,24,2,67.1004,
g0324,mutant,drugA,5,24,3,63.6068,
g0324,mutant,drugA,10,24,1,81.6493,
g0324,mutant,drugA,10,24,2,69.8144,
g0324,mutant,drugA,10,24,3,73.5644,
g0324,mutant,DMSO,0,24,1,66.3974,
g0324,mutant,DMSO,0,24,2,85.235,
g0324,mutant,DMSO,0,24,3,79.2867,
g0325,WT,drugA,2.5,6,1,291.999,
g0325,WT,drugA,2.5,6,2,257.2921,
g0325,WT,drugA,2.5,6,3,240.8794,
g0325,WT,drugA,5,6,1,281.9744,
g0325,WT,drugA,5,6,3,273.6433,
g0325,WT,drugA,10,6,1,327.9232,
g0325,WT,drugA,10,6,2,258.8493,
g0325,WT,drugA,10,6,3,279.2507,
g0325,WT,DMSO,0,6,1,331.7492,
g0325,WT,DMSO,0,6,2,293.2648,
g0325,WT,DMSO,0,6,3,260.3124,
g0325,WT,drugA,2.5,24,1,252.5902,
g0325,WT,drugA,2.5,24,2,254.3813,
g0325,WT,drugA,2.5,24,3,259.2349,
g0325,WT,drugA,5,24,1,315.1318,
g0325,WT,drugA,5,24,2,345.1175,
g0325,WT,drugA,5,24,3,266.0514,
g0325,WT,drugA,10,24,1,256.0815,
g0325,WT,drugA,10,24,2,265.4324,
g0325,WT,drugA,10,24,3,240.8055,
g0325,WT,DMSO,0,24,1,272.9626,
g0325,WT,DMSO,0,24,2,231.4551,
g0325,WT,DMSO,0,24,3,294.0266,
g0325,mutant,drugA,2.5,6,1,273.6297,
g0325,mutant,drugA,2.5,6,2,288.7896,
g0325,mutant,drugA,2.5,6,3,268.1117,
g0325,mutant,drugA,5,6,1,240.0738,
g0325,mutant,drugA,5,6,2,280.4273,
g0325,mutant,drugA,5,6,3,308.1567,
g0325,mutant,drugA,10,6,1,306.388,
g0325,mutant,drugA,10,6,2,276.2748,
g0325,mutant,drugA,10,6,3,335.4493,
g0325,mutant,DMSO,0,6,1,260.0392,
g0325,mutant,DMSO,0,6,2,301.6544,
g0325,mutant,DMSO,0,6,3,360.8956,
g0325,mutant,drugA,2.5,24,1,312.9436,
g0325,mutant,drugA,2.5,24,2,304.9808,
g0325,mutant,drugA,2.5,24,3,276.8932,
g0325,mutant,drugA,5,24,1,241.6566,
g0325,mutant,drugA,5,24,2,279.6182,
g0325,mutant,drugA,5,24,3,285.6951,
g0325,mutant,drugA,10,24,1,252.4178,
g0325,mutant,drugA,10,24,2,226.1101,
g0325,mutant,drugA,10,24,3,278.5106,
g0325,mutant,DMSO,0,24,1,245.3858,
g0325,mutant,DMSO,0,24,2,236.4131,
g0325,mutant,DMSO,0,24,3,289.5337,
g0326,WT,drugA,2.5,6,1,434.928,
g0326,WT,drugA,2.5,6,2,426.9798,
g0326,WT,drugA,2.5,6,3,534.5893,
g0326,WT,drugA,5,6,1,470.0121,
g0326,WT,drugA,5,6,2,379.2023,
g0326,WT,drugA,5,6,3,423.3509,
g0326,WT,drugA,10,6,1,498.6491,
g0326,WT,drugA,10,6,2,433.4057,
g0326,WT,drugA,10,6,3,481.9243,
g0326,WT,DMSO,0,6,1,469.7676,
g0326,WT,DMSO,0,6,2,374.4728,
g0326,WT,DMSO,0,6,3,422.6062,
g0326,WT,drugA,2.5,24,1,393.4314,
g0326,WT,drugA,2.5,24,2,455.8645,
g0326,WT,drugA,2.5,24,3,427.0746,
g0326,WT,drugA,5,24,1,519.6122,
g0326,WT,drugA,5,24,2,503.4165,
g0326,WT,drugA,5,24,3,410.106,
g0326,WT,drugA,10,24,1,495.1758,
g0326,WT,drugA,10,24,2,479.797,
g0326,WT,drugA,10,24,3,492.8146,
g0326,WT,DMSO,0,24,1,424.1339,
g0326,WT,DMSO,0,24,2,408.8424,
g0326,WT,DMSO,0,24,3,469.3671,
g0326,mutant,drugA,2.5,6,1,432.5031,
g0326,mutant,drugA,2.5,6,2,494.1031,
g0326,mutant,drugA,2.5,6,3,460.374,
g0326,mutant,drugA,5,6,1,407.6987,
g0326,mutant,drugA,5,6,2,410.8081,
g0326,mutant,drugA,5,6,3,418.6102,
g0326,mutant,drugA,10,6,1,377.2297,
g0326,mutant,drugA,10,6,2,416.5054,
g0326,mutant,drugA,10,6,3,431.658,
g0326,mutant,DMSO,0,6,1,550.7406,
g0326,mutant,DMSO,0,6,2,456.8585,
g0326,mutant,DMSO,0,6,3,468.0651,
g0326,mutant,drugA,2.5,24,1,419.7567,
g0326,mutant,drugA,2.5,24,2,494.2486,
g0326,mutant,drugA,2.5,24,3,420.322,
g0326,mutant,drugA,5,24,1,425.7201,
g0326,mutant,drugA,5,24,2,504.8969,
g0326,mutant,drugA,5,24,3,524.1684,
g0326,mutant,drugA,10,24,1,482.9504,
g0326,mutant,drugA,10,24,2,398.1724,
g0326,mutant,drugA,10,24,3,421.1069,
g0326,mutant,DMSO,0,24,1,362.7109,
g0326,mutant,DMSO,0,24,2,424.6055,
g0326,mutant,DMSO,0,24,3,406.1971,
g0327,WT,drugA,2.5,6,1,438.4607,
g0327,WT,drugA,2.5,6,2,369.751,
g0327,WT,drugA,2.5,6,3,426.9379,
g0327,WT,drugA,5,6,1,444.3421,
g0327,WT,drugA,5,6,2,457.5815,
g0327,WT,drugA,5,6,3,387.4287,
g0327,WT,drugA,10,6,2,490.2085,
g0327,WT,drugA,10,6,3,543.3389,
g0327,WT,DMSO,0,6,1,407.5998,
g0327,WT,DMSO,0,6,2,428.7953,
g0327,WT,DMSO,0,6,3,416.5476,
g0327,WT,drugA,2.5,24,1,393.2307,
g0327,WT,drugA,2.5,24,2,410.8524,
g0327,WT,drugA,2.5,24,3,387.8664,
g0327,WT,drugA,5,24,1,419.3103,
g0327,WT,drugA,5,24,2,450.1798,
g0327,WT,drugA,5,24,3,511.0495,
g0327,WT,drugA,10,24,1,475.7965,
g0327,WT,drugA,10,24,2,438.9665,
g0327,WT,drugA,10,24,3,415.1806,
g0327,WT,DMSO,0,24,1,370.3792,
g0327,WT,DMSO,0,24,2,427.605,
g0327,WT,DMSO,0,24,3,461.9938,
g0327,mutant,drugA,2.5,6,1,429.71,
g0327,mutant,drugA,2.5,6,2,427.6377,
g0327,mutant,drugA,2.5,6,3,415.6482,
g0327,mutant,drugA,5,6,1,445.8564,
g0327,mutant,drugA,5,6,2,475.1235,
g0327,mutant,drugA,5,6,3,402.7311,
g0327,mutant,drugA,10,6,1,448.9579,
g0327,mutant,drugA,10,6,2,406.538,
g0327,mutant,drugA,10,6,3,402.8066,
g0327,mutant,DMSO,0,6,1,488.2223,
g0327,mutant,DMSO,0,6,3,387.7754,
g0327,mutant,drugA,2.5,24,1,433.2939,
g0327,mutant,drugA,2.5,24,2,439.5532,
g0327,mutant,drugA,2.5,24,3,568.6829,
g0327,mutant,drugA,5,24,1,452.1212,
g0327,mutant,drugA,5,24,2,422.6222,
g0327,mutant,drugA,5,24,3,431.0568,
g0327,mutant,drugA,10,24,1,528.1221,
g0327,mutant,drugA,10,24,2,425.528,
g0327,mutant,drugA,10,24,3,451.4632,
g0327,mutant,DMSO,0,24,1,419.1006,
g0327,mutant,DMSO,0,24,2,389.0684,
g0327,mutant,DMSO,0,24,3,418.5482,
g0328,WT,drugA,2.5,6,1,669.9928,
g0328,WT,drugA,2.5,6,2,760.9946,
g0328,WT,drugA,2.5,6,3,676.9915,
g0328,WT,drugA,5,6,1,961.9112,
g0328,WT,drugA,5,6,2,738.4609,
g0328,WT,drugA,5,6,3,708.8963,
g0328,WT,drugA,10,6,1,747.2202,
g0328,WT,drugA,10,6,2,641.0227,
g0328,WT,drugA,10,6,3,628.1738,
g0328,WT,DMSO,0,6,1,825.8996,
g0328,WT,DMSO,0,6,2,997.3783,
g0328,WT,DMSO,0,6,3,695.495,
g0328,WT,drugA,2.5,24,1,775.1087,
g0328,WT,drugA,2.5,24,2,711.4092,
g0328,WT,drugA,2.5,24,3,637.4634,
g0328,WT,drugA,5,24,1,695.1507,
g0328,WT,drugA,5,24,2,647.1064,
g0328,WT,drugA,5,24,3,662.8325,
g0328,WT,drugA,10,24,1,524.5213,
g0328,WT,drugA,10,24,2,573.4659,
g0328,WT,drugA,10,24,3,449.4166,
g0328,WT,DMSO,0,24,1,1012.1726,
g0328,WT,DMSO,0,24,2,954.7444,
g0328,WT,DMSO,0,24,3,854.9762,
g0328,mutant,drugA,2.5,6,1,974.3802,
g0328,mutant,drugA,2.5,6,2,802.0994,
g0328,mutant,drugA,2.5,6,3,886.9384,
g0328,mutant,drugA,5,6,2,910.1171,
g0328,mutant,drugA,5,6,3,676.4266,
g0328,mutant,drugA,10,6,1,777.7442,
g0328,mutant,drugA,10,6,2,651.1182,
g0328,mutant,drugA,10,6,3,853.2669,
g0328,mutant,DMSO,0,6,1,940.6161,
g0328,mutant,DMSO,0,6,2,856.5813,
g0328,mutant,drugA,2.5,24,1,781.0675,
g0328,mutant,drugA,2.5,24,2,854.928,
g0328,mutant,drugA,2.5,24,3,785.8704,
g0328,mutant,drugA,5,24,1,798.9666,
g0328,mutant,drugA,5,24,2,694.2565,
g0328,mutant,drugA,5,24,3,725.7736,
g0328,mutant,drugA,10,24,1,873.4234,
g0328,mutant,drugA,10,24,2,841.8516,
g0328,mutant,drugA,10,24,3,783.5605,
g0328,mutant,DMSO,0,24,1,954.2762,
g0328,mutant,DMSO,0,24,2,645.4653,
g0328,mutant,DMSO,0,24,3,747.6465,
g0329,WT,drugA,2.5,6,1,1026.5531,
g0329,WT,drugA,2.5,6,2,1212.0936,
g0329,WT,drugA,2.5,6,3,1144.4631,
g0329,WT,drugA,5,6,1,1127.1622,
g0329,WT,drugA,5,6,2,1304.578,
g0329,WT,drugA,5,6,3,1279.3041,
g0329,WT,drugA,10,6,1,1163.5325,
g0329,WT,drugA,10,6,2,1039.787,
g0329,WT,drugA,10,6,3,1049.9292,
g0329,WT,DMSO,0,6,1,1220.2427,
g0329,WT,DMSO,0,6,2,972.6099,
g0329,WT,DMSO,0,6,3,1079.2594,
g0329,WT,drugA,2.5,24,1,953.9665,
g0329,WT,drugA,2.5,24,2,1289.5926,
g0329,WT,drugA,2.5,24,3,1128.6881,
g0329,WT,drugA,5,24,1,1125.2319,
g0329,WT,drugA,5,24,2,923.9547,
g0329,WT,drugA,5,24,3,1145.9854,
g0329,WT,drugA,10,24,1,1458.492,
g0329,WT,drugA,10,24,2,1027.3005,
g0329,WT,drugA,10,24,3,965.0947,
g0329,WT,DMSO,0,24,2,1154.217,
g0329,WT,DMSO,0,24,3,888.288,
g0329,mutant,drugA,2.5,6,1,1209.3324,
g0329,mutant,drugA,2.5,6,2,1073.0251,
g0329,mutant,drugA,2.5,6,3,984.228,
g0329,mutant,drugA,5,6,1,1208.7441,
g0329,mutant,drugA,5,6,2,1317.8012,
g0329,mutant,drugA,5,6,3,1020.4362,
g0329,mutant,drugA,10,6,1,1306.2161,
g0329,mutant,drugA,10,6,2,1193.9413,
g0329,mutant,drugA,10,6,3,1073.789,
g0329,mutant,DMSO,0,6,2,1354.3793,
g0329,mutant,DMSO,0,6,3,1061.8689,
g0329,mutant,drugA,2.5,24,1,1325.2854,
g0329,mutant,drugA,2.5,24,2,964.3887,
g0329,mutant,drugA,2.5,24,3,1131.6819,
g0329,mutant,drugA,5,24,1,1159.1142,
g0329,mutant,drugA,5,24,2,1135.7674,
g0329,mutant,drugA,5,24,3,1093.6627,
g0329,mutant,drugA,10,24,1,1124.0844,
g0329,mutant,drugA,10,24,2,1109.0336,
g0329,mutant,drugA,10,24,3,1057.339,
g0329,mutant,DMSO,0,24,1,1154.1883,
g0329,mutant,DMSO,0,24,2,1086.1975,
g0329,mutant,DMSO,0,24,3,1094.7455,
g0330,WT,drugA,2.5,6,1,623.4691,
g0330,WT,drugA,2.5,6,2,591.1967,
g0330,WT,drugA,2.5,6,3,668.2455,
g0330,WT,drugA,5,6,1,497.4266,
g0330,WT,drugA,5,6,2,498.8205,
g0330,WT,drugA,5,6,3,525.7423,
g0330,WT,drugA,10,6,1,424.1375,
g0330,WT,drugA,10,6,2,323.585,
g0330,WT,drugA,10,6,3,412.8163,
g0330,WT,DMSO,0,6,1,854.0437,
g0330,WT,DMSO,0,6,2,698.7999,
g0330,WT,DMSO,0,6,3,876.4924,
g0330,WT,drugA,2.5,24,1,583.7567,
g0330,WT,drugA,2.5,24,2,549.5742,
g0330,WT,drugA,2.5,24,3,512.3385,
g0330,WT,drugA,5,24,1,390.3842,
g0330,WT,drugA,5,24,2,385.2991,
g0330,WT,drugA,5,24,3,337.1052,
g0330,WT,drugA,10,24,1,160.8809,
g0330,WT,drugA,10,24,2,163.563,
g0330,WT,drugA,10,24,3,159.3116,
g0330,WT,DMSO,0,24,1,762.052,
g0330,WT,DMSO,0,24,2,930.1615,
g0330,WT,DMSO,0,24,3,833.2485,
g0330,mutant,drugA,2.5,6,1,675.8371,
g0330,mutant,drugA,2.5,6,2,521.3212,
g0330,mutant,drugA,2.5,6,3,537.2721,
g0330,mutant,drugA,5,6,1,458.28,
g0330,mutant,drugA,5,6,2,375.5121,
g0330,mutant,drugA,5,6,3,445.7574,
g0330,mutant,drugA,10,6,1,216.7816,
g0330,mutant,drugA,10,6,2,187.2501,
g0330,mutant,drugA,10,6,3,165.0066,
g0330,mutant,DMSO,0,6,1,895.11,
g0330,mutant,DMSO,0,6,2,842.1849,
g0330,mutant,DMSO,0,6,3,950.2198,
g0330,mutant,drugA,2.5,24,1,435.9122,
g0330,mutant,drugA,2.5,24,2,371.0714,
g0330,mutant,drugA,2.5,24,3,390.9934,
g0330,mutant,drugA,5,24,1,180.3368,
g0330,mutant,drugA,5,24,2,192.545,
g0330,mutant,drugA,5,24,3,182.5448,
g0330,mutant,drugA,10,24,1,39.3544,
g0330,mutant,drugA,10,24,2,38.834,
g0330,mutant,DMSO,0,24,1,883.6617,
g0330,mutant,DMSO,0,24,2,795.3421,
g0330,mutant,DMSO,0,24,3,864.9485,
g0331,WT,drugA,2.5,6,1,312.256,
g0331,WT,drugA,2.5,6,2,250.1648,
g0331,WT,drugA,2.5,6,3,241.4555,
g0331,WT,drugA,5,6,1,307.1045,
g0331,WT,drugA,5,6,2,256.154,
g0331,WT,drugA,5,6,3,262.5338,
g0331,WT,drugA,10,6,1,286.5663,
g0331,WT,drugA,10,6,2,305.7589,
g0331,WT,drugA,10,6,3,262.8498,
g0331,WT,DMSO,0,6,1,237.2254,
g0331,WT,DMSO,0,6,2,245.7208,
g0331,WT,DMSO,0,6,3,264.2209,
g0331,WT,drugA,2.5,24,1,249.4388,
g0331,WT,drugA,2.5,24,2,267.4713,
g0331,WT,drugA,2.5,24,3,266.023,
g0331,WT,drugA,5,24,1,203.3562,
g0331,WT,drugA,5,24,2,234.9598,
g0331,WT,drugA,5,24,3,291.1131,
g0331,WT,drugA,10,24,1,287.296,
g0331,WT,drugA,10,24,2,315.6167,
g0331,WT,drugA,10,24,3,266.9951,
g0331,WT,DMSO,0,24,1,252.3583,
g0331,WT,DMSO,0,24,2,243.4528,
g0331,WT,DMSO,0,24,3,334.9056,
g0331,mutant,drugA,2.5,6,1,258.227,
g0331,mutant,drugA,2.5,6,2,242.4566,
g0331,mutant,drugA,2.5,6,3,307.9496,
g0331,mutant,drugA,5,6,1,243.7343,
g0331,mutant,drugA,5,6,2,215.2936,
g0331,mutant,drugA,5,6,3,229.4798,
g0331,mutant,drugA,10,6,1,242.159,
g0331,mutant,drugA,10,6,2,208.9869,
g0331,mutant,drugA,10,6,3,256.7789,
g0331,mutant,DMSO,0,6,1,219.8552,
g0331,mutant,DMSO,0,6,2,251.1469,
g0331,mutant,DMSO,0,6,3,243.099,
g0331,mutant,drugA,2.5,24,1,253.1553,
g0331,mutant,drugA,2.5,24,2,242.0066,
g0331,mutant,drugA,2.5,24,3,271.4666,
g0331,mutant,drugA,5,24,1,272.0757,
g0331,mutant,drugA,5,24,2,251.1276,
g0331,mutant,drugA,5,24,3,246.9991,
g0331,mutant,drugA,10,24,1,263.7893,
g0331,mutant,drugA,10,24,2,233.8531,
g0331,mutant,drugA,10,24,3,275.8538,
g0331,mutant,DMSO,0,24,1,238.0969,
g0331,mutant,DMSO,0,24,2,341.9114,
g0331,mutant,DMSO,0,24,3,249.0681,
g0332,WT,drugA,2.5,6,1,1021.9109,
g0332,WT,drugA,2.5,6,2,838.5391,
g0332,WT,drugA,2.5,6,3,1041.4485,
g0332,WT,drugA,5,6,1,910.7218,
g0332,WT,drugA,5,6,2,1115.3398,
g0332,WT,drugA,5,6,3,1055.2159,
g0332,WT,drugA,10,6,1,1302.1471,
g0332,WT,drugA,10,6,3,1021.6342,
g0332,WT,DMSO,0,6,1,1175.4271,
g0332,WT,DMSO,0,6,2,1185.4198,
g0332,WT,DMSO,0,6,3,1070.7368,
g0332,WT,drugA,2.5,24,1,1039.947,
g0332,WT,drugA,2.5,24,2,917.1931,
g0332,WT,drugA,5,24,1,1026.201,
g0332,WT,drugA,5,24,2,904.2304,
g0332,WT,drugA,5,24,3,1042.545,
g0332,WT,drugA,10,24,1,1091.6244,
g0332,WT,drugA,10,24,2,1111.2337,
g0332,WT,drugA,10,24,3,969.0206,
g0332,WT,DMSO,0,24,1,1098.3445,
g0332,WT,DMSO,0,24,2,1044.6587,
g0332,WT,DMSO,0,24,3,984.5116,
g0332,mutant,drugA,2.5,6,1,1060.3376,
g0332,mutant,drugA,2.5,6,2,1105.6637,
g0332,mutant,drugA,2.5,6,3,1040.3085,
g0332,mutant,drugA,5,6,1,986.738,
g0332,mutant,drugA,5,6,2,1142.9749,
g0332,mutant,drugA,5,6,3,1184.551,
g0332,mutant,drugA,10,6,1,1067.4054,
g0332,mutant,drugA,10,6,2,978.654,
g0332,mutant,drugA,10,6,3,918.7235,
g0332,mutant,DMSO,0,6,1,926.5902,
g0332,mutant,DMSO,0,6,2,1075.7595,
g0332,mutant,DMSO,0,6,3,1136.6429,
g0332,mutant,drugA,2.5,24,1,958.2612,
g0332,mutant,drugA,2.5,24,2,968.0028,
g0332,mutant,drugA,2.5,24,3,1123.2525,
g0332,mutant,drugA,5,24,1,1145.6648,
g0332,mutant,drugA,5,24,2,1065.8692,
g0332,mutant,drugA,5,24,3,998.6126,
g0332,mutant,drugA,10,24,1,1297.1917,
g0332,mutant,drugA,10,24,2,910.6376,
g0332,mutant,drugA,10,24,3,1177.7016,
g0332,mutant,DMSO,0,24,1,944.3823,
g0332,mutant,DMSO,0,24,2,1045.0407,
g0332,mutant,DMSO,0,24,3,1077.2468,
g0333,WT,drugA,2.5,6,1,75.123,
g0333,WT,drugA,2.5,6,2,78.4778,
g0333,WT,drugA,2.5,6,3,103.8865,
g0333,WT,drugA,5,6,1,79.3513,
g0333,WT,drugA,5,6,2,84.9189,
g0333,WT,drugA,5,6,3,83.4607,
g0333,WT,drugA,10,6,1,86.3796,
g0333,WT,drugA,10,6,2,98.0322,
g0333,WT,drugA,10,6,3,106.727,
g0333,WT,DMSO,0,6,1,60.8654,
g0333,WT,DMSO,0,6,2,71.055,
g0333,WT,DMSO,0,6,3,82.836,
g0333,WT,drugA,2.5,24,1,76.7369,
g0333,WT,drugA,2.5,24,2,78.0411,
g0333,WT,drugA,2.5,24,3,92.8766,
g0333,WT,drugA,5,24,1,108.5424,
g0333,WT,drugA,5,24,2,120.2297,
g0333,WT,drugA,5,24,3,95.0639,
g0333,WT,drugA,10,24,1,131.5648,
g0333,WT,drugA,10,24,2,143.7123,
g0333,WT,drugA,10,24,3,126.122,
g0333,WT,DMSO,0,24,1,71.0794,
g0333,WT,DMSO,0,24,2,72.1703,
g0333,WT,DMSO,0,24,3,69.7413,
g0333,mutant,drugA,2.5,6,1,81.4892,
g0333,mutant,drugA,2.5,6,2,88.9191,
g0333,mutant,drugA,2.5,6,3,92.5253,
g0333,mutant,drugA,5,6,1,103.4523,
g0333,mutant,drugA,5,6,2,120.255,
g0333,mutant,drugA,5,6,3,96.5479,
g0333,mutant,drugA,10,6,1,105.8094,
g0333,mutant,drugA,10,6,2,108.4479,
g0333,mutant,drugA,10,6,3,144.0553,
g0333,mutant,DMSO,0,6,1,81.1572,
g0333,mutant,DMSO,0,6,2,76.8337,
g0333,mutant,DMSO,0,6,3,64.1539,
g0333,mutant,drugA,2.5,24,1,81.5605,
g0333,mutant,drugA,2.5,24,2,119.5413,
g0333,mutant,drugA,2.5,24,3,111.4561,
g0333,mutant,drugA,5,24,1,135.1207,
g0333,mutant,drugA,5,24,2,152.0805,
g0333,mutant,drugA,5,24,3,135.2698,
g0333,mutant,drugA,10,24,1,224.5364,
g0333,mutant,drugA,10,24,2,258.9345,
g0333,mutant,drugA,10,24,3,208.2458,
g0333,mutant,DMSO,0,24,1,79.5921,
g0333,mutant,DMSO,0,24,2,60.4662,
g0333,mutant,DMSO,0,24,3,73.0648,
g0334,WT,drugA,2.5,6,1,1082.7986,
g0334,WT,drugA,2.5,6,2,1214.9329,
g0334,WT,drugA,2.5,6,3,1111.1406,
g0334,WT,drugA,5,6,1,964.708,
g0334,WT,drugA,5,6,2,1416.6423,
g0334,WT,drugA,5,6,3,1237.9612,
g0334,WT,drugA,10,6,1,1159.648,
g0334,WT,drugA,10,6,2,1161.0953,
g0334,WT,drugA,10,6,3,1436.8653,
g0334,WT,DMSO,0,6,1,1134.3894,
g0334,WT,DMSO,0,6,2,1060.6955,
g0334,WT,DMSO,0,6,3,1167.0689,
g0334,WT,drugA,2.5,24,1,1380.3065,
g0334,WT,drugA,2.5,24,2,1183.0502,
g0334,WT,drugA,2.5,24,3,1498.5714,
g0334,WT,drugA,5,24,1,1193.2907,
g0334,WT,drugA,5,24,2,1250.7942,
g0334,WT,drugA,5,24,3,1138.0389,
g0334,WT,drugA,10,24,1,1071.2614,
g0334,WT,drugA,10,24,2,1372.5588,
g0334,WT,drugA,10,24,3,899.7101,
g0334,WT,DMSO,0,24,1,1228.6644,
g0334,WT,DMSO,0,24,2,1002.9017,
g0334,WT,DMSO,0,24,3,1276.1249,
g0334,mutant,drugA,2.5,6,1,1381.3771,
g0334,mutant,drugA,2.5,6,2,1182.204,
g0334,mutant,drugA,2.5,6,3,1314.9886,
g0334,mutant,drugA,5,6,1,1169.2713,
g0334,mutant,drugA,5,6,2,979.1604,
g0334,mutant,drugA,5,6,3,1208.2834,
g0334,mutant,drugA,10,6,1,1530.2027,
g0334,mutant,drugA,10,6,2,1175.995,
g0334,mutant,drugA,10,6,3,1166.2809,
g0334,mutant,DMSO,0,6,1,1148.3682,
g0334,mutant,DMSO,0,6,2,1295.8345,
g0334,mutant,DMSO,0,6,3,1120.7665,
g0334,mutant,drugA,2.5,24,1,1074.0832,
g0334,mutant,drugA,2.5,24,2,1223.8706,
g0334,mutant,drugA,2.5,24,3,1370.8603,
g0334,mutant,drugA,5,24,1,1394.3345,
g0334,mutant,drugA,5,24,2,1175.4057,
g0334,mutant,drugA,5,24,3,1333.979,
g0334,mutant,drugA,10,24,1,1171.9664,
g0334,mutant,drugA,10,24,2,1087.8433,
g0334,mutant,drugA,10,24,3,1271.5097,
g0334,mutant,DMSO,0,24,1,1363.9711,
g0334,mutant,DMSO,0,24,2,899.3684,
g0334,mutant,DMSO,0,24,3,1244.293,
g0335,WT,drugA,2.5,6,1,431.5615,
g0335,WT,drugA,2.5,6,2,498.7966,
g0335,WT,drugA,2.5,6,3,381.8447,
g0335,WT,drugA,5,6,1,498.2463,
g0335,WT,drugA,5,6,2,652.342,
g0335,WT,drugA,5,6,3,511.908,
g0335,WT,drugA,10,6,1,495.9381,
g0335,WT,drugA,10,6,3,466.2527,
g0335,WT,DMSO,0,6,2,465.3084,
g0335,WT,DMSO,0,6,3,392.7799,
g0335,WT,drugA,2.5,24,1,487.3345,
g0335,WT,drugA,2.5,24,2,447.4899,
g0335,WT,drugA,2.5,24,3,501.9462,
g0335,WT,drugA,5,24,1,489.3115,
g0335,WT,drugA,5,24,2,459.4898,
g0335,WT,drugA,10,24,1,468.2644,
g0335,WT,drugA,10,24,2,443.1202,
g0335,WT,drugA,10,24,3,409.6829,
g0335,WT,DMSO,0,24,1,528.12,
g0335,WT,DMSO,0,24,2,508.7958,
g0335,WT,DMSO,0,24,3,522.0906,
g0335,mutant,drugA,2.5,6,1,550.0228,
g0335,mutant,drugA,2.5,6,2,487.6046,
g0335,mutant,drugA,2.5,6,3,444.1644,
g0335,mutant,drugA,5,6,1,436.0244,
g0335,mutant,drugA,5,6,2,371.8731,
g0335,mutant,drugA,5,6,3,486.4625,
g0335,mutant,drugA,10,6,1,462.6359,
g0335,mutant,drugA,10,6,2,509.0099,
g0335,mutant,drugA,10,6,3,599.2185,
g0335,mutant,DMSO,0,6,1,473.4184,
g0335,mutant,DMSO,0,6,2,472.5261,
g0335,mutant,DMSO,0,6,3,472.3163,
g0335,mutant,drugA,2.5,24,1,551.5461,
g0335,mutant,drugA,2.5,24,2,497.2465,
g0335,mutant,drugA,2.5,24,3,514.9405,
g0335,mutant,drugA,5,24,1,418.3014,
g0335,mutant,drugA,5,24,2,482.6505,
g0335,mutant,drugA,5,24,3,428.6486,
g0335,mutant,drugA,10,24,1,516.3545,
g0335,mutant,drugA,10,24,2,465.1929,
g0335,mutant,drugA,10,24,3,504.2644,
g0335,mutant,DMSO,0,24,1,464.7702,
g0335,mutant,DMSO,0,24,2,579.3848,
g0335,mutant,DMSO,0,24,3,482.8214,
g0336,WT,drugA,2.5,6,1,135.7354,
g0336,WT,drugA,2.5,6,2,122.5956,
g0336,WT,drugA,2.5,6,3,127.244,
g0336,WT,drugA,5,6,1,156.0699,
g0336,WT,drugA,5,6,2,103.3755,
g0336,WT,drugA,5,6,3,133.3677,
g0336,WT,drugA,10,6,1,133.9887,
g0336,WT,drugA,10,6,2,123.7798,
g0336,WT,drugA,10,6,3,124.1581,
g0336,WT,DMSO,0,6,1,118.74,
g0336,WT,DMSO,0,6,3,113.4162,
g0336,WT,drugA,2.5,24,1,106.4162,
g0336,WT,drugA,2.5,24,2,126.1649,
g0336,WT,drugA,2.5,24,3,105.0198,
g0336,WT,drugA,5,24,1,132.5,
g0336,WT,drugA,5,24,2,136.5154,
g0336,WT,drugA,5,24,3,119.4783,
g0336,WT,drugA,10,24,1,116.0416,
g0336,WT,drugA,10,24,2,137.5209,
g0336,WT,drugA,10,24,3,130.4726,
g0336,WT,DMSO,0,24,1,124.0988,
g0336,WT,DMSO,0,24,2,116.3977,
g0336,WT,DMSO,0,24,3,125.6533,
g0336,mutant,drugA,2.5,6,2,118.5406,
g0336,mutant,drugA,2.5,6,3,136.8791,
g0336,mutant,drugA,5,6,1,152.635,
g0336,mutant,drugA,5,6,2,159.8502,
g0336,mutant,drugA,5,6,3,149.6028,
g0336,mutant,drugA,10,6,1,130.8839,
g0336,mutant,drugA,10,6,2,128.0144,
g0336,mutant,drugA,10,6,3,119.0474,
g0336,mutant,DMSO,0,6,1,152.8153,
g0336,mutant,DMSO,0,6,2,137.6909,
g0336,mutant,DMSO,0,6,3,114.5305,
g0336,mutant,drugA,2.5,24,1,157.5927,
g0336,mutant,drugA,2.5,24,2,126.0967,
g0336,mutant,drugA,2.5,24,3,110.364,
g0336,mutant,drugA,5,24,1,110.4937,
g0336,mutant,drugA,5,24,2,140.2036,
g0336,mutant,drugA,5,24,3,118.6007,
g0336,mutant,drugA,10,24,1,123.0893,
g0336,mutant,drugA,10,24,2,114.4579,
g0336,mutant,drugA,10,24,3,115.4894,
g0336,mutant,DMSO,0,24,1,149.0282,
g0336,mutant,DMSO,0,24,2,126.0605,
g0336,mutant,DMSO,0,24,3,117.0521,
g0337,WT,drugA,2.5,6,1,466.0126,
g0337,WT,drugA,2.5,6,2,535.3251,
g0337,WT,drugA,2.5,6,3,459.7484,
g0337,WT,drugA,5,6,1,523.133,
g0337,WT,drugA,5,6,2,442.0223,
g0337,WT,drugA,5,6,3,444.6995,
g0337,WT,drugA,10,6,1,445.3855,
g0337,WT,drugA,10,6,2,495.9717,
g0337,WT,drugA,10,6,3,419.7888,
g0337,WT,DMSO,0,6,1,432.0384,
g0337,WT,DMSO,0,6,2,493.2194,
g0337,WT,DMSO,0,6,3,388.3985,
g0337,WT,drugA,2.5,24,1,410.7174,
g0337,WT,drugA,2.5,24,2,458.3228,
g0337,WT,drugA,2.5,24,3,399.9214,
g0337,WT,drugA,5,24,1,551.7729,
g0337,WT,drugA,5,24,2,446.3239,
g0337,WT,drugA,5,24,3,367.1015,
g0337,WT,drugA,10,24,1,455.8494,
g0337,WT,drugA,10,24,2,543.9706,
g0337,WT,drugA,10,24,3,411.5759,
g0337,WT,DMSO,0,24,1,430.5431,
g0337,WT,DMSO,0,24,2,430.5868,
g0337,WT,DMSO,0,24,3,411.4714,
g0337,mutant,drugA,2.5,6,1,473.8789,
g0337,mutant,drugA,2.5,6,3,500.4373,
g0337,mutant,drugA,5,6,1,390.8179,
g0337,mutant,drugA,5,6,2,517.275,
g0337,mutant,drugA,5,6,3,483.6632,
g0337,mutant,drugA,10,6,1,505.4558,
g0337,mutant,drugA,10,6,2,430.2247,
g0337,mutant,drugA,10,6,3,430.3321,
g0337,mutant,DMSO,0,6,1,447.2791,
g0337,mutant,DMSO,0,6,2,483.7322,
g0337,mutant,DMSO,0,6,3,439.4227,
g0337,mutant,drugA,2.5,24,1,465.9403,
g0337,mutant,drugA,2.5,24,2,476.9696,
g0337,mutant,drugA,2.5,24,3,357.0727,
g0337,mutant,drugA,5,24,1,464.2879,
g0337,mutant,drugA,5,24,2,470.8755,
g0337,mutant,drugA,5,24,3,525.4851,
g0337,mutant,drugA,10,24,1,513.9278,
g0337,mutant,drugA,10,24,2,473.9272,
g0337,mutant,drugA,10,24,3,521.0146,
g0337,mutant,DMSO,0,24,1,568.769,
g0337,mutant,DMSO,0,24,2,478.2384,
g0337,mutant,DMSO,0,24,3,426.0801,
g0338,WT,drugA,2.5,6,1,556.6364,
g0338,WT,drugA,2.5,6,2,455.9659,
g0338,WT,drugA,2.5,6,3,437.9293,
g0338,WT,drugA,5,6,1,467.7587,
g0338,WT,drugA,5,6,2,416.4672,
g0338,WT,drugA,5,6,3,498.9748,
g0338,WT,drugA,10,6,1,422.8458,
g0338,WT,drugA,10,6,2,548.6545,
g0338,WT,drugA,10,6,3,460.2841,
g0338,WT,DMSO,0,6,1,448.0089,
g0338,WT,DMSO,0,6,2,479.2311,
g0338,WT,DMSO,0,6,3,506.9279,
g0338,WT,drugA,2.5,24,1,495.0539,
g0338,WT,drugA,2.5,24,2,448.5492,
g0338,WT,drugA,2.5,24,3,481.1926,
g0338,WT,drugA,5,24,1,621.382,
g0338,WT,drugA,5,24,2,461.3618,
g0338,WT,drugA,5,24,3,460.5954,
g0338,WT,drugA,10,24,1,503.7589,
g0338,WT,drugA,10,24,2,555.3448,
g0338,WT,drugA,10,24,3,485.6096,
g0338,WT,DMSO,0,24,1,563.3974,
g0338,WT,DMSO,0,24,2,480.8134,
g0338,WT,DMSO,0,24,3,380.7925,
g0338,mutant,drugA,2.5,6,1,410.7239,
g0338,mutant,drugA,2.5,6,2,434.9709,
g0338,mutant,drugA,2.5,6,3,551.4987,
g0338,mutant,drugA,5,6,1,408.2014,
g0338,mutant,drugA,5,6,2,537.3048,
g0338,mutant,drugA,5,6,3,468.1157,
g0338,mutant,drugA,10,6,1,453.0397,
g0338,mutant,drugA,10,6,2,453.8777,
g0338,mutant,drugA,10,6,3,400.2983,
g0338,mutant,DMSO,0,6,1,582.2319,
g0338,mutant,DMSO,0,6,2,492.0093,
g0338,mutant,DMSO,0,6,3,504.9479,
g0338,mutant,drugA,2.5,24,2,444.0605,
g0338,mutant,drugA,2.5,24,3,486.8309,
g0338,mutant,drugA,5,24,1,564.5274,
g0338,mutant,drugA,5,24,2,499.5131,
g0338,mutant,drugA,5,24,3,453.4325,
g0338,mutant,drugA,10,24,1,491.9025,
g0338,mutant,drugA,10,24,2,419.0791,
g0338,mutant,DMSO,0,24,1,425.8313,
g0338,mutant,DMSO,0,24,2,433.03,
g0338,mutant,DMSO,0,24,3,558.8355,
g0339,WT,drugA,2.5,6,1,546.342,
g0339,WT,drugA,2.5,6,2,594.3325,
g0339,WT,drugA,2.5,6,3,550.8514,
g0339,WT,drugA,5,6,1,643.1025,
g0339,WT,drugA,5,6,3,562.9809,
g0339,WT,drugA,10,6,1,565.9416,
g0339,WT,drugA,10,6,2,610.855,
g0339,WT,drugA,10,6,3,601.9291,
g0339,WT,DMSO,0,6,1,697.1677,
g0339,WT,DMSO,0,6,2,540.4444,
g0339,WT,DMSO,0,6,3,602.3894,
g0339,WT,drugA,2.5,24,1,666.0701,
g0339,WT,drugA,2.5,24,2,648.8592,
g0339,WT,drugA,2.5,24,3,661.8489,
g0339,WT,drugA,5,24,1,578.4781,
g0339,WT,drugA,5,24,2,488.7681,
g0339,WT,drugA,5,24,3,702.4799,
g0339,WT,drugA,10,24,1,621.1314,
g0339,WT,drugA,10,24,2,631.9442,
g0339,WT,drugA,10,24,3,644.5066,
g0339,WT,DMSO,0,24,1,669.5128,
g0339,WT,DMSO,0,24,2,539.6733,
g0339,WT,DMSO,0,24,3,767.2713,
g0339,mutant,drugA,2.5,6,1,500.1794,
g0339,mutant,drugA,2.5,6,2,548.6441,
g0339,mutant,drugA,2.5,6,3,506.8305,
g0339,mutant,drugA,5,6,1,537.614,
g0339,mutant,drugA,5,6,2,677.9605,
g0339,mutant,drugA,5,6,3,612.3825,
g0339,mutant,drugA,10,6,1,701.6359,
g0339,mutant,drugA,10,6,2,541.3562,
g0339,mutant,drugA,10,6,3,495.9369,
g0339,mutant,DMSO,0,6,1,515.0837,
g0339,mutant,DMSO,0,6,2,458.9236,
g0339,mutant,DMSO,0,6,3,653.0618,
g0339,mutant,drugA,2.5,24,1,665.6715,
g0339,mutant,drugA,2.5,24,2,591.8986,
g0339,mutant,drugA,2.5,24,3,699.8923,
g0339,mutant,drugA,5,24,1,571.1266,
g0339,mutant,drugA,5,24,2,564.1008,
g0339,mutant,drugA,5,24,3,686.0621,
g0339,mutant,drugA,10,24,1,594.3017,
g0339,mutant,drugA,10,24,2,740.9721,
g0339,mutant,DMSO,0,24,1,531.6735,
g0339,mutant,DMSO,0,24,2,591.7902,
g0339,mutant,DMSO,0,24,3,669.2579,
g0340,WT,drugA,2.5,6,1,1370.5845,
g0340,WT,drugA,2.5,6,2,1439.2902,
g0340,WT,drugA,2.5,6,3,1367.0304,
g0340,WT,drugA,5,6,1,1442.8351,
g0340,WT,drugA,5,6,2,1727.2428,
g0340,WT,drugA,5,6,3,1743.4033,
g0340,WT,drugA,10,6,1,2602.2473,
g0340,WT,drugA,10,6,2,2253.2531,
g0340,WT,drugA,10,6,3,2447.8157,
g0340,WT,DMSO,0,6,1,1138.0615,
g0340,WT,DMSO,0,6,2,1074.3302,
g0340,WT,DMSO,0,6,3,1075.8201,
g0340,WT,drugA,2.5,24,1,1538.6384,
g0340,WT,drugA,2.5,24,2,1449.7632,
g0340,WT,drugA,2.5,24,3,1760.6471,
g0340,WT,drugA,5,24,1,2921.0408,
g0340,WT,drugA,5,24,2,2211.3401,
g0340,WT,drugA,5,24,3,3332.8593,
g0340,WT,drugA,10,24,1,6266.1165,
g0340,WT,drugA,10,24,2,7075.3483,
g0340,WT,drugA,10,24,3,6665.8725,
g0340,WT,DMSO,0,24,1,1326.4939,
g0340,WT,DMSO,0,24,2,1011.7156,
g0340,WT,DMSO,0,24,3,1020.6144,
g0340,mutant,drugA,2.5,6,1,1668.204,
g0340,mutant,drugA,2.5,6,2,1714.7568,
g0340,mutant,drugA,2.5,6,3,1277.8914,
g0340,mutant,drugA,5,6,1,3298.7983,
g0340,mutant,drugA,5,6,2,2294.1914,
g0340,mutant,drugA,5,6,3,2663.2358,
g0340,mutant,drugA,10,6,1,5259.4164,
g0340,mutant,drugA,10,6,2,4402.835,
g0340,mutant,drugA,10,6,3,4560.6127,
g0340,mutant,DMSO,0,6,1,1342.6045,
g0340,mutant,DMSO,0,6,2,1165.5427,
g0340,mutant,DMSO,0,6,3,1031.4087,
g0340,mutant,drugA,2.5,24,1,2543.535,
g0340,mutant,drugA,2.5,24,2,2255.4519,
g0340,mutant,drugA,2.5,24,3,2438.6138,
g0340,mutant,drugA,5,24,1,4732.884,
g0340,mutant,drugA,5,24,2,5040.8234,
g0340,mutant,drugA,5,24,3,4744.8376,
g0340,mutant,drugA,10,24,1,20500.3393,
g0340,mutant,drugA,10,24,2,22058.0466,
g0340,mutant,drugA,10,24,3,22962.092,
g0340,mutant,DMSO,0,24,1,982.8765,
g0340,mutant,DMSO,0,24,2,1088.3142,
g0340,mutant,DMSO,0,24,3,1215.8745,
g0341,WT,drugA,2.5,6,1,1257.3172,
g0341,WT,drugA,2.5,6,2,1150.729,
g0341,WT,drugA,2.5,6,3,978.6251,
g0341,WT,drugA,5,6,1,1029.7061,
g0341,WT,drugA,5,6,2,1117.8194,
g0341,WT,drugA,5,6,3,928.7355,
g0341,WT,drugA,10,6,1,1017.6544,
g0341,WT,drugA,10,6,2,1171.5637,
g0341,WT,drugA,10,6,3,1037.9671,
g0341,WT,DMSO,0,6,1,1008.8514,
g0341,WT,DMSO,0,6,2,906.2957,
g0341,WT,DMSO,0,6,3,1117.4206,
g0341,WT,drugA,2.5,24,1,1000.5859,
g0341,WT,drugA,2.5,24,2,1384.7368,
g0341,WT,drugA,2.5,24,3,944.0098,
g0341,WT,drugA,5,24,1,1036.7655,
g0341,WT,drugA,5,24,2,1144.5741,
g0341,WT,drugA,5,24,3,1043.6567,
g0341,WT,drugA,10,24,1,1202.6667,
g0341,WT,drugA,10,24,2,917.6177,
g0341,WT,drugA,10,24,3,1271.395,
g0341,WT,DMSO,0,24,1,1026.9994,
g0341,WT,DMSO,0,24,2,1293.1937,
g0341,WT,DMSO,0,24,3,1149.4288,
g0341,mutant,drugA,2.5,6,1,1173.6737,
g0341,mutant,drugA,2.5,6,2,1035.0987,
g0341,mutant,drugA,2.5,6,3,1174.5933,
g0341,mutant,drugA,5,6,1,1096.4088,
g0341,mutant,drugA,5,6,2,1152.5427,
g0341,mutant,drugA,5,6,3,941.8782,
g0341,mutant,drugA,10,6,1,1286.9718,
g0341,mutant,drugA,10,6,2,1029.4463,
g0341,mutant,drugA,10,6,3,1127.1557,
g0341,mutant,DMSO,0,6,1,1091.6462,
g0341,mutant,DMSO,0,6,2,1104.3424,
g0341,mutant,DMSO,0,6,3,1126.0119,
g0341,mutant,drugA,2.5,24,1,1041.8757,
g0341,mutant,drugA,2.5,24,2,986.4132,
g0341,mutant,drugA,2.5,24,3,1035.6357,
g0341,mutant,drugA,5,24,1,905.9975,
g0341,mutant,drugA,5,24,2,1022.6665,
g0341,mutant,drugA,5,24,3,1217.0958,
g0341,mutant,drugA,10,24,1,1126.5829,
g0341,mutant,drugA,10,24,2,1191.7237,
g0341,mutant,drugA,10,24,3,983.5638,
g0341,mutant,DMSO,0,24,1,1118.0257,
g0341,mutant,DMSO,0,24,2,1073.7532,
g0341,mutant,DMSO,0,24,3,1136.4524,
g0342,WT,drugA,2.5,6,1,1868.8153,
g0342,WT,drugA,2.5,6,2,1936.8852,
g0342,WT,drugA,2.5,6,3,2175.5015,
g0342,WT,drugA,5,6,1,1870.6932,
g0342,WT,drugA,5,6,2,2252.7065,
g0342,WT,drugA,5,6,3,1841.1401,
g0342,WT,drugA,10,6,1,2956.2629,
g0342,WT,drugA,10,6,2,3123.8757,
g0342,WT,drugA,10,6,3,3204.6154,
g0342,WT,DMSO,0,6,1,1977.0818,
g0342,WT,DMSO,0,6,2,1485.9908,
g0342,WT,DMSO,0,6,3,1591.9771,
g0342,WT,drugA,2.5,24,1,1925.2109,
g0342,WT,drugA,2.5,24,2,2227.2495,
g0342,WT,drugA,2.5,24,3,2298.3884,
g0342,WT,drugA,5,24,1,2497.0067,
g0342,WT,drugA,5,24,2,2801.2241,
g0342,WT,drugA,5,24,3,2638.697,
g0342,WT,drugA,10,24,1,5352.9346,
g0342,WT,drugA,10,24,2,4648.5837,
g0342,WT,drugA,10,24,3,4840.6628,
g0342,WT,DMSO,0,24,2,1553.7299,
g0342,WT,DMSO,0,24,3,1633.4664,
g0342,mutant,drugA,2.5,6,1,1858.3839,
g0342,mutant,drugA,2.5,6,2,1597.1027,
g0342,mutant,drugA,2.5,6,3,1729.7481,
g0342,mutant,drugA,5,6,1,2756.6863,
g0342,mutant,drugA,5,6,2,2130.1773,
g0342,mutant,drugA,5,6,3,2280.3723,
g0342,mutant,drugA,10,6,1,3020.0825,
g0342,mutant,drugA,10,6,2,3021.087,
g0342,mutant,drugA,10,6,3,3034.8161,
g0342,mutant,DMSO,0,6,2,1798.9954,
g0342,mutant,DMSO,0,6,3,1639.6244,
g0342,mutant,drugA,2.5,24,1,2266.3912,
g0342,mutant,drugA,2.5,24,2,1917.333,
g0342,mutant,drugA,2.5,24,3,2109.1143,
g0342,mutant,drugA,5,24,1,3058.4233,
g0342,mutant,drugA,5,24,2,3043.5476,
g0342,mutant,drugA,5,24,3,2812.696,
g0342,mutant,drugA,10,24,1,5756.1889,
g0342,mutant,drugA,10,24,2,4804.526,
g0342,mutant,drugA,10,24,3,4791.3295,
g0342,mutant,DMSO,0,24,1,1521.9478,
g0342,mutant,DMSO,0,24,2,1566.3432,
g0342,mutant,DMSO,0,24,3,1567.6346,
g0343,WT,drugA,2.5,6,1,121.5522,
g0343,WT,drugA,2.5,6,2,133.9109,
g0343,WT,drugA,2.5,6,3,142.8113,
g0343,WT,drugA,5,6,1,146.1287,
g0343,WT,drugA,5,6,2,133.5344,
g0343,WT,drugA,5,6,3,106.5367,
g0343,WT,drugA,10,6,1,117.7509,
g0343,WT,drugA,10,6,2,120.5042,
g0343,WT,drugA,10,6,3,130.4467,
g0343,WT,DMSO,0,6,1,123.4724,
g0343,WT,DMSO,0,6,2,127.66,
g0343,WT,DMSO,0,6,3,123.4643,
g0343,WT,drugA,2.5,24,1,133.7741,
g0343,WT,drugA,2.5,24,2,117.7942,
g0343,WT,drugA,2.5,24,3,123.3429,
g0343,WT,drugA,5,24,1,109.7002,
g0343,WT,drugA,5,24,2,130.6141,
g0343,WT,drugA,5,24,3,112.3727,
g0343,WT,drugA,10,24,1,123.5266,
g0343,WT,drugA,10,24,2,110.5658,
g0343,WT,drugA,10,24,3,138.6635,
g0343,WT,DMSO,0,24,1,143.155,
g0343,WT,DMSO,0,24,2,126.8813,
g0343,WT,DMSO,0,24,3,112.4436,
g0343,mutant,drugA,2.5,6,1,131.6074,
g0343,mutant,drugA,2.5,6,2,109.383,
g0343,mutant,drugA,2.5,6,3,118.6242,
g0343,mutant,drugA,5,6,1,136.2002,
g0343,mutant,drugA,5,6,2,140.8411,
g0343,mutant,drugA,5,6,3,127.5772,
g0343,mutant,drugA,10,6,1,112.317,
g0343,mutant,drugA,10,6,3,130.5059,
g0343,mutant,DMSO,0,6,1,121.4519,
g0343,mutant,DMSO,0,6,2,137.73,
g0343,mutant,DMSO,0,6,3,137.6562,
g0343,mutant,drugA,2.5,24,1,141.1098,
g0343,mutant,drugA,2.5,24,2,112.9346,
g0343,mutant,drugA,2.5,24,3,116.7544,
g0343,mutant,drugA,5,24,1,114.0092,
g0343,mutant,drugA,5,24,2,118.499,
g0343,mutant,drugA,5,24,3,127.3119,
g0343,mutant,drugA,10,24,1,138.6887,
g0343,mutant,drugA,10,24,2,106.0338,
g0343,mutant,drugA,10,24,3,128.1829,
g0343,mutant,DMSO,0,24,1,159.3399,
g0343,mutant,DMSO,0,24,2,117.0219,
g0344,WT,drugA,2.5,6,1,76.9141,
g0344,WT,drugA,2.5,6,2,84.0139,
g0344,WT,drugA,2.5,6,3,74.8611,
g0344,WT,drugA,5,6,1,70.2696,
g0344,WT,drugA,5,6,2,83.2578,
g0344,WT,drugA,5,6,3,84.0198,
g0344,WT,drugA,10,6,1,78.0989,
g0344,WT,drugA,10,6,2,75.1284,
g0344,WT,drugA,10,6,3,82.7851,
g0344,WT,DMSO,0,6,1,91.7437,
g0344,WT,DMSO,0,6,2,102.0375,
g0344,WT,DMSO,0,6,3,100.3318,
g0344,WT,drugA,2.5,24,1,70.8037,
g0344,WT,drugA,2.5,24,2,92.7831,
g0344,WT,drugA,2.5,24,3,80.4854,
g0344,WT,drugA,5,24,1,65.0685,
g0344,WT,drugA,5,24,2,62.8574,
g0344,WT,drugA,5,24,3,63.018,
g0344,WT,drugA,10,24,1,54.0397,
g0344,WT,drugA,10,24,2,59.9833,
g0344,WT,drugA,10,24,3,66.7636,
g0344,WT,DMSO,0,24,1,79.2397,
g0344,WT,DMSO,0,24,2,88.7547,
g0344,WT,DMSO,0,24,3,92.8021,
g0344,mutant,drugA,2.5,6,1,73.5894,
g0344,mutant,drugA,2.5,6,2,90.7429,
g0344,mutant,drugA,2.5,6,3,93.1815,
g0344,mutant,drugA,5,6,1,61.0051,
g0344,mutant,drugA,5,6,2,74.4508,
g0344,mutant,drugA,5,6,3,80.5749,
g0344,mutant,drugA,10,6,1,61.1775,
g0344,mutant,drugA,10,6,2,72.5438,
g0344,mutant,drugA,10,6,3,73.1681,
g0344,mutant,DMSO,0,6,1,87.6012,
g0344,mutant,DMSO,0,6,2,83.9574,
g0344,mutant,DMSO,0,6,3,72.1121,
g0344,mutant,drugA,2.5,24,1,69.843,
g0344,mutant,drugA,2.5,24,2,84.4513,
g0344,mutant,drugA,2.5,24,3,72.221,
g0344,mutant,drugA,5,24,1,66.8022,
g0344,mutant,drugA,5,24,2,71.8361,
g0344,mutant,drugA,5,24,3,67.7644,
g0344,mutant,drugA,10,24,1,51.3751,
g0344,mutant,drugA,10,24,2,61.7176,
g0344,mutant,drugA,10,24,3,72.7519,
g0344,mutant,DMSO,0,24,1,91.1251,
g0344,mutant,DMSO,0,24,2,83.2037,
g0344,mutant,DMSO,0,24,3,82.4516,
g0345,WT,drugA,2.5,6,1,370.5583,
g0345,WT,drugA,2.5,6,2,412.1662,
g0345,WT,drugA,2.5,6,3,406.1508,
g0345,WT,drugA,5,6,1,448.0704,
g0345,WT,drugA,5,6,2,397.097,
g0345,WT,drugA,5,6,3,378.6521,
g0345,WT,drugA,10,6,1,381.8019,
g0345,WT,drugA,10,6,2,406.2918,
g0345,WT,drugA,10,6,3,403.6302,
g0345,WT,DMSO,0,6,3,407.1369,
g0345,WT,drugA,2.5,24,1,402.344,
g0345,WT,drugA,2.5,24,2,393.0475,
g0345,WT,drugA,2.5,24,3,443.4799,
g0345,WT,drugA,5,24,1,420.2778,
g0345,WT,drugA,5,24,2,447.3741,
g0345,WT,drugA,5,24,3,452.6078,
g0345,WT,drugA,10,24,1,398.6758,
g0345,WT,drugA,10,24,2,439.0754,
g0345,WT,drugA,10,24,3,457.773,
g0345,WT,DMSO,0,24,1,328.8153,
g0345,WT,DMSO,0,24,2,364.1816,
g0345,WT,DMSO,0,24,3,478.6135,
g0345,mutant,drugA,2.5,6,1,404.4223,
g0345,mutant,drugA,2.5,6,2,489.6043,
g0345,mutant,drugA,2.5,6,3,389.2052,
g0345,mutant,drugA,5,6,1,330.8243,
g0345,mutant,drugA,5,6,2,362.0379,
g0345,mutant,drugA,5,6,3,412.442,
g0345,mutant,drugA,10,6,1,439.2193,
g0345,mutant,drugA,10,6,2,457.9293,
g0345,mutant,drugA,10,6,3,430.5714,
g0345,mutant,DMSO,0,6,1,494.77,
g0345,mutant,DMSO,0,6,2,474.8262,
g0345,mutant,DMSO,0,6,3,437.0904,
g0345,mutant,drugA,2.5,24,1,409.3267,
g0345,mutant,drugA,2.5,24,2,387.6112,
g0345,mutant,drugA,2.5,24,3,453.0802,
g0345,mutant,drugA,5,24,1,519.0318,
g0345,mutant,drugA,5,24,2,355.4671,
g0345,mutant,drugA,5,24,3,339.9385,
g0345,mutant,drugA,10,24,1,414.4152,
g0345,mutant,drugA,10,24,2,442.095,
g0345,mutant,drugA,10,24,3,375.5326,
g0345,mutant,DMSO,0,24,1,393.6616,
g0345,mutant,DMSO,0,24,2,397.8346,
g0345,mutant,DMSO,0,24,3,420.2527,
g0346,WT,drugA,2.5,6,1,33.7406,
g0346,WT,drugA,2.5,6,2,32.92,
g0346,WT,drugA,2.5,6,3,36.1052,
g0346,WT,drugA,5,6,1,26.2536,
g0346,WT,drugA,5,6,2,33.9596,
g0346,WT,drugA,5,6,3,32.369,
g0346,WT,drugA,10,6,1,40.4992,
g0346,WT,drugA,10,6,2,37.67,
g0346,WT,drugA,10,6,3,35.7067,
g0346,WT,DMSO,0,6,1,37.0541,
g0346,WT,DMSO,0,6,2,36.9612,
g0346,WT,DMSO,0,6,3,41.8136,
g0346,WT,drugA,2.5,24,1,33.1429,
g0346,WT,drugA,2.5,24,2,29.448,
g0346,WT,drugA,2.5,24,3,32.3316,
g0346,WT,drugA,5,24,1,35.2811,
g0346,WT,drugA,5,24,2,33.3716,
g0346,WT,drugA,5,24,3,34.8006,
g0346,WT,drugA,10,24,1,28.9698,
g0346,WT,drugA,10,24,2,31.9597,
g0346,WT,drugA,10,24,3,35.2695,
g0346,WT,DMSO,0,24,1,29.8106,
g0346,WT,DMSO,0,24,2,33.0045,
g0346,WT,DMSO,0,24,3,34.3235,
g0346,mutant,drugA,2.5,6,1,32.8194,
g0346,mutant,drugA,2.5,6,2,34.7195,
g0346,mutant,drugA,2.5,6,3,34.7891,
g0346,mutant,drugA,5,6,1,31.4754,
g0346,mutant,drugA,5,6,2,32.8016,
g0346,mutant,drugA,5,6,3,34.7655,
g0346,mutant,drugA,10,6,1,37.0317,
g0346,mutant,drugA,10,6,2,33.9386,
g0346,mutant,drugA,10,6,3,35.2568,
g0346,mutant,DMSO,0,6,1,36.881,
g0346,mutant,DMSO,0,6,2,33.1804,
g0346,mutant,DMSO,0,6,3,36.114,
g0346,mutant,drugA,2.5,24,1,32.7502,
g0346,mutant,drugA,2.5,24,2,30.2477,
g0346,mutant,drugA,2.5,24,3,29.9778,
g0346,mutant,drugA,5,24,1,32.3967,
g0346,mutant,drugA,5,24,2,33.4181,
g0346,mutant,drugA,5,24,3,36.2156,
g0346,mutant,drugA,10,24,1,29.8848,
g0346,mutant,drugA,10,24,2,37.7988,
g0346,mutant,drugA,10,24,3,34.244,
g0346,mutant,DMSO,0,24,1,31.4085,
g0346,mutant,DMSO,0,24,2,36.7939,
g0346,mutant,DMSO,0,24,3,34.9452,
g0347,WT,drugA,2.5,6,1,114.629,
g0347,WT,drugA,2.5,6,2,158.9843,
g0347,WT,drugA,2.5,6,3,161.519,
g0347,WT,drugA,5,6,1,155.9741,
g0347,WT,drugA,5,6,2,162.7956,
g0347,WT,drugA,5,6,3,148.395,
g0347,WT,drugA,10,6,1,120.7247,
g0347,WT,drugA,10,6,2,150.742,
g0347,WT,drugA,10,6,3,156.7745,
g0347,WT,DMSO,0,6,1,137.1669,
g0347,WT,DMSO,0,6,2,151.8254,
g0347,WT,DMSO,0,6,3,133.8753,
g0347,WT,drugA,2.5,24,1,153.6471,
g0347,WT,drugA,2.5,24,2,182.9105,
g0347,WT,drugA,2.5,24,3,152.0114,
g0347,WT,drugA,5,24,1,149.3647,
g0347,WT,drugA,5,24,2,143.6956,
g0347,WT,drugA,5,24,3,144.6632,
g0347,WT,drugA,10,24,1,156.5076,
g0347,WT,drugA,10,24,2,158.2137,
g0347,WT,drugA,10,24,3,129.5715,
g0347,WT,DMSO,0,24,1,135.3957,
g0347,WT,DMSO,0,24,2,139.011,
g0347,WT,DMSO,0,24,3,170.0325,
g0347,mutant,drugA,2.5,6,1,178.8727,
g0347,mutant,drugA,2.5,6,2,149.6256,
g0347,mutant,drugA,2.5,6,3,108.1436,
g0347,mutant,drugA,5,6,1,160.4603,
g0347,mutant,drugA,5,6,2,172.2216,
g0347,mutant,drugA,5,6,3,137.6116,
g0347,mutant,drugA,10,6,1,129.3886,
g0347,mutant,drugA,10,6,2,150.2044,
g0347,mutant,drugA,10,6,3,147.435,
g0347,mutant,DMSO,0,6,1,164.334,
g0347,mutant,DMSO,0,6,2,158.5124,
g0347,mutant,DMSO,0,6,3,162.0715,
g0347,mutant,drugA,2.5,24,1,139.169,
g0347,mutant,drugA,2.5,24,2,171.264,
g0347,mutant,drugA,2.5,24,3,146.62,
g0347,mutant,drugA,5,24,1,141.4997,
g0347,mutant,drugA,5,24,2,143.1913,
g0347,mutant,drugA,5,24,3,144.4316,
g0347,mutant,drugA,10,24,1,184.1357,
g0347,mutant,drugA,10,24,2,164.7008,
g0347,mutant,drugA,10,24,3,128.7839,
g0347,mutant,DMSO,0,24,1,146.4709,
g0347,mutant,DMSO,0,24,2,142.4459,
g0347,mutant,DMSO,0,24,3,141.3217,
g0348,WT,drugA,2.5,6,1,521.4395,
g0348,WT,drugA,2.5,6,2,461.9401,
g0348,WT,drugA,2.5,6,3,509.6536,
g0348,WT,drugA,5,6,1,428.7693,
g0348,WT,drugA,5,6,2,585.0735,
g0348,WT,drugA,5,6,3,595.5244,
g0348,WT,drugA,10,6,1,475.4239,
g0348,WT,drugA,10,6,2,483.2222,
g0348,WT,DMSO,0,6,1,459.1646,
g0348,WT,DMSO,0,6,2,449.5225,
g0348,WT,DMSO,0,6,3,461.8757,
g0348,WT,drugA,2.5,24,1,612.4663,
g0348,WT,drugA,2.5,24,2,475.5426,
g0348,WT,drugA,2.5,24,3,472.8961,
g0348,WT,drugA,5,24,1,462.8082,
g0348,WT,drugA,5,24,2,415.9408,
g0348,WT,drugA,5,24,3,572.19,
g0348,WT,drugA,10,24,1,387.4815,
g0348,WT,drugA,10,24,2,462.1918,
g0348,WT,drugA,10,24,3,593.6799,
g0348,WT,DMSO,0,24,1,562.1843,
g0348,WT,DMSO,0,24,2,492.7169,
g0348,WT,DMSO,0,24,3,541.1942,
g0348,mutant,drugA,2.5,6,1,477.252,
g0348,mutant,drugA,2.5,6,2,572.1207,
g0348,mutant,drugA,2.5,6,3,485.7349,
g0348,mutant,drugA,5,6,1,510.0951,
g0348,mutant,drugA,5,6,2,494.5267,
g0348,mutant,drugA,5,6,3,553.1668,
g0348,mutant,drugA,10,6,1,509.6092,
g0348,mutant,drugA,10,6,2,473.4555,
g0348,mutant,drugA,10,6,3,581.0893,
g0348,mutant,DMSO,0,6,1,467.2216,
g0348,mutant,DMSO,0,6,2,424.3042,
g0348,mutant,DMSO,0,6,3,453.0839,
g0348,mutant,drugA,2.5,24,1,509.8797,
g0348,mutant,drugA,2.5,24,2,566.8618,
g0348,mutant,drugA,2.5,24,3,521.5174,
g0348,mutant,drugA,5,24,1,553.1851,
g0348,mutant,drugA,5,24,2,520.4383,
g0348,mutant,drugA,5,24,3,505.2691,
g0348,mutant,drugA,10,24,2,430.6537,
g0348,mutant,drugA,10,24,3,442.7673,
g0348,mutant,DMSO,0,24,1,562.4865,
g0348,mutant,DMSO,0,24,2,508.8694,
g0348,mutant,DMSO,0,24,3,400.7036,
g0349,WT,drugA,2.5,6,1,1852.4491,
g0349,WT,drugA,2.5,6,2,1559.5117,
g0349,WT,drugA,2.5,6,3,1813.2051,
g0349,WT,drugA,5,6,1,1956.4622,
g0349,WT,drugA,5,6,2,1629.2296,
g0349,WT,drugA,5,6,3,1859.8659,
g0349,WT,drugA,10,6,1,1464.6911,
g0349,WT,drugA,10,6,2,1896.3556,
g0349,WT,drugA,10,6,3,2422.4104,
g0349,WT,DMSO,0,6,1,1787.0106,
g0349,WT,DMSO,0,6,2,1681.8586,
g0349,WT,DMSO,0,6,3,1730.686,
g0349,WT,drugA,2.5,24,1,1749.2154,
g0349,WT,drugA,2.5,24,2,1718.4511,
g0349,WT,drugA,2.5,24,3,1901.8258,
g0349,WT,drugA,5,24,1,1958.6868,
g0349,WT,drugA,5,24,2,1929.0853,
g0349,WT,drugA,5,24,3,1999.9581,
g0349,WT,drugA,10,24,1,1706.7594,
g0349,WT,drugA,10,24,2,2076.667,
g0349,WT,drugA,10,24,3,2015.0368,
g0349,WT,DMSO,0,24,1,1614.886,
g0349,WT,DMSO,0,24,2,2034.4891,
g0349,WT,DMSO,0,24,3,1934.1511,
g0349,mutant,drugA,2.5,6,1,1899.844,
g0349,mutant,drugA,2.5,6,2,1555.3455,
g0349,mutant,drugA,2.5,6,3,1654.6249,
g0349,mutant,drugA,5,6,1,1885.4867,
g0349,mutant,drugA,5,6,2,1474.9033,
g0349,mutant,drugA,5,6,3,2111.807,
g0349,mutant,drugA,10,6,1,1834.3941,
g0349,mutant,drugA,10,6,2,1955.4084,
g0349,mutant,drugA,10,6,3,1990.9376,
g0349,mutant,DMSO,0,6,1,1766.3909,
g0349,mutant,DMSO,0,6,2,2022.4565,
g0349,mutant,DMSO,0,6,3,1822.7285,
g0349,mutant,drugA,2.5,24,1,1841.6915,
g0349,mutant,drugA,2.5,24,2,1785.3054,
g0349,mutant,drugA,2.5,24,3,1707.1586,
g0349,mutant,drugA,5,24,1,1811.069,
g0349,mutant,drugA,5,24,2,2001.2421,
g0349,mutant,drugA,5,24,3,1818.4507,
g0349,mutant,drugA,10,24,1,1526.8734,
g0349,mutant,drugA,10,24,2,1483.4281,
g0349,mutant,drugA,10,24,3,1773.5868,
g0349,mutant,DMSO,0,24,1,2018.3907,
g0349,mutant,DMSO,0,24,2,1738.2398,
g0349,mutant,DMSO,0,24,3,1956.3562,
g0350,WT,drugA,2.5,6,1,692.9699,
g0350,WT,drugA,2.5,6,2,875.9888,
g0350,WT,drugA,2.5,6,3,564.7679,
g0350,WT,drugA,5,6,1,734.5079,
g0350,WT,drugA,5,6,2,710.2803,
g0350,WT,drugA,5,6,3,655.3744,
g0350,WT,drugA,10,6,1,696.43,
g0350,WT,drugA,10,6,2,694.4983,
g0350,WT,drugA,10,6,3,709.8906,
g0350,WT,DMSO,0,6,1,669.9118,
g0350,WT,DMSO,0,6,2,824.7125,
g0350,WT,drugA,2.5,24,1,560.7849,
g0350,WT,drugA,2.5,24,2,615.6289,
g0350,WT,drugA,2.5,24,3,844.2241,
g0350,WT,drugA,5,24,1,616.4147,
g0350,WT,drugA,5,24,2,778.9712,
g0350,WT,drugA,5,24,3,660.6118,
g0350,WT,drugA,10,24,1,677.0244,
g0350,WT,drugA,10,24,2,545.462,
g0350,WT,drugA,10,24,3,844.6262,
g0350,WT,DMSO,0,24,1,645.3659,
g0350,WT,DMSO,0,24,2,596.0106,
g0350,WT,DMSO,0,24,3,586.8756,
g0350,mutant,drugA,2.5,6,1,709.5656,
g0350,mutant,drugA,2.5,6,2,591.9793,
g0350,mutant,drugA,2.5,6,3,567.9429,
g0350,mutant,drugA,5,6,1,701.2332,
g0350,mutant,drugA,5,6,2,602.9486,
g0350,mutant,drugA,5,6,3,848.5961,
g0350,mutant,drugA,10,6,1,589.924,
g0350,mutant,drugA,10,6,2,626.2744,
g0350,mutant,drugA,10,6,3,731.4054,
g0350,mutant,DMSO,0,6,1,766.0091,
g0350,mutant,DMSO,0,6,2,659.5555,
g0350,mutant,DMSO,0,6,3,695.928,
g0350,mutant,drugA,2.5,24,1,623.6558,
g0350,mutant,drugA,2.5,24,2,815.3432,
g0350,mutant,drugA,2.5,24,3,722.4349,
g0350,mutant,drugA,5,24,1,667.7531,
g0350,mutant,drugA,5,24,2,733.8172,
g0350,mutant,drugA,5,24,3,629.7347,
g0350,mutant,drugA,10,24,1,649.9808,
g0350,mutant,drugA,10,24,2,635.7192,
g0350,mutant,drugA,10,24,3,729.2372,
g0350,mutant,DMSO,0,24,1,716.8324,
g0350,mutant,DMSO,0,24,2,680.6907,
g0350,mutant,DMSO,0,24,3,667.4109,
g0351,WT,drugA,2.5,6,1,491.2132,
g0351,WT,drugA,2.5,6,2,641.4025,
g0351,WT,drugA,2.5,6,3,580.8616,
g0351,WT,drugA,5,6,1,608.9363,
g0351,WT,drugA,5,6,2,710.7173,
g0351,WT,drugA,5,6,3,619.8655,
g0351,WT,drugA,10,6,1,689.6313,
g0351,WT,drugA,10,6,2,629.77,
g0351,WT,drugA,10,6,3,591.9338,
g0351,WT,DMSO,0,6,1,691.0105,
g0351,WT,DMSO,0,6,2,524.3094,
g0351,WT,DMSO,0,6,3,658.0411,
g0351,WT,drugA,2.5,24,1,529.0137,
g0351,WT,drugA,2.5,24,2,672.9279,
g0351,WT,drugA,2.5,24,3,678.587,
g0351,WT,drugA,5,24,1,639.4647,
g0351,WT,drugA,5,24,2,602.3575,
g0351,WT,drugA,5,24,3,588.7446,
g0351,WT,drugA,10,24,1,616.8936,
g0351,WT,drugA,10,24,2,572.1809,
g0351,WT,drugA,10,24,3,577.0674,
g0351,WT,DMSO,0,24,1,542.727,
g0351,WT,DMSO,0,24,2,779.5661,
g0351,WT,DMSO,0,24,3,565.7571,
g0351,mutant,drugA,2.5,6,1,821.0499,
g0351,mutant,drugA,2.5,6,2,601.8238,
g0351,mutant,drugA,2.5,6,3,667.9176,
g0351,mutant,drugA,5,6,1,615.1034,
g0351,mutant,drugA,5,6,2,551.2912,
g0351,mutant,drugA,5,6,3,634.4767,
g0351,mutant,drugA,10,6,1,656.3706,
g0351,mutant,drugA,10,6,2,487.1638,
g0351,mutant,drugA,10,6,3,751.397,
g0351,mutant,DMSO,0,6,1,709.2615,
g0351,mutant,DMSO,0,6,2,613.3029,
g0351,mutant,DMSO,0,6,3,646.7881,
g0351,mutant,drugA,2.5,24,1,632.3284,
g0351,mutant,drugA,2.5,24,2,653.7802,
g0351,mutant,drugA,2.5,24,3,672.0854,
g0351,mutant,drugA,5,24,1,514.7594,
g0351,mutant,drugA,5,24,2,624.9534,
g0351,mutant,drugA,5,24,3,672.2792,
g0351,mutant,drugA,10,24,1,604.9366,
g0351,mutant,drugA,10,24,2,710.3999,
g0351,mutant,drugA,10,24,3,599.382,
g0351,mutant,DMSO,0,24,1,672.1057,
g0351,mutant,DMSO,0,24,2,592.294,
g0351,mutant,DMSO,0,24,3,561.2077,
g0352,WT,drugA,2.5,6,1,1303.9426,
g0352,WT,drugA,2.5,6,2,1066.2769,
g0352,WT,drugA,2.5,6,3,1236.027,
g0352,WT,drugA,5,6,1,1042.8054,
g0352,WT,drugA,5,6,2,1055.315,
g0352,WT,drugA,5,6,3,1419.2893,
g0352,WT,drugA,10,6,1,939.2136,
g0352,WT,drugA,10,6,2,1031.7389,
g0352,WT,drugA,10,6,3,1158.5625,
g0352,WT,DMSO,0,6,1,759.2926,
g0352,WT,DMSO,0,6,2,1248.2221,
g0352,WT,DMSO,0,6,3,1137.6908,
g0352,WT,drugA,2.5,24,1,1050.6345,
g0352,WT,drugA,2.5,24,2,1117.4922,
g0352,WT,drugA,2.5,24,3,972.2256,
g0352,WT,drugA,5,24,1,1168.0266,
g0352,WT,drugA,5,24,2,915.1211,
g0352,WT,drugA,5,24,3,1243.4822,
g0352,WT,drugA,10,24,1,1006.1544,
g0352,WT,drugA,10,24,2,1429.2473,
g0352,WT,drugA,10,24,3,986.9854,
g0352,WT,DMSO,0,24,1,1121.6776,
g0352,WT,DMSO,0,24,2,1046.0643,
g0352,WT,DMSO,0,24,3,1072.7291,
g0352,mutant,drugA,2.5,6,1,936.6457,
g0352,mutant,drugA,2.5,6,2,994.2933,
g0352,mutant,drugA,2.5,6,3,1088.6019,
g0352,mutant,drugA,5,6,1,1118.5966,
g0352,mutant,drugA,5,6,2,1042.3774,
g0352,mutant,drugA,5,6,3,1071.2311,
g0352,mutant,drugA,10,6,1,1082.358,
g0352,mutant,drugA,10,6,2,1235.1335,
g0352,mutant,drugA,10,6,3,1305.8513,
g0352,mutant,DMSO,0,6,1,1006.837,
g0352,mutant,DMSO,0,6,2,984.2757,
g0352,mutant,DMSO,0,6,3,1075.7121,
g0352,mutant,drugA,2.5,24,1,1142.5398,
g0352,mutant,drugA,2.5,24,2,1249.9547,
g0352,mutant,drugA,2.5,24,3,1083.011,
g0352,mutant,drugA,5,24,1,1109.3594,
g0352,mutant,drugA,5,24,2,1067.6271,
g0352,mutant,drugA,5,24,3,1015.1306,
g0352,mutant,drugA,10,24,1,1224.0198,
g0352,mutant,drugA,10,24,2,1064.7177,
g0352,mutant,drugA,10,24,3,1144.1841,
g0352,mutant,DMSO,0,24,1,1141.8422,
g0352,mutant,DMSO,0,24,2,1160.9018,
g0352,mutant,DMSO,0,24,3,885.1994,
g0353,WT,drugA,2.5,6,1,93.8346,
g0353,WT,drugA,2.5,6,2,89.0935,
g0353,WT,drugA,2.5,6,3,78.0514,
g0353,WT,drugA,5,6,1,120.3819,
g0353,WT,drugA,5,6,2,72.8019,
g0353,WT,drugA,5,6,3,111.0225,
g0353,WT,drugA,10,6,1,152.8929,
g0353,WT,drugA,10,6,2,126.8986,
g0353,WT,drugA,10,6,3,146.5918,
g0353,WT,DMSO,0,6,1,68.5936,
g0353,WT,DMSO,0,6,2,62.279,
g0353,WT,DMSO,0,6,3,66.9063,
g0353,WT,drugA,2.5,24,1,94.8175,
g0353,WT,drugA,2.5,24,2,99.7192,
g0353,WT,drugA,2.5,24,3,103.915,
g0353,WT,drugA,5,24,1,149.9302,
g0353,WT,drugA,5,24,2,149.1052,
g0353,WT,drugA,5,24,3,110.1895,
g0353,WT,drugA,10,24,1,287.5918,
g0353,WT,drugA,10,24,2,261.4949,
g0353,WT,drugA,10,24,3,246.1048,
g0353,WT,DMSO,0,24,1,71.8232,
g0353,WT,DMSO,0,24,2,77.2865,
g0353,WT,DMSO,0,24,3,66.2033,
g0353,mutant,drugA,2.5,6,1,89.7883,
g0353,mutant,drugA,2.5,6,2,89.2836,
g0353,mutant,drugA,2.5,6,3,77.1647,
g0353,mutant,drugA,5,6,1,89.7333,
g0353,mutant,drugA,5,6,2,102.9542,
g0353,mutant,drugA,5,6,3,99.7517,
g0353,mutant,drugA,10,6,2,149.2257,
g0353,mutant,drugA,10,6,3,129.1253,
g0353,mutant,DMSO,0,6,2,65.9587,
g0353,mutant,DMSO,0,6,3,82.105,
g0353,mutant,drugA,2.5,24,1,103.2378,
g0353,mutant,drugA,2.5,24,2,125.4949,
g0353,mutant,drugA,2.5,24,3,112.5455,
g0353,mutant,drugA,5,24,1,134.3024,
g0353,mutant,drugA,5,24,2,141.5919,
g0353,mutant,drugA,5,24,3,129.1289,
g0353,mutant,drugA,10,24,1,286.4767,
g0353,mutant,drugA,10,24,2,303.8405,
g0353,mutant,drugA,10,24,3,243.1364,
g0353,mutant,DMSO,0,24,1,65.2502,
g0353,mutant,DMSO,0,24,2,57.484,
g0353,mutant,DMSO,0,24,3,70.5199,
g0354,WT,drugA,2.5,6,1,166.1205,
g0354,WT,drugA,2.5,6,2,191.0185,
g0354,WT,drugA,2.5,6,3,191.978,
g0354,WT,drugA,5,6,1,202.158,
g0354,WT,drugA,5,6,2,201.3702,
g0354,WT,drugA,5,6,3,203.4847,
g0354,WT,drugA,10,6,1,165.2341,
g0354,WT,drugA,10,6,2,190.6477,
g0354,WT,drugA,10,6,3,183.7726,
g0354,WT,DMSO,0,6,1,205.6672,
g0354,WT,DMSO,0,6,2,199.8569,
g0354,WT,DMSO,0,6,3,158.7483,
g0354,WT,drugA,2.5,24,1,219.6799,
g0354,WT,drugA,2.5,24,2,200.6273,
g0354,WT,drugA,2.5,24,3,202.5571,
g0354,WT,drugA,5,24,1,169.2979,
g0354,WT,drugA,5,24,2,192.4301,
g0354,WT,drugA,5,24,3,194.6645,
g0354,WT,drugA,10,24,1,199.421,
g0354,WT,drugA,10,24,2,197.7684,
g0354,WT,drugA,10,24,3,207.9055,
g0354,WT,DMSO,0,24,1,149.7714,
g0354,WT,DMSO,0,24,2,173.0907,
g0354,WT,DMSO,0,24,3,185.7547,
g0354,mutant,drugA,2.5,6,1,194.7847,
g0354,mutant,drugA,2.5,6,2,189.1741,
g0354,mutant,drugA,2.5,6,3,160.7161,
g0354,mutant,drugA,5,6,1,165.0381,
g0354,mutant,drugA,5,6,2,178.251,
g0354,mutant,drugA,5,6,3,190.7094,
g0354,mutant,drugA,10,6,1,171.1602,
g0354,mutant,drugA,10,6,2,182.3712,
g0354,mutant,drugA,10,6,3,171.6557,
g0354,mutant,DMSO,0,6,1,171.232,
g0354,mutant,DMSO,0,6,2,172.6965,
g0354,mutant,DMSO,0,6,3,201.7129,
g0354,mutant,drugA,2.5,24,1,166.5124,
g0354,mutant,drugA,2.5,24,2,177.8122,
g0354,mutant,drugA,2.5,24,3,180.2411,
g0354,mutant,drugA,5,24,1,234.4689,
g0354,mutant,drugA,5,24,2,188.9992,
g0354,mutant,drugA,5,24,3,199.3619,
g0354,mutant,drugA,10,24,1,229.1049,
g0354,mutant,drugA,10,24,2,189.0465,
g0354,mutant,drugA,10,24,3,221.8755,
g0354,mutant,DMSO,0,24,1,184.6311,
g0354,mutant,DMSO,0,24,2,240.4232,
g0354,mutant,DMSO,0,24,3,180.0453,
g0355,WT,drugA,2.5,6,1,558.9145,
g0355,WT,drugA,2.5,6,2,506.9158,
g0355,WT,drugA,2.5,6,3,450.0574,
g0355,WT,drugA,5,6,1,502.8403,
g0355,WT,drugA,5,6,2,514.164,
g0355,WT,drugA,5,6,3,588.8553,
g0355,WT,drugA,10,6,1,493.2014,
g0355,WT,drugA,10,6,2,547.4813,
g0355,WT,drugA,10,6,3,516.0554,
g0355,WT,DMSO,0,6,1,467.8682,
g0355,WT,DMSO,0,6,2,580.786,
g0355,WT,DMSO,0,6,3,509.3121,
g0355,WT,drugA,2.5,24,1,508.5808,
g0355,WT,drugA,2.5,24,2,526.1604,
g0355,WT,drugA,2.5,24,3,500.2838,
g0355,WT,drugA,5,24,1,578.3118,
g0355,WT,drugA,5,24,2,471.6253,
g0355,WT,drugA,5,24,3,486.1832,
g0355,WT,drugA,10,24,1,467.8252,
g0355,WT,drugA,10,24,2,480.7589,
g0355,WT,drugA,10,24,3,467.5472,
g0355,WT,DMSO,0,24,1,513.9162,
g0355,WT,DMSO,0,24,2,425.2986,
g0355,WT,DMSO,0,24,3,461.0743,
g0355,mutant,drugA,2.5,6,1,413.5441,
g0355,mutant,drugA,2.5,6,2,573.962,
g0355,mutant,drugA,2.5,6,3,499.2827,
g0355,mutant,drugA,5,6,1,471.6009,
g0355,mutant,drugA,5,6,2,491.8764,
g0355,mutant,drugA,5,6,3,550.7002,
g0355,mutant,drugA,10,6,1,486.1288,
g0355,mutant,drugA,10,6,2,465.4539,
g0355,mutant,drugA,10,6,3,454.9724,
g0355,mutant,DMSO,0,6,1,480.1376,
g0355,mutant,DMSO,0,6,2,510.3064,
g0355,mutant,DMSO,0,6,3,460.5522,
g0355,mutant,drugA,2.5,24,1,548.2862,
g0355,mutant,drugA,2.5,24,2,470.384,
g0355,mutant,drugA,2.5,24,3,528.6857,
g0355,mutant,drugA,5,24,1,499.3948,
g0355,mutant,drugA,5,24,2,439.5652,
g0355,mutant,drugA,5,24,3,445.2404,
g0355,mutant,drugA,10,24,1,537.8039,
g0355,mutant,drugA,10,24,2,488.5353,
g0355,mutant,drugA,10,24,3,458.1066,
g0355,mutant,DMSO,0,24,1,509.3925,
g0355,mutant,DMSO,0,24,2,537.778,
g0355,mutant,DMSO,0,24,3,514.8511,
g0356,WT,drugA,2.5,6,1,60.1742,
g0356,WT,drugA,2.5,6,2,64.4863,
g0356,WT,drugA,2.5,6,3,59.5217,
g0356,WT,drugA,5,6,1,63.8177,
g0356,WT,drugA,5,6,2,59.3058,
g0356,WT,drugA,5,6,3,77.1165,
g0356,WT,drugA,10,6,1,62.8128,
g0356,WT,drugA,10,6,2,42.3583,
g0356,WT,drugA,10,6,3,54.3245,
g0356,WT,DMSO,0,6,1,83.5221,
g0356,WT,DMSO,0,6,2,69.6419,
g0356,WT,DMSO,0,6,3,67.0707,
g0356,WT,drugA,2.5,24,1,61.4332,
g0356,WT,drugA,2.5,24,2,64.1278,
g0356,WT,drugA,2.5,24,3,72.8546,
g0356,WT,drugA,5,24,1,56.2188,
g0356,WT,drugA,5,24,2,67.6145,
g0356,WT,drugA,5,24,3,48.8619,
g0356,WT,drugA,10,24,1,43.3011,
g0356,WT,drugA,10,24,2,39.0576,
g0356,WT,drugA,10,24,3,44.6726,
g0356,WT,DMSO,0,24,1,89.8119,
g0356,WT,DMSO,0,24,2,77.8506,
g0356,WT,DMSO,0,24,3,67.7914,
g0356,mutant,drugA,2.5,6,1,78.4667,
g0356,mutant,drugA,2.5,6,2,75.0867,
g0356,mutant,drugA,2.5,6,3,75.0809,
g0356,mutant,drugA,5,6,1,65.2268,
g0356,mutant,drugA,5,6,2,59.6261,
g0356,mutant,drugA,5,6,3,81.0118,
g0356,mutant,drugA,10,6,1,51.4984,
g0356,mutant,drugA,10,6,2,46.2538,
g0356,mutant,drugA,10,6,3,57.6558,
g0356,mutant,DMSO,0,6,1,74.0085,
g0356,mutant,DMSO,0,6,2,82.3413,
g0356,mutant,DMSO,0,6,3,62.8997,
g0356,mutant,drugA,2.5,24,1,67.633,
g0356,mutant,drugA,2.5,24,2,64.0347,
g0356,mutant,drugA,2.5,24,3,62.7025,
g0356,mutant,drugA,5,24,1,64.6083,
g0356,mutant,drugA,5,24,2,58.9422,
g0356,mutant,drugA,5,24,3,54.5765,
g0356,mutant,drugA,10,24,1,36.343,
g0356,mutant,drugA,10,24,2,45.3952,
g0356,mutant,drugA,10,24,3,41.3391,
g0356,mutant,DMSO,0,24,1,70.205,
g0356,mutant,DMSO,0,24,2,79.7795,
g0356,mutant,DMSO,0,24,3,81.7175,
g0357,WT,drugA,2.5,6,1,446.0723,
g0357,WT,drugA,2.5,6,2,441.4131,
g0357,WT,drugA,2.5,6,3,516.8133,
g0357,WT,drugA,5,6,1,406.3735,
g0357,WT,drugA,5,6,2,410.2128,
g0357,WT,drugA,5,6,3,384.2165,
g0357,WT,drugA,10,6,1,277.8143,
g0357,WT,drugA,10,6,2,282.3912,
g0357,WT,drugA,10,6,3,345.129,
g0357,WT,DMSO,0,6,1,538.8844,
g0357,WT,DMSO,0,6,2,475.0063,
g0357,WT,DMSO,0,6,3,549.2238,
g0357,WT,drugA,2.5,24,1,501.2001,
g0357,WT,drugA,2.5,24,2,345.4905,
g0357,WT,drugA,2.5,24,3,426.2767,
g0357,WT,drugA,5,24,1,309.1467,
g0357,WT,drugA,5,24,2,297.2025,
g0357,WT,drugA,5,24,3,272.3841,
g0357,WT,drugA,10,24,1,167.4957,
g0357,WT,drugA,10,24,2,153.5167,
g0357,WT,drugA,10,24,3,151.6381,
g0357,WT,DMSO,0,24,1,525.5189,
g0357,WT,DMSO,0,24,2,506.4397,
g0357,WT,DMSO,0,24,3,415.5893,
g0357,mutant,drugA,2.5,6,1,438.8793,
g0357,mutant,drugA,2.5,6,2,413.8387,
g0357,mutant,drugA,2.5,6,3,370.4133,
g0357,mutant,drugA,5,6,1,334.8544,
g0357,mutant,drugA,5,6,2,388.291,
g0357,mutant,drugA,5,6,3,400.2693,
g0357,mutant,drugA,10,6,1,389.1728,
g0357,mutant,drugA,10,6,2,286.9793,
g0357,mutant,drugA,10,6,3,272.6866,
g0357,mutant,DMSO,0,6,1,499.8509,
g0357,mutant,DMSO,0,6,2,636.4554,
g0357,mutant,DMSO,0,6,3,455.9088,
g0357,mutant,drugA,2.5,24,1,409.8547,
g0357,mutant,drugA,2.5,24,2,368.9949,
g0357,mutant,drugA,2.5,24,3,421.5236,
g0357,mutant,drugA,5,24,1,279.2211,
g0357,mutant,drugA,5,24,2,261.022,
g0357,mutant,drugA,5,24,3,257.4296,
g0357,mutant,drugA,10,24,1,169.1938,
g0357,mutant,drugA,10,24,2,177.6359,
g0357,mutant,drugA,10,24,3,176.7097,
g0357,mutant,DMSO,0,24,1,466.9825,
g0357,mutant,DMSO,0,24,2,570.9298,
g0357,mutant,DMSO,0,24,3,543.3619,
g0358,WT,drugA,2.5,6,2,407.2072,
g0358,WT,drugA,2.5,6,3,448.4815,
g0358,WT,drugA,5,6,1,499.8942,
g0358,WT,drugA,5,6,2,466.0522,
g0358,WT,drugA,5,6,3,561.1606,
g0358,WT,drugA,10,6,1,689.6855,
g0358,WT,drugA,10,6,2,913.4747,
g0358,WT,drugA,10,6,3,697.8088,
g0358,WT,DMSO,0,6,1,412.0193,
g0358,WT,DMSO,0,6,2,329.8075,
g0358,WT,DMSO,0,6,3,356.3266,
g0358,WT,drugA,2.5,24,1,592.0464,
g0358,WT,drugA,2.5,24,2,497.9775,
g0358,WT,drugA,2.5,24,3,488.0754,
g0358,WT,drugA,5,24,2,749.7513,
g0358,WT,drugA,5,24,3,775.3703,
g0358,WT,drugA,10,24,1,2259.136,
g0358,WT,drugA,10,24,2,1963.4032,
g0358,WT,drugA,10,24,3,2061.007,
g0358,WT,DMSO,0,24,1,321.1257,
g0358,WT,DMSO,0,24,2,371.2269,
g0358,WT,DMSO,0,24,3,381.2986,
g0358,mutant,drugA,2.5,6,1,447.0859,
g0358,mutant,drugA,2.5,6,2,469.2619,
g0358,mutant,drugA,2.5,6,3,488.7928,
g0358,mutant,drugA,5,6,1,559.7118,
g0358,mutant,drugA,5,6,2,458.9535,
g0358,mutant,drugA,5,6,3,503.8476,
g0358,mutant,drugA,10,6,1,674.305,
g0358,mutant,drugA,10,6,2,938.7114,
g0358,mutant,drugA,10,6,3,908.7474,
g0358,mutant,DMSO,0,6,1,354.8216,
g0358,mutant,DMSO,0,6,2,420.6292,
g0358,mutant,DMSO,0,6,3,311.6512,
g0358,mutant,drugA,2.5,24,1,462.6482,
g0358,mutant,drugA,2.5,24,2,584.7924,
g0358,mutant,drugA,2.5,24,3,539.6189,
g0358,mutant,drugA,5,24,1,801.9975,
g0358,mutant,drugA,5,24,2,764.7027,
g0358,mutant,drugA,5,24,3,720.9146,
g0358,mutant,drugA,10,24,1,1818.9614,
g0358,mutant,drugA,10,24,2,1935.5646,
g0358,mutant,drugA,10,24,3,2239.0721,
g0358,mutant,DMSO,0,24,1,411.2996,
g0358,mutant,DMSO,0,24,2,371.2429,
g0358,mutant,DMSO,0,24,3,365.1566,
g0359,WT,drugA,2.5,6,1,502.8365,
g0359,WT,drugA,2.5,6,2,405.4753,
g0359,WT,drugA,2.5,6,3,517.8213,
g0359,WT,drugA,5,6,1,482.8971,
g0359,WT,drugA,5,6,2,455.6789,
g0359,WT,drugA,5,6,3,436.8641,
g0359,WT,drugA,10,6,1,467.1296,
g0359,WT,drugA,10,6,2,549.834,
g0359,WT,drugA,10,6,3,410.7335,
g0359,WT,DMSO,0,6,1,405.6483,
g0359,WT,DMSO,0,6,2,445.321,
g0359,WT,DMSO,0,6,3,442.2441,
g0359,WT,drugA,2.5,24,1,390.3122,
g0359,WT,drugA,2.5,24,2,394.2012,
g0359,WT,drugA,2.5,24,3,456.0203,
g0359,WT,drugA,5,24,1,442.4791,
g0359,WT,drugA,5,24,2,366.399,
g0359,WT,drugA,5,24,3,473.9613,
g0359,WT,drugA,10,24,1,414.0889,
g0359,WT,drugA,10,24,2,370.1708,
g0359,WT,drugA,10,24,3,516.5592,
g0359,WT,DMSO,0,24,1,376.09,
g0359,WT,DMSO,0,24,2,473.7474,
g0359,WT,DMSO,0,24,3,387.8909,
g0359,mutant,drugA,2.5,6,1,422.4343,
g0359,mutant,drugA,2.5,6,2,470.4224,
g0359,mutant,drugA,2.5,6,3,411.0306,
g0359,mutant,drugA,5,6,1,491.847,
g0359,mutant,drugA,5,6,2,443.7486,
g0359,mutant,drugA,5,6,3,395.709,
g0359,mutant,drugA,10,6,1,491.3675,
g0359,mutant,drugA,10,6,2,479.928,
g0359,mutant,drugA,10,6,3,384.9029,
g0359,mutant,DMSO,0,6,1,538.6002,
g0359,mutant,DMSO,0,6,2,425.3625,
g0359,mutant,DMSO,0,6,3,506.4734,
g0359,mutant,drugA,2.5,24,1,465.5579,
g0359,mutant,drugA,2.5,24,2,465.4508,
g0359,mutant,drugA,2.5,24,3,421.9894,
g0359,mutant,drugA,5,24,1,409.6662,
g0359,mutant,drugA,5,24,2,374.2678,
g0359,mutant,drugA,5,24,3,437.5432,
g0359,mutant,drugA,10,24,1,450.8551,
g0359,mutant,drugA,10,24,2,476.182,
g0359,mutant,drugA,10,24,3,388.0606,
g0359,mutant,DMSO,0,24,1,399.0329,
g0359,mutant,DMSO,0,24,2,484.2602,
g0359,mutant,DMSO,0,24,3,435.5307,
g0360,WT,drugA,2.5,6,1,4121.2368,
g0360,WT,drugA,2.5,6,2,4373.3025,
g0360,WT,drugA,2.5,6,3,4872.5105,
g0360,WT,drugA,5,6,1,5251.2297,
g0360,WT,drugA,5,6,2,4517.0125,
g0360,WT,drugA,5,6,3,4741.2298,
g0360,WT,drugA,10,6,1,5404.4418,
g0360,WT,drugA,10,6,2,5456.0009,
g0360,WT,drugA,10,6,3,5156.8035,
g0360,WT,DMSO,0,6,1,4884.7997,
g0360,WT,DMSO,0,6,2,4536.9085,
g0360,WT,drugA,2.5,24,1,4521.8562,
g0360,WT,drugA,2.5,24,2,4983.7959,
g0360,WT,drugA,2.5,24,3,4806.0493,
g0360,WT,drugA,5,24,1,5351.0326,
g0360,WT,drugA,5,24,2,5105.4643,
g0360,WT,drugA,5,24,3,5267.7304,
g0360,WT,drugA,10,24,1,4283.8145,
g0360,WT,drugA,10,24,2,4926.1206,
g0360,WT,drugA,10,24,3,5156.2978,
g0360,WT,DMSO,0,24,1,4768.5777,
g0360,WT,DMSO,0,24,3,4442.4657,
g0360,mutant,drugA,2.5,6,1,4903.943,
g0360,mutant,drugA,2.5,6,2,5838.5669,
g0360,mutant,drugA,2.5,6,3,4522.1842,
g0360,mutant,drugA,5,6,1,4919.1359,
g0360,mutant,drugA,5,6,2,4510.3393,
g0360,mutant,drugA,5,6,3,4843.8894,
g0360,mutant,drugA,10,6,1,5008.2103,
g0360,mutant,drugA,10,6,2,5892.9401,
g0360,mutant,drugA,10,6,3,6165.4059,
g0360,mutant,DMSO,0,6,1,5395.7159,
g0360,mutant,DMSO,0,6,2,6069.9396,
g0360,mutant,DMSO,0,6,3,5438.5186,
g0360,mutant,drugA,2.5,24,1,6346.5504,
g0360,mutant,drugA,2.5,24,2,4961.2647,
g0360,mutant,drugA,2.5,24,3,4510.9016,
g0360,mutant,drugA,5,24,1,5637.3926,
g0360,mutant,drugA,5,24,3,4530.1713,
g0360,mutant,drugA,10,24,1,4237.0486,
g0360,mutant,drugA,10,24,2,5278.3401,
g0360,mutant,drugA,10,24,3,4557.8549,
g0360,mutant,DMSO,0,24,1,4776.1381,
g0360,mutant,DMSO,0,24,2,4692.9802,
g0360,mutant,DMSO,0,24,3,5169.5639,
g0361,WT,drugA,2.5,6,1,550.8493,
g0361,WT,drugA,2.5,6,2,595.7172,
g0361,WT,drugA,2.5,6,3,633.3705,
g0361,WT,drugA,5,6,1,691.582,
g0361,WT,drugA,5,6,2,752.4535,
g0361,WT,drugA,5,6,3,739.8575,
g0361,WT,drugA,10,6,1,726.2567,
g0361,WT,drugA,10,6,2,591.2427,
g0361,WT,drugA,10,6,3,726.3839,
g0361,WT,DMSO,0,6,1,617.1216,
g0361,WT,DMSO,0,6,2,780.8616,
g0361,WT,DMSO,0,6,3,1003.2547,
g0361,WT,drugA,2.5,24,1,722.2327,
g0361,WT,drugA,2.5,24,2,671.35,
g0361,WT,drugA,2.5,24,3,859.7822,
g0361,WT,drugA,5,24,1,724.3862,
g0361,WT,drugA,5,24,2,631.2366,
g0361,WT,drugA,5,24,3,673.6231,
g0361,WT,drugA,10,24,1,523.9719,
g0361,WT,drugA,10,24,2,672.5024,
g0361,WT,drugA,10,24,3,677.9165,
g0361,WT,DMSO,0,24,1,648.0646,
g0361,WT,DMSO,0,24,2,627.941,
g0361,WT,DMSO,0,24,3,570.6338,
g0361,mutant,drugA,2.5,6,1,631.9671,
g0361,mutant,drugA,2.5,6,2,737.1275,
g0361,mutant,drugA,2.5,6,3,580.572,
g0361,mutant,drugA,5,6,1,557.5183,
g0361,mutant,drugA,5,6,2,639.5967,
g0361,mutant,drugA,5,6,3,716.4955,
g0361,mutant,drugA,10,6,1,543.9914,
g0361,mutant,drugA,10,6,2,743.773,
g0361,mutant,drugA,10,6,3,558.0712,
g0361,mutant,DMSO,0,6,1,776.7988,
g0361,mutant,DMSO,0,6,2,689.4633,
g0361,mutant,DMSO,0,6,3,649.2562,
g0361,mutant,drugA,2.5,24,1,625.1099,
g0361,mutant,drugA,2.5,24,2,596.845,
g0361,mutant,drugA,2.5,24,3,729.6997,
g0361,mutant,drugA,5,24,1,684.991,
g0361,mutant,drugA,5,24,2,767.1279,
g0361,mutant,drugA,5,24,3,710.5966,
g0361,mutant,drugA,10,24,1,714.1439,
g0361,mutant,drugA,10,24,2,619.8012,
g0361,mutant,drugA,10,24,3,562.4606,
g0361,mutant,DMSO,0,24,1,728.3728,
g0361,mutant,DMSO,0,24,2,762.3591,
g0361,mutant,DMSO,0,24,3,622.7231,
g0362,WT,drugA,2.5,6,1,155.5722,
g0362,WT,drugA,2.5,6,2,152.8153,
g0362,WT,drugA,2.5,6,3,155.3004,
g0362,WT,drugA,5,6,1,114.21,
g0362,WT,drugA,5,6,2,137.0222,
g0362,WT,drugA,5,6,3,123.0032,
g0362,WT,drugA,10,6,1,90.6256,
g0362,WT,drugA,10,6,2,113.82,
g0362,WT,drugA,10,6,3,108.1198,
g0362,WT,DMSO,0,6,1,185.7504,
g0362,WT,DMSO,0,6,2,181.0075,
g0362,WT,DMSO,0,6,3,187.2831,
g0362,WT,drugA,2.5,24,1,144.3416,
g0362,WT,drugA,2.5,24,2,148.4163,
g0362,WT,drugA,2.5,24,3,137.8696,
g0362,WT,drugA,5,24,1,113.9591,
g0362,WT,drugA,5,24,2,93.2842,
g0362,WT,drugA,5,24,3,86.7043,
g0362,WT,drugA,10,24,1,57.5512,
g0362,WT,drugA,10,24,2,57.0048,
g0362,WT,drugA,10,24,3,54.8507,
g0362,WT,DMSO,0,24,1,164.3745,
g0362,WT,DMSO,0,24,2,170.1941,
g0362,WT,DMSO,0,24,3,214.3655,
g0362,mutant,drugA,2.5,6,1,157.0822,
g0362,mutant,drugA,2.5,6,2,159.2885,
g0362,mutant,drugA,2.5,6,3,149.9914,
g0362,mutant,drugA,5,6,1,116.5976,
g0362,mutant,drugA,5,6,2,151.7716,
g0362,mutant,drugA,5,6,3,153.0902,
g0362,mutant,drugA,10,6,1,98.3365,
g0362,mutant,drugA,10,6,2,131.6777,
g0362,mutant,drugA,10,6,3,90.3279,
g0362,mutant,DMSO,0,6,1,206.5591,
g0362,mutant,DMSO,0,6,2,228.4381,
g0362,mutant,DMSO,0,6,3,180.5386,
g0362,mutant,drugA,2.5,24,1,129.4864,
g0362,mutant,drugA,2.5,24,2,140.1293,
g0362,mutant,drugA,2.5,24,3,137.0229,
g0362,mutant,drugA,5,24,1,113.2927,
g0362,mutant,drugA,5,24,2,104.3875,
g0362,mutant,drugA,5,24,3,103.0055,
g0362,mutant,drugA,10,24,1,65.724,
g0362,mutant,drugA,10,24,2,63.0141,
g0362,mutant,drugA,10,24,3,65.716,
g0362,mutant,DMSO,0,24,1,216.7092,
g0362,mutant,DMSO,0,24,2,164.2715,
g0362,mutant,DMSO,0,24,3,190.1343,
g0363,WT,drugA,2.5,6,1,21.2426,
g0363,WT,drugA,2.5,6,2,17.932,
g0363,WT,drugA,2.5,6,3,27.9114,
g0363,WT,drugA,5,6,1,20.6923,
g0363,WT,drugA,5,6,2,22.9135,
g0363,WT,drugA,5,6,3,23.4005,
g0363,WT,drugA,10,6,1,26.1818,
g0363,WT,drugA,10,6,2,23.1154,
g0363,WT,drugA,10,6,3,24.5381,
g0363,WT,DMSO,0,6,1,20.6187,
g0363,WT,DMSO,0,6,2,20.7237,
g0363,WT,DMSO,0,6,3,24.7241,
g0363,WT,drugA,2.5,24,1,24.8557,
g0363,WT,drugA,2.5,24,2,22.8922,
g0363,WT,drugA,2.5,24,3,24.1255,
g0363,WT,drugA,5,24,1,26.4078,
g0363,WT,drugA,5,24,2,22.8125,
g0363,WT,drugA,5,24,3,19.0232,
g0363,WT,drugA,10,24,1,24.4644,
g0363,WT,drugA,10,24,2,26.2374,
g0363,WT,drugA,10,24,3,23.6294,
g0363,WT,DMSO,0,24,1,25.3469,
g0363,WT,DMSO,0,24,2,19.9943,
g0363,WT,DMSO,0,24,3,22.4765,
g0363,mutant,drugA,2.5,6,1,22.2717,
g0363,mutant,drugA,2.5,6,2,22.3558,
g0363,mutant,drugA,2.5,6,3,24.9246,
g0363,mutant,drugA,5,6,1,21.3183,
g0363,mutant,drugA,5,6,2,19.5634,
g0363,mutant,drugA,5,6,3,29.2525,
g0363,mutant,drugA,10,6,1,18.4397,
g0363,mutant,drugA,10,6,2,22.2722,
g0363,mutant,drugA,10,6,3,24.662,
g0363,mutant,DMSO,0,6,1,20.3337,
g0363,mutant,DMSO,0,6,2,19.4702,
g0363,mutant,DMSO,0,6,3,20.2829,
g0363,mutant,drugA,2.5,24,1,22.9426,
g0363,mutant,drugA,2.5,24,2,22.55,
g0363,mutant,drugA,2.5,24,3,24.3919,
g0363,mutant,drugA,5,24,1,19.5597,
g0363,mutant,drugA,5,24,2,23.726,
g0363,mutant,drugA,5,24,3,22.3095,
g0363,mutant,drugA,10,24,1,25.5838,
g0363,mutant,drugA,10,24,2,18.2947,
g0363,mutant,drugA,10,24,3,26.5691,
g0363,mutant,DMSO,0,24,1,25.3393,
g0363,mutant,DMSO,0,24,2,20.6656,
g0363,mutant,DMSO,0,24,3,22.7322,
g0364,WT,drugA,2.5,6,1,177.6014,
g0364,WT,drugA,2.5,6,2,191.2591,
g0364,WT,drugA,2.5,6,3,175.648,
g0364,WT,drugA,5,6,1,172.8446,
g0364,WT,drugA,5,6,2,214.2552,
g0364,WT,drugA,5,6,3,151.2938,
g0364,WT,drugA,10,6,1,182.152,
g0364,WT,drugA,10,6,2,203.4201,
g0364,WT,drugA,10,6,3,177.9591,
g0364,WT,DMSO,0,6,1,188.3302,
g0364,WT,DMSO,0,6,2,188.8611,
g0364,WT,DMSO,0,6,3,189.6022,
g0364,WT,drugA,2.5,24,1,241.6246,
g0364,WT,drugA,2.5,24,2,199.7949,
g0364,WT,drugA,2.5,24,3,169.7135,
g0364,WT,drugA,5,24,1,171.5454,
g0364,WT,drugA,5,24,2,223.2846,
g0364,WT,drugA,5,24,3,208.5184,
g0364,WT,drugA,10,24,1,164.8821,
g0364,WT,drugA,10,24,2,162.4086,
g0364,WT,drugA,10,24,3,166.3439,
g0364,WT,DMSO,0,24,1,187.3095,
g0364,WT,DMSO,0,24,2,179.8647,
g0364,mutant,drugA,2.5,6,1,178.3956,
g0364,mutant,drugA,2.5,6,2,187.0567,
g0364,mutant,drugA,2.5,6,3,187.2389,
g0364,mutant,drugA,5,6,1,178.212,
g0364,mutant,drugA,5,6,2,178.6702,
g0364,mutant,drugA,5,6,3,157.8033,
g0364,mutant,drugA,10,6,1,157.4499,
g0364,mutant,drugA,10,6,2,181.73,
g0364,mutant,drugA,10,6,3,173.6604,
g0364,mutant,DMSO,0,6,1,176.5306,
g0364,mutant,DMSO,0,6,2,168.6765,
g0364,mutant,DMSO,0,6,3,177.8924,
g0364,mutant,drugA,2.5,24,1,212.4242,
g0364,mutant,drugA,2.5,24,2,204.8596,
g0364,mutant,drugA,2.5,24,3,179.8827,
g0364,mutant,drugA,5,24,1,165.7635,
g0364,mutant,drugA,5,24,2,193.8931,
g0364,mutant,drugA,5,24,3,180.889,
g0364,mutant,drugA,10,24,1,181.3798,
g0364,mutant,drugA,10,24,2,158.0459,
g0364,mutant,drugA,10,24,3,156.4702,
g0364,mutant,DMSO,0,24,1,163.537,
g0364,mutant,DMSO,0,24,2,227.4152,
g0364,mutant,DMSO,0,24,3,184.6281,
g0365,WT,drugA,2.5,6,1,297.6672,
g0365,WT,drugA,2.5,6,2,224.5338,
g0365,WT,drugA,2.5,6,3,203.3942,
g0365,WT,drugA,5,6,1,323.3083,
g0365,WT,drugA,5,6,2,283.1531,
g0365,WT,drugA,5,6,3,291.2412,
g0365,WT,drugA,10,6,1,380.0981,
g0365,WT,drugA,10,6,2,473.531,
g0365,WT,drugA,10,6,3,442.9398,
g0365,WT,DMSO,0,6,1,209.5076,
g0365,WT,DMSO,0,6,2,206.9786,
g0365,WT,DMSO,0,6,3,194.8835,
g0365,WT,drugA,2.5,24,1,372.4428,
g0365,WT,drugA,2.5,24,2,298.5641,
g0365,WT,drugA,2.5,24,3,290.8908,
g0365,WT,drugA,5,24,1,427.7207,
g0365,WT,drugA,5,24,2,442.3682,
g0365,WT,drugA,5,24,3,422.23,
g0365,WT,drugA,10,24,1,825.9374,
g0365,WT,drugA,10,24,2,1211.6475,
g0365,WT,drugA,10,24,3,912.8559,
g0365,WT,DMSO,0,24,1,206.1229,
g0365,WT,DMSO,0,24,2,184.4537,
g0365,WT,DMSO,0,24,3,240.3483,
g0365,mutant,drugA,2.5,6,1,231.2884,
g0365,mutant,drugA,2.5,6,2,254.9702,
g0365,mutant,drugA,2.5,6,3,249.9778,
g0365,mutant,drugA,5,6,1,301.1211,
g0365,mutant,drugA,5,6,2,289.8407,
g0365,mutant,drugA,5,6,3,325.1555,
g0365,mutant,drugA,10,6,1,433.772,
g0365,mutant,drugA,10,6,2,514.0014,
g0365,mutant,drugA,10,6,3,453.8292,
g0365,mutant,DMSO,0,6,1,180.3593,
g0365,mutant,DMSO,0,6,2,219.5647,
g0365,mutant,DMSO,0,6,3,188.6304,
g0365,mutant,drugA,2.5,24,1,285.6181,
g0365,mutant,drugA,2.5,24,2,293.1984,
g0365,mutant,drugA,2.5,24,3,305.6201,
g0365,mutant,drugA,5,24,1,426.2525,
g0365,mutant,drugA,5,24,2,416.9863,
g0365,mutant,drugA,5,24,3,372.6586,
g0365,mutant,drugA,10,24,1,824.9994,
g0365,mutant,drugA,10,24,2,886.7021,
g0365,mutant,drugA,10,24,3,927.0703,
g0365,mutant,DMSO,0,24,1,187.8537,
g0365,mutant,DMSO,0,24,2,228.456,
g0365,mutant,DMSO,0,24,3,203.8893,
g0366,WT,drugA,2.5,6,1,272.2764,
g0366,WT,drugA,2.5,6,2,281.7006,
g0366,WT,drugA,2.5,6,3,243.1257,
g0366,WT,drugA,5,6,1,262.7964,
g0366,WT,drugA,5,6,2,307.0742,
g0366,WT,drugA,5,6,3,279.4369,
g0366,WT,drugA,10,6,1,306.0642,
g0366,WT,drugA,10,6,2,262.3475,
g0366,WT,drugA,10,6,3,266.7225,
g0366,WT,DMSO,0,6,1,263.6784,
g0366,WT,DMSO,0,6,2,286.5365,
g0366,WT,DMSO,0,6,3,275.5175,
g0366,WT,drugA,2.5,24,1,276.0378,
g0366,WT,drugA,2.5,24,2,261.2015,
g0366,WT,drugA,2.5,24,3,303.6449,
g0366,WT,drugA,5,24,1,239.0264,
g0366,WT,drugA,5,24,2,301.6704,
g0366,WT,drugA,5,24,3,407.2983,
g0366,WT,drugA,10,24,1,303.8101,
g0366,WT,drugA,10,24,2,274.0813,
g0366,WT,drugA,10,24,3,257.6766,
g0366,WT,DMSO,0,24,1,251.1245,
g0366,WT,DMSO,0,24,2,319.5347,
g0366,WT,DMSO,0,24,3,294.7065,
g0366,mutant,drugA,2.5,6,1,299.6897,
g0366,mutant,drugA,2.5,6,2,283.02,
g0366,mutant,drugA,2.5,6,3,326.2213,
g0366,mutant,drugA,5,6,1,354.9825,
g0366,mutant,drugA,5,6,2,271.8124,
g0366,mutant,drugA,5,6,3,295.1912,
g0366,mutant,drugA,10,6,1,288.4235,
g0366,mutant,drugA,10,6,2,265.2794,
g0366,mutant,drugA,10,6,3,302.4564,
g0366,mutant,DMSO,0,6,1,283.7486,
g0366,mutant,DMSO,0,6,2,335.2568,
g0366,mutant,drugA,2.5,24,1,302.0563,
g0366,mutant,drugA,2.5,24,2,294.2081,
g0366,mutant,drugA,2.5,24,3,288.3172,
g0366,mutant,drugA,5,24,1,278.6153,
g0366,mutant,drugA,5,24,2,271.7297,
g0366,mutant,drugA,5,24,3,317.7865,
g0366,mutant,drugA,10,24,1,281.029,
g0366,mutant,drugA,10,24,2,268.5337,
g0366,mutant,drugA,10,24,3,342.1093,
g0366,mutant,DMSO,0,24,1,324.4197,
g0366,mutant,DMSO,0,24,2,279.5536,
g0366,mutant,DMSO,0,24,3,311.0844,
g0367,WT,drugA,2.5,6,1,124.1112,
g0367,WT,drugA,2.5,6,2,100.6435,
g0367,WT,drugA,2.5,6,3,121.7447,
g0367,WT,drugA,5,6,1,136.7259,
g0367,WT,drugA,5,6,2,102.3696,
g0367,WT,drugA,5,6,3,138.919,
g0367,WT,drugA,10,6,1,105.8804,
g0367,WT,drugA,10,6,2,113.1469,
g0367,WT,drugA,10,6,3,95.3837,
g0367,WT,DMSO,0,6,1,127.8684,
g0367,WT,DMSO,0,6,2,102.5109,
g0367,WT,DMSO,0,6,3,128.6966,
g0367,WT,drugA,2.5,24,1,118.1049,
g0367,WT,drugA,2.5,24,2,132.2315,
g0367,WT,drugA,2.5,24,3,117.9234,
g0367,WT,drugA,5,24,1,142.0201,
g0367,WT,drugA,5,24,2,115.7437,
g0367,WT,drugA,5,24,3,98.2927,
g0367,WT,drugA,10,24,1,122.0551,
g0367,WT,drugA,10,24,2,175.2819,
g0367,WT,drugA,10,24,3,116.7364,
g0367,WT,DMSO,0,24,1,115.5638,
g0367,WT,DMSO,0,24,2,112.8337,
g0367,WT,DMSO,0,24,3,112.6673,
g0367,mutant,drugA,2.5,6,1,113.6672,
g0367,mutant,drugA,2.5,6,2,106.2636,
g0367,mutant,drugA,2.5,6,3,128.1704,
g0367,mutant,drugA,5,6,1,125.3118,
g0367,mutant,drugA,5,6,2,105.3837,
g0367,mutant,drugA,5,6,3,108.076,
g0367,mutant,drugA,10,6,1,111.7024,
g0367,mutant,drugA,10,6,2,141.9533,
g0367,mutant,drugA,10,6,3,125.2963,
g0367,mutant,DMSO,0,6,1,122.0147,
g0367,mutant,DMSO,0,6,2,121.5859,
g0367,mutant,DMSO,0,6,3,116.8773,
g0367,mutant,drugA,2.5,24,1,139.3559,
g0367,mutant,drugA,2.5,24,2,135.8668,
g0367,mutant,drugA,2.5,24,3,121.2706,
g0367,mutant,drugA,5,24,1,122.6261,
g0367,mutant,drugA,5,24,2,151.6864,
g0367,mutant,drugA,5,24,3,121.7876,
g0367,mutant,drugA,10,24,1,151.8641,
g0367,mutant,drugA,10,24,2,138.8713,
g0367,mutant,drugA,10,24,3,121.7525,
g0367,mutant,DMSO,0,24,1,111.9393,
g0367,mutant,DMSO,0,24,2,105.7511,
g0367,mutant,DMSO,0,24,3,119.8969,
g0368,WT,drugA,2.5,6,1,2398.7801,
g0368,WT,drugA,2.5,6,2,2018.1954,
g0368,WT,drugA,2.5,6,3,2230.972,
g0368,WT,drugA,5,6,1,2250.6326,
g0368,WT,drugA,5,6,2,2053.5601,
g0368,WT,drugA,5,6,3,2500.466,
g0368,WT,drugA,10,6,1,2674.2737,
g0368,WT,drugA,10,6,2,1910.4781,
g0368,WT,drugA,10,6,3,2179.4205,
g0368,WT,DMSO,0,6,1,2178.9761,
g0368,WT,DMSO,0,6,2,2736.8445,
g0368,WT,DMSO,0,6,3,2528.8111,
g0368,WT,drugA,2.5,24,1,2115.4344,
g0368,WT,drugA,2.5,24,2,2777.8371,
g0368,WT,drugA,2.5,24,3,2557.6309,
g0368,WT,drugA,5,24,1,2778.0347,
g0368,WT,drugA,5,24,2,2213.457,
g0368,WT,drugA,5,24,3,2190.2119,
g0368,WT,drugA,10,24,1,2519.895,
g0368,WT,drugA,10,24,2,2601.7184,
g0368,WT,drugA,10,24,3,2570.7058,
g0368,WT,DMSO,0,24,1,2427.7106,
g0368,WT,DMSO,0,24,3,2187.5172,
g0368,mutant,drugA,2.5,6,1,1830.1846,
g0368,mutant,drugA,2.5,6,3,1683.5957,
g0368,mutant,drugA,5,6,1,1967.0975,
g0368,mutant,drugA,5,6,2,2201.7412,
g0368,mutant,drugA,5,6,3,2044.5612,
g0368,mutant,drugA,10,6,1,2095.761,
g0368,mutant,drugA,10,6,2,2403.6948,
g0368,mutant,drugA,10,6,3,2203.3407,
g0368,mutant,DMSO,0,6,1,2557.7148,
g0368,mutant,DMSO,0,6,2,2025.8831,
g0368,mutant,DMSO,0,6,3,2088.8108,
g0368,mutant,drugA,2.5,24,1,2673.7385,
g0368,mutant,drugA,2.5,24,2,1810.2043,
g0368,mutant,drugA,2.5,24,3,2258.0655,
g0368,mutant,drugA,5,24,1,2275.7004,
g0368,mutant,drugA,5,24,2,2654.8018,
g0368,mutant,drugA,5,24,3,2387.9895,
g0368,mutant,drugA,10,24,1,2156.433,
g0368,mutant,drugA,10,24,2,2102.272,
g0368,mutant,drugA,10,24,3,2074.0386,
g0368,mutant,DMSO,0,24,1,2364.5941,
g0368,mutant,DMSO,0,24,2,2121.1195,
g0368,mutant,DMSO,0,24,3,2352.56,
